source_system,source_code,source_label,system,canonical_code,canonical_label,canonical_level,is_primary,match_method,confidence,notes
FOR2008,01,01 Mathematical Sciences,FOR,49,MATHEMATICAL SCIENCES,division,True,derived_empirical,0.41,"derived via ARC ERA journal crosswalk: 471 shared-journal vote(s) over 950 FOR2008-classified journal(s), 193 agreeing"
FOR2008,01,01 Mathematical Sciences,FOR,37,EARTH SCIENCES,division,False,derived_empirical,0.002,"derived via ARC ERA journal crosswalk: 471 shared-journal vote(s) over 950 FOR2008-classified journal(s), 1 agreeing"
FOR2008,01,01 Mathematical Sciences,FOR,32,BIOMEDICAL AND CLINICAL SCIENCES,division,False,derived_empirical,0.002,"derived via ARC ERA journal crosswalk: 471 shared-journal vote(s) over 950 FOR2008-classified journal(s), 1 agreeing"
FOR2008,01,01 Mathematical Sciences,FOR,48,LAW AND LEGAL STUDIES,division,False,derived_empirical,0.002,"derived via ARC ERA journal crosswalk: 471 shared-journal vote(s) over 950 FOR2008-classified journal(s), 1 agreeing"
FOR2008,01,01 Mathematical Sciences,FOR,44,HUMAN SOCIETY,division,False,derived_empirical,0.006,"derived via ARC ERA journal crosswalk: 471 shared-journal vote(s) over 950 FOR2008-classified journal(s), 3 agreeing"
FOR2008,01,01 Mathematical Sciences,FOR,50,PHILOSOPHY AND RELIGIOUS STUDIES,division,False,derived_empirical,0.006,"derived via ARC ERA journal crosswalk: 471 shared-journal vote(s) over 950 FOR2008-classified journal(s), 3 agreeing"
FOR2008,01,01 Mathematical Sciences,FOR,41,ENVIRONMENTAL SCIENCES,division,False,derived_empirical,0.008,"derived via ARC ERA journal crosswalk: 471 shared-journal vote(s) over 950 FOR2008-classified journal(s), 4 agreeing"
FOR2008,01,01 Mathematical Sciences,FOR,52,PSYCHOLOGY,division,False,derived_empirical,0.004,"derived via ARC ERA journal crosswalk: 471 shared-journal vote(s) over 950 FOR2008-classified journal(s), 2 agreeing"
FOR2008,01,01 Mathematical Sciences,FOR,38,ECONOMICS,division,False,derived_empirical,0.015,"derived via ARC ERA journal crosswalk: 471 shared-journal vote(s) over 950 FOR2008-classified journal(s), 7 agreeing"
FOR2008,01,01 Mathematical Sciences,FOR,35,"COMMERCE, MANAGEMENT, TOURISM AND SERVICES",division,False,derived_empirical,0.03,"derived via ARC ERA journal crosswalk: 471 shared-journal vote(s) over 950 FOR2008-classified journal(s), 14 agreeing"
FOR2008,01,01 Mathematical Sciences,FOR,31,BIOLOGICAL SCIENCES,division,False,derived_empirical,0.038,"derived via ARC ERA journal crosswalk: 471 shared-journal vote(s) over 950 FOR2008-classified journal(s), 18 agreeing"
FOR2008,01,01 Mathematical Sciences,FOR,46,INFORMATION AND COMPUTING SCIENCES,division,False,derived_empirical,0.13,"derived via ARC ERA journal crosswalk: 471 shared-journal vote(s) over 950 FOR2008-classified journal(s), 61 agreeing"
FOR2008,01,01 Mathematical Sciences,FOR,40,ENGINEERING,division,False,derived_empirical,0.14,"derived via ARC ERA journal crosswalk: 471 shared-journal vote(s) over 950 FOR2008-classified journal(s), 66 agreeing"
FOR2008,01,01 Mathematical Sciences,FOR,51,PHYSICAL SCIENCES,division,False,derived_empirical,0.193,"derived via ARC ERA journal crosswalk: 471 shared-journal vote(s) over 950 FOR2008-classified journal(s), 91 agreeing"
FOR2008,01,01 Mathematical Sciences,FOR,34,CHEMICAL SCIENCES,division,False,derived_empirical,0.013,"derived via ARC ERA journal crosswalk: 471 shared-journal vote(s) over 950 FOR2008-classified journal(s), 6 agreeing"
FOR2008,0101,0101 Pure Mathematics,FOR,5107,Particle and high energy physics,group,False,derived_empirical,0.002,"derived via ARC ERA journal crosswalk: 438 shared-journal vote(s) over 327 FOR2008-classified journal(s), 1 agreeing"
FOR2008,0101,0101 Pure Mathematics,FOR,4902,Mathematical physics,group,False,derived_empirical,0.034,"derived via ARC ERA journal crosswalk: 438 shared-journal vote(s) over 327 FOR2008-classified journal(s), 15 agreeing"
FOR2008,0101,0101 Pure Mathematics,FOR,4613,Theory of computation,group,False,derived_empirical,0.032,"derived via ARC ERA journal crosswalk: 438 shared-journal vote(s) over 327 FOR2008-classified journal(s), 14 agreeing"
FOR2008,0101,0101 Pure Mathematics,FOR,4903,Numerical and computational mathematics,group,False,derived_empirical,0.025,"derived via ARC ERA journal crosswalk: 438 shared-journal vote(s) over 327 FOR2008-classified journal(s), 11 agreeing"
FOR2008,0101,0101 Pure Mathematics,FOR,4602,Artificial intelligence,group,False,derived_empirical,0.009,"derived via ARC ERA journal crosswalk: 438 shared-journal vote(s) over 327 FOR2008-classified journal(s), 4 agreeing"
FOR2008,0101,0101 Pure Mathematics,FOR,4905,Statistics,group,False,derived_empirical,0.009,"derived via ARC ERA journal crosswalk: 438 shared-journal vote(s) over 327 FOR2008-classified journal(s), 4 agreeing"
FOR2008,0101,0101 Pure Mathematics,FOR,5003,Philosophy,group,False,derived_empirical,0.005,"derived via ARC ERA journal crosswalk: 438 shared-journal vote(s) over 327 FOR2008-classified journal(s), 2 agreeing"
FOR2008,0101,0101 Pure Mathematics,FOR,4604,Cybersecurity and privacy,group,False,derived_empirical,0.005,"derived via ARC ERA journal crosswalk: 438 shared-journal vote(s) over 327 FOR2008-classified journal(s), 2 agreeing"
FOR2008,0101,0101 Pure Mathematics,FOR,4901,Applied mathematics,group,False,derived_empirical,0.263,"derived via ARC ERA journal crosswalk: 438 shared-journal vote(s) over 327 FOR2008-classified journal(s), 115 agreeing"
FOR2008,0101,0101 Pure Mathematics,FOR,4904,Pure mathematics,group,True,derived_empirical,0.616,"derived via ARC ERA journal crosswalk: 438 shared-journal vote(s) over 327 FOR2008-classified journal(s), 270 agreeing"
FOR2008,0102,0102 Applied Mathematics,FOR,3304,Urban and regional planning,group,False,derived_empirical,0.002,"derived via ARC ERA journal crosswalk: 592 shared-journal vote(s) over 360 FOR2008-classified journal(s), 1 agreeing"
FOR2008,0102,0102 Applied Mathematics,FOR,4009,"Electronics, sensors and digital hardware",group,False,derived_empirical,0.008,"derived via ARC ERA journal crosswalk: 592 shared-journal vote(s) over 360 FOR2008-classified journal(s), 5 agreeing"
FOR2008,0102,0102 Applied Mathematics,FOR,4004,Chemical engineering,group,False,derived_empirical,0.008,"derived via ARC ERA journal crosswalk: 592 shared-journal vote(s) over 360 FOR2008-classified journal(s), 5 agreeing"
FOR2008,0102,0102 Applied Mathematics,FOR,3802,Econometrics,group,False,derived_empirical,0.008,"derived via ARC ERA journal crosswalk: 592 shared-journal vote(s) over 360 FOR2008-classified journal(s), 5 agreeing"
FOR2008,0102,0102 Applied Mathematics,FOR,3507,"Strategy, management and organisational behaviour",group,False,derived_empirical,0.008,"derived via ARC ERA journal crosswalk: 592 shared-journal vote(s) over 360 FOR2008-classified journal(s), 5 agreeing"
FOR2008,0102,0102 Applied Mathematics,FOR,4007,"Control engineering, mechatronics and robotics",group,False,derived_empirical,0.014,"derived via ARC ERA journal crosswalk: 592 shared-journal vote(s) over 360 FOR2008-classified journal(s), 8 agreeing"
FOR2008,0102,0102 Applied Mathematics,FOR,4902,Mathematical physics,group,False,derived_empirical,0.015,"derived via ARC ERA journal crosswalk: 592 shared-journal vote(s) over 360 FOR2008-classified journal(s), 9 agreeing"
FOR2008,0102,0102 Applied Mathematics,FOR,3502,"Banking, finance and investment",group,False,derived_empirical,0.015,"derived via ARC ERA journal crosswalk: 592 shared-journal vote(s) over 360 FOR2008-classified journal(s), 9 agreeing"
FOR2008,0102,0102 Applied Mathematics,FOR,4613,Theory of computation,group,False,derived_empirical,0.017,"derived via ARC ERA journal crosswalk: 592 shared-journal vote(s) over 360 FOR2008-classified journal(s), 10 agreeing"
FOR2008,0102,0102 Applied Mathematics,FOR,4012,Fluid mechanics and thermal engineering,group,False,derived_empirical,0.02,"derived via ARC ERA journal crosswalk: 592 shared-journal vote(s) over 360 FOR2008-classified journal(s), 12 agreeing"
FOR2008,0102,0102 Applied Mathematics,FOR,4005,Civil engineering,group,False,derived_empirical,0.02,"derived via ARC ERA journal crosswalk: 592 shared-journal vote(s) over 360 FOR2008-classified journal(s), 12 agreeing"
FOR2008,0102,0102 Applied Mathematics,FOR,4602,Artificial intelligence,group,False,derived_empirical,0.022,"derived via ARC ERA journal crosswalk: 592 shared-journal vote(s) over 360 FOR2008-classified journal(s), 13 agreeing"
FOR2008,0102,0102 Applied Mathematics,FOR,4017,Mechanical engineering,group,False,derived_empirical,0.024,"derived via ARC ERA journal crosswalk: 592 shared-journal vote(s) over 360 FOR2008-classified journal(s), 14 agreeing"
FOR2008,0102,0102 Applied Mathematics,FOR,3509,"Transportation, logistics and supply chains",group,False,derived_empirical,0.029,"derived via ARC ERA journal crosswalk: 592 shared-journal vote(s) over 360 FOR2008-classified journal(s), 17 agreeing"
FOR2008,0102,0102 Applied Mathematics,FOR,4905,Statistics,group,False,derived_empirical,0.042,"derived via ARC ERA journal crosswalk: 592 shared-journal vote(s) over 360 FOR2008-classified journal(s), 25 agreeing"
FOR2008,0102,0102 Applied Mathematics,FOR,4903,Numerical and computational mathematics,group,False,derived_empirical,0.064,"derived via ARC ERA journal crosswalk: 592 shared-journal vote(s) over 360 FOR2008-classified journal(s), 38 agreeing"
FOR2008,0102,0102 Applied Mathematics,FOR,4904,Pure mathematics,group,False,derived_empirical,0.12,"derived via ARC ERA journal crosswalk: 592 shared-journal vote(s) over 360 FOR2008-classified journal(s), 71 agreeing"
FOR2008,0102,0102 Applied Mathematics,FOR,4901,Applied mathematics,group,True,derived_empirical,0.453,"derived via ARC ERA journal crosswalk: 592 shared-journal vote(s) over 360 FOR2008-classified journal(s), 268 agreeing"
FOR2008,0102,0102 Applied Mathematics,FOR,4610,Library and information studies,group,False,derived_empirical,0.002,"derived via ARC ERA journal crosswalk: 592 shared-journal vote(s) over 360 FOR2008-classified journal(s), 1 agreeing"
FOR2008,0102,0102 Applied Mathematics,FOR,5103,Classical physics,group,False,derived_empirical,0.002,"derived via ARC ERA journal crosswalk: 592 shared-journal vote(s) over 360 FOR2008-classified journal(s), 1 agreeing"
FOR2008,0102,0102 Applied Mathematics,FOR,5102,"Atomic, molecular and optical physics",group,False,derived_empirical,0.002,"derived via ARC ERA journal crosswalk: 592 shared-journal vote(s) over 360 FOR2008-classified journal(s), 1 agreeing"
FOR2008,0102,0102 Applied Mathematics,FOR,3007,Forestry sciences,group,False,derived_empirical,0.002,"derived via ARC ERA journal crosswalk: 592 shared-journal vote(s) over 360 FOR2008-classified journal(s), 1 agreeing"
FOR2008,0102,0102 Applied Mathematics,FOR,4003,Biomedical engineering,group,False,derived_empirical,0.002,"derived via ARC ERA journal crosswalk: 592 shared-journal vote(s) over 360 FOR2008-classified journal(s), 1 agreeing"
FOR2008,0102,0102 Applied Mathematics,FOR,3705,Geology,group,False,derived_empirical,0.002,"derived via ARC ERA journal crosswalk: 592 shared-journal vote(s) over 360 FOR2008-classified journal(s), 1 agreeing"
FOR2008,0102,0102 Applied Mathematics,FOR,3505,Human resources and industrial relations,group,False,derived_empirical,0.002,"derived via ARC ERA journal crosswalk: 592 shared-journal vote(s) over 360 FOR2008-classified journal(s), 1 agreeing"
FOR2008,0102,0102 Applied Mathematics,FOR,4601,Applied computing,group,False,derived_empirical,0.002,"derived via ARC ERA journal crosswalk: 592 shared-journal vote(s) over 360 FOR2008-classified journal(s), 1 agreeing"
FOR2008,0102,0102 Applied Mathematics,FOR,4006,Communications engineering,group,False,derived_empirical,0.008,"derived via ARC ERA journal crosswalk: 592 shared-journal vote(s) over 360 FOR2008-classified journal(s), 5 agreeing"
FOR2008,0102,0102 Applied Mathematics,FOR,3801,Applied economics,group,False,derived_empirical,0.007,"derived via ARC ERA journal crosswalk: 592 shared-journal vote(s) over 360 FOR2008-classified journal(s), 4 agreeing"
FOR2008,0102,0102 Applied Mathematics,FOR,4603,Computer vision and multimedia computation,group,False,derived_empirical,0.007,"derived via ARC ERA journal crosswalk: 592 shared-journal vote(s) over 360 FOR2008-classified journal(s), 4 agreeing"
FOR2008,0102,0102 Applied Mathematics,FOR,4606,Distributed computing and systems software,group,False,derived_empirical,0.007,"derived via ARC ERA journal crosswalk: 592 shared-journal vote(s) over 360 FOR2008-classified journal(s), 4 agreeing"
FOR2008,0102,0102 Applied Mathematics,FOR,5199,Other physical sciences,group,False,derived_empirical,0.002,"derived via ARC ERA journal crosswalk: 592 shared-journal vote(s) over 360 FOR2008-classified journal(s), 1 agreeing"
FOR2008,0102,0102 Applied Mathematics,FOR,4802,Environmental and resources law,group,False,derived_empirical,0.002,"derived via ARC ERA journal crosswalk: 592 shared-journal vote(s) over 360 FOR2008-classified journal(s), 1 agreeing"
FOR2008,0102,0102 Applied Mathematics,FOR,5203,Clinical and health psychology,group,False,derived_empirical,0.002,"derived via ARC ERA journal crosswalk: 592 shared-journal vote(s) over 360 FOR2008-classified journal(s), 1 agreeing"
FOR2008,0102,0102 Applied Mathematics,FOR,3803,Economic theory,group,False,derived_empirical,0.002,"derived via ARC ERA journal crosswalk: 592 shared-journal vote(s) over 360 FOR2008-classified journal(s), 1 agreeing"
FOR2008,0102,0102 Applied Mathematics,FOR,5204,Cognitive and computational psychology,group,False,derived_empirical,0.002,"derived via ARC ERA journal crosswalk: 592 shared-journal vote(s) over 360 FOR2008-classified journal(s), 1 agreeing"
FOR2008,0102,0102 Applied Mathematics,FOR,3209,Neurosciences,group,False,derived_empirical,0.002,"derived via ARC ERA journal crosswalk: 592 shared-journal vote(s) over 360 FOR2008-classified journal(s), 1 agreeing"
FOR2008,0102,0102 Applied Mathematics,FOR,3108,Plant biology,group,False,derived_empirical,0.002,"derived via ARC ERA journal crosswalk: 592 shared-journal vote(s) over 360 FOR2008-classified journal(s), 1 agreeing"
FOR2008,0102,0102 Applied Mathematics,FOR,3001,Agricultural biotechnology,group,False,derived_empirical,0.002,"derived via ARC ERA journal crosswalk: 592 shared-journal vote(s) over 360 FOR2008-classified journal(s), 1 agreeing"
FOR2008,0102,0102 Applied Mathematics,FOR,4403,Demography,group,False,derived_empirical,0.002,"derived via ARC ERA journal crosswalk: 592 shared-journal vote(s) over 360 FOR2008-classified journal(s), 1 agreeing"
FOR2008,0102,0102 Applied Mathematics,FOR,3701,Atmospheric sciences,group,False,derived_empirical,0.002,"derived via ARC ERA journal crosswalk: 592 shared-journal vote(s) over 360 FOR2008-classified journal(s), 1 agreeing"
FOR2008,0102,0102 Applied Mathematics,FOR,3706,Geophysics,group,False,derived_empirical,0.002,"derived via ARC ERA journal crosswalk: 592 shared-journal vote(s) over 360 FOR2008-classified journal(s), 1 agreeing"
FOR2008,0102,0102 Applied Mathematics,FOR,4612,Software engineering,group,False,derived_empirical,0.002,"derived via ARC ERA journal crosswalk: 592 shared-journal vote(s) over 360 FOR2008-classified journal(s), 1 agreeing"
FOR2008,0102,0102 Applied Mathematics,FOR,4404,Development studies,group,False,derived_empirical,0.002,"derived via ARC ERA journal crosswalk: 592 shared-journal vote(s) over 360 FOR2008-classified journal(s), 1 agreeing"
FOR2008,0102,0102 Applied Mathematics,FOR,3603,Music,group,False,derived_empirical,0.002,"derived via ARC ERA journal crosswalk: 592 shared-journal vote(s) over 360 FOR2008-classified journal(s), 1 agreeing"
FOR2008,0102,0102 Applied Mathematics,FOR,3301,Architecture,group,False,derived_empirical,0.002,"derived via ARC ERA journal crosswalk: 592 shared-journal vote(s) over 360 FOR2008-classified journal(s), 1 agreeing"
FOR2008,0102,0102 Applied Mathematics,FOR,4011,Environmental engineering,group,False,derived_empirical,0.002,"derived via ARC ERA journal crosswalk: 592 shared-journal vote(s) over 360 FOR2008-classified journal(s), 1 agreeing"
FOR2008,0102,0102 Applied Mathematics,FOR,3401,Analytical chemistry,group,False,derived_empirical,0.002,"derived via ARC ERA journal crosswalk: 592 shared-journal vote(s) over 360 FOR2008-classified journal(s), 1 agreeing"
FOR2008,0102,0102 Applied Mathematics,FOR,3503,Business systems in context,group,False,derived_empirical,0.002,"derived via ARC ERA journal crosswalk: 592 shared-journal vote(s) over 360 FOR2008-classified journal(s), 1 agreeing"
FOR2008,0102,0102 Applied Mathematics,FOR,4019,Resources engineering and extractive metallurgy,group,False,derived_empirical,0.003,"derived via ARC ERA journal crosswalk: 592 shared-journal vote(s) over 360 FOR2008-classified journal(s), 2 agreeing"
FOR2008,0102,0102 Applied Mathematics,FOR,4014,Manufacturing engineering,group,False,derived_empirical,0.003,"derived via ARC ERA journal crosswalk: 592 shared-journal vote(s) over 360 FOR2008-classified journal(s), 2 agreeing"
FOR2008,0102,0102 Applied Mathematics,FOR,4016,Materials engineering,group,False,derived_empirical,0.003,"derived via ARC ERA journal crosswalk: 592 shared-journal vote(s) over 360 FOR2008-classified journal(s), 2 agreeing"
FOR2008,0102,0102 Applied Mathematics,FOR,5101,Astronomical sciences,group,False,derived_empirical,0.003,"derived via ARC ERA journal crosswalk: 592 shared-journal vote(s) over 360 FOR2008-classified journal(s), 2 agreeing"
FOR2008,0102,0102 Applied Mathematics,FOR,5205,Social and personality psychology,group,False,derived_empirical,0.003,"derived via ARC ERA journal crosswalk: 592 shared-journal vote(s) over 360 FOR2008-classified journal(s), 2 agreeing"
FOR2008,0102,0102 Applied Mathematics,FOR,5201,Applied and developmental psychology,group,False,derived_empirical,0.003,"derived via ARC ERA journal crosswalk: 592 shared-journal vote(s) over 360 FOR2008-classified journal(s), 2 agreeing"
FOR2008,0102,0102 Applied Mathematics,FOR,4611,Machine learning,group,False,derived_empirical,0.003,"derived via ARC ERA journal crosswalk: 592 shared-journal vote(s) over 360 FOR2008-classified journal(s), 2 agreeing"
FOR2008,0102,0102 Applied Mathematics,FOR,4008,Electrical engineering,group,False,derived_empirical,0.005,"derived via ARC ERA journal crosswalk: 592 shared-journal vote(s) over 360 FOR2008-classified journal(s), 3 agreeing"
FOR2008,0102,0102 Applied Mathematics,FOR,3707,Hydrology,group,False,derived_empirical,0.002,"derived via ARC ERA journal crosswalk: 592 shared-journal vote(s) over 360 FOR2008-classified journal(s), 1 agreeing"
FOR2008,0102,0102 Applied Mathematics,FOR,4106,Soil sciences,group,False,derived_empirical,0.002,"derived via ARC ERA journal crosswalk: 592 shared-journal vote(s) over 360 FOR2008-classified journal(s), 1 agreeing"
FOR2008,0102,0102 Applied Mathematics,FOR,5108,Quantum physics,group,False,derived_empirical,0.005,"derived via ARC ERA journal crosswalk: 592 shared-journal vote(s) over 360 FOR2008-classified journal(s), 3 agreeing"
FOR2008,0103,0103 Numerical and Computational Mathematics,FOR,4613,Theory of computation,group,False,derived_empirical,0.047,"derived via ARC ERA journal crosswalk: 190 shared-journal vote(s) over 123 FOR2008-classified journal(s), 9 agreeing"
FOR2008,0103,0103 Numerical and Computational Mathematics,FOR,4903,Numerical and computational mathematics,group,False,derived_empirical,0.189,"derived via ARC ERA journal crosswalk: 190 shared-journal vote(s) over 123 FOR2008-classified journal(s), 36 agreeing"
FOR2008,0103,0103 Numerical and Computational Mathematics,FOR,4904,Pure mathematics,group,False,derived_empirical,0.089,"derived via ARC ERA journal crosswalk: 190 shared-journal vote(s) over 123 FOR2008-classified journal(s), 17 agreeing"
FOR2008,0103,0103 Numerical and Computational Mathematics,FOR,4905,Statistics,group,False,derived_empirical,0.053,"derived via ARC ERA journal crosswalk: 190 shared-journal vote(s) over 123 FOR2008-classified journal(s), 10 agreeing"
FOR2008,0103,0103 Numerical and Computational Mathematics,FOR,3509,"Transportation, logistics and supply chains",group,False,derived_empirical,0.032,"derived via ARC ERA journal crosswalk: 190 shared-journal vote(s) over 123 FOR2008-classified journal(s), 6 agreeing"
FOR2008,0103,0103 Numerical and Computational Mathematics,FOR,4602,Artificial intelligence,group,False,derived_empirical,0.016,"derived via ARC ERA journal crosswalk: 190 shared-journal vote(s) over 123 FOR2008-classified journal(s), 3 agreeing"
FOR2008,0103,0103 Numerical and Computational Mathematics,FOR,3507,"Strategy, management and organisational behaviour",group,False,derived_empirical,0.016,"derived via ARC ERA journal crosswalk: 190 shared-journal vote(s) over 123 FOR2008-classified journal(s), 3 agreeing"
FOR2008,0103,0103 Numerical and Computational Mathematics,FOR,3802,Econometrics,group,False,derived_empirical,0.011,"derived via ARC ERA journal crosswalk: 190 shared-journal vote(s) over 123 FOR2008-classified journal(s), 2 agreeing"
FOR2008,0103,0103 Numerical and Computational Mathematics,FOR,4606,Distributed computing and systems software,group,False,derived_empirical,0.005,"derived via ARC ERA journal crosswalk: 190 shared-journal vote(s) over 123 FOR2008-classified journal(s), 1 agreeing"
FOR2008,0103,0103 Numerical and Computational Mathematics,FOR,4017,Mechanical engineering,group,False,derived_empirical,0.005,"derived via ARC ERA journal crosswalk: 190 shared-journal vote(s) over 123 FOR2008-classified journal(s), 1 agreeing"
FOR2008,0103,0103 Numerical and Computational Mathematics,FOR,3007,Forestry sciences,group,False,derived_empirical,0.005,"derived via ARC ERA journal crosswalk: 190 shared-journal vote(s) over 123 FOR2008-classified journal(s), 1 agreeing"
FOR2008,0103,0103 Numerical and Computational Mathematics,FOR,4007,"Control engineering, mechatronics and robotics",group,False,derived_empirical,0.005,"derived via ARC ERA journal crosswalk: 190 shared-journal vote(s) over 123 FOR2008-classified journal(s), 1 agreeing"
FOR2008,0103,0103 Numerical and Computational Mathematics,FOR,3505,Human resources and industrial relations,group,False,derived_empirical,0.005,"derived via ARC ERA journal crosswalk: 190 shared-journal vote(s) over 123 FOR2008-classified journal(s), 1 agreeing"
FOR2008,0103,0103 Numerical and Computational Mathematics,FOR,3101,Biochemistry and cell biology,group,False,derived_empirical,0.005,"derived via ARC ERA journal crosswalk: 190 shared-journal vote(s) over 123 FOR2008-classified journal(s), 1 agreeing"
FOR2008,0103,0103 Numerical and Computational Mathematics,FOR,4901,Applied mathematics,group,True,derived_empirical,0.463,"derived via ARC ERA journal crosswalk: 190 shared-journal vote(s) over 123 FOR2008-classified journal(s), 88 agreeing"
FOR2008,0103,0103 Numerical and Computational Mathematics,FOR,4605,Data management and data science,group,False,derived_empirical,0.005,"derived via ARC ERA journal crosswalk: 190 shared-journal vote(s) over 123 FOR2008-classified journal(s), 1 agreeing"
FOR2008,0103,0103 Numerical and Computational Mathematics,FOR,4609,Information systems,group,False,derived_empirical,0.005,"derived via ARC ERA journal crosswalk: 190 shared-journal vote(s) over 123 FOR2008-classified journal(s), 1 agreeing"
FOR2008,0103,0103 Numerical and Computational Mathematics,FOR,4604,Cybersecurity and privacy,group,False,derived_empirical,0.005,"derived via ARC ERA journal crosswalk: 190 shared-journal vote(s) over 123 FOR2008-classified journal(s), 1 agreeing"
FOR2008,0103,0103 Numerical and Computational Mathematics,FOR,4612,Software engineering,group,False,derived_empirical,0.005,"derived via ARC ERA journal crosswalk: 190 shared-journal vote(s) over 123 FOR2008-classified journal(s), 1 agreeing"
FOR2008,0103,0103 Numerical and Computational Mathematics,FOR,3706,Geophysics,group,False,derived_empirical,0.005,"derived via ARC ERA journal crosswalk: 190 shared-journal vote(s) over 123 FOR2008-classified journal(s), 1 agreeing"
FOR2008,0103,0103 Numerical and Computational Mathematics,FOR,4005,Civil engineering,group,False,derived_empirical,0.005,"derived via ARC ERA journal crosswalk: 190 shared-journal vote(s) over 123 FOR2008-classified journal(s), 1 agreeing"
FOR2008,0103,0103 Numerical and Computational Mathematics,FOR,3502,"Banking, finance and investment",group,False,derived_empirical,0.005,"derived via ARC ERA journal crosswalk: 190 shared-journal vote(s) over 123 FOR2008-classified journal(s), 1 agreeing"
FOR2008,0103,0103 Numerical and Computational Mathematics,FOR,4902,Mathematical physics,group,False,derived_empirical,0.005,"derived via ARC ERA journal crosswalk: 190 shared-journal vote(s) over 123 FOR2008-classified journal(s), 1 agreeing"
FOR2008,0103,0103 Numerical and Computational Mathematics,FOR,5199,Other physical sciences,group,False,derived_empirical,0.005,"derived via ARC ERA journal crosswalk: 190 shared-journal vote(s) over 123 FOR2008-classified journal(s), 1 agreeing"
FOR2008,0103,0103 Numerical and Computational Mathematics,FOR,4601,Applied computing,group,False,derived_empirical,0.005,"derived via ARC ERA journal crosswalk: 190 shared-journal vote(s) over 123 FOR2008-classified journal(s), 1 agreeing"
FOR2008,0104,0104 Statistics,FOR,4011,Environmental engineering,group,False,derived_empirical,0.005,"derived via ARC ERA journal crosswalk: 216 shared-journal vote(s) over 135 FOR2008-classified journal(s), 1 agreeing"
FOR2008,0104,0104 Statistics,FOR,4609,Information systems,group,False,derived_empirical,0.005,"derived via ARC ERA journal crosswalk: 216 shared-journal vote(s) over 135 FOR2008-classified journal(s), 1 agreeing"
FOR2008,0104,0104 Statistics,FOR,3202,Clinical sciences,group,False,derived_empirical,0.005,"derived via ARC ERA journal crosswalk: 216 shared-journal vote(s) over 135 FOR2008-classified journal(s), 1 agreeing"
FOR2008,0104,0104 Statistics,FOR,5203,Clinical and health psychology,group,False,derived_empirical,0.005,"derived via ARC ERA journal crosswalk: 216 shared-journal vote(s) over 135 FOR2008-classified journal(s), 1 agreeing"
FOR2008,0104,0104 Statistics,FOR,3904,Specialist studies in education,group,False,derived_empirical,0.005,"derived via ARC ERA journal crosswalk: 216 shared-journal vote(s) over 135 FOR2008-classified journal(s), 1 agreeing"
FOR2008,0104,0104 Statistics,FOR,3007,Forestry sciences,group,False,derived_empirical,0.005,"derived via ARC ERA journal crosswalk: 216 shared-journal vote(s) over 135 FOR2008-classified journal(s), 1 agreeing"
FOR2008,0104,0104 Statistics,FOR,4611,Machine learning,group,False,derived_empirical,0.005,"derived via ARC ERA journal crosswalk: 216 shared-journal vote(s) over 135 FOR2008-classified journal(s), 1 agreeing"
FOR2008,0104,0104 Statistics,FOR,3501,"Accounting, auditing and accountability",group,False,derived_empirical,0.005,"derived via ARC ERA journal crosswalk: 216 shared-journal vote(s) over 135 FOR2008-classified journal(s), 1 agreeing"
FOR2008,0104,0104 Statistics,FOR,4606,Distributed computing and systems software,group,False,derived_empirical,0.005,"derived via ARC ERA journal crosswalk: 216 shared-journal vote(s) over 135 FOR2008-classified journal(s), 1 agreeing"
FOR2008,0104,0104 Statistics,FOR,3702,Climate change science,group,False,derived_empirical,0.005,"derived via ARC ERA journal crosswalk: 216 shared-journal vote(s) over 135 FOR2008-classified journal(s), 1 agreeing"
FOR2008,0104,0104 Statistics,FOR,5204,Cognitive and computational psychology,group,False,derived_empirical,0.005,"derived via ARC ERA journal crosswalk: 216 shared-journal vote(s) over 135 FOR2008-classified journal(s), 1 agreeing"
FOR2008,0104,0104 Statistics,FOR,4612,Software engineering,group,False,derived_empirical,0.005,"derived via ARC ERA journal crosswalk: 216 shared-journal vote(s) over 135 FOR2008-classified journal(s), 1 agreeing"
FOR2008,0104,0104 Statistics,FOR,3201,Cardiovascular medicine and haematology,group,False,derived_empirical,0.005,"derived via ARC ERA journal crosswalk: 216 shared-journal vote(s) over 135 FOR2008-classified journal(s), 1 agreeing"
FOR2008,0104,0104 Statistics,FOR,3507,"Strategy, management and organisational behaviour",group,False,derived_empirical,0.005,"derived via ARC ERA journal crosswalk: 216 shared-journal vote(s) over 135 FOR2008-classified journal(s), 1 agreeing"
FOR2008,0104,0104 Statistics,FOR,3701,Atmospheric sciences,group,False,derived_empirical,0.005,"derived via ARC ERA journal crosswalk: 216 shared-journal vote(s) over 135 FOR2008-classified journal(s), 1 agreeing"
FOR2008,0104,0104 Statistics,FOR,4903,Numerical and computational mathematics,group,False,derived_empirical,0.009,"derived via ARC ERA journal crosswalk: 216 shared-journal vote(s) over 135 FOR2008-classified journal(s), 2 agreeing"
FOR2008,0104,0104 Statistics,FOR,4902,Mathematical physics,group,False,derived_empirical,0.005,"derived via ARC ERA journal crosswalk: 216 shared-journal vote(s) over 135 FOR2008-classified journal(s), 1 agreeing"
FOR2008,0104,0104 Statistics,FOR,5108,Quantum physics,group,False,derived_empirical,0.005,"derived via ARC ERA journal crosswalk: 216 shared-journal vote(s) over 135 FOR2008-classified journal(s), 1 agreeing"
FOR2008,0104,0104 Statistics,FOR,4403,Demography,group,False,derived_empirical,0.005,"derived via ARC ERA journal crosswalk: 216 shared-journal vote(s) over 135 FOR2008-classified journal(s), 1 agreeing"
FOR2008,0104,0104 Statistics,FOR,4206,Public health,group,False,derived_empirical,0.009,"derived via ARC ERA journal crosswalk: 216 shared-journal vote(s) over 135 FOR2008-classified journal(s), 2 agreeing"
FOR2008,0104,0104 Statistics,FOR,3214,Pharmacology and pharmaceutical sciences,group,False,derived_empirical,0.009,"derived via ARC ERA journal crosswalk: 216 shared-journal vote(s) over 135 FOR2008-classified journal(s), 2 agreeing"
FOR2008,0104,0104 Statistics,FOR,4613,Theory of computation,group,False,derived_empirical,0.009,"derived via ARC ERA journal crosswalk: 216 shared-journal vote(s) over 135 FOR2008-classified journal(s), 2 agreeing"
FOR2008,0104,0104 Statistics,FOR,3801,Applied economics,group,False,derived_empirical,0.014,"derived via ARC ERA journal crosswalk: 216 shared-journal vote(s) over 135 FOR2008-classified journal(s), 3 agreeing"
FOR2008,0104,0104 Statistics,FOR,4202,Epidemiology,group,False,derived_empirical,0.019,"derived via ARC ERA journal crosswalk: 216 shared-journal vote(s) over 135 FOR2008-classified journal(s), 4 agreeing"
FOR2008,0104,0104 Statistics,FOR,4605,Data management and data science,group,False,derived_empirical,0.019,"derived via ARC ERA journal crosswalk: 216 shared-journal vote(s) over 135 FOR2008-classified journal(s), 4 agreeing"
FOR2008,0104,0104 Statistics,FOR,3803,Economic theory,group,False,derived_empirical,0.005,"derived via ARC ERA journal crosswalk: 216 shared-journal vote(s) over 135 FOR2008-classified journal(s), 1 agreeing"
FOR2008,0104,0104 Statistics,FOR,3802,Econometrics,group,False,derived_empirical,0.093,"derived via ARC ERA journal crosswalk: 216 shared-journal vote(s) over 135 FOR2008-classified journal(s), 20 agreeing"
FOR2008,0104,0104 Statistics,FOR,4901,Applied mathematics,group,False,derived_empirical,0.125,"derived via ARC ERA journal crosswalk: 216 shared-journal vote(s) over 135 FOR2008-classified journal(s), 27 agreeing"
FOR2008,0104,0104 Statistics,FOR,4905,Statistics,group,True,derived_empirical,0.519,"derived via ARC ERA journal crosswalk: 216 shared-journal vote(s) over 135 FOR2008-classified journal(s), 112 agreeing"
FOR2008,0104,0104 Statistics,FOR,4410,Sociology,group,False,derived_empirical,0.019,"derived via ARC ERA journal crosswalk: 216 shared-journal vote(s) over 135 FOR2008-classified journal(s), 4 agreeing"
FOR2008,0104,0104 Statistics,FOR,4602,Artificial intelligence,group,False,derived_empirical,0.005,"derived via ARC ERA journal crosswalk: 216 shared-journal vote(s) over 135 FOR2008-classified journal(s), 1 agreeing"
FOR2008,0104,0104 Statistics,FOR,4904,Pure mathematics,group,False,derived_empirical,0.037,"derived via ARC ERA journal crosswalk: 216 shared-journal vote(s) over 135 FOR2008-classified journal(s), 8 agreeing"
FOR2008,0104,0104 Statistics,FOR,3502,"Banking, finance and investment",group,False,derived_empirical,0.028,"derived via ARC ERA journal crosswalk: 216 shared-journal vote(s) over 135 FOR2008-classified journal(s), 6 agreeing"
FOR2008,0105,0105 Mathematical Physics,FOR,5101,Astronomical sciences,group,False,derived_empirical,0.036,"derived via ARC ERA journal crosswalk: 55 shared-journal vote(s) over 34 FOR2008-classified journal(s), 2 agreeing"
FOR2008,0105,0105 Mathematical Physics,FOR,4905,Statistics,group,False,derived_empirical,0.018,"derived via ARC ERA journal crosswalk: 55 shared-journal vote(s) over 34 FOR2008-classified journal(s), 1 agreeing"
FOR2008,0105,0105 Mathematical Physics,FOR,4017,Mechanical engineering,group,False,derived_empirical,0.018,"derived via ARC ERA journal crosswalk: 55 shared-journal vote(s) over 34 FOR2008-classified journal(s), 1 agreeing"
FOR2008,0105,0105 Mathematical Physics,FOR,5102,"Atomic, molecular and optical physics",group,False,derived_empirical,0.036,"derived via ARC ERA journal crosswalk: 55 shared-journal vote(s) over 34 FOR2008-classified journal(s), 2 agreeing"
FOR2008,0105,0105 Mathematical Physics,FOR,5103,Classical physics,group,False,derived_empirical,0.036,"derived via ARC ERA journal crosswalk: 55 shared-journal vote(s) over 34 FOR2008-classified journal(s), 2 agreeing"
FOR2008,0105,0105 Mathematical Physics,FOR,5108,Quantum physics,group,False,derived_empirical,0.036,"derived via ARC ERA journal crosswalk: 55 shared-journal vote(s) over 34 FOR2008-classified journal(s), 2 agreeing"
FOR2008,0105,0105 Mathematical Physics,FOR,5104,Condensed matter physics,group,False,derived_empirical,0.055,"derived via ARC ERA journal crosswalk: 55 shared-journal vote(s) over 34 FOR2008-classified journal(s), 3 agreeing"
FOR2008,0105,0105 Mathematical Physics,FOR,4902,Mathematical physics,group,True,derived_empirical,0.255,"derived via ARC ERA journal crosswalk: 55 shared-journal vote(s) over 34 FOR2008-classified journal(s), 14 agreeing"
FOR2008,0105,0105 Mathematical Physics,FOR,4901,Applied mathematics,group,False,derived_empirical,0.2,"derived via ARC ERA journal crosswalk: 55 shared-journal vote(s) over 34 FOR2008-classified journal(s), 11 agreeing"
FOR2008,0105,0105 Mathematical Physics,FOR,5107,Particle and high energy physics,group,False,derived_empirical,0.127,"derived via ARC ERA journal crosswalk: 55 shared-journal vote(s) over 34 FOR2008-classified journal(s), 7 agreeing"
FOR2008,0105,0105 Mathematical Physics,FOR,4904,Pure mathematics,group,False,derived_empirical,0.127,"derived via ARC ERA journal crosswalk: 55 shared-journal vote(s) over 34 FOR2008-classified journal(s), 7 agreeing"
FOR2008,0105,0105 Mathematical Physics,FOR,5106,Nuclear and plasma physics,group,False,derived_empirical,0.055,"derived via ARC ERA journal crosswalk: 55 shared-journal vote(s) over 34 FOR2008-classified journal(s), 3 agreeing"
FOR2008,0199,0199 Other Mathematical Sciences,FOR,3901,Curriculum and pedagogy,group,False,derived_empirical,0.071,"derived via ARC ERA journal crosswalk: 14 shared-journal vote(s) over 13 FOR2008-classified journal(s), 1 agreeing"
FOR2008,0199,0199 Other Mathematical Sciences,FOR,4903,Numerical and computational mathematics,group,False,derived_empirical,0.071,"derived via ARC ERA journal crosswalk: 14 shared-journal vote(s) over 13 FOR2008-classified journal(s), 1 agreeing"
FOR2008,0199,0199 Other Mathematical Sciences,FOR,4905,Statistics,group,False,derived_empirical,0.286,"derived via ARC ERA journal crosswalk: 14 shared-journal vote(s) over 13 FOR2008-classified journal(s), 4 agreeing"
FOR2008,0199,0199 Other Mathematical Sciences,FOR,4904,Pure mathematics,group,True,derived_empirical,0.429,"derived via ARC ERA journal crosswalk: 14 shared-journal vote(s) over 13 FOR2008-classified journal(s), 6 agreeing"
FOR2008,0199,0199 Other Mathematical Sciences,FOR,4901,Applied mathematics,group,False,derived_empirical,0.143,"derived via ARC ERA journal crosswalk: 14 shared-journal vote(s) over 13 FOR2008-classified journal(s), 2 agreeing"
FOR2008,02,02 Physical Sciences,FOR,49,MATHEMATICAL SCIENCES,division,False,derived_empirical,0.231,"derived via ARC ERA journal crosswalk: 389 shared-journal vote(s) over 579 FOR2008-classified journal(s), 90 agreeing"
FOR2008,02,02 Physical Sciences,FOR,41,ENVIRONMENTAL SCIENCES,division,False,derived_empirical,0.003,"derived via ARC ERA journal crosswalk: 389 shared-journal vote(s) over 579 FOR2008-classified journal(s), 1 agreeing"
FOR2008,02,02 Physical Sciences,FOR,50,PHILOSOPHY AND RELIGIOUS STUDIES,division,False,derived_empirical,0.003,"derived via ARC ERA journal crosswalk: 389 shared-journal vote(s) over 579 FOR2008-classified journal(s), 1 agreeing"
FOR2008,02,02 Physical Sciences,FOR,46,INFORMATION AND COMPUTING SCIENCES,division,False,derived_empirical,0.01,"derived via ARC ERA journal crosswalk: 389 shared-journal vote(s) over 579 FOR2008-classified journal(s), 4 agreeing"
FOR2008,02,02 Physical Sciences,FOR,37,EARTH SCIENCES,division,False,derived_empirical,0.023,"derived via ARC ERA journal crosswalk: 389 shared-journal vote(s) over 579 FOR2008-classified journal(s), 9 agreeing"
FOR2008,02,02 Physical Sciences,FOR,31,BIOLOGICAL SCIENCES,division,False,derived_empirical,0.028,"derived via ARC ERA journal crosswalk: 389 shared-journal vote(s) over 579 FOR2008-classified journal(s), 11 agreeing"
FOR2008,02,02 Physical Sciences,FOR,34,CHEMICAL SCIENCES,division,False,derived_empirical,0.1,"derived via ARC ERA journal crosswalk: 389 shared-journal vote(s) over 579 FOR2008-classified journal(s), 39 agreeing"
FOR2008,02,02 Physical Sciences,FOR,40,ENGINEERING,division,False,derived_empirical,0.17,"derived via ARC ERA journal crosswalk: 389 shared-journal vote(s) over 579 FOR2008-classified journal(s), 66 agreeing"
FOR2008,02,02 Physical Sciences,FOR,33,BUILT ENVIRONMENT AND DESIGN,division,False,derived_empirical,0.003,"derived via ARC ERA journal crosswalk: 389 shared-journal vote(s) over 579 FOR2008-classified journal(s), 1 agreeing"
FOR2008,02,02 Physical Sciences,FOR,51,PHYSICAL SCIENCES,division,True,derived_empirical,0.429,"derived via ARC ERA journal crosswalk: 389 shared-journal vote(s) over 579 FOR2008-classified journal(s), 167 agreeing"
FOR2008,0201,0201 Astronomical and Space Sciences,FOR,4601,Applied computing,group,False,derived_empirical,0.008,"derived via ARC ERA journal crosswalk: 121 shared-journal vote(s) over 77 FOR2008-classified journal(s), 1 agreeing"
FOR2008,0201,0201 Astronomical and Space Sciences,FOR,3402,Inorganic chemistry,group,False,derived_empirical,0.008,"derived via ARC ERA journal crosswalk: 121 shared-journal vote(s) over 77 FOR2008-classified journal(s), 1 agreeing"
FOR2008,0201,0201 Astronomical and Space Sciences,FOR,3406,Physical chemistry,group,False,derived_empirical,0.008,"derived via ARC ERA journal crosswalk: 121 shared-journal vote(s) over 77 FOR2008-classified journal(s), 1 agreeing"
FOR2008,0201,0201 Astronomical and Space Sciences,FOR,3709,Physical geography and environmental geoscience,group,False,derived_empirical,0.008,"derived via ARC ERA journal crosswalk: 121 shared-journal vote(s) over 77 FOR2008-classified journal(s), 1 agreeing"
FOR2008,0201,0201 Astronomical and Space Sciences,FOR,5108,Quantum physics,group,False,derived_empirical,0.008,"derived via ARC ERA journal crosswalk: 121 shared-journal vote(s) over 77 FOR2008-classified journal(s), 1 agreeing"
FOR2008,0201,0201 Astronomical and Space Sciences,FOR,4902,Mathematical physics,group,False,derived_empirical,0.008,"derived via ARC ERA journal crosswalk: 121 shared-journal vote(s) over 77 FOR2008-classified journal(s), 1 agreeing"
FOR2008,0201,0201 Astronomical and Space Sciences,FOR,4407,Policy and administration,group,False,derived_empirical,0.008,"derived via ARC ERA journal crosswalk: 121 shared-journal vote(s) over 77 FOR2008-classified journal(s), 1 agreeing"
FOR2008,0201,0201 Astronomical and Space Sciences,FOR,5104,Condensed matter physics,group,False,derived_empirical,0.008,"derived via ARC ERA journal crosswalk: 121 shared-journal vote(s) over 77 FOR2008-classified journal(s), 1 agreeing"
FOR2008,0201,0201 Astronomical and Space Sciences,FOR,3107,Microbiology,group,False,derived_empirical,0.008,"derived via ARC ERA journal crosswalk: 121 shared-journal vote(s) over 77 FOR2008-classified journal(s), 1 agreeing"
FOR2008,0201,0201 Astronomical and Space Sciences,FOR,5109,Space sciences,group,False,derived_empirical,0.19,"derived via ARC ERA journal crosswalk: 121 shared-journal vote(s) over 77 FOR2008-classified journal(s), 23 agreeing"
FOR2008,0201,0201 Astronomical and Space Sciences,FOR,3705,Geology,group,False,derived_empirical,0.025,"derived via ARC ERA journal crosswalk: 121 shared-journal vote(s) over 77 FOR2008-classified journal(s), 3 agreeing"
FOR2008,0201,0201 Astronomical and Space Sciences,FOR,3702,Climate change science,group,False,derived_empirical,0.025,"derived via ARC ERA journal crosswalk: 121 shared-journal vote(s) over 77 FOR2008-classified journal(s), 3 agreeing"
FOR2008,0201,0201 Astronomical and Space Sciences,FOR,3701,Atmospheric sciences,group,False,derived_empirical,0.025,"derived via ARC ERA journal crosswalk: 121 shared-journal vote(s) over 77 FOR2008-classified journal(s), 3 agreeing"
FOR2008,0201,0201 Astronomical and Space Sciences,FOR,3706,Geophysics,group,False,derived_empirical,0.041,"derived via ARC ERA journal crosswalk: 121 shared-journal vote(s) over 77 FOR2008-classified journal(s), 5 agreeing"
FOR2008,0201,0201 Astronomical and Space Sciences,FOR,5106,Nuclear and plasma physics,group,False,derived_empirical,0.041,"derived via ARC ERA journal crosswalk: 121 shared-journal vote(s) over 77 FOR2008-classified journal(s), 5 agreeing"
FOR2008,0201,0201 Astronomical and Space Sciences,FOR,5107,Particle and high energy physics,group,False,derived_empirical,0.132,"derived via ARC ERA journal crosswalk: 121 shared-journal vote(s) over 77 FOR2008-classified journal(s), 16 agreeing"
FOR2008,0201,0201 Astronomical and Space Sciences,FOR,5101,Astronomical sciences,group,True,derived_empirical,0.43,"derived via ARC ERA journal crosswalk: 121 shared-journal vote(s) over 77 FOR2008-classified journal(s), 52 agreeing"
FOR2008,0201,0201 Astronomical and Space Sciences,FOR,5102,"Atomic, molecular and optical physics",group,False,derived_empirical,0.017,"derived via ARC ERA journal crosswalk: 121 shared-journal vote(s) over 77 FOR2008-classified journal(s), 2 agreeing"
FOR2008,0202,"0202 Atomic, Molecular, Nuclear, Particle and Plasma Physics",FOR,5110,Synchrotrons and accelerators,group,False,derived_empirical,0.007,"derived via ARC ERA journal crosswalk: 148 shared-journal vote(s) over 92 FOR2008-classified journal(s), 1 agreeing"
FOR2008,0202,"0202 Atomic, Molecular, Nuclear, Particle and Plasma Physics",FOR,4017,Mechanical engineering,group,False,derived_empirical,0.007,"derived via ARC ERA journal crosswalk: 148 shared-journal vote(s) over 92 FOR2008-classified journal(s), 1 agreeing"
FOR2008,0202,"0202 Atomic, Molecular, Nuclear, Particle and Plasma Physics",FOR,3401,Analytical chemistry,group,False,derived_empirical,0.007,"derived via ARC ERA journal crosswalk: 148 shared-journal vote(s) over 92 FOR2008-classified journal(s), 1 agreeing"
FOR2008,0202,"0202 Atomic, Molecular, Nuclear, Particle and Plasma Physics",FOR,4408,Political science,group,False,derived_empirical,0.007,"derived via ARC ERA journal crosswalk: 148 shared-journal vote(s) over 92 FOR2008-classified journal(s), 1 agreeing"
FOR2008,0202,"0202 Atomic, Molecular, Nuclear, Particle and Plasma Physics",FOR,4206,Public health,group,False,derived_empirical,0.007,"derived via ARC ERA journal crosswalk: 148 shared-journal vote(s) over 92 FOR2008-classified journal(s), 1 agreeing"
FOR2008,0202,"0202 Atomic, Molecular, Nuclear, Particle and Plasma Physics",FOR,4008,Electrical engineering,group,False,derived_empirical,0.007,"derived via ARC ERA journal crosswalk: 148 shared-journal vote(s) over 92 FOR2008-classified journal(s), 1 agreeing"
FOR2008,0202,"0202 Atomic, Molecular, Nuclear, Particle and Plasma Physics",FOR,5109,Space sciences,group,False,derived_empirical,0.014,"derived via ARC ERA journal crosswalk: 148 shared-journal vote(s) over 92 FOR2008-classified journal(s), 2 agreeing"
FOR2008,0202,"0202 Atomic, Molecular, Nuclear, Particle and Plasma Physics",FOR,4018,Nanotechnology,group,False,derived_empirical,0.007,"derived via ARC ERA journal crosswalk: 148 shared-journal vote(s) over 92 FOR2008-classified journal(s), 1 agreeing"
FOR2008,0202,"0202 Atomic, Molecular, Nuclear, Particle and Plasma Physics",FOR,5105,Medical and biological physics,group,False,derived_empirical,0.007,"derived via ARC ERA journal crosswalk: 148 shared-journal vote(s) over 92 FOR2008-classified journal(s), 1 agreeing"
FOR2008,0202,"0202 Atomic, Molecular, Nuclear, Particle and Plasma Physics",FOR,3202,Clinical sciences,group,False,derived_empirical,0.007,"derived via ARC ERA journal crosswalk: 148 shared-journal vote(s) over 92 FOR2008-classified journal(s), 1 agreeing"
FOR2008,0202,"0202 Atomic, Molecular, Nuclear, Particle and Plasma Physics",FOR,4004,Chemical engineering,group,False,derived_empirical,0.007,"derived via ARC ERA journal crosswalk: 148 shared-journal vote(s) over 92 FOR2008-classified journal(s), 1 agreeing"
FOR2008,0202,"0202 Atomic, Molecular, Nuclear, Particle and Plasma Physics",FOR,3402,Inorganic chemistry,group,False,derived_empirical,0.007,"derived via ARC ERA journal crosswalk: 148 shared-journal vote(s) over 92 FOR2008-classified journal(s), 1 agreeing"
FOR2008,0202,"0202 Atomic, Molecular, Nuclear, Particle and Plasma Physics",FOR,4001,Aerospace engineering,group,False,derived_empirical,0.007,"derived via ARC ERA journal crosswalk: 148 shared-journal vote(s) over 92 FOR2008-classified journal(s), 1 agreeing"
FOR2008,0202,"0202 Atomic, Molecular, Nuclear, Particle and Plasma Physics",FOR,3101,Biochemistry and cell biology,group,False,derived_empirical,0.014,"derived via ARC ERA journal crosswalk: 148 shared-journal vote(s) over 92 FOR2008-classified journal(s), 2 agreeing"
FOR2008,0202,"0202 Atomic, Molecular, Nuclear, Particle and Plasma Physics",FOR,5106,Nuclear and plasma physics,group,True,derived_empirical,0.27,"derived via ARC ERA journal crosswalk: 148 shared-journal vote(s) over 92 FOR2008-classified journal(s), 40 agreeing"
FOR2008,0202,"0202 Atomic, Molecular, Nuclear, Particle and Plasma Physics",FOR,4016,Materials engineering,group,False,derived_empirical,0.014,"derived via ARC ERA journal crosswalk: 148 shared-journal vote(s) over 92 FOR2008-classified journal(s), 2 agreeing"
FOR2008,0202,"0202 Atomic, Molecular, Nuclear, Particle and Plasma Physics",FOR,3211,Oncology and carcinogenesis,group,False,derived_empirical,0.014,"derived via ARC ERA journal crosswalk: 148 shared-journal vote(s) over 92 FOR2008-classified journal(s), 2 agreeing"
FOR2008,0202,"0202 Atomic, Molecular, Nuclear, Particle and Plasma Physics",FOR,5107,Particle and high energy physics,group,False,derived_empirical,0.135,"derived via ARC ERA journal crosswalk: 148 shared-journal vote(s) over 92 FOR2008-classified journal(s), 20 agreeing"
FOR2008,0202,"0202 Atomic, Molecular, Nuclear, Particle and Plasma Physics",FOR,3406,Physical chemistry,group,False,derived_empirical,0.068,"derived via ARC ERA journal crosswalk: 148 shared-journal vote(s) over 92 FOR2008-classified journal(s), 10 agreeing"
FOR2008,0202,"0202 Atomic, Molecular, Nuclear, Particle and Plasma Physics",FOR,5104,Condensed matter physics,group,False,derived_empirical,0.068,"derived via ARC ERA journal crosswalk: 148 shared-journal vote(s) over 92 FOR2008-classified journal(s), 10 agreeing"
FOR2008,0202,"0202 Atomic, Molecular, Nuclear, Particle and Plasma Physics",FOR,5101,Astronomical sciences,group,False,derived_empirical,0.068,"derived via ARC ERA journal crosswalk: 148 shared-journal vote(s) over 92 FOR2008-classified journal(s), 10 agreeing"
FOR2008,0202,"0202 Atomic, Molecular, Nuclear, Particle and Plasma Physics",FOR,5102,"Atomic, molecular and optical physics",group,False,derived_empirical,0.122,"derived via ARC ERA journal crosswalk: 148 shared-journal vote(s) over 92 FOR2008-classified journal(s), 18 agreeing"
FOR2008,0202,"0202 Atomic, Molecular, Nuclear, Particle and Plasma Physics",FOR,4902,Mathematical physics,group,False,derived_empirical,0.027,"derived via ARC ERA journal crosswalk: 148 shared-journal vote(s) over 92 FOR2008-classified journal(s), 4 agreeing"
FOR2008,0202,"0202 Atomic, Molecular, Nuclear, Particle and Plasma Physics",FOR,4019,Resources engineering and extractive metallurgy,group,False,derived_empirical,0.027,"derived via ARC ERA journal crosswalk: 148 shared-journal vote(s) over 92 FOR2008-classified journal(s), 4 agreeing"
FOR2008,0202,"0202 Atomic, Molecular, Nuclear, Particle and Plasma Physics",FOR,3403,Macromolecular and materials chemistry,group,False,derived_empirical,0.02,"derived via ARC ERA journal crosswalk: 148 shared-journal vote(s) over 92 FOR2008-classified journal(s), 3 agreeing"
FOR2008,0202,"0202 Atomic, Molecular, Nuclear, Particle and Plasma Physics",FOR,5108,Quantum physics,group,False,derived_empirical,0.014,"derived via ARC ERA journal crosswalk: 148 shared-journal vote(s) over 92 FOR2008-classified journal(s), 2 agreeing"
FOR2008,0202,"0202 Atomic, Molecular, Nuclear, Particle and Plasma Physics",FOR,3701,Atmospheric sciences,group,False,derived_empirical,0.014,"derived via ARC ERA journal crosswalk: 148 shared-journal vote(s) over 92 FOR2008-classified journal(s), 2 agreeing"
FOR2008,0202,"0202 Atomic, Molecular, Nuclear, Particle and Plasma Physics",FOR,3407,Theoretical and computational chemistry,group,False,derived_empirical,0.034,"derived via ARC ERA journal crosswalk: 148 shared-journal vote(s) over 92 FOR2008-classified journal(s), 5 agreeing"
FOR2008,0203,0203 Classical Physics,FOR,5104,Condensed matter physics,group,False,derived_empirical,0.036,"derived via ARC ERA journal crosswalk: 55 shared-journal vote(s) over 37 FOR2008-classified journal(s), 2 agreeing"
FOR2008,0203,0203 Classical Physics,FOR,3302,Building,group,False,derived_empirical,0.018,"derived via ARC ERA journal crosswalk: 55 shared-journal vote(s) over 37 FOR2008-classified journal(s), 1 agreeing"
FOR2008,0203,0203 Classical Physics,FOR,4004,Chemical engineering,group,False,derived_empirical,0.018,"derived via ARC ERA journal crosswalk: 55 shared-journal vote(s) over 37 FOR2008-classified journal(s), 1 agreeing"
FOR2008,0203,0203 Classical Physics,FOR,4007,"Control engineering, mechatronics and robotics",group,False,derived_empirical,0.018,"derived via ARC ERA journal crosswalk: 55 shared-journal vote(s) over 37 FOR2008-classified journal(s), 1 agreeing"
FOR2008,0203,0203 Classical Physics,FOR,5109,Space sciences,group,False,derived_empirical,0.018,"derived via ARC ERA journal crosswalk: 55 shared-journal vote(s) over 37 FOR2008-classified journal(s), 1 agreeing"
FOR2008,0203,0203 Classical Physics,FOR,4903,Numerical and computational mathematics,group,False,derived_empirical,0.018,"derived via ARC ERA journal crosswalk: 55 shared-journal vote(s) over 37 FOR2008-classified journal(s), 1 agreeing"
FOR2008,0203,0203 Classical Physics,FOR,5102,"Atomic, molecular and optical physics",group,False,derived_empirical,0.036,"derived via ARC ERA journal crosswalk: 55 shared-journal vote(s) over 37 FOR2008-classified journal(s), 2 agreeing"
FOR2008,0203,0203 Classical Physics,FOR,4009,"Electronics, sensors and digital hardware",group,False,derived_empirical,0.036,"derived via ARC ERA journal crosswalk: 55 shared-journal vote(s) over 37 FOR2008-classified journal(s), 2 agreeing"
FOR2008,0203,0203 Classical Physics,FOR,5106,Nuclear and plasma physics,group,False,derived_empirical,0.036,"derived via ARC ERA journal crosswalk: 55 shared-journal vote(s) over 37 FOR2008-classified journal(s), 2 agreeing"
FOR2008,0203,0203 Classical Physics,FOR,3406,Physical chemistry,group,False,derived_empirical,0.055,"derived via ARC ERA journal crosswalk: 55 shared-journal vote(s) over 37 FOR2008-classified journal(s), 3 agreeing"
FOR2008,0203,0203 Classical Physics,FOR,4902,Mathematical physics,group,False,derived_empirical,0.036,"derived via ARC ERA journal crosswalk: 55 shared-journal vote(s) over 37 FOR2008-classified journal(s), 2 agreeing"
FOR2008,0203,0203 Classical Physics,FOR,4014,Manufacturing engineering,group,False,derived_empirical,0.036,"derived via ARC ERA journal crosswalk: 55 shared-journal vote(s) over 37 FOR2008-classified journal(s), 2 agreeing"
FOR2008,0203,0203 Classical Physics,FOR,4016,Materials engineering,group,False,derived_empirical,0.036,"derived via ARC ERA journal crosswalk: 55 shared-journal vote(s) over 37 FOR2008-classified journal(s), 2 agreeing"
FOR2008,0203,0203 Classical Physics,FOR,4008,Electrical engineering,group,False,derived_empirical,0.055,"derived via ARC ERA journal crosswalk: 55 shared-journal vote(s) over 37 FOR2008-classified journal(s), 3 agreeing"
FOR2008,0203,0203 Classical Physics,FOR,4017,Mechanical engineering,group,False,derived_empirical,0.091,"derived via ARC ERA journal crosswalk: 55 shared-journal vote(s) over 37 FOR2008-classified journal(s), 5 agreeing"
FOR2008,0203,0203 Classical Physics,FOR,4012,Fluid mechanics and thermal engineering,group,False,derived_empirical,0.109,"derived via ARC ERA journal crosswalk: 55 shared-journal vote(s) over 37 FOR2008-classified journal(s), 6 agreeing"
FOR2008,0203,0203 Classical Physics,FOR,5103,Classical physics,group,True,derived_empirical,0.2,"derived via ARC ERA journal crosswalk: 55 shared-journal vote(s) over 37 FOR2008-classified journal(s), 11 agreeing"
FOR2008,0203,0203 Classical Physics,FOR,3403,Macromolecular and materials chemistry,group,False,derived_empirical,0.018,"derived via ARC ERA journal crosswalk: 55 shared-journal vote(s) over 37 FOR2008-classified journal(s), 1 agreeing"
FOR2008,0203,0203 Classical Physics,FOR,4901,Applied mathematics,group,False,derived_empirical,0.036,"derived via ARC ERA journal crosswalk: 55 shared-journal vote(s) over 37 FOR2008-classified journal(s), 2 agreeing"
FOR2008,0203,0203 Classical Physics,FOR,3701,Atmospheric sciences,group,False,derived_empirical,0.018,"derived via ARC ERA journal crosswalk: 55 shared-journal vote(s) over 37 FOR2008-classified journal(s), 1 agreeing"
FOR2008,0203,0203 Classical Physics,FOR,5110,Synchrotrons and accelerators,group,False,derived_empirical,0.018,"derived via ARC ERA journal crosswalk: 55 shared-journal vote(s) over 37 FOR2008-classified journal(s), 1 agreeing"
FOR2008,0203,0203 Classical Physics,FOR,4013,Geomatic engineering,group,False,derived_empirical,0.018,"derived via ARC ERA journal crosswalk: 55 shared-journal vote(s) over 37 FOR2008-classified journal(s), 1 agreeing"
FOR2008,0203,0203 Classical Physics,FOR,4019,Resources engineering and extractive metallurgy,group,False,derived_empirical,0.018,"derived via ARC ERA journal crosswalk: 55 shared-journal vote(s) over 37 FOR2008-classified journal(s), 1 agreeing"
FOR2008,0203,0203 Classical Physics,FOR,3709,Physical geography and environmental geoscience,group,False,derived_empirical,0.018,"derived via ARC ERA journal crosswalk: 55 shared-journal vote(s) over 37 FOR2008-classified journal(s), 1 agreeing"
FOR2008,0204,0204 Condensed Matter Physics,FOR,4004,Chemical engineering,group,False,derived_empirical,0.006,"derived via ARC ERA journal crosswalk: 175 shared-journal vote(s) over 99 FOR2008-classified journal(s), 1 agreeing"
FOR2008,0204,0204 Condensed Matter Physics,FOR,4003,Biomedical engineering,group,False,derived_empirical,0.006,"derived via ARC ERA journal crosswalk: 175 shared-journal vote(s) over 99 FOR2008-classified journal(s), 1 agreeing"
FOR2008,0204,0204 Condensed Matter Physics,FOR,3706,Geophysics,group,False,derived_empirical,0.006,"derived via ARC ERA journal crosswalk: 175 shared-journal vote(s) over 99 FOR2008-classified journal(s), 1 agreeing"
FOR2008,0204,0204 Condensed Matter Physics,FOR,4006,Communications engineering,group,False,derived_empirical,0.006,"derived via ARC ERA journal crosswalk: 175 shared-journal vote(s) over 99 FOR2008-classified journal(s), 1 agreeing"
FOR2008,0204,0204 Condensed Matter Physics,FOR,3302,Building,group,False,derived_empirical,0.006,"derived via ARC ERA journal crosswalk: 175 shared-journal vote(s) over 99 FOR2008-classified journal(s), 1 agreeing"
FOR2008,0204,0204 Condensed Matter Physics,FOR,3407,Theoretical and computational chemistry,group,False,derived_empirical,0.006,"derived via ARC ERA journal crosswalk: 175 shared-journal vote(s) over 99 FOR2008-classified journal(s), 1 agreeing"
FOR2008,0204,0204 Condensed Matter Physics,FOR,3006,Food sciences,group,False,derived_empirical,0.011,"derived via ARC ERA journal crosswalk: 175 shared-journal vote(s) over 99 FOR2008-classified journal(s), 2 agreeing"
FOR2008,0204,0204 Condensed Matter Physics,FOR,5108,Quantum physics,group,False,derived_empirical,0.011,"derived via ARC ERA journal crosswalk: 175 shared-journal vote(s) over 99 FOR2008-classified journal(s), 2 agreeing"
FOR2008,0204,0204 Condensed Matter Physics,FOR,3101,Biochemistry and cell biology,group,False,derived_empirical,0.011,"derived via ARC ERA journal crosswalk: 175 shared-journal vote(s) over 99 FOR2008-classified journal(s), 2 agreeing"
FOR2008,0204,0204 Condensed Matter Physics,FOR,5107,Particle and high energy physics,group,False,derived_empirical,0.011,"derived via ARC ERA journal crosswalk: 175 shared-journal vote(s) over 99 FOR2008-classified journal(s), 2 agreeing"
FOR2008,0204,0204 Condensed Matter Physics,FOR,5103,Classical physics,group,False,derived_empirical,0.011,"derived via ARC ERA journal crosswalk: 175 shared-journal vote(s) over 99 FOR2008-classified journal(s), 2 agreeing"
FOR2008,0204,0204 Condensed Matter Physics,FOR,3007,Forestry sciences,group,False,derived_empirical,0.011,"derived via ARC ERA journal crosswalk: 175 shared-journal vote(s) over 99 FOR2008-classified journal(s), 2 agreeing"
FOR2008,0204,0204 Condensed Matter Physics,FOR,4019,Resources engineering and extractive metallurgy,group,False,derived_empirical,0.017,"derived via ARC ERA journal crosswalk: 175 shared-journal vote(s) over 99 FOR2008-classified journal(s), 3 agreeing"
FOR2008,0204,0204 Condensed Matter Physics,FOR,5104,Condensed matter physics,group,True,derived_empirical,0.314,"derived via ARC ERA journal crosswalk: 175 shared-journal vote(s) over 99 FOR2008-classified journal(s), 55 agreeing"
FOR2008,0204,0204 Condensed Matter Physics,FOR,4008,Electrical engineering,group,False,derived_empirical,0.017,"derived via ARC ERA journal crosswalk: 175 shared-journal vote(s) over 99 FOR2008-classified journal(s), 3 agreeing"
FOR2008,0204,0204 Condensed Matter Physics,FOR,3406,Physical chemistry,group,False,derived_empirical,0.091,"derived via ARC ERA journal crosswalk: 175 shared-journal vote(s) over 99 FOR2008-classified journal(s), 16 agreeing"
FOR2008,0204,0204 Condensed Matter Physics,FOR,3403,Macromolecular and materials chemistry,group,False,derived_empirical,0.08,"derived via ARC ERA journal crosswalk: 175 shared-journal vote(s) over 99 FOR2008-classified journal(s), 14 agreeing"
FOR2008,0204,0204 Condensed Matter Physics,FOR,5102,"Atomic, molecular and optical physics",group,False,derived_empirical,0.057,"derived via ARC ERA journal crosswalk: 175 shared-journal vote(s) over 99 FOR2008-classified journal(s), 10 agreeing"
FOR2008,0204,0204 Condensed Matter Physics,FOR,4016,Materials engineering,group,False,derived_empirical,0.166,"derived via ARC ERA journal crosswalk: 175 shared-journal vote(s) over 99 FOR2008-classified journal(s), 29 agreeing"
FOR2008,0204,0204 Condensed Matter Physics,FOR,4018,Nanotechnology,group,False,derived_empirical,0.034,"derived via ARC ERA journal crosswalk: 175 shared-journal vote(s) over 99 FOR2008-classified journal(s), 6 agreeing"
FOR2008,0204,0204 Condensed Matter Physics,FOR,4009,"Electronics, sensors and digital hardware",group,False,derived_empirical,0.029,"derived via ARC ERA journal crosswalk: 175 shared-journal vote(s) over 99 FOR2008-classified journal(s), 5 agreeing"
FOR2008,0204,0204 Condensed Matter Physics,FOR,5106,Nuclear and plasma physics,group,False,derived_empirical,0.023,"derived via ARC ERA journal crosswalk: 175 shared-journal vote(s) over 99 FOR2008-classified journal(s), 4 agreeing"
FOR2008,0204,0204 Condensed Matter Physics,FOR,4017,Mechanical engineering,group,False,derived_empirical,0.023,"derived via ARC ERA journal crosswalk: 175 shared-journal vote(s) over 99 FOR2008-classified journal(s), 4 agreeing"
FOR2008,0204,0204 Condensed Matter Physics,FOR,3402,Inorganic chemistry,group,False,derived_empirical,0.046,"derived via ARC ERA journal crosswalk: 175 shared-journal vote(s) over 99 FOR2008-classified journal(s), 8 agreeing"
FOR2008,0205,0205 Optical Physics,FOR,4603,Computer vision and multimedia computation,group,False,derived_empirical,0.014,"derived via ARC ERA journal crosswalk: 141 shared-journal vote(s) over 83 FOR2008-classified journal(s), 2 agreeing"
FOR2008,0205,0205 Optical Physics,FOR,3101,Biochemistry and cell biology,group,False,derived_empirical,0.007,"derived via ARC ERA journal crosswalk: 141 shared-journal vote(s) over 83 FOR2008-classified journal(s), 1 agreeing"
FOR2008,0205,0205 Optical Physics,FOR,3404,Medicinal and biomolecular chemistry,group,False,derived_empirical,0.007,"derived via ARC ERA journal crosswalk: 141 shared-journal vote(s) over 83 FOR2008-classified journal(s), 1 agreeing"
FOR2008,0205,0205 Optical Physics,FOR,5106,Nuclear and plasma physics,group,False,derived_empirical,0.007,"derived via ARC ERA journal crosswalk: 141 shared-journal vote(s) over 83 FOR2008-classified journal(s), 1 agreeing"
FOR2008,0205,0205 Optical Physics,FOR,4017,Mechanical engineering,group,False,derived_empirical,0.007,"derived via ARC ERA journal crosswalk: 141 shared-journal vote(s) over 83 FOR2008-classified journal(s), 1 agreeing"
FOR2008,0205,0205 Optical Physics,FOR,4004,Chemical engineering,group,False,derived_empirical,0.007,"derived via ARC ERA journal crosswalk: 141 shared-journal vote(s) over 83 FOR2008-classified journal(s), 1 agreeing"
FOR2008,0205,0205 Optical Physics,FOR,3402,Inorganic chemistry,group,False,derived_empirical,0.007,"derived via ARC ERA journal crosswalk: 141 shared-journal vote(s) over 83 FOR2008-classified journal(s), 1 agreeing"
FOR2008,0205,0205 Optical Physics,FOR,5103,Classical physics,group,False,derived_empirical,0.014,"derived via ARC ERA journal crosswalk: 141 shared-journal vote(s) over 83 FOR2008-classified journal(s), 2 agreeing"
FOR2008,0205,0205 Optical Physics,FOR,3403,Macromolecular and materials chemistry,group,False,derived_empirical,0.014,"derived via ARC ERA journal crosswalk: 141 shared-journal vote(s) over 83 FOR2008-classified journal(s), 2 agreeing"
FOR2008,0205,0205 Optical Physics,FOR,3401,Analytical chemistry,group,False,derived_empirical,0.021,"derived via ARC ERA journal crosswalk: 141 shared-journal vote(s) over 83 FOR2008-classified journal(s), 3 agreeing"
FOR2008,0205,0205 Optical Physics,FOR,3212,Ophthalmology and optometry,group,False,derived_empirical,0.014,"derived via ARC ERA journal crosswalk: 141 shared-journal vote(s) over 83 FOR2008-classified journal(s), 2 agreeing"
FOR2008,0205,0205 Optical Physics,FOR,3406,Physical chemistry,group,False,derived_empirical,0.028,"derived via ARC ERA journal crosswalk: 141 shared-journal vote(s) over 83 FOR2008-classified journal(s), 4 agreeing"
FOR2008,0205,0205 Optical Physics,FOR,4003,Biomedical engineering,group,False,derived_empirical,0.021,"derived via ARC ERA journal crosswalk: 141 shared-journal vote(s) over 83 FOR2008-classified journal(s), 3 agreeing"
FOR2008,0205,0205 Optical Physics,FOR,5102,"Atomic, molecular and optical physics",group,True,derived_empirical,0.383,"derived via ARC ERA journal crosswalk: 141 shared-journal vote(s) over 83 FOR2008-classified journal(s), 54 agreeing"
FOR2008,0205,0205 Optical Physics,FOR,5108,Quantum physics,group,False,derived_empirical,0.092,"derived via ARC ERA journal crosswalk: 141 shared-journal vote(s) over 83 FOR2008-classified journal(s), 13 agreeing"
FOR2008,0205,0205 Optical Physics,FOR,5104,Condensed matter physics,group,False,derived_empirical,0.078,"derived via ARC ERA journal crosswalk: 141 shared-journal vote(s) over 83 FOR2008-classified journal(s), 11 agreeing"
FOR2008,0205,0205 Optical Physics,FOR,4006,Communications engineering,group,False,derived_empirical,0.078,"derived via ARC ERA journal crosswalk: 141 shared-journal vote(s) over 83 FOR2008-classified journal(s), 11 agreeing"
FOR2008,0205,0205 Optical Physics,FOR,4009,"Electronics, sensors and digital hardware",group,False,derived_empirical,0.085,"derived via ARC ERA journal crosswalk: 141 shared-journal vote(s) over 83 FOR2008-classified journal(s), 12 agreeing"
FOR2008,0205,0205 Optical Physics,FOR,4016,Materials engineering,group,False,derived_empirical,0.035,"derived via ARC ERA journal crosswalk: 141 shared-journal vote(s) over 83 FOR2008-classified journal(s), 5 agreeing"
FOR2008,0205,0205 Optical Physics,FOR,4018,Nanotechnology,group,False,derived_empirical,0.028,"derived via ARC ERA journal crosswalk: 141 shared-journal vote(s) over 83 FOR2008-classified journal(s), 4 agreeing"
FOR2008,0205,0205 Optical Physics,FOR,4008,Electrical engineering,group,False,derived_empirical,0.05,"derived via ARC ERA journal crosswalk: 141 shared-journal vote(s) over 83 FOR2008-classified journal(s), 7 agreeing"
FOR2008,0206,0206 Quantum Physics,FOR,4016,Materials engineering,group,False,derived_empirical,0.032,"derived via ARC ERA journal crosswalk: 63 shared-journal vote(s) over 39 FOR2008-classified journal(s), 2 agreeing"
FOR2008,0206,0206 Quantum Physics,FOR,3406,Physical chemistry,group,False,derived_empirical,0.016,"derived via ARC ERA journal crosswalk: 63 shared-journal vote(s) over 39 FOR2008-classified journal(s), 1 agreeing"
FOR2008,0206,0206 Quantum Physics,FOR,4006,Communications engineering,group,False,derived_empirical,0.016,"derived via ARC ERA journal crosswalk: 63 shared-journal vote(s) over 39 FOR2008-classified journal(s), 1 agreeing"
FOR2008,0206,0206 Quantum Physics,FOR,4901,Applied mathematics,group,False,derived_empirical,0.016,"derived via ARC ERA journal crosswalk: 63 shared-journal vote(s) over 39 FOR2008-classified journal(s), 1 agreeing"
FOR2008,0206,0206 Quantum Physics,FOR,4018,Nanotechnology,group,False,derived_empirical,0.016,"derived via ARC ERA journal crosswalk: 63 shared-journal vote(s) over 39 FOR2008-classified journal(s), 1 agreeing"
FOR2008,0206,0206 Quantum Physics,FOR,4008,Electrical engineering,group,False,derived_empirical,0.032,"derived via ARC ERA journal crosswalk: 63 shared-journal vote(s) over 39 FOR2008-classified journal(s), 2 agreeing"
FOR2008,0206,0206 Quantum Physics,FOR,4904,Pure mathematics,group,False,derived_empirical,0.016,"derived via ARC ERA journal crosswalk: 63 shared-journal vote(s) over 39 FOR2008-classified journal(s), 1 agreeing"
FOR2008,0206,0206 Quantum Physics,FOR,5106,Nuclear and plasma physics,group,False,derived_empirical,0.048,"derived via ARC ERA journal crosswalk: 63 shared-journal vote(s) over 39 FOR2008-classified journal(s), 3 agreeing"
FOR2008,0206,0206 Quantum Physics,FOR,3403,Macromolecular and materials chemistry,group,False,derived_empirical,0.032,"derived via ARC ERA journal crosswalk: 63 shared-journal vote(s) over 39 FOR2008-classified journal(s), 2 agreeing"
FOR2008,0206,0206 Quantum Physics,FOR,5101,Astronomical sciences,group,False,derived_empirical,0.079,"derived via ARC ERA journal crosswalk: 63 shared-journal vote(s) over 39 FOR2008-classified journal(s), 5 agreeing"
FOR2008,0206,0206 Quantum Physics,FOR,4902,Mathematical physics,group,False,derived_empirical,0.095,"derived via ARC ERA journal crosswalk: 63 shared-journal vote(s) over 39 FOR2008-classified journal(s), 6 agreeing"
FOR2008,0206,0206 Quantum Physics,FOR,5107,Particle and high energy physics,group,False,derived_empirical,0.127,"derived via ARC ERA journal crosswalk: 63 shared-journal vote(s) over 39 FOR2008-classified journal(s), 8 agreeing"
FOR2008,0206,0206 Quantum Physics,FOR,5102,"Atomic, molecular and optical physics",group,False,derived_empirical,0.143,"derived via ARC ERA journal crosswalk: 63 shared-journal vote(s) over 39 FOR2008-classified journal(s), 9 agreeing"
FOR2008,0206,0206 Quantum Physics,FOR,5108,Quantum physics,group,False,derived_empirical,0.143,"derived via ARC ERA journal crosswalk: 63 shared-journal vote(s) over 39 FOR2008-classified journal(s), 9 agreeing"
FOR2008,0206,0206 Quantum Physics,FOR,5104,Condensed matter physics,group,True,derived_empirical,0.143,"derived via ARC ERA journal crosswalk: 63 shared-journal vote(s) over 39 FOR2008-classified journal(s), 9 agreeing"
FOR2008,0206,0206 Quantum Physics,FOR,4009,"Electronics, sensors and digital hardware",group,False,derived_empirical,0.048,"derived via ARC ERA journal crosswalk: 63 shared-journal vote(s) over 39 FOR2008-classified journal(s), 3 agreeing"
FOR2008,0299,0299 Other Physical Sciences,FOR,5103,Classical physics,group,False,derived_empirical,0.012,"derived via ARC ERA journal crosswalk: 82 shared-journal vote(s) over 50 FOR2008-classified journal(s), 1 agreeing"
FOR2008,0299,0299 Other Physical Sciences,FOR,3702,Climate change science,group,False,derived_empirical,0.024,"derived via ARC ERA journal crosswalk: 82 shared-journal vote(s) over 50 FOR2008-classified journal(s), 2 agreeing"
FOR2008,0299,0299 Other Physical Sciences,FOR,5108,Quantum physics,group,False,derived_empirical,0.012,"derived via ARC ERA journal crosswalk: 82 shared-journal vote(s) over 50 FOR2008-classified journal(s), 1 agreeing"
FOR2008,0299,0299 Other Physical Sciences,FOR,4901,Applied mathematics,group,False,derived_empirical,0.012,"derived via ARC ERA journal crosswalk: 82 shared-journal vote(s) over 50 FOR2008-classified journal(s), 1 agreeing"
FOR2008,0299,0299 Other Physical Sciences,FOR,5104,Condensed matter physics,group,False,derived_empirical,0.024,"derived via ARC ERA journal crosswalk: 82 shared-journal vote(s) over 50 FOR2008-classified journal(s), 2 agreeing"
FOR2008,0299,0299 Other Physical Sciences,FOR,4016,Materials engineering,group,False,derived_empirical,0.024,"derived via ARC ERA journal crosswalk: 82 shared-journal vote(s) over 50 FOR2008-classified journal(s), 2 agreeing"
FOR2008,0299,0299 Other Physical Sciences,FOR,3209,Neurosciences,group,False,derived_empirical,0.012,"derived via ARC ERA journal crosswalk: 82 shared-journal vote(s) over 50 FOR2008-classified journal(s), 1 agreeing"
FOR2008,0299,0299 Other Physical Sciences,FOR,3208,Medical physiology,group,False,derived_empirical,0.012,"derived via ARC ERA journal crosswalk: 82 shared-journal vote(s) over 50 FOR2008-classified journal(s), 1 agreeing"
FOR2008,0299,0299 Other Physical Sciences,FOR,3102,Bioinformatics and computational biology,group,False,derived_empirical,0.012,"derived via ARC ERA journal crosswalk: 82 shared-journal vote(s) over 50 FOR2008-classified journal(s), 1 agreeing"
FOR2008,0299,0299 Other Physical Sciences,FOR,4601,Applied computing,group,False,derived_empirical,0.012,"derived via ARC ERA journal crosswalk: 82 shared-journal vote(s) over 50 FOR2008-classified journal(s), 1 agreeing"
FOR2008,0299,0299 Other Physical Sciences,FOR,3006,Food sciences,group,False,derived_empirical,0.012,"derived via ARC ERA journal crosswalk: 82 shared-journal vote(s) over 50 FOR2008-classified journal(s), 1 agreeing"
FOR2008,0299,0299 Other Physical Sciences,FOR,4004,Chemical engineering,group,False,derived_empirical,0.024,"derived via ARC ERA journal crosswalk: 82 shared-journal vote(s) over 50 FOR2008-classified journal(s), 2 agreeing"
FOR2008,0299,0299 Other Physical Sciences,FOR,4104,Environmental management,group,False,derived_empirical,0.012,"derived via ARC ERA journal crosswalk: 82 shared-journal vote(s) over 50 FOR2008-classified journal(s), 1 agreeing"
FOR2008,0299,0299 Other Physical Sciences,FOR,4206,Public health,group,False,derived_empirical,0.024,"derived via ARC ERA journal crosswalk: 82 shared-journal vote(s) over 50 FOR2008-classified journal(s), 2 agreeing"
FOR2008,0299,0299 Other Physical Sciences,FOR,5199,Other physical sciences,group,False,derived_empirical,0.024,"derived via ARC ERA journal crosswalk: 82 shared-journal vote(s) over 50 FOR2008-classified journal(s), 2 agreeing"
FOR2008,0299,0299 Other Physical Sciences,FOR,4019,Resources engineering and extractive metallurgy,group,False,derived_empirical,0.024,"derived via ARC ERA journal crosswalk: 82 shared-journal vote(s) over 50 FOR2008-classified journal(s), 2 agreeing"
FOR2008,0299,0299 Other Physical Sciences,FOR,4008,Electrical engineering,group,False,derived_empirical,0.024,"derived via ARC ERA journal crosswalk: 82 shared-journal vote(s) over 50 FOR2008-classified journal(s), 2 agreeing"
FOR2008,0299,0299 Other Physical Sciences,FOR,5110,Synchrotrons and accelerators,group,False,derived_empirical,0.012,"derived via ARC ERA journal crosswalk: 82 shared-journal vote(s) over 50 FOR2008-classified journal(s), 1 agreeing"
FOR2008,0299,0299 Other Physical Sciences,FOR,5107,Particle and high energy physics,group,False,derived_empirical,0.012,"derived via ARC ERA journal crosswalk: 82 shared-journal vote(s) over 50 FOR2008-classified journal(s), 1 agreeing"
FOR2008,0299,0299 Other Physical Sciences,FOR,5105,Medical and biological physics,group,True,derived_empirical,0.11,"derived via ARC ERA journal crosswalk: 82 shared-journal vote(s) over 50 FOR2008-classified journal(s), 9 agreeing"
FOR2008,0299,0299 Other Physical Sciences,FOR,5106,Nuclear and plasma physics,group,False,derived_empirical,0.085,"derived via ARC ERA journal crosswalk: 82 shared-journal vote(s) over 50 FOR2008-classified journal(s), 7 agreeing"
FOR2008,0299,0299 Other Physical Sciences,FOR,3406,Physical chemistry,group,False,derived_empirical,0.073,"derived via ARC ERA journal crosswalk: 82 shared-journal vote(s) over 50 FOR2008-classified journal(s), 6 agreeing"
FOR2008,0299,0299 Other Physical Sciences,FOR,3211,Oncology and carcinogenesis,group,False,derived_empirical,0.061,"derived via ARC ERA journal crosswalk: 82 shared-journal vote(s) over 50 FOR2008-classified journal(s), 5 agreeing"
FOR2008,0299,0299 Other Physical Sciences,FOR,3202,Clinical sciences,group,False,derived_empirical,0.049,"derived via ARC ERA journal crosswalk: 82 shared-journal vote(s) over 50 FOR2008-classified journal(s), 4 agreeing"
FOR2008,0299,0299 Other Physical Sciences,FOR,3101,Biochemistry and cell biology,group,False,derived_empirical,0.049,"derived via ARC ERA journal crosswalk: 82 shared-journal vote(s) over 50 FOR2008-classified journal(s), 4 agreeing"
FOR2008,0299,0299 Other Physical Sciences,FOR,4003,Biomedical engineering,group,False,derived_empirical,0.037,"derived via ARC ERA journal crosswalk: 82 shared-journal vote(s) over 50 FOR2008-classified journal(s), 3 agreeing"
FOR2008,0299,0299 Other Physical Sciences,FOR,5102,"Atomic, molecular and optical physics",group,False,derived_empirical,0.037,"derived via ARC ERA journal crosswalk: 82 shared-journal vote(s) over 50 FOR2008-classified journal(s), 3 agreeing"
FOR2008,0299,0299 Other Physical Sciences,FOR,4009,"Electronics, sensors and digital hardware",group,False,derived_empirical,0.024,"derived via ARC ERA journal crosswalk: 82 shared-journal vote(s) over 50 FOR2008-classified journal(s), 2 agreeing"
FOR2008,0299,0299 Other Physical Sciences,FOR,5101,Astronomical sciences,group,False,derived_empirical,0.012,"derived via ARC ERA journal crosswalk: 82 shared-journal vote(s) over 50 FOR2008-classified journal(s), 1 agreeing"
FOR2008,0299,0299 Other Physical Sciences,FOR,4006,Communications engineering,group,False,derived_empirical,0.024,"derived via ARC ERA journal crosswalk: 82 shared-journal vote(s) over 50 FOR2008-classified journal(s), 2 agreeing"
FOR2008,0299,0299 Other Physical Sciences,FOR,3407,Theoretical and computational chemistry,group,False,derived_empirical,0.037,"derived via ARC ERA journal crosswalk: 82 shared-journal vote(s) over 50 FOR2008-classified journal(s), 3 agreeing"
FOR2008,0299,0299 Other Physical Sciences,FOR,3701,Atmospheric sciences,group,False,derived_empirical,0.037,"derived via ARC ERA journal crosswalk: 82 shared-journal vote(s) over 50 FOR2008-classified journal(s), 3 agreeing"
FOR2008,0299,0299 Other Physical Sciences,FOR,4012,Fluid mechanics and thermal engineering,group,False,derived_empirical,0.037,"derived via ARC ERA journal crosswalk: 82 shared-journal vote(s) over 50 FOR2008-classified journal(s), 3 agreeing"
FOR2008,03,03 Chemical Sciences,FOR,40,ENGINEERING,division,False,derived_empirical,0.189,"derived via ARC ERA journal crosswalk: 402 shared-journal vote(s) over 762 FOR2008-classified journal(s), 76 agreeing"
FOR2008,03,03 Chemical Sciences,FOR,41,ENVIRONMENTAL SCIENCES,division,False,derived_empirical,0.065,"derived via ARC ERA journal crosswalk: 402 shared-journal vote(s) over 762 FOR2008-classified journal(s), 26 agreeing"
FOR2008,03,03 Chemical Sciences,FOR,37,EARTH SCIENCES,division,False,derived_empirical,0.012,"derived via ARC ERA journal crosswalk: 402 shared-journal vote(s) over 762 FOR2008-classified journal(s), 5 agreeing"
FOR2008,03,03 Chemical Sciences,FOR,49,MATHEMATICAL SCIENCES,division,False,derived_empirical,0.012,"derived via ARC ERA journal crosswalk: 402 shared-journal vote(s) over 762 FOR2008-classified journal(s), 5 agreeing"
FOR2008,03,03 Chemical Sciences,FOR,32,BIOMEDICAL AND CLINICAL SCIENCES,division,False,derived_empirical,0.012,"derived via ARC ERA journal crosswalk: 402 shared-journal vote(s) over 762 FOR2008-classified journal(s), 5 agreeing"
FOR2008,03,03 Chemical Sciences,FOR,30,"AGRICULTURAL, VETERINARY AND FOOD SCIENCES",division,False,derived_empirical,0.005,"derived via ARC ERA journal crosswalk: 402 shared-journal vote(s) over 762 FOR2008-classified journal(s), 2 agreeing"
FOR2008,03,03 Chemical Sciences,FOR,42,HEALTH SCIENCES,division,False,derived_empirical,0.005,"derived via ARC ERA journal crosswalk: 402 shared-journal vote(s) over 762 FOR2008-classified journal(s), 2 agreeing"
FOR2008,03,03 Chemical Sciences,FOR,46,INFORMATION AND COMPUTING SCIENCES,division,False,derived_empirical,0.002,"derived via ARC ERA journal crosswalk: 402 shared-journal vote(s) over 762 FOR2008-classified journal(s), 1 agreeing"
FOR2008,03,03 Chemical Sciences,FOR,36,CREATIVE ARTS AND WRITING,division,False,derived_empirical,0.002,"derived via ARC ERA journal crosswalk: 402 shared-journal vote(s) over 762 FOR2008-classified journal(s), 1 agreeing"
FOR2008,03,03 Chemical Sciences,FOR,39,EDUCATION,division,False,derived_empirical,0.002,"derived via ARC ERA journal crosswalk: 402 shared-journal vote(s) over 762 FOR2008-classified journal(s), 1 agreeing"
FOR2008,03,03 Chemical Sciences,FOR,34,CHEMICAL SCIENCES,division,True,derived_empirical,0.488,"derived via ARC ERA journal crosswalk: 402 shared-journal vote(s) over 762 FOR2008-classified journal(s), 196 agreeing"
FOR2008,03,03 Chemical Sciences,FOR,31,BIOLOGICAL SCIENCES,division,False,derived_empirical,0.112,"derived via ARC ERA journal crosswalk: 402 shared-journal vote(s) over 762 FOR2008-classified journal(s), 45 agreeing"
FOR2008,03,03 Chemical Sciences,FOR,51,PHYSICAL SCIENCES,division,False,derived_empirical,0.092,"derived via ARC ERA journal crosswalk: 402 shared-journal vote(s) over 762 FOR2008-classified journal(s), 37 agreeing"
FOR2008,0301,0301 Analytical Chemistry,FOR,3214,Pharmacology and pharmaceutical sciences,group,False,derived_empirical,0.047,"derived via ARC ERA journal crosswalk: 150 shared-journal vote(s) over 109 FOR2008-classified journal(s), 7 agreeing"
FOR2008,0301,0301 Analytical Chemistry,FOR,3406,Physical chemistry,group,False,derived_empirical,0.073,"derived via ARC ERA journal crosswalk: 150 shared-journal vote(s) over 109 FOR2008-classified journal(s), 11 agreeing"
FOR2008,0301,0301 Analytical Chemistry,FOR,3405,Organic chemistry,group,False,derived_empirical,0.033,"derived via ARC ERA journal crosswalk: 150 shared-journal vote(s) over 109 FOR2008-classified journal(s), 5 agreeing"
FOR2008,0301,0301 Analytical Chemistry,FOR,3401,Analytical chemistry,group,True,derived_empirical,0.42,"derived via ARC ERA journal crosswalk: 150 shared-journal vote(s) over 109 FOR2008-classified journal(s), 63 agreeing"
FOR2008,0301,0301 Analytical Chemistry,FOR,4009,"Electronics, sensors and digital hardware",group,False,derived_empirical,0.007,"derived via ARC ERA journal crosswalk: 150 shared-journal vote(s) over 109 FOR2008-classified journal(s), 1 agreeing"
FOR2008,0301,0301 Analytical Chemistry,FOR,4606,Distributed computing and systems software,group,False,derived_empirical,0.007,"derived via ARC ERA journal crosswalk: 150 shared-journal vote(s) over 109 FOR2008-classified journal(s), 1 agreeing"
FOR2008,0301,0301 Analytical Chemistry,FOR,5106,Nuclear and plasma physics,group,False,derived_empirical,0.007,"derived via ARC ERA journal crosswalk: 150 shared-journal vote(s) over 109 FOR2008-classified journal(s), 1 agreeing"
FOR2008,0301,0301 Analytical Chemistry,FOR,3004,Crop and pasture production,group,False,derived_empirical,0.007,"derived via ARC ERA journal crosswalk: 150 shared-journal vote(s) over 109 FOR2008-classified journal(s), 1 agreeing"
FOR2008,0301,0301 Analytical Chemistry,FOR,4106,Soil sciences,group,False,derived_empirical,0.007,"derived via ARC ERA journal crosswalk: 150 shared-journal vote(s) over 109 FOR2008-classified journal(s), 1 agreeing"
FOR2008,0301,0301 Analytical Chemistry,FOR,3006,Food sciences,group,False,derived_empirical,0.04,"derived via ARC ERA journal crosswalk: 150 shared-journal vote(s) over 109 FOR2008-classified journal(s), 6 agreeing"
FOR2008,0301,0301 Analytical Chemistry,FOR,3101,Biochemistry and cell biology,group,False,derived_empirical,0.053,"derived via ARC ERA journal crosswalk: 150 shared-journal vote(s) over 109 FOR2008-classified journal(s), 8 agreeing"
FOR2008,0301,0301 Analytical Chemistry,FOR,3205,Medical biochemistry and metabolomics,group,False,derived_empirical,0.02,"derived via ARC ERA journal crosswalk: 150 shared-journal vote(s) over 109 FOR2008-classified journal(s), 3 agreeing"
FOR2008,0301,0301 Analytical Chemistry,FOR,4008,Electrical engineering,group,False,derived_empirical,0.007,"derived via ARC ERA journal crosswalk: 150 shared-journal vote(s) over 109 FOR2008-classified journal(s), 1 agreeing"
FOR2008,0301,0301 Analytical Chemistry,FOR,3403,Macromolecular and materials chemistry,group,False,derived_empirical,0.033,"derived via ARC ERA journal crosswalk: 150 shared-journal vote(s) over 109 FOR2008-classified journal(s), 5 agreeing"
FOR2008,0301,0301 Analytical Chemistry,FOR,4104,Environmental management,group,False,derived_empirical,0.02,"derived via ARC ERA journal crosswalk: 150 shared-journal vote(s) over 109 FOR2008-classified journal(s), 3 agreeing"
FOR2008,0301,0301 Analytical Chemistry,FOR,4018,Nanotechnology,group,False,derived_empirical,0.02,"derived via ARC ERA journal crosswalk: 150 shared-journal vote(s) over 109 FOR2008-classified journal(s), 3 agreeing"
FOR2008,0301,0301 Analytical Chemistry,FOR,4016,Materials engineering,group,False,derived_empirical,0.02,"derived via ARC ERA journal crosswalk: 150 shared-journal vote(s) over 109 FOR2008-classified journal(s), 3 agreeing"
FOR2008,0301,0301 Analytical Chemistry,FOR,3703,Geochemistry,group,False,derived_empirical,0.013,"derived via ARC ERA journal crosswalk: 150 shared-journal vote(s) over 109 FOR2008-classified journal(s), 2 agreeing"
FOR2008,0301,0301 Analytical Chemistry,FOR,5104,Condensed matter physics,group,False,derived_empirical,0.007,"derived via ARC ERA journal crosswalk: 150 shared-journal vote(s) over 109 FOR2008-classified journal(s), 1 agreeing"
FOR2008,0301,0301 Analytical Chemistry,FOR,3404,Medicinal and biomolecular chemistry,group,False,derived_empirical,0.007,"derived via ARC ERA journal crosswalk: 150 shared-journal vote(s) over 109 FOR2008-classified journal(s), 1 agreeing"
FOR2008,0301,0301 Analytical Chemistry,FOR,3402,Inorganic chemistry,group,False,derived_empirical,0.007,"derived via ARC ERA journal crosswalk: 150 shared-journal vote(s) over 109 FOR2008-classified journal(s), 1 agreeing"
FOR2008,0301,0301 Analytical Chemistry,FOR,4004,Chemical engineering,group,False,derived_empirical,0.093,"derived via ARC ERA journal crosswalk: 150 shared-journal vote(s) over 109 FOR2008-classified journal(s), 14 agreeing"
FOR2008,0301,0301 Analytical Chemistry,FOR,4005,Civil engineering,group,False,derived_empirical,0.007,"derived via ARC ERA journal crosswalk: 150 shared-journal vote(s) over 109 FOR2008-classified journal(s), 1 agreeing"
FOR2008,0301,0301 Analytical Chemistry,FOR,4011,Environmental engineering,group,False,derived_empirical,0.007,"derived via ARC ERA journal crosswalk: 150 shared-journal vote(s) over 109 FOR2008-classified journal(s), 1 agreeing"
FOR2008,0301,0301 Analytical Chemistry,FOR,4003,Biomedical engineering,group,False,derived_empirical,0.007,"derived via ARC ERA journal crosswalk: 150 shared-journal vote(s) over 109 FOR2008-classified journal(s), 1 agreeing"
FOR2008,0301,0301 Analytical Chemistry,FOR,5102,"Atomic, molecular and optical physics",group,False,derived_empirical,0.007,"derived via ARC ERA journal crosswalk: 150 shared-journal vote(s) over 109 FOR2008-classified journal(s), 1 agreeing"
FOR2008,0301,0301 Analytical Chemistry,FOR,3705,Geology,group,False,derived_empirical,0.007,"derived via ARC ERA journal crosswalk: 150 shared-journal vote(s) over 109 FOR2008-classified journal(s), 1 agreeing"
FOR2008,0301,0301 Analytical Chemistry,FOR,4406,Human geography,group,False,derived_empirical,0.007,"derived via ARC ERA journal crosswalk: 150 shared-journal vote(s) over 109 FOR2008-classified journal(s), 1 agreeing"
FOR2008,0301,0301 Analytical Chemistry,FOR,4407,Policy and administration,group,False,derived_empirical,0.007,"derived via ARC ERA journal crosswalk: 150 shared-journal vote(s) over 109 FOR2008-classified journal(s), 1 agreeing"
FOR2008,0301,0301 Analytical Chemistry,FOR,3008,Horticultural production,group,False,derived_empirical,0.007,"derived via ARC ERA journal crosswalk: 150 shared-journal vote(s) over 109 FOR2008-classified journal(s), 1 agreeing"
FOR2008,0302,0302 Inorganic Chemistry,FOR,5102,"Atomic, molecular and optical physics",group,False,derived_empirical,0.012,"derived via ARC ERA journal crosswalk: 82 shared-journal vote(s) over 64 FOR2008-classified journal(s), 1 agreeing"
FOR2008,0302,0302 Inorganic Chemistry,FOR,3101,Biochemistry and cell biology,group,False,derived_empirical,0.012,"derived via ARC ERA journal crosswalk: 82 shared-journal vote(s) over 64 FOR2008-classified journal(s), 1 agreeing"
FOR2008,0302,0302 Inorganic Chemistry,FOR,3404,Medicinal and biomolecular chemistry,group,False,derived_empirical,0.012,"derived via ARC ERA journal crosswalk: 82 shared-journal vote(s) over 64 FOR2008-classified journal(s), 1 agreeing"
FOR2008,0302,0302 Inorganic Chemistry,FOR,3214,Pharmacology and pharmaceutical sciences,group,False,derived_empirical,0.012,"derived via ARC ERA journal crosswalk: 82 shared-journal vote(s) over 64 FOR2008-classified journal(s), 1 agreeing"
FOR2008,0302,0302 Inorganic Chemistry,FOR,3206,Medical biotechnology,group,False,derived_empirical,0.012,"derived via ARC ERA journal crosswalk: 82 shared-journal vote(s) over 64 FOR2008-classified journal(s), 1 agreeing"
FOR2008,0302,0302 Inorganic Chemistry,FOR,4008,Electrical engineering,group,False,derived_empirical,0.012,"derived via ARC ERA journal crosswalk: 82 shared-journal vote(s) over 64 FOR2008-classified journal(s), 1 agreeing"
FOR2008,0302,0302 Inorganic Chemistry,FOR,3401,Analytical chemistry,group,False,derived_empirical,0.012,"derived via ARC ERA journal crosswalk: 82 shared-journal vote(s) over 64 FOR2008-classified journal(s), 1 agreeing"
FOR2008,0302,0302 Inorganic Chemistry,FOR,4003,Biomedical engineering,group,False,derived_empirical,0.024,"derived via ARC ERA journal crosswalk: 82 shared-journal vote(s) over 64 FOR2008-classified journal(s), 2 agreeing"
FOR2008,0302,0302 Inorganic Chemistry,FOR,5104,Condensed matter physics,group,False,derived_empirical,0.024,"derived via ARC ERA journal crosswalk: 82 shared-journal vote(s) over 64 FOR2008-classified journal(s), 2 agreeing"
FOR2008,0302,0302 Inorganic Chemistry,FOR,4004,Chemical engineering,group,False,derived_empirical,0.049,"derived via ARC ERA journal crosswalk: 82 shared-journal vote(s) over 64 FOR2008-classified journal(s), 4 agreeing"
FOR2008,0302,0302 Inorganic Chemistry,FOR,3405,Organic chemistry,group,False,derived_empirical,0.098,"derived via ARC ERA journal crosswalk: 82 shared-journal vote(s) over 64 FOR2008-classified journal(s), 8 agreeing"
FOR2008,0302,0302 Inorganic Chemistry,FOR,3403,Macromolecular and materials chemistry,group,False,derived_empirical,0.11,"derived via ARC ERA journal crosswalk: 82 shared-journal vote(s) over 64 FOR2008-classified journal(s), 9 agreeing"
FOR2008,0302,0302 Inorganic Chemistry,FOR,3402,Inorganic chemistry,group,True,derived_empirical,0.537,"derived via ARC ERA journal crosswalk: 82 shared-journal vote(s) over 64 FOR2008-classified journal(s), 44 agreeing"
FOR2008,0302,0302 Inorganic Chemistry,FOR,4016,Materials engineering,group,False,derived_empirical,0.024,"derived via ARC ERA journal crosswalk: 82 shared-journal vote(s) over 64 FOR2008-classified journal(s), 2 agreeing"
FOR2008,0302,0302 Inorganic Chemistry,FOR,3406,Physical chemistry,group,False,derived_empirical,0.049,"derived via ARC ERA journal crosswalk: 82 shared-journal vote(s) over 64 FOR2008-classified journal(s), 4 agreeing"
FOR2008,0303,0303 Macromolecular and Materials Chemistry,FOR,3403,Macromolecular and materials chemistry,group,True,derived_empirical,0.333,"derived via ARC ERA journal crosswalk: 126 shared-journal vote(s) over 87 FOR2008-classified journal(s), 42 agreeing"
FOR2008,0303,0303 Macromolecular and Materials Chemistry,FOR,4016,Materials engineering,group,False,derived_empirical,0.214,"derived via ARC ERA journal crosswalk: 126 shared-journal vote(s) over 87 FOR2008-classified journal(s), 27 agreeing"
FOR2008,0303,0303 Macromolecular and Materials Chemistry,FOR,3406,Physical chemistry,group,False,derived_empirical,0.087,"derived via ARC ERA journal crosswalk: 126 shared-journal vote(s) over 87 FOR2008-classified journal(s), 11 agreeing"
FOR2008,0303,0303 Macromolecular and Materials Chemistry,FOR,4004,Chemical engineering,group,False,derived_empirical,0.063,"derived via ARC ERA journal crosswalk: 126 shared-journal vote(s) over 87 FOR2008-classified journal(s), 8 agreeing"
FOR2008,0303,0303 Macromolecular and Materials Chemistry,FOR,4018,Nanotechnology,group,False,derived_empirical,0.048,"derived via ARC ERA journal crosswalk: 126 shared-journal vote(s) over 87 FOR2008-classified journal(s), 6 agreeing"
FOR2008,0303,0303 Macromolecular and Materials Chemistry,FOR,5104,Condensed matter physics,group,False,derived_empirical,0.04,"derived via ARC ERA journal crosswalk: 126 shared-journal vote(s) over 87 FOR2008-classified journal(s), 5 agreeing"
FOR2008,0303,0303 Macromolecular and Materials Chemistry,FOR,3402,Inorganic chemistry,group,False,derived_empirical,0.04,"derived via ARC ERA journal crosswalk: 126 shared-journal vote(s) over 87 FOR2008-classified journal(s), 5 agreeing"
FOR2008,0303,0303 Macromolecular and Materials Chemistry,FOR,4003,Biomedical engineering,group,False,derived_empirical,0.032,"derived via ARC ERA journal crosswalk: 126 shared-journal vote(s) over 87 FOR2008-classified journal(s), 4 agreeing"
FOR2008,0303,0303 Macromolecular and Materials Chemistry,FOR,4009,"Electronics, sensors and digital hardware",group,False,derived_empirical,0.016,"derived via ARC ERA journal crosswalk: 126 shared-journal vote(s) over 87 FOR2008-classified journal(s), 2 agreeing"
FOR2008,0303,0303 Macromolecular and Materials Chemistry,FOR,3006,Food sciences,group,False,derived_empirical,0.016,"derived via ARC ERA journal crosswalk: 126 shared-journal vote(s) over 87 FOR2008-classified journal(s), 2 agreeing"
FOR2008,0303,0303 Macromolecular and Materials Chemistry,FOR,4017,Mechanical engineering,group,False,derived_empirical,0.016,"derived via ARC ERA journal crosswalk: 126 shared-journal vote(s) over 87 FOR2008-classified journal(s), 2 agreeing"
FOR2008,0303,0303 Macromolecular and Materials Chemistry,FOR,3101,Biochemistry and cell biology,group,False,derived_empirical,0.016,"derived via ARC ERA journal crosswalk: 126 shared-journal vote(s) over 87 FOR2008-classified journal(s), 2 agreeing"
FOR2008,0303,0303 Macromolecular and Materials Chemistry,FOR,5102,"Atomic, molecular and optical physics",group,False,derived_empirical,0.016,"derived via ARC ERA journal crosswalk: 126 shared-journal vote(s) over 87 FOR2008-classified journal(s), 2 agreeing"
FOR2008,0303,0303 Macromolecular and Materials Chemistry,FOR,3214,Pharmacology and pharmaceutical sciences,group,False,derived_empirical,0.016,"derived via ARC ERA journal crosswalk: 126 shared-journal vote(s) over 87 FOR2008-classified journal(s), 2 agreeing"
FOR2008,0303,0303 Macromolecular and Materials Chemistry,FOR,3405,Organic chemistry,group,False,derived_empirical,0.008,"derived via ARC ERA journal crosswalk: 126 shared-journal vote(s) over 87 FOR2008-classified journal(s), 1 agreeing"
FOR2008,0303,0303 Macromolecular and Materials Chemistry,FOR,3206,Medical biotechnology,group,False,derived_empirical,0.008,"derived via ARC ERA journal crosswalk: 126 shared-journal vote(s) over 87 FOR2008-classified journal(s), 1 agreeing"
FOR2008,0303,0303 Macromolecular and Materials Chemistry,FOR,3404,Medicinal and biomolecular chemistry,group,False,derived_empirical,0.008,"derived via ARC ERA journal crosswalk: 126 shared-journal vote(s) over 87 FOR2008-classified journal(s), 1 agreeing"
FOR2008,0303,0303 Macromolecular and Materials Chemistry,FOR,3401,Analytical chemistry,group,False,derived_empirical,0.024,"derived via ARC ERA journal crosswalk: 126 shared-journal vote(s) over 87 FOR2008-classified journal(s), 3 agreeing"
FOR2008,0304,0304 Medicinal and Biomolecular Chemistry,FOR,3407,Theoretical and computational chemistry,group,False,derived_empirical,0.022,"derived via ARC ERA journal crosswalk: 180 shared-journal vote(s) over 103 FOR2008-classified journal(s), 4 agreeing"
FOR2008,0304,0304 Medicinal and Biomolecular Chemistry,FOR,5104,Condensed matter physics,group,False,derived_empirical,0.006,"derived via ARC ERA journal crosswalk: 180 shared-journal vote(s) over 103 FOR2008-classified journal(s), 1 agreeing"
FOR2008,0304,0304 Medicinal and Biomolecular Chemistry,FOR,4011,Environmental engineering,group,False,derived_empirical,0.006,"derived via ARC ERA journal crosswalk: 180 shared-journal vote(s) over 103 FOR2008-classified journal(s), 1 agreeing"
FOR2008,0304,0304 Medicinal and Biomolecular Chemistry,FOR,3404,Medicinal and biomolecular chemistry,group,True,derived_empirical,0.372,"derived via ARC ERA journal crosswalk: 180 shared-journal vote(s) over 103 FOR2008-classified journal(s), 67 agreeing"
FOR2008,0304,0304 Medicinal and Biomolecular Chemistry,FOR,3101,Biochemistry and cell biology,group,False,derived_empirical,0.167,"derived via ARC ERA journal crosswalk: 180 shared-journal vote(s) over 103 FOR2008-classified journal(s), 30 agreeing"
FOR2008,0304,0304 Medicinal and Biomolecular Chemistry,FOR,3405,Organic chemistry,group,False,derived_empirical,0.117,"derived via ARC ERA journal crosswalk: 180 shared-journal vote(s) over 103 FOR2008-classified journal(s), 21 agreeing"
FOR2008,0304,0304 Medicinal and Biomolecular Chemistry,FOR,3214,Pharmacology and pharmaceutical sciences,group,False,derived_empirical,0.094,"derived via ARC ERA journal crosswalk: 180 shared-journal vote(s) over 103 FOR2008-classified journal(s), 17 agreeing"
FOR2008,0304,0304 Medicinal and Biomolecular Chemistry,FOR,3401,Analytical chemistry,group,False,derived_empirical,0.028,"derived via ARC ERA journal crosswalk: 180 shared-journal vote(s) over 103 FOR2008-classified journal(s), 5 agreeing"
FOR2008,0304,0304 Medicinal and Biomolecular Chemistry,FOR,3205,Medical biochemistry and metabolomics,group,False,derived_empirical,0.028,"derived via ARC ERA journal crosswalk: 180 shared-journal vote(s) over 103 FOR2008-classified journal(s), 5 agreeing"
FOR2008,0304,0304 Medicinal and Biomolecular Chemistry,FOR,3106,Industrial biotechnology,group,False,derived_empirical,0.006,"derived via ARC ERA journal crosswalk: 180 shared-journal vote(s) over 103 FOR2008-classified journal(s), 1 agreeing"
FOR2008,0304,0304 Medicinal and Biomolecular Chemistry,FOR,3206,Medical biotechnology,group,False,derived_empirical,0.022,"derived via ARC ERA journal crosswalk: 180 shared-journal vote(s) over 103 FOR2008-classified journal(s), 4 agreeing"
FOR2008,0304,0304 Medicinal and Biomolecular Chemistry,FOR,4003,Biomedical engineering,group,False,derived_empirical,0.022,"derived via ARC ERA journal crosswalk: 180 shared-journal vote(s) over 103 FOR2008-classified journal(s), 4 agreeing"
FOR2008,0304,0304 Medicinal and Biomolecular Chemistry,FOR,3202,Clinical sciences,group,False,derived_empirical,0.022,"derived via ARC ERA journal crosswalk: 180 shared-journal vote(s) over 103 FOR2008-classified journal(s), 4 agreeing"
FOR2008,0304,0304 Medicinal and Biomolecular Chemistry,FOR,3211,Oncology and carcinogenesis,group,False,derived_empirical,0.017,"derived via ARC ERA journal crosswalk: 180 shared-journal vote(s) over 103 FOR2008-classified journal(s), 3 agreeing"
FOR2008,0304,0304 Medicinal and Biomolecular Chemistry,FOR,3406,Physical chemistry,group,False,derived_empirical,0.017,"derived via ARC ERA journal crosswalk: 180 shared-journal vote(s) over 103 FOR2008-classified journal(s), 3 agreeing"
FOR2008,0304,0304 Medicinal and Biomolecular Chemistry,FOR,3105,Genetics,group,False,derived_empirical,0.011,"derived via ARC ERA journal crosswalk: 180 shared-journal vote(s) over 103 FOR2008-classified journal(s), 2 agreeing"
FOR2008,0304,0304 Medicinal and Biomolecular Chemistry,FOR,4018,Nanotechnology,group,False,derived_empirical,0.006,"derived via ARC ERA journal crosswalk: 180 shared-journal vote(s) over 103 FOR2008-classified journal(s), 1 agreeing"
FOR2008,0304,0304 Medicinal and Biomolecular Chemistry,FOR,3109,Zoology,group,False,derived_empirical,0.006,"derived via ARC ERA journal crosswalk: 180 shared-journal vote(s) over 103 FOR2008-classified journal(s), 1 agreeing"
FOR2008,0304,0304 Medicinal and Biomolecular Chemistry,FOR,3402,Inorganic chemistry,group,False,derived_empirical,0.006,"derived via ARC ERA journal crosswalk: 180 shared-journal vote(s) over 103 FOR2008-classified journal(s), 1 agreeing"
FOR2008,0304,0304 Medicinal and Biomolecular Chemistry,FOR,4201,Allied health and rehabilitation science,group,False,derived_empirical,0.006,"derived via ARC ERA journal crosswalk: 180 shared-journal vote(s) over 103 FOR2008-classified journal(s), 1 agreeing"
FOR2008,0304,0304 Medicinal and Biomolecular Chemistry,FOR,3107,Microbiology,group,False,derived_empirical,0.006,"derived via ARC ERA journal crosswalk: 180 shared-journal vote(s) over 103 FOR2008-classified journal(s), 1 agreeing"
FOR2008,0304,0304 Medicinal and Biomolecular Chemistry,FOR,3210,Nutrition and dietetics,group,False,derived_empirical,0.006,"derived via ARC ERA journal crosswalk: 180 shared-journal vote(s) over 103 FOR2008-classified journal(s), 1 agreeing"
FOR2008,0304,0304 Medicinal and Biomolecular Chemistry,FOR,3103,Ecology,group,False,derived_empirical,0.006,"derived via ARC ERA journal crosswalk: 180 shared-journal vote(s) over 103 FOR2008-classified journal(s), 1 agreeing"
FOR2008,0304,0304 Medicinal and Biomolecular Chemistry,FOR,3104,Evolutionary biology,group,False,derived_empirical,0.006,"derived via ARC ERA journal crosswalk: 180 shared-journal vote(s) over 103 FOR2008-classified journal(s), 1 agreeing"
FOR2008,0305,0305 Organic Chemistry,FOR,3006,Food sciences,group,False,derived_empirical,0.017,"derived via ARC ERA journal crosswalk: 119 shared-journal vote(s) over 82 FOR2008-classified journal(s), 2 agreeing"
FOR2008,0305,0305 Organic Chemistry,FOR,3007,Forestry sciences,group,False,derived_empirical,0.008,"derived via ARC ERA journal crosswalk: 119 shared-journal vote(s) over 82 FOR2008-classified journal(s), 1 agreeing"
FOR2008,0305,0305 Organic Chemistry,FOR,5102,"Atomic, molecular and optical physics",group,False,derived_empirical,0.008,"derived via ARC ERA journal crosswalk: 119 shared-journal vote(s) over 82 FOR2008-classified journal(s), 1 agreeing"
FOR2008,0305,0305 Organic Chemistry,FOR,3108,Plant biology,group,False,derived_empirical,0.008,"derived via ARC ERA journal crosswalk: 119 shared-journal vote(s) over 82 FOR2008-classified journal(s), 1 agreeing"
FOR2008,0305,0305 Organic Chemistry,FOR,3405,Organic chemistry,group,True,derived_empirical,0.487,"derived via ARC ERA journal crosswalk: 119 shared-journal vote(s) over 82 FOR2008-classified journal(s), 58 agreeing"
FOR2008,0305,0305 Organic Chemistry,FOR,3404,Medicinal and biomolecular chemistry,group,False,derived_empirical,0.176,"derived via ARC ERA journal crosswalk: 119 shared-journal vote(s) over 82 FOR2008-classified journal(s), 21 agreeing"
FOR2008,0305,0305 Organic Chemistry,FOR,3101,Biochemistry and cell biology,group,False,derived_empirical,0.067,"derived via ARC ERA journal crosswalk: 119 shared-journal vote(s) over 82 FOR2008-classified journal(s), 8 agreeing"
FOR2008,0305,0305 Organic Chemistry,FOR,3401,Analytical chemistry,group,False,derived_empirical,0.025,"derived via ARC ERA journal crosswalk: 119 shared-journal vote(s) over 82 FOR2008-classified journal(s), 3 agreeing"
FOR2008,0305,0305 Organic Chemistry,FOR,3406,Physical chemistry,group,False,derived_empirical,0.05,"derived via ARC ERA journal crosswalk: 119 shared-journal vote(s) over 82 FOR2008-classified journal(s), 6 agreeing"
FOR2008,0305,0305 Organic Chemistry,FOR,3214,Pharmacology and pharmaceutical sciences,group,False,derived_empirical,0.034,"derived via ARC ERA journal crosswalk: 119 shared-journal vote(s) over 82 FOR2008-classified journal(s), 4 agreeing"
FOR2008,0305,0305 Organic Chemistry,FOR,4016,Materials engineering,group,False,derived_empirical,0.008,"derived via ARC ERA journal crosswalk: 119 shared-journal vote(s) over 82 FOR2008-classified journal(s), 1 agreeing"
FOR2008,0305,0305 Organic Chemistry,FOR,4004,Chemical engineering,group,False,derived_empirical,0.025,"derived via ARC ERA journal crosswalk: 119 shared-journal vote(s) over 82 FOR2008-classified journal(s), 3 agreeing"
FOR2008,0305,0305 Organic Chemistry,FOR,3403,Macromolecular and materials chemistry,group,False,derived_empirical,0.025,"derived via ARC ERA journal crosswalk: 119 shared-journal vote(s) over 82 FOR2008-classified journal(s), 3 agreeing"
FOR2008,0305,0305 Organic Chemistry,FOR,3402,Inorganic chemistry,group,False,derived_empirical,0.059,"derived via ARC ERA journal crosswalk: 119 shared-journal vote(s) over 82 FOR2008-classified journal(s), 7 agreeing"
FOR2008,0306,0306 Physical Chemistry (Incl. Structural),FOR,3701,Atmospheric sciences,group,False,derived_empirical,0.01,"derived via ARC ERA journal crosswalk: 287 shared-journal vote(s) over 168 FOR2008-classified journal(s), 3 agreeing"
FOR2008,0306,0306 Physical Chemistry (Incl. Structural),FOR,3101,Biochemistry and cell biology,group,False,derived_empirical,0.01,"derived via ARC ERA journal crosswalk: 287 shared-journal vote(s) over 168 FOR2008-classified journal(s), 3 agreeing"
FOR2008,0306,0306 Physical Chemistry (Incl. Structural),FOR,5101,Astronomical sciences,group,False,derived_empirical,0.007,"derived via ARC ERA journal crosswalk: 287 shared-journal vote(s) over 168 FOR2008-classified journal(s), 2 agreeing"
FOR2008,0306,0306 Physical Chemistry (Incl. Structural),FOR,4012,Fluid mechanics and thermal engineering,group,False,derived_empirical,0.007,"derived via ARC ERA journal crosswalk: 287 shared-journal vote(s) over 168 FOR2008-classified journal(s), 2 agreeing"
FOR2008,0306,0306 Physical Chemistry (Incl. Structural),FOR,5103,Classical physics,group,False,derived_empirical,0.007,"derived via ARC ERA journal crosswalk: 287 shared-journal vote(s) over 168 FOR2008-classified journal(s), 2 agreeing"
FOR2008,0306,0306 Physical Chemistry (Incl. Structural),FOR,3006,Food sciences,group,False,derived_empirical,0.007,"derived via ARC ERA journal crosswalk: 287 shared-journal vote(s) over 168 FOR2008-classified journal(s), 2 agreeing"
FOR2008,0306,0306 Physical Chemistry (Incl. Structural),FOR,4011,Environmental engineering,group,False,derived_empirical,0.003,"derived via ARC ERA journal crosswalk: 287 shared-journal vote(s) over 168 FOR2008-classified journal(s), 1 agreeing"
FOR2008,0306,0306 Physical Chemistry (Incl. Structural),FOR,5107,Particle and high energy physics,group,False,derived_empirical,0.003,"derived via ARC ERA journal crosswalk: 287 shared-journal vote(s) over 168 FOR2008-classified journal(s), 1 agreeing"
FOR2008,0306,0306 Physical Chemistry (Incl. Structural),FOR,5109,Space sciences,group,False,derived_empirical,0.003,"derived via ARC ERA journal crosswalk: 287 shared-journal vote(s) over 168 FOR2008-classified journal(s), 1 agreeing"
FOR2008,0306,0306 Physical Chemistry (Incl. Structural),FOR,4005,Civil engineering,group,False,derived_empirical,0.003,"derived via ARC ERA journal crosswalk: 287 shared-journal vote(s) over 168 FOR2008-classified journal(s), 1 agreeing"
FOR2008,0306,0306 Physical Chemistry (Incl. Structural),FOR,5106,Nuclear and plasma physics,group,False,derived_empirical,0.007,"derived via ARC ERA journal crosswalk: 287 shared-journal vote(s) over 168 FOR2008-classified journal(s), 2 agreeing"
FOR2008,0306,0306 Physical Chemistry (Incl. Structural),FOR,4018,Nanotechnology,group,False,derived_empirical,0.01,"derived via ARC ERA journal crosswalk: 287 shared-journal vote(s) over 168 FOR2008-classified journal(s), 3 agreeing"
FOR2008,0306,0306 Physical Chemistry (Incl. Structural),FOR,4017,Mechanical engineering,group,False,derived_empirical,0.014,"derived via ARC ERA journal crosswalk: 287 shared-journal vote(s) over 168 FOR2008-classified journal(s), 4 agreeing"
FOR2008,0306,0306 Physical Chemistry (Incl. Structural),FOR,3214,Pharmacology and pharmaceutical sciences,group,False,derived_empirical,0.01,"derived via ARC ERA journal crosswalk: 287 shared-journal vote(s) over 168 FOR2008-classified journal(s), 3 agreeing"
FOR2008,0306,0306 Physical Chemistry (Incl. Structural),FOR,3404,Medicinal and biomolecular chemistry,group,False,derived_empirical,0.014,"derived via ARC ERA journal crosswalk: 287 shared-journal vote(s) over 168 FOR2008-classified journal(s), 4 agreeing"
FOR2008,0306,0306 Physical Chemistry (Incl. Structural),FOR,5102,"Atomic, molecular and optical physics",group,False,derived_empirical,0.021,"derived via ARC ERA journal crosswalk: 287 shared-journal vote(s) over 168 FOR2008-classified journal(s), 6 agreeing"
FOR2008,0306,0306 Physical Chemistry (Incl. Structural),FOR,4019,Resources engineering and extractive metallurgy,group,False,derived_empirical,0.024,"derived via ARC ERA journal crosswalk: 287 shared-journal vote(s) over 168 FOR2008-classified journal(s), 7 agreeing"
FOR2008,0306,0306 Physical Chemistry (Incl. Structural),FOR,3401,Analytical chemistry,group,False,derived_empirical,0.035,"derived via ARC ERA journal crosswalk: 287 shared-journal vote(s) over 168 FOR2008-classified journal(s), 10 agreeing"
FOR2008,0306,0306 Physical Chemistry (Incl. Structural),FOR,3407,Theoretical and computational chemistry,group,False,derived_empirical,0.035,"derived via ARC ERA journal crosswalk: 287 shared-journal vote(s) over 168 FOR2008-classified journal(s), 10 agreeing"
FOR2008,0306,0306 Physical Chemistry (Incl. Structural),FOR,4016,Materials engineering,group,False,derived_empirical,0.059,"derived via ARC ERA journal crosswalk: 287 shared-journal vote(s) over 168 FOR2008-classified journal(s), 17 agreeing"
FOR2008,0306,0306 Physical Chemistry (Incl. Structural),FOR,5104,Condensed matter physics,group,False,derived_empirical,0.063,"derived via ARC ERA journal crosswalk: 287 shared-journal vote(s) over 168 FOR2008-classified journal(s), 18 agreeing"
FOR2008,0306,0306 Physical Chemistry (Incl. Structural),FOR,4004,Chemical engineering,group,False,derived_empirical,0.077,"derived via ARC ERA journal crosswalk: 287 shared-journal vote(s) over 168 FOR2008-classified journal(s), 22 agreeing"
FOR2008,0306,0306 Physical Chemistry (Incl. Structural),FOR,3403,Macromolecular and materials chemistry,group,False,derived_empirical,0.094,"derived via ARC ERA journal crosswalk: 287 shared-journal vote(s) over 168 FOR2008-classified journal(s), 27 agreeing"
FOR2008,0306,0306 Physical Chemistry (Incl. Structural),FOR,3402,Inorganic chemistry,group,False,derived_empirical,0.111,"derived via ARC ERA journal crosswalk: 287 shared-journal vote(s) over 168 FOR2008-classified journal(s), 32 agreeing"
FOR2008,0306,0306 Physical Chemistry (Incl. Structural),FOR,3406,Physical chemistry,group,True,derived_empirical,0.31,"derived via ARC ERA journal crosswalk: 287 shared-journal vote(s) over 168 FOR2008-classified journal(s), 89 agreeing"
FOR2008,0306,0306 Physical Chemistry (Incl. Structural),FOR,4003,Biomedical engineering,group,False,derived_empirical,0.01,"derived via ARC ERA journal crosswalk: 287 shared-journal vote(s) over 168 FOR2008-classified journal(s), 3 agreeing"
FOR2008,0306,0306 Physical Chemistry (Incl. Structural),FOR,3405,Organic chemistry,group,False,derived_empirical,0.024,"derived via ARC ERA journal crosswalk: 287 shared-journal vote(s) over 168 FOR2008-classified journal(s), 7 agreeing"
FOR2008,0306,0306 Physical Chemistry (Incl. Structural),FOR,4009,"Electronics, sensors and digital hardware",group,False,derived_empirical,0.003,"derived via ARC ERA journal crosswalk: 287 shared-journal vote(s) over 168 FOR2008-classified journal(s), 1 agreeing"
FOR2008,0306,0306 Physical Chemistry (Incl. Structural),FOR,4901,Applied mathematics,group,False,derived_empirical,0.003,"derived via ARC ERA journal crosswalk: 287 shared-journal vote(s) over 168 FOR2008-classified journal(s), 1 agreeing"
FOR2008,0306,0306 Physical Chemistry (Incl. Structural),FOR,3705,Geology,group,False,derived_empirical,0.003,"derived via ARC ERA journal crosswalk: 287 shared-journal vote(s) over 168 FOR2008-classified journal(s), 1 agreeing"
FOR2008,0306,0306 Physical Chemistry (Incl. Structural),FOR,3206,Medical biotechnology,group,False,derived_empirical,0.003,"derived via ARC ERA journal crosswalk: 287 shared-journal vote(s) over 168 FOR2008-classified journal(s), 1 agreeing"
FOR2008,0306,0306 Physical Chemistry (Incl. Structural),FOR,5108,Quantum physics,group,False,derived_empirical,0.003,"derived via ARC ERA journal crosswalk: 287 shared-journal vote(s) over 168 FOR2008-classified journal(s), 1 agreeing"
FOR2008,0307,0307 Theoretical and Computational Chemistry,FOR,4004,Chemical engineering,group,False,derived_empirical,0.012,"derived via ARC ERA journal crosswalk: 82 shared-journal vote(s) over 47 FOR2008-classified journal(s), 1 agreeing"
FOR2008,0307,0307 Theoretical and Computational Chemistry,FOR,5108,Quantum physics,group,False,derived_empirical,0.012,"derived via ARC ERA journal crosswalk: 82 shared-journal vote(s) over 47 FOR2008-classified journal(s), 1 agreeing"
FOR2008,0307,0307 Theoretical and Computational Chemistry,FOR,5106,Nuclear and plasma physics,group,False,derived_empirical,0.012,"derived via ARC ERA journal crosswalk: 82 shared-journal vote(s) over 47 FOR2008-classified journal(s), 1 agreeing"
FOR2008,0307,0307 Theoretical and Computational Chemistry,FOR,4018,Nanotechnology,group,False,derived_empirical,0.012,"derived via ARC ERA journal crosswalk: 82 shared-journal vote(s) over 47 FOR2008-classified journal(s), 1 agreeing"
FOR2008,0307,0307 Theoretical and Computational Chemistry,FOR,4016,Materials engineering,group,False,derived_empirical,0.012,"derived via ARC ERA journal crosswalk: 82 shared-journal vote(s) over 47 FOR2008-classified journal(s), 1 agreeing"
FOR2008,0307,0307 Theoretical and Computational Chemistry,FOR,3401,Analytical chemistry,group,False,derived_empirical,0.024,"derived via ARC ERA journal crosswalk: 82 shared-journal vote(s) over 47 FOR2008-classified journal(s), 2 agreeing"
FOR2008,0307,0307 Theoretical and Computational Chemistry,FOR,3405,Organic chemistry,group,False,derived_empirical,0.037,"derived via ARC ERA journal crosswalk: 82 shared-journal vote(s) over 47 FOR2008-classified journal(s), 3 agreeing"
FOR2008,0307,0307 Theoretical and Computational Chemistry,FOR,3404,Medicinal and biomolecular chemistry,group,False,derived_empirical,0.061,"derived via ARC ERA journal crosswalk: 82 shared-journal vote(s) over 47 FOR2008-classified journal(s), 5 agreeing"
FOR2008,0307,0307 Theoretical and Computational Chemistry,FOR,3403,Macromolecular and materials chemistry,group,False,derived_empirical,0.085,"derived via ARC ERA journal crosswalk: 82 shared-journal vote(s) over 47 FOR2008-classified journal(s), 7 agreeing"
FOR2008,0307,0307 Theoretical and Computational Chemistry,FOR,3402,Inorganic chemistry,group,False,derived_empirical,0.134,"derived via ARC ERA journal crosswalk: 82 shared-journal vote(s) over 47 FOR2008-classified journal(s), 11 agreeing"
FOR2008,0307,0307 Theoretical and Computational Chemistry,FOR,3407,Theoretical and computational chemistry,group,False,derived_empirical,0.207,"derived via ARC ERA journal crosswalk: 82 shared-journal vote(s) over 47 FOR2008-classified journal(s), 17 agreeing"
FOR2008,0307,0307 Theoretical and Computational Chemistry,FOR,5102,"Atomic, molecular and optical physics",group,False,derived_empirical,0.037,"derived via ARC ERA journal crosswalk: 82 shared-journal vote(s) over 47 FOR2008-classified journal(s), 3 agreeing"
FOR2008,0307,0307 Theoretical and Computational Chemistry,FOR,3406,Physical chemistry,group,True,derived_empirical,0.354,"derived via ARC ERA journal crosswalk: 82 shared-journal vote(s) over 47 FOR2008-classified journal(s), 29 agreeing"
FOR2008,0399,0399 Other Chemical Sciences,FOR,4003,Biomedical engineering,group,False,derived_empirical,0.01,"derived via ARC ERA journal crosswalk: 104 shared-journal vote(s) over 74 FOR2008-classified journal(s), 1 agreeing"
FOR2008,0399,0399 Other Chemical Sciences,FOR,4011,Environmental engineering,group,False,derived_empirical,0.01,"derived via ARC ERA journal crosswalk: 104 shared-journal vote(s) over 74 FOR2008-classified journal(s), 1 agreeing"
FOR2008,0399,0399 Other Chemical Sciences,FOR,4301,Archaeology,group,False,derived_empirical,0.01,"derived via ARC ERA journal crosswalk: 104 shared-journal vote(s) over 74 FOR2008-classified journal(s), 1 agreeing"
FOR2008,0399,0399 Other Chemical Sciences,FOR,3708,Oceanography,group,False,derived_empirical,0.01,"derived via ARC ERA journal crosswalk: 104 shared-journal vote(s) over 74 FOR2008-classified journal(s), 1 agreeing"
FOR2008,0399,0399 Other Chemical Sciences,FOR,4017,Mechanical engineering,group,False,derived_empirical,0.01,"derived via ARC ERA journal crosswalk: 104 shared-journal vote(s) over 74 FOR2008-classified journal(s), 1 agreeing"
FOR2008,0399,0399 Other Chemical Sciences,FOR,4016,Materials engineering,group,False,derived_empirical,0.01,"derived via ARC ERA journal crosswalk: 104 shared-journal vote(s) over 74 FOR2008-classified journal(s), 1 agreeing"
FOR2008,0399,0399 Other Chemical Sciences,FOR,4402,Criminology,group,False,derived_empirical,0.01,"derived via ARC ERA journal crosswalk: 104 shared-journal vote(s) over 74 FOR2008-classified journal(s), 1 agreeing"
FOR2008,0399,0399 Other Chemical Sciences,FOR,5104,Condensed matter physics,group,False,derived_empirical,0.01,"derived via ARC ERA journal crosswalk: 104 shared-journal vote(s) over 74 FOR2008-classified journal(s), 1 agreeing"
FOR2008,0399,0399 Other Chemical Sciences,FOR,3103,Ecology,group,False,derived_empirical,0.01,"derived via ARC ERA journal crosswalk: 104 shared-journal vote(s) over 74 FOR2008-classified journal(s), 1 agreeing"
FOR2008,0399,0399 Other Chemical Sciences,FOR,4105,Pollution and contamination,group,False,derived_empirical,0.01,"derived via ARC ERA journal crosswalk: 104 shared-journal vote(s) over 74 FOR2008-classified journal(s), 1 agreeing"
FOR2008,0399,0399 Other Chemical Sciences,FOR,5002,History and philosophy of specific fields,group,False,derived_empirical,0.01,"derived via ARC ERA journal crosswalk: 104 shared-journal vote(s) over 74 FOR2008-classified journal(s), 1 agreeing"
FOR2008,0399,0399 Other Chemical Sciences,FOR,3701,Atmospheric sciences,group,False,derived_empirical,0.01,"derived via ARC ERA journal crosswalk: 104 shared-journal vote(s) over 74 FOR2008-classified journal(s), 1 agreeing"
FOR2008,0399,0399 Other Chemical Sciences,FOR,3202,Clinical sciences,group,False,derived_empirical,0.01,"derived via ARC ERA journal crosswalk: 104 shared-journal vote(s) over 74 FOR2008-classified journal(s), 1 agreeing"
FOR2008,0399,0399 Other Chemical Sciences,FOR,4104,Environmental management,group,False,derived_empirical,0.019,"derived via ARC ERA journal crosswalk: 104 shared-journal vote(s) over 74 FOR2008-classified journal(s), 2 agreeing"
FOR2008,0399,0399 Other Chemical Sciences,FOR,3404,Medicinal and biomolecular chemistry,group,False,derived_empirical,0.01,"derived via ARC ERA journal crosswalk: 104 shared-journal vote(s) over 74 FOR2008-classified journal(s), 1 agreeing"
FOR2008,0399,0399 Other Chemical Sciences,FOR,3107,Microbiology,group,False,derived_empirical,0.01,"derived via ARC ERA journal crosswalk: 104 shared-journal vote(s) over 74 FOR2008-classified journal(s), 1 agreeing"
FOR2008,0399,0399 Other Chemical Sciences,FOR,3703,Geochemistry,group,False,derived_empirical,0.019,"derived via ARC ERA journal crosswalk: 104 shared-journal vote(s) over 74 FOR2008-classified journal(s), 2 agreeing"
FOR2008,0399,0399 Other Chemical Sciences,FOR,4018,Nanotechnology,group,False,derived_empirical,0.019,"derived via ARC ERA journal crosswalk: 104 shared-journal vote(s) over 74 FOR2008-classified journal(s), 2 agreeing"
FOR2008,0399,0399 Other Chemical Sciences,FOR,3214,Pharmacology and pharmaceutical sciences,group,False,derived_empirical,0.019,"derived via ARC ERA journal crosswalk: 104 shared-journal vote(s) over 74 FOR2008-classified journal(s), 2 agreeing"
FOR2008,0399,0399 Other Chemical Sciences,FOR,3199,Other biological sciences,group,False,derived_empirical,0.029,"derived via ARC ERA journal crosswalk: 104 shared-journal vote(s) over 74 FOR2008-classified journal(s), 3 agreeing"
FOR2008,0399,0399 Other Chemical Sciences,FOR,3499,Other chemical sciences,group,False,derived_empirical,0.048,"derived via ARC ERA journal crosswalk: 104 shared-journal vote(s) over 74 FOR2008-classified journal(s), 5 agreeing"
FOR2008,0399,0399 Other Chemical Sciences,FOR,3405,Organic chemistry,group,False,derived_empirical,0.048,"derived via ARC ERA journal crosswalk: 104 shared-journal vote(s) over 74 FOR2008-classified journal(s), 5 agreeing"
FOR2008,0399,0399 Other Chemical Sciences,FOR,4004,Chemical engineering,group,False,derived_empirical,0.058,"derived via ARC ERA journal crosswalk: 104 shared-journal vote(s) over 74 FOR2008-classified journal(s), 6 agreeing"
FOR2008,0399,0399 Other Chemical Sciences,FOR,3406,Physical chemistry,group,False,derived_empirical,0.077,"derived via ARC ERA journal crosswalk: 104 shared-journal vote(s) over 74 FOR2008-classified journal(s), 8 agreeing"
FOR2008,0399,0399 Other Chemical Sciences,FOR,3403,Macromolecular and materials chemistry,group,False,derived_empirical,0.077,"derived via ARC ERA journal crosswalk: 104 shared-journal vote(s) over 74 FOR2008-classified journal(s), 8 agreeing"
FOR2008,0399,0399 Other Chemical Sciences,FOR,3401,Analytical chemistry,group,False,derived_empirical,0.192,"derived via ARC ERA journal crosswalk: 104 shared-journal vote(s) over 74 FOR2008-classified journal(s), 20 agreeing"
FOR2008,0399,0399 Other Chemical Sciences,FOR,3402,Inorganic chemistry,group,True,derived_empirical,0.202,"derived via ARC ERA journal crosswalk: 104 shared-journal vote(s) over 74 FOR2008-classified journal(s), 21 agreeing"
FOR2008,0399,0399 Other Chemical Sciences,FOR,3205,Medical biochemistry and metabolomics,group,False,derived_empirical,0.01,"derived via ARC ERA journal crosswalk: 104 shared-journal vote(s) over 74 FOR2008-classified journal(s), 1 agreeing"
FOR2008,0399,0399 Other Chemical Sciences,FOR,3101,Biochemistry and cell biology,group,False,derived_empirical,0.038,"derived via ARC ERA journal crosswalk: 104 shared-journal vote(s) over 74 FOR2008-classified journal(s), 4 agreeing"
FOR2008,04,04 Earth Sciences,FOR,37,EARTH SCIENCES,division,True,derived_empirical,0.443,"derived via ARC ERA journal crosswalk: 185 shared-journal vote(s) over 548 FOR2008-classified journal(s), 82 agreeing"
FOR2008,04,04 Earth Sciences,FOR,44,HUMAN SOCIETY,division,False,derived_empirical,0.005,"derived via ARC ERA journal crosswalk: 185 shared-journal vote(s) over 548 FOR2008-classified journal(s), 1 agreeing"
FOR2008,04,04 Earth Sciences,FOR,41,ENVIRONMENTAL SCIENCES,division,False,derived_empirical,0.173,"derived via ARC ERA journal crosswalk: 185 shared-journal vote(s) over 548 FOR2008-classified journal(s), 32 agreeing"
FOR2008,04,04 Earth Sciences,FOR,31,BIOLOGICAL SCIENCES,division,False,derived_empirical,0.13,"derived via ARC ERA journal crosswalk: 185 shared-journal vote(s) over 548 FOR2008-classified journal(s), 24 agreeing"
FOR2008,04,04 Earth Sciences,FOR,40,ENGINEERING,division,False,derived_empirical,0.108,"derived via ARC ERA journal crosswalk: 185 shared-journal vote(s) over 548 FOR2008-classified journal(s), 20 agreeing"
FOR2008,04,04 Earth Sciences,FOR,51,PHYSICAL SCIENCES,division,False,derived_empirical,0.049,"derived via ARC ERA journal crosswalk: 185 shared-journal vote(s) over 548 FOR2008-classified journal(s), 9 agreeing"
FOR2008,04,04 Earth Sciences,FOR,30,"AGRICULTURAL, VETERINARY AND FOOD SCIENCES",division,False,derived_empirical,0.027,"derived via ARC ERA journal crosswalk: 185 shared-journal vote(s) over 548 FOR2008-classified journal(s), 5 agreeing"
FOR2008,04,04 Earth Sciences,FOR,34,CHEMICAL SCIENCES,division,False,derived_empirical,0.027,"derived via ARC ERA journal crosswalk: 185 shared-journal vote(s) over 548 FOR2008-classified journal(s), 5 agreeing"
FOR2008,04,04 Earth Sciences,FOR,46,INFORMATION AND COMPUTING SCIENCES,division,False,derived_empirical,0.016,"derived via ARC ERA journal crosswalk: 185 shared-journal vote(s) over 548 FOR2008-classified journal(s), 3 agreeing"
FOR2008,04,04 Earth Sciences,FOR,43,"HISTORY, HERITAGE AND ARCHAEOLOGY",division,False,derived_empirical,0.011,"derived via ARC ERA journal crosswalk: 185 shared-journal vote(s) over 548 FOR2008-classified journal(s), 2 agreeing"
FOR2008,04,04 Earth Sciences,FOR,49,MATHEMATICAL SCIENCES,division,False,derived_empirical,0.005,"derived via ARC ERA journal crosswalk: 185 shared-journal vote(s) over 548 FOR2008-classified journal(s), 1 agreeing"
FOR2008,04,04 Earth Sciences,FOR,42,HEALTH SCIENCES,division,False,derived_empirical,0.005,"derived via ARC ERA journal crosswalk: 185 shared-journal vote(s) over 548 FOR2008-classified journal(s), 1 agreeing"
FOR2008,0401,0401 Atmospheric Sciences,FOR,3406,Physical chemistry,group,False,derived_empirical,0.017,"derived via ARC ERA journal crosswalk: 120 shared-journal vote(s) over 66 FOR2008-classified journal(s), 2 agreeing"
FOR2008,0401,0401 Atmospheric Sciences,FOR,3707,Hydrology,group,False,derived_empirical,0.017,"derived via ARC ERA journal crosswalk: 120 shared-journal vote(s) over 66 FOR2008-classified journal(s), 2 agreeing"
FOR2008,0401,0401 Atmospheric Sciences,FOR,5109,Space sciences,group,False,derived_empirical,0.017,"derived via ARC ERA journal crosswalk: 120 shared-journal vote(s) over 66 FOR2008-classified journal(s), 2 agreeing"
FOR2008,0401,0401 Atmospheric Sciences,FOR,5101,Astronomical sciences,group,False,derived_empirical,0.025,"derived via ARC ERA journal crosswalk: 120 shared-journal vote(s) over 66 FOR2008-classified journal(s), 3 agreeing"
FOR2008,0401,0401 Atmospheric Sciences,FOR,4101,Climate change impacts and adaptation,group,False,derived_empirical,0.025,"derived via ARC ERA journal crosswalk: 120 shared-journal vote(s) over 66 FOR2008-classified journal(s), 3 agreeing"
FOR2008,0401,0401 Atmospheric Sciences,FOR,3706,Geophysics,group,False,derived_empirical,0.025,"derived via ARC ERA journal crosswalk: 120 shared-journal vote(s) over 66 FOR2008-classified journal(s), 3 agreeing"
FOR2008,0401,0401 Atmospheric Sciences,FOR,3704,Geoinformatics,group,False,derived_empirical,0.033,"derived via ARC ERA journal crosswalk: 120 shared-journal vote(s) over 66 FOR2008-classified journal(s), 4 agreeing"
FOR2008,0401,0401 Atmospheric Sciences,FOR,4016,Materials engineering,group,False,derived_empirical,0.008,"derived via ARC ERA journal crosswalk: 120 shared-journal vote(s) over 66 FOR2008-classified journal(s), 1 agreeing"
FOR2008,0401,0401 Atmospheric Sciences,FOR,3701,Atmospheric sciences,group,True,derived_empirical,0.367,"derived via ARC ERA journal crosswalk: 120 shared-journal vote(s) over 66 FOR2008-classified journal(s), 44 agreeing"
FOR2008,0401,0401 Atmospheric Sciences,FOR,3702,Climate change science,group,False,derived_empirical,0.233,"derived via ARC ERA journal crosswalk: 120 shared-journal vote(s) over 66 FOR2008-classified journal(s), 28 agreeing"
FOR2008,0401,0401 Atmospheric Sciences,FOR,4104,Environmental management,group,False,derived_empirical,0.025,"derived via ARC ERA journal crosswalk: 120 shared-journal vote(s) over 66 FOR2008-classified journal(s), 3 agreeing"
FOR2008,0401,0401 Atmospheric Sciences,FOR,5104,Condensed matter physics,group,False,derived_empirical,0.008,"derived via ARC ERA journal crosswalk: 120 shared-journal vote(s) over 66 FOR2008-classified journal(s), 1 agreeing"
FOR2008,0401,0401 Atmospheric Sciences,FOR,3703,Geochemistry,group,False,derived_empirical,0.008,"derived via ARC ERA journal crosswalk: 120 shared-journal vote(s) over 66 FOR2008-classified journal(s), 1 agreeing"
FOR2008,0401,0401 Atmospheric Sciences,FOR,4011,Environmental engineering,group,False,derived_empirical,0.008,"derived via ARC ERA journal crosswalk: 120 shared-journal vote(s) over 66 FOR2008-classified journal(s), 1 agreeing"
FOR2008,0401,0401 Atmospheric Sciences,FOR,3708,Oceanography,group,False,derived_empirical,0.092,"derived via ARC ERA journal crosswalk: 120 shared-journal vote(s) over 66 FOR2008-classified journal(s), 11 agreeing"
FOR2008,0401,0401 Atmospheric Sciences,FOR,3801,Applied economics,group,False,derived_empirical,0.008,"derived via ARC ERA journal crosswalk: 120 shared-journal vote(s) over 66 FOR2008-classified journal(s), 1 agreeing"
FOR2008,0401,0401 Atmospheric Sciences,FOR,4004,Chemical engineering,group,False,derived_empirical,0.008,"derived via ARC ERA journal crosswalk: 120 shared-journal vote(s) over 66 FOR2008-classified journal(s), 1 agreeing"
FOR2008,0401,0401 Atmospheric Sciences,FOR,3709,Physical geography and environmental geoscience,group,False,derived_empirical,0.042,"derived via ARC ERA journal crosswalk: 120 shared-journal vote(s) over 66 FOR2008-classified journal(s), 5 agreeing"
FOR2008,0401,0401 Atmospheric Sciences,FOR,4013,Geomatic engineering,group,False,derived_empirical,0.008,"derived via ARC ERA journal crosswalk: 120 shared-journal vote(s) over 66 FOR2008-classified journal(s), 1 agreeing"
FOR2008,0401,0401 Atmospheric Sciences,FOR,4206,Public health,group,False,derived_empirical,0.008,"derived via ARC ERA journal crosswalk: 120 shared-journal vote(s) over 66 FOR2008-classified journal(s), 1 agreeing"
FOR2008,0401,0401 Atmospheric Sciences,FOR,4019,Resources engineering and extractive metallurgy,group,False,derived_empirical,0.008,"derived via ARC ERA journal crosswalk: 120 shared-journal vote(s) over 66 FOR2008-classified journal(s), 1 agreeing"
FOR2008,0401,0401 Atmospheric Sciences,FOR,5102,"Atomic, molecular and optical physics",group,False,derived_empirical,0.008,"derived via ARC ERA journal crosswalk: 120 shared-journal vote(s) over 66 FOR2008-classified journal(s), 1 agreeing"
FOR2008,0402,0402 Geochemistry,FOR,4101,Climate change impacts and adaptation,group,False,derived_empirical,0.008,"derived via ARC ERA journal crosswalk: 126 shared-journal vote(s) over 71 FOR2008-classified journal(s), 1 agreeing"
FOR2008,0402,0402 Geochemistry,FOR,3701,Atmospheric sciences,group,False,derived_empirical,0.008,"derived via ARC ERA journal crosswalk: 126 shared-journal vote(s) over 71 FOR2008-classified journal(s), 1 agreeing"
FOR2008,0402,0402 Geochemistry,FOR,5106,Nuclear and plasma physics,group,False,derived_empirical,0.008,"derived via ARC ERA journal crosswalk: 126 shared-journal vote(s) over 71 FOR2008-classified journal(s), 1 agreeing"
FOR2008,0402,0402 Geochemistry,FOR,5104,Condensed matter physics,group,False,derived_empirical,0.008,"derived via ARC ERA journal crosswalk: 126 shared-journal vote(s) over 71 FOR2008-classified journal(s), 1 agreeing"
FOR2008,0402,0402 Geochemistry,FOR,4019,Resources engineering and extractive metallurgy,group,False,derived_empirical,0.008,"derived via ARC ERA journal crosswalk: 126 shared-journal vote(s) over 71 FOR2008-classified journal(s), 1 agreeing"
FOR2008,0402,0402 Geochemistry,FOR,5109,Space sciences,group,False,derived_empirical,0.016,"derived via ARC ERA journal crosswalk: 126 shared-journal vote(s) over 71 FOR2008-classified journal(s), 2 agreeing"
FOR2008,0402,0402 Geochemistry,FOR,4104,Environmental management,group,False,derived_empirical,0.016,"derived via ARC ERA journal crosswalk: 126 shared-journal vote(s) over 71 FOR2008-classified journal(s), 2 agreeing"
FOR2008,0402,0402 Geochemistry,FOR,3103,Ecology,group,False,derived_empirical,0.016,"derived via ARC ERA journal crosswalk: 126 shared-journal vote(s) over 71 FOR2008-classified journal(s), 2 agreeing"
FOR2008,0402,0402 Geochemistry,FOR,3709,Physical geography and environmental geoscience,group,False,derived_empirical,0.024,"derived via ARC ERA journal crosswalk: 126 shared-journal vote(s) over 71 FOR2008-classified journal(s), 3 agreeing"
FOR2008,0402,0402 Geochemistry,FOR,4301,Archaeology,group,False,derived_empirical,0.04,"derived via ARC ERA journal crosswalk: 126 shared-journal vote(s) over 71 FOR2008-classified journal(s), 5 agreeing"
FOR2008,0402,0402 Geochemistry,FOR,3706,Geophysics,group,False,derived_empirical,0.103,"derived via ARC ERA journal crosswalk: 126 shared-journal vote(s) over 71 FOR2008-classified journal(s), 13 agreeing"
FOR2008,0402,0402 Geochemistry,FOR,3703,Geochemistry,group,False,derived_empirical,0.294,"derived via ARC ERA journal crosswalk: 126 shared-journal vote(s) over 71 FOR2008-classified journal(s), 37 agreeing"
FOR2008,0402,0402 Geochemistry,FOR,3705,Geology,group,True,derived_empirical,0.381,"derived via ARC ERA journal crosswalk: 126 shared-journal vote(s) over 71 FOR2008-classified journal(s), 48 agreeing"
FOR2008,0402,0402 Geochemistry,FOR,3704,Geoinformatics,group,False,derived_empirical,0.016,"derived via ARC ERA journal crosswalk: 126 shared-journal vote(s) over 71 FOR2008-classified journal(s), 2 agreeing"
FOR2008,0402,0402 Geochemistry,FOR,3708,Oceanography,group,False,derived_empirical,0.024,"derived via ARC ERA journal crosswalk: 126 shared-journal vote(s) over 71 FOR2008-classified journal(s), 3 agreeing"
FOR2008,0402,0402 Geochemistry,FOR,5101,Astronomical sciences,group,False,derived_empirical,0.032,"derived via ARC ERA journal crosswalk: 126 shared-journal vote(s) over 71 FOR2008-classified journal(s), 4 agreeing"
FOR2008,0403,0403 Geology,FOR,3406,Physical chemistry,group,False,derived_empirical,0.003,"derived via ARC ERA journal crosswalk: 349 shared-journal vote(s) over 213 FOR2008-classified journal(s), 1 agreeing"
FOR2008,0403,0403 Geology,FOR,3703,Geochemistry,group,False,derived_empirical,0.083,"derived via ARC ERA journal crosswalk: 349 shared-journal vote(s) over 213 FOR2008-classified journal(s), 29 agreeing"
FOR2008,0403,0403 Geology,FOR,3706,Geophysics,group,False,derived_empirical,0.072,"derived via ARC ERA journal crosswalk: 349 shared-journal vote(s) over 213 FOR2008-classified journal(s), 25 agreeing"
FOR2008,0403,0403 Geology,FOR,3103,Ecology,group,False,derived_empirical,0.072,"derived via ARC ERA journal crosswalk: 349 shared-journal vote(s) over 213 FOR2008-classified journal(s), 25 agreeing"
FOR2008,0403,0403 Geology,FOR,3709,Physical geography and environmental geoscience,group,False,derived_empirical,0.057,"derived via ARC ERA journal crosswalk: 349 shared-journal vote(s) over 213 FOR2008-classified journal(s), 20 agreeing"
FOR2008,0403,0403 Geology,FOR,3104,Evolutionary biology,group,False,derived_empirical,0.052,"derived via ARC ERA journal crosswalk: 349 shared-journal vote(s) over 213 FOR2008-classified journal(s), 18 agreeing"
FOR2008,0403,0403 Geology,FOR,4301,Archaeology,group,False,derived_empirical,0.043,"derived via ARC ERA journal crosswalk: 349 shared-journal vote(s) over 213 FOR2008-classified journal(s), 15 agreeing"
FOR2008,0403,0403 Geology,FOR,4019,Resources engineering and extractive metallurgy,group,False,derived_empirical,0.034,"derived via ARC ERA journal crosswalk: 349 shared-journal vote(s) over 213 FOR2008-classified journal(s), 12 agreeing"
FOR2008,0403,0403 Geology,FOR,4005,Civil engineering,group,False,derived_empirical,0.02,"derived via ARC ERA journal crosswalk: 349 shared-journal vote(s) over 213 FOR2008-classified journal(s), 7 agreeing"
FOR2008,0403,0403 Geology,FOR,3707,Hydrology,group,False,derived_empirical,0.014,"derived via ARC ERA journal crosswalk: 349 shared-journal vote(s) over 213 FOR2008-classified journal(s), 5 agreeing"
FOR2008,0403,0403 Geology,FOR,5101,Astronomical sciences,group,False,derived_empirical,0.014,"derived via ARC ERA journal crosswalk: 349 shared-journal vote(s) over 213 FOR2008-classified journal(s), 5 agreeing"
FOR2008,0403,0403 Geology,FOR,3708,Oceanography,group,False,derived_empirical,0.011,"derived via ARC ERA journal crosswalk: 349 shared-journal vote(s) over 213 FOR2008-classified journal(s), 4 agreeing"
FOR2008,0403,0403 Geology,FOR,3701,Atmospheric sciences,group,False,derived_empirical,0.009,"derived via ARC ERA journal crosswalk: 349 shared-journal vote(s) over 213 FOR2008-classified journal(s), 3 agreeing"
FOR2008,0403,0403 Geology,FOR,4015,Maritime engineering,group,False,derived_empirical,0.009,"derived via ARC ERA journal crosswalk: 349 shared-journal vote(s) over 213 FOR2008-classified journal(s), 3 agreeing"
FOR2008,0403,0403 Geology,FOR,4406,Human geography,group,False,derived_empirical,0.006,"derived via ARC ERA journal crosswalk: 349 shared-journal vote(s) over 213 FOR2008-classified journal(s), 2 agreeing"
FOR2008,0403,0403 Geology,FOR,3704,Geoinformatics,group,False,derived_empirical,0.003,"derived via ARC ERA journal crosswalk: 349 shared-journal vote(s) over 213 FOR2008-classified journal(s), 1 agreeing"
FOR2008,0403,0403 Geology,FOR,3702,Climate change science,group,False,derived_empirical,0.003,"derived via ARC ERA journal crosswalk: 349 shared-journal vote(s) over 213 FOR2008-classified journal(s), 1 agreeing"
FOR2008,0403,0403 Geology,FOR,3211,Oncology and carcinogenesis,group,False,derived_empirical,0.003,"derived via ARC ERA journal crosswalk: 349 shared-journal vote(s) over 213 FOR2008-classified journal(s), 1 agreeing"
FOR2008,0403,0403 Geology,FOR,3407,Theoretical and computational chemistry,group,False,derived_empirical,0.003,"derived via ARC ERA journal crosswalk: 349 shared-journal vote(s) over 213 FOR2008-classified journal(s), 1 agreeing"
FOR2008,0403,0403 Geology,FOR,4012,Fluid mechanics and thermal engineering,group,False,derived_empirical,0.003,"derived via ARC ERA journal crosswalk: 349 shared-journal vote(s) over 213 FOR2008-classified journal(s), 1 agreeing"
FOR2008,0403,0403 Geology,FOR,3499,Other chemical sciences,group,False,derived_empirical,0.003,"derived via ARC ERA journal crosswalk: 349 shared-journal vote(s) over 213 FOR2008-classified journal(s), 1 agreeing"
FOR2008,0403,0403 Geology,FOR,4404,Development studies,group,False,derived_empirical,0.003,"derived via ARC ERA journal crosswalk: 349 shared-journal vote(s) over 213 FOR2008-classified journal(s), 1 agreeing"
FOR2008,0403,0403 Geology,FOR,3705,Geology,group,True,derived_empirical,0.458,"derived via ARC ERA journal crosswalk: 349 shared-journal vote(s) over 213 FOR2008-classified journal(s), 160 agreeing"
FOR2008,0403,0403 Geology,FOR,3401,Analytical chemistry,group,False,derived_empirical,0.003,"derived via ARC ERA journal crosswalk: 349 shared-journal vote(s) over 213 FOR2008-classified journal(s), 1 agreeing"
FOR2008,0403,0403 Geology,FOR,3004,Crop and pasture production,group,False,derived_empirical,0.003,"derived via ARC ERA journal crosswalk: 349 shared-journal vote(s) over 213 FOR2008-classified journal(s), 1 agreeing"
FOR2008,0403,0403 Geology,FOR,4901,Applied mathematics,group,False,derived_empirical,0.003,"derived via ARC ERA journal crosswalk: 349 shared-journal vote(s) over 213 FOR2008-classified journal(s), 1 agreeing"
FOR2008,0403,0403 Geology,FOR,4013,Geomatic engineering,group,False,derived_empirical,0.003,"derived via ARC ERA journal crosswalk: 349 shared-journal vote(s) over 213 FOR2008-classified journal(s), 1 agreeing"
FOR2008,0403,0403 Geology,FOR,3107,Microbiology,group,False,derived_empirical,0.003,"derived via ARC ERA journal crosswalk: 349 shared-journal vote(s) over 213 FOR2008-classified journal(s), 1 agreeing"
FOR2008,0403,0403 Geology,FOR,5109,Space sciences,group,False,derived_empirical,0.003,"derived via ARC ERA journal crosswalk: 349 shared-journal vote(s) over 213 FOR2008-classified journal(s), 1 agreeing"
FOR2008,0403,0403 Geology,FOR,4106,Soil sciences,group,False,derived_empirical,0.003,"derived via ARC ERA journal crosswalk: 349 shared-journal vote(s) over 213 FOR2008-classified journal(s), 1 agreeing"
FOR2008,0403,0403 Geology,FOR,4104,Environmental management,group,False,derived_empirical,0.003,"derived via ARC ERA journal crosswalk: 349 shared-journal vote(s) over 213 FOR2008-classified journal(s), 1 agreeing"
FOR2008,0404,0404 Geophysics,FOR,4019,Resources engineering and extractive metallurgy,group,False,derived_empirical,0.015,"derived via ARC ERA journal crosswalk: 130 shared-journal vote(s) over 78 FOR2008-classified journal(s), 2 agreeing"
FOR2008,0404,0404 Geophysics,FOR,5101,Astronomical sciences,group,False,derived_empirical,0.023,"derived via ARC ERA journal crosswalk: 130 shared-journal vote(s) over 78 FOR2008-classified journal(s), 3 agreeing"
FOR2008,0404,0404 Geophysics,FOR,3704,Geoinformatics,group,False,derived_empirical,0.023,"derived via ARC ERA journal crosswalk: 130 shared-journal vote(s) over 78 FOR2008-classified journal(s), 3 agreeing"
FOR2008,0404,0404 Geophysics,FOR,4005,Civil engineering,group,False,derived_empirical,0.023,"derived via ARC ERA journal crosswalk: 130 shared-journal vote(s) over 78 FOR2008-classified journal(s), 3 agreeing"
FOR2008,0404,0404 Geophysics,FOR,3701,Atmospheric sciences,group,False,derived_empirical,0.015,"derived via ARC ERA journal crosswalk: 130 shared-journal vote(s) over 78 FOR2008-classified journal(s), 2 agreeing"
FOR2008,0404,0404 Geophysics,FOR,3703,Geochemistry,group,False,derived_empirical,0.077,"derived via ARC ERA journal crosswalk: 130 shared-journal vote(s) over 78 FOR2008-classified journal(s), 10 agreeing"
FOR2008,0404,0404 Geophysics,FOR,4013,Geomatic engineering,group,False,derived_empirical,0.015,"derived via ARC ERA journal crosswalk: 130 shared-journal vote(s) over 78 FOR2008-classified journal(s), 2 agreeing"
FOR2008,0404,0404 Geophysics,FOR,3702,Climate change science,group,False,derived_empirical,0.008,"derived via ARC ERA journal crosswalk: 130 shared-journal vote(s) over 78 FOR2008-classified journal(s), 1 agreeing"
FOR2008,0404,0404 Geophysics,FOR,3707,Hydrology,group,False,derived_empirical,0.008,"derived via ARC ERA journal crosswalk: 130 shared-journal vote(s) over 78 FOR2008-classified journal(s), 1 agreeing"
FOR2008,0404,0404 Geophysics,FOR,4301,Archaeology,group,False,derived_empirical,0.008,"derived via ARC ERA journal crosswalk: 130 shared-journal vote(s) over 78 FOR2008-classified journal(s), 1 agreeing"
FOR2008,0404,0404 Geophysics,FOR,3708,Oceanography,group,False,derived_empirical,0.046,"derived via ARC ERA journal crosswalk: 130 shared-journal vote(s) over 78 FOR2008-classified journal(s), 6 agreeing"
FOR2008,0404,0404 Geophysics,FOR,5109,Space sciences,group,False,derived_empirical,0.008,"derived via ARC ERA journal crosswalk: 130 shared-journal vote(s) over 78 FOR2008-classified journal(s), 1 agreeing"
FOR2008,0404,0404 Geophysics,FOR,3705,Geology,group,False,derived_empirical,0.277,"derived via ARC ERA journal crosswalk: 130 shared-journal vote(s) over 78 FOR2008-classified journal(s), 36 agreeing"
FOR2008,0404,0404 Geophysics,FOR,3706,Geophysics,group,True,derived_empirical,0.392,"derived via ARC ERA journal crosswalk: 130 shared-journal vote(s) over 78 FOR2008-classified journal(s), 51 agreeing"
FOR2008,0404,0404 Geophysics,FOR,4104,Environmental management,group,False,derived_empirical,0.008,"derived via ARC ERA journal crosswalk: 130 shared-journal vote(s) over 78 FOR2008-classified journal(s), 1 agreeing"
FOR2008,0404,0404 Geophysics,FOR,3709,Physical geography and environmental geoscience,group,False,derived_empirical,0.054,"derived via ARC ERA journal crosswalk: 130 shared-journal vote(s) over 78 FOR2008-classified journal(s), 7 agreeing"
FOR2008,0405,0405 Oceanography,FOR,3103,Ecology,group,False,derived_empirical,0.089,"derived via ARC ERA journal crosswalk: 101 shared-journal vote(s) over 61 FOR2008-classified journal(s), 9 agreeing"
FOR2008,0405,0405 Oceanography,FOR,3005,Fisheries sciences,group,False,derived_empirical,0.03,"derived via ARC ERA journal crosswalk: 101 shared-journal vote(s) over 61 FOR2008-classified journal(s), 3 agreeing"
FOR2008,0405,0405 Oceanography,FOR,4005,Civil engineering,group,False,derived_empirical,0.04,"derived via ARC ERA journal crosswalk: 101 shared-journal vote(s) over 61 FOR2008-classified journal(s), 4 agreeing"
FOR2008,0405,0405 Oceanography,FOR,3709,Physical geography and environmental geoscience,group,False,derived_empirical,0.04,"derived via ARC ERA journal crosswalk: 101 shared-journal vote(s) over 61 FOR2008-classified journal(s), 4 agreeing"
FOR2008,0405,0405 Oceanography,FOR,3704,Geoinformatics,group,False,derived_empirical,0.04,"derived via ARC ERA journal crosswalk: 101 shared-journal vote(s) over 61 FOR2008-classified journal(s), 4 agreeing"
FOR2008,0405,0405 Oceanography,FOR,3708,Oceanography,group,True,derived_empirical,0.356,"derived via ARC ERA journal crosswalk: 101 shared-journal vote(s) over 61 FOR2008-classified journal(s), 36 agreeing"
FOR2008,0405,0405 Oceanography,FOR,4015,Maritime engineering,group,False,derived_empirical,0.059,"derived via ARC ERA journal crosswalk: 101 shared-journal vote(s) over 61 FOR2008-classified journal(s), 6 agreeing"
FOR2008,0405,0405 Oceanography,FOR,3702,Climate change science,group,False,derived_empirical,0.079,"derived via ARC ERA journal crosswalk: 101 shared-journal vote(s) over 61 FOR2008-classified journal(s), 8 agreeing"
FOR2008,0405,0405 Oceanography,FOR,3701,Atmospheric sciences,group,False,derived_empirical,0.119,"derived via ARC ERA journal crosswalk: 101 shared-journal vote(s) over 61 FOR2008-classified journal(s), 12 agreeing"
FOR2008,0405,0405 Oceanography,FOR,3706,Geophysics,group,False,derived_empirical,0.05,"derived via ARC ERA journal crosswalk: 101 shared-journal vote(s) over 61 FOR2008-classified journal(s), 5 agreeing"
FOR2008,0405,0405 Oceanography,FOR,4102,Ecological applications,group,False,derived_empirical,0.01,"derived via ARC ERA journal crosswalk: 101 shared-journal vote(s) over 61 FOR2008-classified journal(s), 1 agreeing"
FOR2008,0405,0405 Oceanography,FOR,3705,Geology,group,False,derived_empirical,0.03,"derived via ARC ERA journal crosswalk: 101 shared-journal vote(s) over 61 FOR2008-classified journal(s), 3 agreeing"
FOR2008,0405,0405 Oceanography,FOR,3109,Zoology,group,False,derived_empirical,0.02,"derived via ARC ERA journal crosswalk: 101 shared-journal vote(s) over 61 FOR2008-classified journal(s), 2 agreeing"
FOR2008,0405,0405 Oceanography,FOR,3703,Geochemistry,group,False,derived_empirical,0.02,"derived via ARC ERA journal crosswalk: 101 shared-journal vote(s) over 61 FOR2008-classified journal(s), 2 agreeing"
FOR2008,0405,0405 Oceanography,FOR,4012,Fluid mechanics and thermal engineering,group,False,derived_empirical,0.01,"derived via ARC ERA journal crosswalk: 101 shared-journal vote(s) over 61 FOR2008-classified journal(s), 1 agreeing"
FOR2008,0405,0405 Oceanography,FOR,4101,Climate change impacts and adaptation,group,False,derived_empirical,0.01,"derived via ARC ERA journal crosswalk: 101 shared-journal vote(s) over 61 FOR2008-classified journal(s), 1 agreeing"
FOR2008,0406,0406 Physical Geography and Environmental Geoscience,FOR,3709,Physical geography and environmental geoscience,group,True,derived_empirical,0.304,"derived via ARC ERA journal crosswalk: 253 shared-journal vote(s) over 133 FOR2008-classified journal(s), 77 agreeing"
FOR2008,0406,0406 Physical Geography and Environmental Geoscience,FOR,3705,Geology,group,False,derived_empirical,0.119,"derived via ARC ERA journal crosswalk: 253 shared-journal vote(s) over 133 FOR2008-classified journal(s), 30 agreeing"
FOR2008,0406,0406 Physical Geography and Environmental Geoscience,FOR,4406,Human geography,group,False,derived_empirical,0.107,"derived via ARC ERA journal crosswalk: 253 shared-journal vote(s) over 133 FOR2008-classified journal(s), 27 agreeing"
FOR2008,0406,0406 Physical Geography and Environmental Geoscience,FOR,4013,Geomatic engineering,group,False,derived_empirical,0.067,"derived via ARC ERA journal crosswalk: 253 shared-journal vote(s) over 133 FOR2008-classified journal(s), 17 agreeing"
FOR2008,0406,0406 Physical Geography and Environmental Geoscience,FOR,3707,Hydrology,group,False,derived_empirical,0.063,"derived via ARC ERA journal crosswalk: 253 shared-journal vote(s) over 133 FOR2008-classified journal(s), 16 agreeing"
FOR2008,0406,0406 Physical Geography and Environmental Geoscience,FOR,4104,Environmental management,group,False,derived_empirical,0.024,"derived via ARC ERA journal crosswalk: 253 shared-journal vote(s) over 133 FOR2008-classified journal(s), 6 agreeing"
FOR2008,0406,0406 Physical Geography and Environmental Geoscience,FOR,3701,Atmospheric sciences,group,False,derived_empirical,0.036,"derived via ARC ERA journal crosswalk: 253 shared-journal vote(s) over 133 FOR2008-classified journal(s), 9 agreeing"
FOR2008,0406,0406 Physical Geography and Environmental Geoscience,FOR,4005,Civil engineering,group,False,derived_empirical,0.032,"derived via ARC ERA journal crosswalk: 253 shared-journal vote(s) over 133 FOR2008-classified journal(s), 8 agreeing"
FOR2008,0406,0406 Physical Geography and Environmental Geoscience,FOR,3706,Geophysics,group,False,derived_empirical,0.028,"derived via ARC ERA journal crosswalk: 253 shared-journal vote(s) over 133 FOR2008-classified journal(s), 7 agreeing"
FOR2008,0406,0406 Physical Geography and Environmental Geoscience,FOR,4301,Archaeology,group,False,derived_empirical,0.028,"derived via ARC ERA journal crosswalk: 253 shared-journal vote(s) over 133 FOR2008-classified journal(s), 7 agreeing"
FOR2008,0406,0406 Physical Geography and Environmental Geoscience,FOR,3708,Oceanography,group,False,derived_empirical,0.024,"derived via ARC ERA journal crosswalk: 253 shared-journal vote(s) over 133 FOR2008-classified journal(s), 6 agreeing"
FOR2008,0406,0406 Physical Geography and Environmental Geoscience,FOR,3702,Climate change science,group,False,derived_empirical,0.036,"derived via ARC ERA journal crosswalk: 253 shared-journal vote(s) over 133 FOR2008-classified journal(s), 9 agreeing"
FOR2008,0406,0406 Physical Geography and Environmental Geoscience,FOR,3508,Tourism,group,False,derived_empirical,0.004,"derived via ARC ERA journal crosswalk: 253 shared-journal vote(s) over 133 FOR2008-classified journal(s), 1 agreeing"
FOR2008,0406,0406 Physical Geography and Environmental Geoscience,FOR,3703,Geochemistry,group,False,derived_empirical,0.016,"derived via ARC ERA journal crosswalk: 253 shared-journal vote(s) over 133 FOR2008-classified journal(s), 4 agreeing"
FOR2008,0406,0406 Physical Geography and Environmental Geoscience,FOR,4106,Soil sciences,group,False,derived_empirical,0.012,"derived via ARC ERA journal crosswalk: 253 shared-journal vote(s) over 133 FOR2008-classified journal(s), 3 agreeing"
FOR2008,0406,0406 Physical Geography and Environmental Geoscience,FOR,4102,Ecological applications,group,False,derived_empirical,0.008,"derived via ARC ERA journal crosswalk: 253 shared-journal vote(s) over 133 FOR2008-classified journal(s), 2 agreeing"
FOR2008,0406,0406 Physical Geography and Environmental Geoscience,FOR,4408,Political science,group,False,derived_empirical,0.008,"derived via ARC ERA journal crosswalk: 253 shared-journal vote(s) over 133 FOR2008-classified journal(s), 2 agreeing"
FOR2008,0406,0406 Physical Geography and Environmental Geoscience,FOR,4602,Artificial intelligence,group,False,derived_empirical,0.008,"derived via ARC ERA journal crosswalk: 253 shared-journal vote(s) over 133 FOR2008-classified journal(s), 2 agreeing"
FOR2008,0406,0406 Physical Geography and Environmental Geoscience,FOR,4601,Applied computing,group,False,derived_empirical,0.004,"derived via ARC ERA journal crosswalk: 253 shared-journal vote(s) over 133 FOR2008-classified journal(s), 1 agreeing"
FOR2008,0406,0406 Physical Geography and Environmental Geoscience,FOR,4603,Computer vision and multimedia computation,group,False,derived_empirical,0.004,"derived via ARC ERA journal crosswalk: 253 shared-journal vote(s) over 133 FOR2008-classified journal(s), 1 agreeing"
FOR2008,0406,0406 Physical Geography and Environmental Geoscience,FOR,3304,Urban and regional planning,group,False,derived_empirical,0.004,"derived via ARC ERA journal crosswalk: 253 shared-journal vote(s) over 133 FOR2008-classified journal(s), 1 agreeing"
FOR2008,0406,0406 Physical Geography and Environmental Geoscience,FOR,4014,Manufacturing engineering,group,False,derived_empirical,0.004,"derived via ARC ERA journal crosswalk: 253 shared-journal vote(s) over 133 FOR2008-classified journal(s), 1 agreeing"
FOR2008,0406,0406 Physical Geography and Environmental Geoscience,FOR,3007,Forestry sciences,group,False,derived_empirical,0.004,"derived via ARC ERA journal crosswalk: 253 shared-journal vote(s) over 133 FOR2008-classified journal(s), 1 agreeing"
FOR2008,0406,0406 Physical Geography and Environmental Geoscience,FOR,4404,Development studies,group,False,derived_empirical,0.004,"derived via ARC ERA journal crosswalk: 253 shared-journal vote(s) over 133 FOR2008-classified journal(s), 1 agreeing"
FOR2008,0406,0406 Physical Geography and Environmental Geoscience,FOR,4019,Resources engineering and extractive metallurgy,group,False,derived_empirical,0.004,"derived via ARC ERA journal crosswalk: 253 shared-journal vote(s) over 133 FOR2008-classified journal(s), 1 agreeing"
FOR2008,0406,0406 Physical Geography and Environmental Geoscience,FOR,5002,History and philosophy of specific fields,group,False,derived_empirical,0.004,"derived via ARC ERA journal crosswalk: 253 shared-journal vote(s) over 133 FOR2008-classified journal(s), 1 agreeing"
FOR2008,0406,0406 Physical Geography and Environmental Geoscience,FOR,4403,Demography,group,False,derived_empirical,0.004,"derived via ARC ERA journal crosswalk: 253 shared-journal vote(s) over 133 FOR2008-classified journal(s), 1 agreeing"
FOR2008,0406,0406 Physical Geography and Environmental Geoscience,FOR,3704,Geoinformatics,group,False,derived_empirical,0.016,"derived via ARC ERA journal crosswalk: 253 shared-journal vote(s) over 133 FOR2008-classified journal(s), 4 agreeing"
FOR2008,0406,0406 Physical Geography and Environmental Geoscience,FOR,3103,Ecology,group,False,derived_empirical,0.024,"derived via ARC ERA journal crosswalk: 253 shared-journal vote(s) over 133 FOR2008-classified journal(s), 6 agreeing"
FOR2008,0406,0406 Physical Geography and Environmental Geoscience,FOR,4011,Environmental engineering,group,False,derived_empirical,0.004,"derived via ARC ERA journal crosswalk: 253 shared-journal vote(s) over 133 FOR2008-classified journal(s), 1 agreeing"
FOR2008,0499,0499 Other Earth Sciences,FOR,4019,Resources engineering and extractive metallurgy,group,False,derived_empirical,0.083,"derived via ARC ERA journal crosswalk: 12 shared-journal vote(s) over 8 FOR2008-classified journal(s), 1 agreeing"
FOR2008,0499,0499 Other Earth Sciences,FOR,4406,Human geography,group,False,derived_empirical,0.083,"derived via ARC ERA journal crosswalk: 12 shared-journal vote(s) over 8 FOR2008-classified journal(s), 1 agreeing"
FOR2008,0499,0499 Other Earth Sciences,FOR,3901,Curriculum and pedagogy,group,False,derived_empirical,0.083,"derived via ARC ERA journal crosswalk: 12 shared-journal vote(s) over 8 FOR2008-classified journal(s), 1 agreeing"
FOR2008,0499,0499 Other Earth Sciences,FOR,3709,Physical geography and environmental geoscience,group,False,derived_empirical,0.083,"derived via ARC ERA journal crosswalk: 12 shared-journal vote(s) over 8 FOR2008-classified journal(s), 1 agreeing"
FOR2008,0499,0499 Other Earth Sciences,FOR,4104,Environmental management,group,False,derived_empirical,0.083,"derived via ARC ERA journal crosswalk: 12 shared-journal vote(s) over 8 FOR2008-classified journal(s), 1 agreeing"
FOR2008,0499,0499 Other Earth Sciences,FOR,3704,Geoinformatics,group,False,derived_empirical,0.167,"derived via ARC ERA journal crosswalk: 12 shared-journal vote(s) over 8 FOR2008-classified journal(s), 2 agreeing"
FOR2008,0499,0499 Other Earth Sciences,FOR,3703,Geochemistry,group,False,derived_empirical,0.167,"derived via ARC ERA journal crosswalk: 12 shared-journal vote(s) over 8 FOR2008-classified journal(s), 2 agreeing"
FOR2008,0499,0499 Other Earth Sciences,FOR,3705,Geology,group,True,derived_empirical,0.25,"derived via ARC ERA journal crosswalk: 12 shared-journal vote(s) over 8 FOR2008-classified journal(s), 3 agreeing"
FOR2008,05,05 Environmental Sciences,FOR,33,BUILT ENVIRONMENT AND DESIGN,division,False,derived_empirical,0.019,"derived via ARC ERA journal crosswalk: 376 shared-journal vote(s) over 376 FOR2008-classified journal(s), 7 agreeing"
FOR2008,05,05 Environmental Sciences,FOR,51,PHYSICAL SCIENCES,division,False,derived_empirical,0.003,"derived via ARC ERA journal crosswalk: 376 shared-journal vote(s) over 376 FOR2008-classified journal(s), 1 agreeing"
FOR2008,05,05 Environmental Sciences,FOR,38,ECONOMICS,division,False,derived_empirical,0.003,"derived via ARC ERA journal crosswalk: 376 shared-journal vote(s) over 376 FOR2008-classified journal(s), 1 agreeing"
FOR2008,05,05 Environmental Sciences,FOR,49,MATHEMATICAL SCIENCES,division,False,derived_empirical,0.011,"derived via ARC ERA journal crosswalk: 376 shared-journal vote(s) over 376 FOR2008-classified journal(s), 4 agreeing"
FOR2008,05,05 Environmental Sciences,FOR,35,"COMMERCE, MANAGEMENT, TOURISM AND SERVICES",division,False,derived_empirical,0.005,"derived via ARC ERA journal crosswalk: 376 shared-journal vote(s) over 376 FOR2008-classified journal(s), 2 agreeing"
FOR2008,05,05 Environmental Sciences,FOR,32,BIOMEDICAL AND CLINICAL SCIENCES,division,False,derived_empirical,0.005,"derived via ARC ERA journal crosswalk: 376 shared-journal vote(s) over 376 FOR2008-classified journal(s), 2 agreeing"
FOR2008,05,05 Environmental Sciences,FOR,42,HEALTH SCIENCES,division,False,derived_empirical,0.005,"derived via ARC ERA journal crosswalk: 376 shared-journal vote(s) over 376 FOR2008-classified journal(s), 2 agreeing"
FOR2008,05,05 Environmental Sciences,FOR,39,EDUCATION,division,False,derived_empirical,0.005,"derived via ARC ERA journal crosswalk: 376 shared-journal vote(s) over 376 FOR2008-classified journal(s), 2 agreeing"
FOR2008,05,05 Environmental Sciences,FOR,31,BIOLOGICAL SCIENCES,division,False,derived_empirical,0.245,"derived via ARC ERA journal crosswalk: 376 shared-journal vote(s) over 376 FOR2008-classified journal(s), 92 agreeing"
FOR2008,05,05 Environmental Sciences,FOR,30,"AGRICULTURAL, VETERINARY AND FOOD SCIENCES",division,False,derived_empirical,0.096,"derived via ARC ERA journal crosswalk: 376 shared-journal vote(s) over 376 FOR2008-classified journal(s), 36 agreeing"
FOR2008,05,05 Environmental Sciences,FOR,37,EARTH SCIENCES,division,False,derived_empirical,0.082,"derived via ARC ERA journal crosswalk: 376 shared-journal vote(s) over 376 FOR2008-classified journal(s), 31 agreeing"
FOR2008,05,05 Environmental Sciences,FOR,34,CHEMICAL SCIENCES,division,False,derived_empirical,0.072,"derived via ARC ERA journal crosswalk: 376 shared-journal vote(s) over 376 FOR2008-classified journal(s), 27 agreeing"
FOR2008,05,05 Environmental Sciences,FOR,40,ENGINEERING,division,False,derived_empirical,0.04,"derived via ARC ERA journal crosswalk: 376 shared-journal vote(s) over 376 FOR2008-classified journal(s), 15 agreeing"
FOR2008,05,05 Environmental Sciences,FOR,44,HUMAN SOCIETY,division,False,derived_empirical,0.037,"derived via ARC ERA journal crosswalk: 376 shared-journal vote(s) over 376 FOR2008-classified journal(s), 14 agreeing"
FOR2008,05,05 Environmental Sciences,FOR,41,ENVIRONMENTAL SCIENCES,division,True,derived_empirical,0.372,"derived via ARC ERA journal crosswalk: 376 shared-journal vote(s) over 376 FOR2008-classified journal(s), 140 agreeing"
FOR2008,0501,0501 Ecological Applications,FOR,3709,Physical geography and environmental geoscience,group,False,derived_empirical,0.013,"derived via ARC ERA journal crosswalk: 80 shared-journal vote(s) over 42 FOR2008-classified journal(s), 1 agreeing"
FOR2008,0501,0501 Ecological Applications,FOR,4013,Geomatic engineering,group,False,derived_empirical,0.013,"derived via ARC ERA journal crosswalk: 80 shared-journal vote(s) over 42 FOR2008-classified journal(s), 1 agreeing"
FOR2008,0501,0501 Ecological Applications,FOR,3108,Plant biology,group,False,derived_empirical,0.013,"derived via ARC ERA journal crosswalk: 80 shared-journal vote(s) over 42 FOR2008-classified journal(s), 1 agreeing"
FOR2008,0501,0501 Ecological Applications,FOR,4901,Applied mathematics,group,False,derived_empirical,0.013,"derived via ARC ERA journal crosswalk: 80 shared-journal vote(s) over 42 FOR2008-classified journal(s), 1 agreeing"
FOR2008,0501,0501 Ecological Applications,FOR,4408,Political science,group,False,derived_empirical,0.013,"derived via ARC ERA journal crosswalk: 80 shared-journal vote(s) over 42 FOR2008-classified journal(s), 1 agreeing"
FOR2008,0501,0501 Ecological Applications,FOR,4803,International and comparative law,group,False,derived_empirical,0.013,"derived via ARC ERA journal crosswalk: 80 shared-journal vote(s) over 42 FOR2008-classified journal(s), 1 agreeing"
FOR2008,0501,0501 Ecological Applications,FOR,4105,Pollution and contamination,group,False,derived_empirical,0.013,"derived via ARC ERA journal crosswalk: 80 shared-journal vote(s) over 42 FOR2008-classified journal(s), 1 agreeing"
FOR2008,0501,0501 Ecological Applications,FOR,3304,Urban and regional planning,group,False,derived_empirical,0.013,"derived via ARC ERA journal crosswalk: 80 shared-journal vote(s) over 42 FOR2008-classified journal(s), 1 agreeing"
FOR2008,0501,0501 Ecological Applications,FOR,3001,Agricultural biotechnology,group,False,derived_empirical,0.013,"derived via ARC ERA journal crosswalk: 80 shared-journal vote(s) over 42 FOR2008-classified journal(s), 1 agreeing"
FOR2008,0501,0501 Ecological Applications,FOR,4301,Archaeology,group,False,derived_empirical,0.013,"derived via ARC ERA journal crosswalk: 80 shared-journal vote(s) over 42 FOR2008-classified journal(s), 1 agreeing"
FOR2008,0501,0501 Ecological Applications,FOR,3207,Medical microbiology,group,False,derived_empirical,0.013,"derived via ARC ERA journal crosswalk: 80 shared-journal vote(s) over 42 FOR2008-classified journal(s), 1 agreeing"
FOR2008,0501,0501 Ecological Applications,FOR,5002,History and philosophy of specific fields,group,False,derived_empirical,0.013,"derived via ARC ERA journal crosswalk: 80 shared-journal vote(s) over 42 FOR2008-classified journal(s), 1 agreeing"
FOR2008,0501,0501 Ecological Applications,FOR,4303,Historical studies,group,False,derived_empirical,0.013,"derived via ARC ERA journal crosswalk: 80 shared-journal vote(s) over 42 FOR2008-classified journal(s), 1 agreeing"
FOR2008,0501,0501 Ecological Applications,FOR,5001,Applied ethics,group,False,derived_empirical,0.013,"derived via ARC ERA journal crosswalk: 80 shared-journal vote(s) over 42 FOR2008-classified journal(s), 1 agreeing"
FOR2008,0501,0501 Ecological Applications,FOR,3003,Animal production,group,False,derived_empirical,0.013,"derived via ARC ERA journal crosswalk: 80 shared-journal vote(s) over 42 FOR2008-classified journal(s), 1 agreeing"
FOR2008,0501,0501 Ecological Applications,FOR,3007,Forestry sciences,group,False,derived_empirical,0.025,"derived via ARC ERA journal crosswalk: 80 shared-journal vote(s) over 42 FOR2008-classified journal(s), 2 agreeing"
FOR2008,0501,0501 Ecological Applications,FOR,3104,Evolutionary biology,group,False,derived_empirical,0.025,"derived via ARC ERA journal crosswalk: 80 shared-journal vote(s) over 42 FOR2008-classified journal(s), 2 agreeing"
FOR2008,0501,0501 Ecological Applications,FOR,3109,Zoology,group,False,derived_empirical,0.125,"derived via ARC ERA journal crosswalk: 80 shared-journal vote(s) over 42 FOR2008-classified journal(s), 10 agreeing"
FOR2008,0501,0501 Ecological Applications,FOR,4104,Environmental management,group,False,derived_empirical,0.163,"derived via ARC ERA journal crosswalk: 80 shared-journal vote(s) over 42 FOR2008-classified journal(s), 13 agreeing"
FOR2008,0501,0501 Ecological Applications,FOR,4102,Ecological applications,group,False,derived_empirical,0.163,"derived via ARC ERA journal crosswalk: 80 shared-journal vote(s) over 42 FOR2008-classified journal(s), 13 agreeing"
FOR2008,0501,0501 Ecological Applications,FOR,3103,Ecology,group,True,derived_empirical,0.263,"derived via ARC ERA journal crosswalk: 80 shared-journal vote(s) over 42 FOR2008-classified journal(s), 21 agreeing"
FOR2008,0501,0501 Ecological Applications,FOR,3002,"Agriculture, land and farm management",group,False,derived_empirical,0.013,"derived via ARC ERA journal crosswalk: 80 shared-journal vote(s) over 42 FOR2008-classified journal(s), 1 agreeing"
FOR2008,0501,0501 Ecological Applications,FOR,3107,Microbiology,group,False,derived_empirical,0.013,"derived via ARC ERA journal crosswalk: 80 shared-journal vote(s) over 42 FOR2008-classified journal(s), 1 agreeing"
FOR2008,0501,0501 Ecological Applications,FOR,3004,Crop and pasture production,group,False,derived_empirical,0.013,"derived via ARC ERA journal crosswalk: 80 shared-journal vote(s) over 42 FOR2008-classified journal(s), 1 agreeing"
FOR2008,0501,0501 Ecological Applications,FOR,4802,Environmental and resources law,group,False,derived_empirical,0.013,"derived via ARC ERA journal crosswalk: 80 shared-journal vote(s) over 42 FOR2008-classified journal(s), 1 agreeing"
FOR2008,0502,0502 Environmental Science and Management,FOR,3703,Geochemistry,group,False,derived_empirical,0.011,"derived via ARC ERA journal crosswalk: 266 shared-journal vote(s) over 133 FOR2008-classified journal(s), 3 agreeing"
FOR2008,0502,0502 Environmental Science and Management,FOR,3009,Veterinary sciences,group,False,derived_empirical,0.008,"derived via ARC ERA journal crosswalk: 266 shared-journal vote(s) over 133 FOR2008-classified journal(s), 2 agreeing"
FOR2008,0502,0502 Environmental Science and Management,FOR,4005,Civil engineering,group,False,derived_empirical,0.008,"derived via ARC ERA journal crosswalk: 266 shared-journal vote(s) over 133 FOR2008-classified journal(s), 2 agreeing"
FOR2008,0502,0502 Environmental Science and Management,FOR,3899,Other economics,group,False,derived_empirical,0.008,"derived via ARC ERA journal crosswalk: 266 shared-journal vote(s) over 133 FOR2008-classified journal(s), 2 agreeing"
FOR2008,0502,0502 Environmental Science and Management,FOR,3707,Hydrology,group,False,derived_empirical,0.008,"derived via ARC ERA journal crosswalk: 266 shared-journal vote(s) over 133 FOR2008-classified journal(s), 2 agreeing"
FOR2008,0502,0502 Environmental Science and Management,FOR,4013,Geomatic engineering,group,False,derived_empirical,0.008,"derived via ARC ERA journal crosswalk: 266 shared-journal vote(s) over 133 FOR2008-classified journal(s), 2 agreeing"
FOR2008,0502,0502 Environmental Science and Management,FOR,3401,Analytical chemistry,group,False,derived_empirical,0.004,"derived via ARC ERA journal crosswalk: 266 shared-journal vote(s) over 133 FOR2008-classified journal(s), 1 agreeing"
FOR2008,0502,0502 Environmental Science and Management,FOR,3708,Oceanography,group,False,derived_empirical,0.004,"derived via ARC ERA journal crosswalk: 266 shared-journal vote(s) over 133 FOR2008-classified journal(s), 1 agreeing"
FOR2008,0502,0502 Environmental Science and Management,FOR,5001,Applied ethics,group,False,derived_empirical,0.004,"derived via ARC ERA journal crosswalk: 266 shared-journal vote(s) over 133 FOR2008-classified journal(s), 1 agreeing"
FOR2008,0502,0502 Environmental Science and Management,FOR,3008,Horticultural production,group,False,derived_empirical,0.004,"derived via ARC ERA journal crosswalk: 266 shared-journal vote(s) over 133 FOR2008-classified journal(s), 1 agreeing"
FOR2008,0502,0502 Environmental Science and Management,FOR,4206,Public health,group,False,derived_empirical,0.004,"derived via ARC ERA journal crosswalk: 266 shared-journal vote(s) over 133 FOR2008-classified journal(s), 1 agreeing"
FOR2008,0502,0502 Environmental Science and Management,FOR,3001,Agricultural biotechnology,group,False,derived_empirical,0.004,"derived via ARC ERA journal crosswalk: 266 shared-journal vote(s) over 133 FOR2008-classified journal(s), 1 agreeing"
FOR2008,0502,0502 Environmental Science and Management,FOR,3003,Animal production,group,False,derived_empirical,0.008,"derived via ARC ERA journal crosswalk: 266 shared-journal vote(s) over 133 FOR2008-classified journal(s), 2 agreeing"
FOR2008,0502,0502 Environmental Science and Management,FOR,4802,Environmental and resources law,group,False,derived_empirical,0.004,"derived via ARC ERA journal crosswalk: 266 shared-journal vote(s) over 133 FOR2008-classified journal(s), 1 agreeing"
FOR2008,0502,0502 Environmental Science and Management,FOR,3505,Human resources and industrial relations,group,False,derived_empirical,0.004,"derived via ARC ERA journal crosswalk: 266 shared-journal vote(s) over 133 FOR2008-classified journal(s), 1 agreeing"
FOR2008,0502,0502 Environmental Science and Management,FOR,3509,"Transportation, logistics and supply chains",group,False,derived_empirical,0.004,"derived via ARC ERA journal crosswalk: 266 shared-journal vote(s) over 133 FOR2008-classified journal(s), 1 agreeing"
FOR2008,0502,0502 Environmental Science and Management,FOR,3501,"Accounting, auditing and accountability",group,False,derived_empirical,0.004,"derived via ARC ERA journal crosswalk: 266 shared-journal vote(s) over 133 FOR2008-classified journal(s), 1 agreeing"
FOR2008,0502,0502 Environmental Science and Management,FOR,3102,Bioinformatics and computational biology,group,False,derived_empirical,0.004,"derived via ARC ERA journal crosswalk: 266 shared-journal vote(s) over 133 FOR2008-classified journal(s), 1 agreeing"
FOR2008,0502,0502 Environmental Science and Management,FOR,3105,Genetics,group,False,derived_empirical,0.004,"derived via ARC ERA journal crosswalk: 266 shared-journal vote(s) over 133 FOR2008-classified journal(s), 1 agreeing"
FOR2008,0502,0502 Environmental Science and Management,FOR,4008,Electrical engineering,group,False,derived_empirical,0.004,"derived via ARC ERA journal crosswalk: 266 shared-journal vote(s) over 133 FOR2008-classified journal(s), 1 agreeing"
FOR2008,0502,0502 Environmental Science and Management,FOR,4012,Fluid mechanics and thermal engineering,group,False,derived_empirical,0.004,"derived via ARC ERA journal crosswalk: 266 shared-journal vote(s) over 133 FOR2008-classified journal(s), 1 agreeing"
FOR2008,0502,0502 Environmental Science and Management,FOR,3207,Medical microbiology,group,False,derived_empirical,0.004,"derived via ARC ERA journal crosswalk: 266 shared-journal vote(s) over 133 FOR2008-classified journal(s), 1 agreeing"
FOR2008,0502,0502 Environmental Science and Management,FOR,3302,Building,group,False,derived_empirical,0.004,"derived via ARC ERA journal crosswalk: 266 shared-journal vote(s) over 133 FOR2008-classified journal(s), 1 agreeing"
FOR2008,0502,0502 Environmental Science and Management,FOR,3002,"Agriculture, land and farm management",group,False,derived_empirical,0.011,"derived via ARC ERA journal crosswalk: 266 shared-journal vote(s) over 133 FOR2008-classified journal(s), 3 agreeing"
FOR2008,0502,0502 Environmental Science and Management,FOR,3901,Curriculum and pedagogy,group,False,derived_empirical,0.004,"derived via ARC ERA journal crosswalk: 266 shared-journal vote(s) over 133 FOR2008-classified journal(s), 1 agreeing"
FOR2008,0502,0502 Environmental Science and Management,FOR,4901,Applied mathematics,group,False,derived_empirical,0.004,"derived via ARC ERA journal crosswalk: 266 shared-journal vote(s) over 133 FOR2008-classified journal(s), 1 agreeing"
FOR2008,0502,0502 Environmental Science and Management,FOR,3502,"Banking, finance and investment",group,False,derived_empirical,0.008,"derived via ARC ERA journal crosswalk: 266 shared-journal vote(s) over 133 FOR2008-classified journal(s), 2 agreeing"
FOR2008,0502,0502 Environmental Science and Management,FOR,4303,Historical studies,group,False,derived_empirical,0.004,"derived via ARC ERA journal crosswalk: 266 shared-journal vote(s) over 133 FOR2008-classified journal(s), 1 agreeing"
FOR2008,0502,0502 Environmental Science and Management,FOR,3107,Microbiology,group,False,derived_empirical,0.008,"derived via ARC ERA journal crosswalk: 266 shared-journal vote(s) over 133 FOR2008-classified journal(s), 2 agreeing"
FOR2008,0502,0502 Environmental Science and Management,FOR,3214,Pharmacology and pharmaceutical sciences,group,False,derived_empirical,0.008,"derived via ARC ERA journal crosswalk: 266 shared-journal vote(s) over 133 FOR2008-classified journal(s), 2 agreeing"
FOR2008,0502,0502 Environmental Science and Management,FOR,3005,Fisheries sciences,group,False,derived_empirical,0.011,"derived via ARC ERA journal crosswalk: 266 shared-journal vote(s) over 133 FOR2008-classified journal(s), 3 agreeing"
FOR2008,0502,0502 Environmental Science and Management,FOR,4101,Climate change impacts and adaptation,group,False,derived_empirical,0.011,"derived via ARC ERA journal crosswalk: 266 shared-journal vote(s) over 133 FOR2008-classified journal(s), 3 agreeing"
FOR2008,0502,0502 Environmental Science and Management,FOR,3004,Crop and pasture production,group,False,derived_empirical,0.015,"derived via ARC ERA journal crosswalk: 266 shared-journal vote(s) over 133 FOR2008-classified journal(s), 4 agreeing"
FOR2008,0502,0502 Environmental Science and Management,FOR,3007,Forestry sciences,group,False,derived_empirical,0.015,"derived via ARC ERA journal crosswalk: 266 shared-journal vote(s) over 133 FOR2008-classified journal(s), 4 agreeing"
FOR2008,0502,0502 Environmental Science and Management,FOR,3709,Physical geography and environmental geoscience,group,False,derived_empirical,0.015,"derived via ARC ERA journal crosswalk: 266 shared-journal vote(s) over 133 FOR2008-classified journal(s), 4 agreeing"
FOR2008,0502,0502 Environmental Science and Management,FOR,4019,Resources engineering and extractive metallurgy,group,False,derived_empirical,0.015,"derived via ARC ERA journal crosswalk: 266 shared-journal vote(s) over 133 FOR2008-classified journal(s), 4 agreeing"
FOR2008,0502,0502 Environmental Science and Management,FOR,4004,Chemical engineering,group,False,derived_empirical,0.015,"derived via ARC ERA journal crosswalk: 266 shared-journal vote(s) over 133 FOR2008-classified journal(s), 4 agreeing"
FOR2008,0502,0502 Environmental Science and Management,FOR,3108,Plant biology,group,False,derived_empirical,0.015,"derived via ARC ERA journal crosswalk: 266 shared-journal vote(s) over 133 FOR2008-classified journal(s), 4 agreeing"
FOR2008,0502,0502 Environmental Science and Management,FOR,4407,Policy and administration,group,False,derived_empirical,0.015,"derived via ARC ERA journal crosswalk: 266 shared-journal vote(s) over 133 FOR2008-classified journal(s), 4 agreeing"
FOR2008,0502,0502 Environmental Science and Management,FOR,3507,"Strategy, management and organisational behaviour",group,False,derived_empirical,0.015,"derived via ARC ERA journal crosswalk: 266 shared-journal vote(s) over 133 FOR2008-classified journal(s), 4 agreeing"
FOR2008,0502,0502 Environmental Science and Management,FOR,3701,Atmospheric sciences,group,False,derived_empirical,0.015,"derived via ARC ERA journal crosswalk: 266 shared-journal vote(s) over 133 FOR2008-classified journal(s), 4 agreeing"
FOR2008,0502,0502 Environmental Science and Management,FOR,4404,Development studies,group,False,derived_empirical,0.023,"derived via ARC ERA journal crosswalk: 266 shared-journal vote(s) over 133 FOR2008-classified journal(s), 6 agreeing"
FOR2008,0502,0502 Environmental Science and Management,FOR,3705,Geology,group,False,derived_empirical,0.015,"derived via ARC ERA journal crosswalk: 266 shared-journal vote(s) over 133 FOR2008-classified journal(s), 4 agreeing"
FOR2008,0502,0502 Environmental Science and Management,FOR,3109,Zoology,group,False,derived_empirical,0.06,"derived via ARC ERA journal crosswalk: 266 shared-journal vote(s) over 133 FOR2008-classified journal(s), 16 agreeing"
FOR2008,0502,0502 Environmental Science and Management,FOR,4408,Political science,group,False,derived_empirical,0.023,"derived via ARC ERA journal crosswalk: 266 shared-journal vote(s) over 133 FOR2008-classified journal(s), 6 agreeing"
FOR2008,0502,0502 Environmental Science and Management,FOR,3702,Climate change science,group,False,derived_empirical,0.023,"derived via ARC ERA journal crosswalk: 266 shared-journal vote(s) over 133 FOR2008-classified journal(s), 6 agreeing"
FOR2008,0502,0502 Environmental Science and Management,FOR,4011,Environmental engineering,group,False,derived_empirical,0.026,"derived via ARC ERA journal crosswalk: 266 shared-journal vote(s) over 133 FOR2008-classified journal(s), 7 agreeing"
FOR2008,0502,0502 Environmental Science and Management,FOR,3801,Applied economics,group,False,derived_empirical,0.026,"derived via ARC ERA journal crosswalk: 266 shared-journal vote(s) over 133 FOR2008-classified journal(s), 7 agreeing"
FOR2008,0502,0502 Environmental Science and Management,FOR,4105,Pollution and contamination,group,False,derived_empirical,0.026,"derived via ARC ERA journal crosswalk: 266 shared-journal vote(s) over 133 FOR2008-classified journal(s), 7 agreeing"
FOR2008,0502,0502 Environmental Science and Management,FOR,4406,Human geography,group,False,derived_empirical,0.041,"derived via ARC ERA journal crosswalk: 266 shared-journal vote(s) over 133 FOR2008-classified journal(s), 11 agreeing"
FOR2008,0502,0502 Environmental Science and Management,FOR,4102,Ecological applications,group,False,derived_empirical,0.045,"derived via ARC ERA journal crosswalk: 266 shared-journal vote(s) over 133 FOR2008-classified journal(s), 12 agreeing"
FOR2008,0502,0502 Environmental Science and Management,FOR,3304,Urban and regional planning,group,False,derived_empirical,0.023,"derived via ARC ERA journal crosswalk: 266 shared-journal vote(s) over 133 FOR2008-classified journal(s), 6 agreeing"
FOR2008,0502,0502 Environmental Science and Management,FOR,3103,Ecology,group,False,derived_empirical,0.128,"derived via ARC ERA journal crosswalk: 266 shared-journal vote(s) over 133 FOR2008-classified journal(s), 34 agreeing"
FOR2008,0502,0502 Environmental Science and Management,FOR,4104,Environmental management,group,True,derived_empirical,0.222,"derived via ARC ERA journal crosswalk: 266 shared-journal vote(s) over 133 FOR2008-classified journal(s), 59 agreeing"
FOR2008,0503,0503 Soil Sciences,FOR,3403,Macromolecular and materials chemistry,group,False,derived_empirical,0.015,"derived via ARC ERA journal crosswalk: 65 shared-journal vote(s) over 35 FOR2008-classified journal(s), 1 agreeing"
FOR2008,0503,0503 Soil Sciences,FOR,4019,Resources engineering and extractive metallurgy,group,False,derived_empirical,0.015,"derived via ARC ERA journal crosswalk: 65 shared-journal vote(s) over 35 FOR2008-classified journal(s), 1 agreeing"
FOR2008,0503,0503 Soil Sciences,FOR,4014,Manufacturing engineering,group,False,derived_empirical,0.015,"derived via ARC ERA journal crosswalk: 65 shared-journal vote(s) over 35 FOR2008-classified journal(s), 1 agreeing"
FOR2008,0503,0503 Soil Sciences,FOR,4004,Chemical engineering,group,False,derived_empirical,0.015,"derived via ARC ERA journal crosswalk: 65 shared-journal vote(s) over 35 FOR2008-classified journal(s), 1 agreeing"
FOR2008,0503,0503 Soil Sciences,FOR,3207,Medical microbiology,group,False,derived_empirical,0.015,"derived via ARC ERA journal crosswalk: 65 shared-journal vote(s) over 35 FOR2008-classified journal(s), 1 agreeing"
FOR2008,0503,0503 Soil Sciences,FOR,3402,Inorganic chemistry,group,False,derived_empirical,0.015,"derived via ARC ERA journal crosswalk: 65 shared-journal vote(s) over 35 FOR2008-classified journal(s), 1 agreeing"
FOR2008,0503,0503 Soil Sciences,FOR,3709,Physical geography and environmental geoscience,group,False,derived_empirical,0.015,"derived via ARC ERA journal crosswalk: 65 shared-journal vote(s) over 35 FOR2008-classified journal(s), 1 agreeing"
FOR2008,0503,0503 Soil Sciences,FOR,3103,Ecology,group,False,derived_empirical,0.031,"derived via ARC ERA journal crosswalk: 65 shared-journal vote(s) over 35 FOR2008-classified journal(s), 2 agreeing"
FOR2008,0503,0503 Soil Sciences,FOR,5104,Condensed matter physics,group,False,derived_empirical,0.015,"derived via ARC ERA journal crosswalk: 65 shared-journal vote(s) over 35 FOR2008-classified journal(s), 1 agreeing"
FOR2008,0503,0503 Soil Sciences,FOR,3707,Hydrology,group,False,derived_empirical,0.046,"derived via ARC ERA journal crosswalk: 65 shared-journal vote(s) over 35 FOR2008-classified journal(s), 3 agreeing"
FOR2008,0503,0503 Soil Sciences,FOR,3002,"Agriculture, land and farm management",group,False,derived_empirical,0.046,"derived via ARC ERA journal crosswalk: 65 shared-journal vote(s) over 35 FOR2008-classified journal(s), 3 agreeing"
FOR2008,0503,0503 Soil Sciences,FOR,3705,Geology,group,False,derived_empirical,0.046,"derived via ARC ERA journal crosswalk: 65 shared-journal vote(s) over 35 FOR2008-classified journal(s), 3 agreeing"
FOR2008,0503,0503 Soil Sciences,FOR,3107,Microbiology,group,False,derived_empirical,0.062,"derived via ARC ERA journal crosswalk: 65 shared-journal vote(s) over 35 FOR2008-classified journal(s), 4 agreeing"
FOR2008,0503,0503 Soil Sciences,FOR,3108,Plant biology,group,False,derived_empirical,0.108,"derived via ARC ERA journal crosswalk: 65 shared-journal vote(s) over 35 FOR2008-classified journal(s), 7 agreeing"
FOR2008,0503,0503 Soil Sciences,FOR,3004,Crop and pasture production,group,False,derived_empirical,0.185,"derived via ARC ERA journal crosswalk: 65 shared-journal vote(s) over 35 FOR2008-classified journal(s), 12 agreeing"
FOR2008,0503,0503 Soil Sciences,FOR,4106,Soil sciences,group,True,derived_empirical,0.308,"derived via ARC ERA journal crosswalk: 65 shared-journal vote(s) over 35 FOR2008-classified journal(s), 20 agreeing"
FOR2008,0503,0503 Soil Sciences,FOR,4005,Civil engineering,group,False,derived_empirical,0.046,"derived via ARC ERA journal crosswalk: 65 shared-journal vote(s) over 35 FOR2008-classified journal(s), 3 agreeing"
FOR2008,06,06 Biological Sciences,FOR,48,LAW AND LEGAL STUDIES,division,False,derived_empirical,0.001,"derived via ARC ERA journal crosswalk: 763 shared-journal vote(s) over 1737 FOR2008-classified journal(s), 1 agreeing"
FOR2008,06,06 Biological Sciences,FOR,50,PHILOSOPHY AND RELIGIOUS STUDIES,division,False,derived_empirical,0.003,"derived via ARC ERA journal crosswalk: 763 shared-journal vote(s) over 1737 FOR2008-classified journal(s), 2 agreeing"
FOR2008,06,06 Biological Sciences,FOR,44,HUMAN SOCIETY,division,False,derived_empirical,0.004,"derived via ARC ERA journal crosswalk: 763 shared-journal vote(s) over 1737 FOR2008-classified journal(s), 3 agreeing"
FOR2008,06,06 Biological Sciences,FOR,51,PHYSICAL SCIENCES,division,False,derived_empirical,0.014,"derived via ARC ERA journal crosswalk: 763 shared-journal vote(s) over 1737 FOR2008-classified journal(s), 11 agreeing"
FOR2008,06,06 Biological Sciences,FOR,52,PSYCHOLOGY,division,False,derived_empirical,0.021,"derived via ARC ERA journal crosswalk: 763 shared-journal vote(s) over 1737 FOR2008-classified journal(s), 16 agreeing"
FOR2008,06,06 Biological Sciences,FOR,49,MATHEMATICAL SCIENCES,division,False,derived_empirical,0.024,"derived via ARC ERA journal crosswalk: 763 shared-journal vote(s) over 1737 FOR2008-classified journal(s), 18 agreeing"
FOR2008,06,06 Biological Sciences,FOR,40,ENGINEERING,division,False,derived_empirical,0.031,"derived via ARC ERA journal crosswalk: 763 shared-journal vote(s) over 1737 FOR2008-classified journal(s), 24 agreeing"
FOR2008,06,06 Biological Sciences,FOR,37,EARTH SCIENCES,division,False,derived_empirical,0.037,"derived via ARC ERA journal crosswalk: 763 shared-journal vote(s) over 1737 FOR2008-classified journal(s), 28 agreeing"
FOR2008,06,06 Biological Sciences,FOR,46,INFORMATION AND COMPUTING SCIENCES,division,False,derived_empirical,0.016,"derived via ARC ERA journal crosswalk: 763 shared-journal vote(s) over 1737 FOR2008-classified journal(s), 12 agreeing"
FOR2008,06,06 Biological Sciences,FOR,34,CHEMICAL SCIENCES,division,False,derived_empirical,0.063,"derived via ARC ERA journal crosswalk: 763 shared-journal vote(s) over 1737 FOR2008-classified journal(s), 48 agreeing"
FOR2008,06,06 Biological Sciences,FOR,30,"AGRICULTURAL, VETERINARY AND FOOD SCIENCES",division,False,derived_empirical,0.079,"derived via ARC ERA journal crosswalk: 763 shared-journal vote(s) over 1737 FOR2008-classified journal(s), 60 agreeing"
FOR2008,06,06 Biological Sciences,FOR,32,BIOMEDICAL AND CLINICAL SCIENCES,division,False,derived_empirical,0.107,"derived via ARC ERA journal crosswalk: 763 shared-journal vote(s) over 1737 FOR2008-classified journal(s), 82 agreeing"
FOR2008,06,06 Biological Sciences,FOR,41,ENVIRONMENTAL SCIENCES,division,False,derived_empirical,0.123,"derived via ARC ERA journal crosswalk: 763 shared-journal vote(s) over 1737 FOR2008-classified journal(s), 94 agreeing"
FOR2008,06,06 Biological Sciences,FOR,31,BIOLOGICAL SCIENCES,division,True,derived_empirical,0.43,"derived via ARC ERA journal crosswalk: 763 shared-journal vote(s) over 1737 FOR2008-classified journal(s), 328 agreeing"
FOR2008,06,06 Biological Sciences,FOR,42,HEALTH SCIENCES,division,False,derived_empirical,0.047,"derived via ARC ERA journal crosswalk: 763 shared-journal vote(s) over 1737 FOR2008-classified journal(s), 36 agreeing"
FOR2008,0601,0601 Biochemistry and Cell Biology,FOR,3207,Medical microbiology,group,False,derived_empirical,0.008,"derived via ARC ERA journal crosswalk: 499 shared-journal vote(s) over 362 FOR2008-classified journal(s), 4 agreeing"
FOR2008,0601,0601 Biochemistry and Cell Biology,FOR,3407,Theoretical and computational chemistry,group,False,derived_empirical,0.006,"derived via ARC ERA journal crosswalk: 499 shared-journal vote(s) over 362 FOR2008-classified journal(s), 3 agreeing"
FOR2008,0601,0601 Biochemistry and Cell Biology,FOR,4004,Chemical engineering,group,False,derived_empirical,0.006,"derived via ARC ERA journal crosswalk: 499 shared-journal vote(s) over 362 FOR2008-classified journal(s), 3 agreeing"
FOR2008,0601,0601 Biochemistry and Cell Biology,FOR,3201,Cardiovascular medicine and haematology,group,False,derived_empirical,0.006,"derived via ARC ERA journal crosswalk: 499 shared-journal vote(s) over 362 FOR2008-classified journal(s), 3 agreeing"
FOR2008,0601,0601 Biochemistry and Cell Biology,FOR,3103,Ecology,group,False,derived_empirical,0.004,"derived via ARC ERA journal crosswalk: 499 shared-journal vote(s) over 362 FOR2008-classified journal(s), 2 agreeing"
FOR2008,0601,0601 Biochemistry and Cell Biology,FOR,4016,Materials engineering,group,False,derived_empirical,0.004,"derived via ARC ERA journal crosswalk: 499 shared-journal vote(s) over 362 FOR2008-classified journal(s), 2 agreeing"
FOR2008,0601,0601 Biochemistry and Cell Biology,FOR,3006,Food sciences,group,False,derived_empirical,0.004,"derived via ARC ERA journal crosswalk: 499 shared-journal vote(s) over 362 FOR2008-classified journal(s), 2 agreeing"
FOR2008,0601,0601 Biochemistry and Cell Biology,FOR,3003,Animal production,group,False,derived_empirical,0.004,"derived via ARC ERA journal crosswalk: 499 shared-journal vote(s) over 362 FOR2008-classified journal(s), 2 agreeing"
FOR2008,0601,0601 Biochemistry and Cell Biology,FOR,3008,Horticultural production,group,False,derived_empirical,0.004,"derived via ARC ERA journal crosswalk: 499 shared-journal vote(s) over 362 FOR2008-classified journal(s), 2 agreeing"
FOR2008,0601,0601 Biochemistry and Cell Biology,FOR,5204,Cognitive and computational psychology,group,False,derived_empirical,0.002,"derived via ARC ERA journal crosswalk: 499 shared-journal vote(s) over 362 FOR2008-classified journal(s), 1 agreeing"
FOR2008,0601,0601 Biochemistry and Cell Biology,FOR,4204,Midwifery,group,False,derived_empirical,0.002,"derived via ARC ERA journal crosswalk: 499 shared-journal vote(s) over 362 FOR2008-classified journal(s), 1 agreeing"
FOR2008,0601,0601 Biochemistry and Cell Biology,FOR,3009,Veterinary sciences,group,False,derived_empirical,0.002,"derived via ARC ERA journal crosswalk: 499 shared-journal vote(s) over 362 FOR2008-classified journal(s), 1 agreeing"
FOR2008,0601,0601 Biochemistry and Cell Biology,FOR,4601,Applied computing,group,False,derived_empirical,0.002,"derived via ARC ERA journal crosswalk: 499 shared-journal vote(s) over 362 FOR2008-classified journal(s), 1 agreeing"
FOR2008,0601,0601 Biochemistry and Cell Biology,FOR,5105,Medical and biological physics,group,False,derived_empirical,0.002,"derived via ARC ERA journal crosswalk: 499 shared-journal vote(s) over 362 FOR2008-classified journal(s), 1 agreeing"
FOR2008,0601,0601 Biochemistry and Cell Biology,FOR,3007,Forestry sciences,group,False,derived_empirical,0.002,"derived via ARC ERA journal crosswalk: 499 shared-journal vote(s) over 362 FOR2008-classified journal(s), 1 agreeing"
FOR2008,0601,0601 Biochemistry and Cell Biology,FOR,4018,Nanotechnology,group,False,derived_empirical,0.002,"derived via ARC ERA journal crosswalk: 499 shared-journal vote(s) over 362 FOR2008-classified journal(s), 1 agreeing"
FOR2008,0601,0601 Biochemistry and Cell Biology,FOR,3005,Fisheries sciences,group,False,derived_empirical,0.002,"derived via ARC ERA journal crosswalk: 499 shared-journal vote(s) over 362 FOR2008-classified journal(s), 1 agreeing"
FOR2008,0601,0601 Biochemistry and Cell Biology,FOR,3210,Nutrition and dietetics,group,False,derived_empirical,0.008,"derived via ARC ERA journal crosswalk: 499 shared-journal vote(s) over 362 FOR2008-classified journal(s), 4 agreeing"
FOR2008,0601,0601 Biochemistry and Cell Biology,FOR,3403,Macromolecular and materials chemistry,group,False,derived_empirical,0.002,"derived via ARC ERA journal crosswalk: 499 shared-journal vote(s) over 362 FOR2008-classified journal(s), 1 agreeing"
FOR2008,0601,0601 Biochemistry and Cell Biology,FOR,3405,Organic chemistry,group,False,derived_empirical,0.002,"derived via ARC ERA journal crosswalk: 499 shared-journal vote(s) over 362 FOR2008-classified journal(s), 1 agreeing"
FOR2008,0601,0601 Biochemistry and Cell Biology,FOR,3106,Industrial biotechnology,group,False,derived_empirical,0.008,"derived via ARC ERA journal crosswalk: 499 shared-journal vote(s) over 362 FOR2008-classified journal(s), 4 agreeing"
FOR2008,0601,0601 Biochemistry and Cell Biology,FOR,3001,Agricultural biotechnology,group,False,derived_empirical,0.002,"derived via ARC ERA journal crosswalk: 499 shared-journal vote(s) over 362 FOR2008-classified journal(s), 1 agreeing"
FOR2008,0601,0601 Biochemistry and Cell Biology,FOR,3402,Inorganic chemistry,group,False,derived_empirical,0.008,"derived via ARC ERA journal crosswalk: 499 shared-journal vote(s) over 362 FOR2008-classified journal(s), 4 agreeing"
FOR2008,0601,0601 Biochemistry and Cell Biology,FOR,3101,Biochemistry and cell biology,group,True,derived_empirical,0.407,"derived via ARC ERA journal crosswalk: 499 shared-journal vote(s) over 362 FOR2008-classified journal(s), 203 agreeing"
FOR2008,0601,0601 Biochemistry and Cell Biology,FOR,5104,Condensed matter physics,group,False,derived_empirical,0.002,"derived via ARC ERA journal crosswalk: 499 shared-journal vote(s) over 362 FOR2008-classified journal(s), 1 agreeing"
FOR2008,0601,0601 Biochemistry and Cell Biology,FOR,3102,Bioinformatics and computational biology,group,False,derived_empirical,0.042,"derived via ARC ERA journal crosswalk: 499 shared-journal vote(s) over 362 FOR2008-classified journal(s), 21 agreeing"
FOR2008,0601,0601 Biochemistry and Cell Biology,FOR,3105,Genetics,group,False,derived_empirical,0.042,"derived via ARC ERA journal crosswalk: 499 shared-journal vote(s) over 362 FOR2008-classified journal(s), 21 agreeing"
FOR2008,0601,0601 Biochemistry and Cell Biology,FOR,3108,Plant biology,group,False,derived_empirical,0.036,"derived via ARC ERA journal crosswalk: 499 shared-journal vote(s) over 362 FOR2008-classified journal(s), 18 agreeing"
FOR2008,0601,0601 Biochemistry and Cell Biology,FOR,3209,Neurosciences,group,False,derived_empirical,0.03,"derived via ARC ERA journal crosswalk: 499 shared-journal vote(s) over 362 FOR2008-classified journal(s), 15 agreeing"
FOR2008,0601,0601 Biochemistry and Cell Biology,FOR,3202,Clinical sciences,group,False,derived_empirical,0.026,"derived via ARC ERA journal crosswalk: 499 shared-journal vote(s) over 362 FOR2008-classified journal(s), 13 agreeing"
FOR2008,0601,0601 Biochemistry and Cell Biology,FOR,3214,Pharmacology and pharmaceutical sciences,group,False,derived_empirical,0.024,"derived via ARC ERA journal crosswalk: 499 shared-journal vote(s) over 362 FOR2008-classified journal(s), 12 agreeing"
FOR2008,0601,0601 Biochemistry and Cell Biology,FOR,3211,Oncology and carcinogenesis,group,False,derived_empirical,0.024,"derived via ARC ERA journal crosswalk: 499 shared-journal vote(s) over 362 FOR2008-classified journal(s), 12 agreeing"
FOR2008,0601,0601 Biochemistry and Cell Biology,FOR,4003,Biomedical engineering,group,False,derived_empirical,0.022,"derived via ARC ERA journal crosswalk: 499 shared-journal vote(s) over 362 FOR2008-classified journal(s), 11 agreeing"
FOR2008,0601,0601 Biochemistry and Cell Biology,FOR,3401,Analytical chemistry,group,False,derived_empirical,0.02,"derived via ARC ERA journal crosswalk: 499 shared-journal vote(s) over 362 FOR2008-classified journal(s), 10 agreeing"
FOR2008,0601,0601 Biochemistry and Cell Biology,FOR,3208,Medical physiology,group,False,derived_empirical,0.018,"derived via ARC ERA journal crosswalk: 499 shared-journal vote(s) over 362 FOR2008-classified journal(s), 9 agreeing"
FOR2008,0601,0601 Biochemistry and Cell Biology,FOR,3406,Physical chemistry,group,False,derived_empirical,0.018,"derived via ARC ERA journal crosswalk: 499 shared-journal vote(s) over 362 FOR2008-classified journal(s), 9 agreeing"
FOR2008,0601,0601 Biochemistry and Cell Biology,FOR,3107,Microbiology,group,False,derived_empirical,0.018,"derived via ARC ERA journal crosswalk: 499 shared-journal vote(s) over 362 FOR2008-classified journal(s), 9 agreeing"
FOR2008,0601,0601 Biochemistry and Cell Biology,FOR,3109,Zoology,group,False,derived_empirical,0.018,"derived via ARC ERA journal crosswalk: 499 shared-journal vote(s) over 362 FOR2008-classified journal(s), 9 agreeing"
FOR2008,0601,0601 Biochemistry and Cell Biology,FOR,3204,Immunology,group,False,derived_empirical,0.016,"derived via ARC ERA journal crosswalk: 499 shared-journal vote(s) over 362 FOR2008-classified journal(s), 8 agreeing"
FOR2008,0601,0601 Biochemistry and Cell Biology,FOR,3206,Medical biotechnology,group,False,derived_empirical,0.012,"derived via ARC ERA journal crosswalk: 499 shared-journal vote(s) over 362 FOR2008-classified journal(s), 6 agreeing"
FOR2008,0601,0601 Biochemistry and Cell Biology,FOR,5202,Biological psychology,group,False,derived_empirical,0.012,"derived via ARC ERA journal crosswalk: 499 shared-journal vote(s) over 362 FOR2008-classified journal(s), 6 agreeing"
FOR2008,0601,0601 Biochemistry and Cell Biology,FOR,3104,Evolutionary biology,group,False,derived_empirical,0.01,"derived via ARC ERA journal crosswalk: 499 shared-journal vote(s) over 362 FOR2008-classified journal(s), 5 agreeing"
FOR2008,0601,0601 Biochemistry and Cell Biology,FOR,3215,Reproductive medicine,group,False,derived_empirical,0.008,"derived via ARC ERA journal crosswalk: 499 shared-journal vote(s) over 362 FOR2008-classified journal(s), 4 agreeing"
FOR2008,0601,0601 Biochemistry and Cell Biology,FOR,3404,Medicinal and biomolecular chemistry,group,False,derived_empirical,0.056,"derived via ARC ERA journal crosswalk: 499 shared-journal vote(s) over 362 FOR2008-classified journal(s), 28 agreeing"
FOR2008,0601,0601 Biochemistry and Cell Biology,FOR,3205,Medical biochemistry and metabolomics,group,False,derived_empirical,0.046,"derived via ARC ERA journal crosswalk: 499 shared-journal vote(s) over 362 FOR2008-classified journal(s), 23 agreeing"
FOR2008,0602,0602 Ecology,FOR,3109,Zoology,group,False,derived_empirical,0.12,"derived via ARC ERA journal crosswalk: 366 shared-journal vote(s) over 179 FOR2008-classified journal(s), 44 agreeing"
FOR2008,0602,0602 Ecology,FOR,3103,Ecology,group,True,derived_empirical,0.388,"derived via ARC ERA journal crosswalk: 366 shared-journal vote(s) over 179 FOR2008-classified journal(s), 142 agreeing"
FOR2008,0602,0602 Ecology,FOR,4901,Applied mathematics,group,False,derived_empirical,0.003,"derived via ARC ERA journal crosswalk: 366 shared-journal vote(s) over 179 FOR2008-classified journal(s), 1 agreeing"
FOR2008,0602,0602 Ecology,FOR,4101,Climate change impacts and adaptation,group,False,derived_empirical,0.003,"derived via ARC ERA journal crosswalk: 366 shared-journal vote(s) over 179 FOR2008-classified journal(s), 1 agreeing"
FOR2008,0602,0602 Ecology,FOR,4208,"Traditional, complementary and integrative medicine",group,False,derived_empirical,0.003,"derived via ARC ERA journal crosswalk: 366 shared-journal vote(s) over 179 FOR2008-classified journal(s), 1 agreeing"
FOR2008,0602,0602 Ecology,FOR,3304,Urban and regional planning,group,False,derived_empirical,0.003,"derived via ARC ERA journal crosswalk: 366 shared-journal vote(s) over 179 FOR2008-classified journal(s), 1 agreeing"
FOR2008,0602,0602 Ecology,FOR,3709,Physical geography and environmental geoscience,group,False,derived_empirical,0.003,"derived via ARC ERA journal crosswalk: 366 shared-journal vote(s) over 179 FOR2008-classified journal(s), 1 agreeing"
FOR2008,0602,0602 Ecology,FOR,3105,Genetics,group,False,derived_empirical,0.003,"derived via ARC ERA journal crosswalk: 366 shared-journal vote(s) over 179 FOR2008-classified journal(s), 1 agreeing"
FOR2008,0602,0602 Ecology,FOR,3405,Organic chemistry,group,False,derived_empirical,0.003,"derived via ARC ERA journal crosswalk: 366 shared-journal vote(s) over 179 FOR2008-classified journal(s), 1 agreeing"
FOR2008,0602,0602 Ecology,FOR,3214,Pharmacology and pharmaceutical sciences,group,False,derived_empirical,0.003,"derived via ARC ERA journal crosswalk: 366 shared-journal vote(s) over 179 FOR2008-classified journal(s), 1 agreeing"
FOR2008,0602,0602 Ecology,FOR,4406,Human geography,group,False,derived_empirical,0.003,"derived via ARC ERA journal crosswalk: 366 shared-journal vote(s) over 179 FOR2008-classified journal(s), 1 agreeing"
FOR2008,0602,0602 Ecology,FOR,4106,Soil sciences,group,False,derived_empirical,0.005,"derived via ARC ERA journal crosswalk: 366 shared-journal vote(s) over 179 FOR2008-classified journal(s), 2 agreeing"
FOR2008,0602,0602 Ecology,FOR,4105,Pollution and contamination,group,False,derived_empirical,0.005,"derived via ARC ERA journal crosswalk: 366 shared-journal vote(s) over 179 FOR2008-classified journal(s), 2 agreeing"
FOR2008,0602,0602 Ecology,FOR,3703,Geochemistry,group,False,derived_empirical,0.003,"derived via ARC ERA journal crosswalk: 366 shared-journal vote(s) over 179 FOR2008-classified journal(s), 1 agreeing"
FOR2008,0602,0602 Ecology,FOR,3707,Hydrology,group,False,derived_empirical,0.005,"derived via ARC ERA journal crosswalk: 366 shared-journal vote(s) over 179 FOR2008-classified journal(s), 2 agreeing"
FOR2008,0602,0602 Ecology,FOR,3104,Evolutionary biology,group,False,derived_empirical,0.112,"derived via ARC ERA journal crosswalk: 366 shared-journal vote(s) over 179 FOR2008-classified journal(s), 41 agreeing"
FOR2008,0602,0602 Ecology,FOR,4104,Environmental management,group,False,derived_empirical,0.077,"derived via ARC ERA journal crosswalk: 366 shared-journal vote(s) over 179 FOR2008-classified journal(s), 28 agreeing"
FOR2008,0602,0602 Ecology,FOR,3009,Veterinary sciences,group,False,derived_empirical,0.005,"derived via ARC ERA journal crosswalk: 366 shared-journal vote(s) over 179 FOR2008-classified journal(s), 2 agreeing"
FOR2008,0602,0602 Ecology,FOR,4102,Ecological applications,group,False,derived_empirical,0.057,"derived via ARC ERA journal crosswalk: 366 shared-journal vote(s) over 179 FOR2008-classified journal(s), 21 agreeing"
FOR2008,0602,0602 Ecology,FOR,3108,Plant biology,group,False,derived_empirical,0.046,"derived via ARC ERA journal crosswalk: 366 shared-journal vote(s) over 179 FOR2008-classified journal(s), 17 agreeing"
FOR2008,0602,0602 Ecology,FOR,3705,Geology,group,False,derived_empirical,0.068,"derived via ARC ERA journal crosswalk: 366 shared-journal vote(s) over 179 FOR2008-classified journal(s), 25 agreeing"
FOR2008,0602,0602 Ecology,FOR,3708,Oceanography,group,False,derived_empirical,0.016,"derived via ARC ERA journal crosswalk: 366 shared-journal vote(s) over 179 FOR2008-classified journal(s), 6 agreeing"
FOR2008,0602,0602 Ecology,FOR,3107,Microbiology,group,False,derived_empirical,0.016,"derived via ARC ERA journal crosswalk: 366 shared-journal vote(s) over 179 FOR2008-classified journal(s), 6 agreeing"
FOR2008,0602,0602 Ecology,FOR,3007,Forestry sciences,group,False,derived_empirical,0.011,"derived via ARC ERA journal crosswalk: 366 shared-journal vote(s) over 179 FOR2008-classified journal(s), 4 agreeing"
FOR2008,0602,0602 Ecology,FOR,4301,Archaeology,group,False,derived_empirical,0.008,"derived via ARC ERA journal crosswalk: 366 shared-journal vote(s) over 179 FOR2008-classified journal(s), 3 agreeing"
FOR2008,0602,0602 Ecology,FOR,3005,Fisheries sciences,group,False,derived_empirical,0.03,"derived via ARC ERA journal crosswalk: 366 shared-journal vote(s) over 179 FOR2008-classified journal(s), 11 agreeing"
FOR2008,0603,0603 Evolutionary Biology,FOR,4401,Anthropology,group,False,derived_empirical,0.011,"derived via ARC ERA journal crosswalk: 268 shared-journal vote(s) over 124 FOR2008-classified journal(s), 3 agreeing"
FOR2008,0603,0603 Evolutionary Biology,FOR,3709,Physical geography and environmental geoscience,group,False,derived_empirical,0.004,"derived via ARC ERA journal crosswalk: 268 shared-journal vote(s) over 124 FOR2008-classified journal(s), 1 agreeing"
FOR2008,0603,0603 Evolutionary Biology,FOR,5204,Cognitive and computational psychology,group,False,derived_empirical,0.004,"derived via ARC ERA journal crosswalk: 268 shared-journal vote(s) over 124 FOR2008-classified journal(s), 1 agreeing"
FOR2008,0603,0603 Evolutionary Biology,FOR,3901,Curriculum and pedagogy,group,False,derived_empirical,0.004,"derived via ARC ERA journal crosswalk: 268 shared-journal vote(s) over 124 FOR2008-classified journal(s), 1 agreeing"
FOR2008,0603,0603 Evolutionary Biology,FOR,3005,Fisheries sciences,group,False,derived_empirical,0.004,"derived via ARC ERA journal crosswalk: 268 shared-journal vote(s) over 124 FOR2008-classified journal(s), 1 agreeing"
FOR2008,0603,0603 Evolutionary Biology,FOR,3210,Nutrition and dietetics,group,False,derived_empirical,0.004,"derived via ARC ERA journal crosswalk: 268 shared-journal vote(s) over 124 FOR2008-classified journal(s), 1 agreeing"
FOR2008,0603,0603 Evolutionary Biology,FOR,4104,Environmental management,group,False,derived_empirical,0.011,"derived via ARC ERA journal crosswalk: 268 shared-journal vote(s) over 124 FOR2008-classified journal(s), 3 agreeing"
FOR2008,0603,0603 Evolutionary Biology,FOR,4301,Archaeology,group,False,derived_empirical,0.015,"derived via ARC ERA journal crosswalk: 268 shared-journal vote(s) over 124 FOR2008-classified journal(s), 4 agreeing"
FOR2008,0603,0603 Evolutionary Biology,FOR,3708,Oceanography,group,False,derived_empirical,0.004,"derived via ARC ERA journal crosswalk: 268 shared-journal vote(s) over 124 FOR2008-classified journal(s), 1 agreeing"
FOR2008,0603,0603 Evolutionary Biology,FOR,4102,Ecological applications,group,False,derived_empirical,0.026,"derived via ARC ERA journal crosswalk: 268 shared-journal vote(s) over 124 FOR2008-classified journal(s), 7 agreeing"
FOR2008,0603,0603 Evolutionary Biology,FOR,3107,Microbiology,group,False,derived_empirical,0.037,"derived via ARC ERA journal crosswalk: 268 shared-journal vote(s) over 124 FOR2008-classified journal(s), 10 agreeing"
FOR2008,0603,0603 Evolutionary Biology,FOR,3105,Genetics,group,False,derived_empirical,0.052,"derived via ARC ERA journal crosswalk: 268 shared-journal vote(s) over 124 FOR2008-classified journal(s), 14 agreeing"
FOR2008,0603,0603 Evolutionary Biology,FOR,3108,Plant biology,group,False,derived_empirical,0.06,"derived via ARC ERA journal crosswalk: 268 shared-journal vote(s) over 124 FOR2008-classified journal(s), 16 agreeing"
FOR2008,0603,0603 Evolutionary Biology,FOR,3705,Geology,group,False,derived_empirical,0.082,"derived via ARC ERA journal crosswalk: 268 shared-journal vote(s) over 124 FOR2008-classified journal(s), 22 agreeing"
FOR2008,0603,0603 Evolutionary Biology,FOR,3109,Zoology,group,False,derived_empirical,0.127,"derived via ARC ERA journal crosswalk: 268 shared-journal vote(s) over 124 FOR2008-classified journal(s), 34 agreeing"
FOR2008,0603,0603 Evolutionary Biology,FOR,3103,Ecology,group,False,derived_empirical,0.257,"derived via ARC ERA journal crosswalk: 268 shared-journal vote(s) over 124 FOR2008-classified journal(s), 69 agreeing"
FOR2008,0603,0603 Evolutionary Biology,FOR,3104,Evolutionary biology,group,True,derived_empirical,0.284,"derived via ARC ERA journal crosswalk: 268 shared-journal vote(s) over 124 FOR2008-classified journal(s), 76 agreeing"
FOR2008,0603,0603 Evolutionary Biology,FOR,3101,Biochemistry and cell biology,group,False,derived_empirical,0.015,"derived via ARC ERA journal crosswalk: 268 shared-journal vote(s) over 124 FOR2008-classified journal(s), 4 agreeing"
FOR2008,0604,0604 Genetics,FOR,3003,Animal production,group,False,derived_empirical,0.004,"derived via ARC ERA journal crosswalk: 229 shared-journal vote(s) over 146 FOR2008-classified journal(s), 1 agreeing"
FOR2008,0604,0604 Genetics,FOR,3009,Veterinary sciences,group,False,derived_empirical,0.004,"derived via ARC ERA journal crosswalk: 229 shared-journal vote(s) over 146 FOR2008-classified journal(s), 1 agreeing"
FOR2008,0604,0604 Genetics,FOR,4004,Chemical engineering,group,False,derived_empirical,0.004,"derived via ARC ERA journal crosswalk: 229 shared-journal vote(s) over 146 FOR2008-classified journal(s), 1 agreeing"
FOR2008,0604,0604 Genetics,FOR,3208,Medical physiology,group,False,derived_empirical,0.004,"derived via ARC ERA journal crosswalk: 229 shared-journal vote(s) over 146 FOR2008-classified journal(s), 1 agreeing"
FOR2008,0604,0604 Genetics,FOR,4901,Applied mathematics,group,False,derived_empirical,0.004,"derived via ARC ERA journal crosswalk: 229 shared-journal vote(s) over 146 FOR2008-classified journal(s), 1 agreeing"
FOR2008,0604,0604 Genetics,FOR,3205,Medical biochemistry and metabolomics,group,False,derived_empirical,0.004,"derived via ARC ERA journal crosswalk: 229 shared-journal vote(s) over 146 FOR2008-classified journal(s), 1 agreeing"
FOR2008,0604,0604 Genetics,FOR,3204,Immunology,group,False,derived_empirical,0.004,"derived via ARC ERA journal crosswalk: 229 shared-journal vote(s) over 146 FOR2008-classified journal(s), 1 agreeing"
FOR2008,0604,0604 Genetics,FOR,3007,Forestry sciences,group,False,derived_empirical,0.004,"derived via ARC ERA journal crosswalk: 229 shared-journal vote(s) over 146 FOR2008-classified journal(s), 1 agreeing"
FOR2008,0604,0604 Genetics,FOR,3214,Pharmacology and pharmaceutical sciences,group,False,derived_empirical,0.004,"derived via ARC ERA journal crosswalk: 229 shared-journal vote(s) over 146 FOR2008-classified journal(s), 1 agreeing"
FOR2008,0604,0604 Genetics,FOR,3405,Organic chemistry,group,False,derived_empirical,0.004,"derived via ARC ERA journal crosswalk: 229 shared-journal vote(s) over 146 FOR2008-classified journal(s), 1 agreeing"
FOR2008,0604,0604 Genetics,FOR,3005,Fisheries sciences,group,False,derived_empirical,0.004,"derived via ARC ERA journal crosswalk: 229 shared-journal vote(s) over 146 FOR2008-classified journal(s), 1 agreeing"
FOR2008,0604,0604 Genetics,FOR,4104,Environmental management,group,False,derived_empirical,0.004,"derived via ARC ERA journal crosswalk: 229 shared-journal vote(s) over 146 FOR2008-classified journal(s), 1 agreeing"
FOR2008,0604,0604 Genetics,FOR,3106,Industrial biotechnology,group,False,derived_empirical,0.004,"derived via ARC ERA journal crosswalk: 229 shared-journal vote(s) over 146 FOR2008-classified journal(s), 1 agreeing"
FOR2008,0604,0604 Genetics,FOR,4202,Epidemiology,group,False,derived_empirical,0.004,"derived via ARC ERA journal crosswalk: 229 shared-journal vote(s) over 146 FOR2008-classified journal(s), 1 agreeing"
FOR2008,0604,0604 Genetics,FOR,3404,Medicinal and biomolecular chemistry,group,False,derived_empirical,0.009,"derived via ARC ERA journal crosswalk: 229 shared-journal vote(s) over 146 FOR2008-classified journal(s), 2 agreeing"
FOR2008,0604,0604 Genetics,FOR,3102,Bioinformatics and computational biology,group,False,derived_empirical,0.009,"derived via ARC ERA journal crosswalk: 229 shared-journal vote(s) over 146 FOR2008-classified journal(s), 2 agreeing"
FOR2008,0604,0604 Genetics,FOR,3101,Biochemistry and cell biology,group,False,derived_empirical,0.14,"derived via ARC ERA journal crosswalk: 229 shared-journal vote(s) over 146 FOR2008-classified journal(s), 32 agreeing"
FOR2008,0604,0604 Genetics,FOR,3202,Clinical sciences,group,False,derived_empirical,0.066,"derived via ARC ERA journal crosswalk: 229 shared-journal vote(s) over 146 FOR2008-classified journal(s), 15 agreeing"
FOR2008,0604,0604 Genetics,FOR,3108,Plant biology,group,False,derived_empirical,0.052,"derived via ARC ERA journal crosswalk: 229 shared-journal vote(s) over 146 FOR2008-classified journal(s), 12 agreeing"
FOR2008,0604,0604 Genetics,FOR,3104,Evolutionary biology,group,False,derived_empirical,0.044,"derived via ARC ERA journal crosswalk: 229 shared-journal vote(s) over 146 FOR2008-classified journal(s), 10 agreeing"
FOR2008,0604,0604 Genetics,FOR,3209,Neurosciences,group,False,derived_empirical,0.031,"derived via ARC ERA journal crosswalk: 229 shared-journal vote(s) over 146 FOR2008-classified journal(s), 7 agreeing"
FOR2008,0604,0604 Genetics,FOR,3105,Genetics,group,True,derived_empirical,0.467,"derived via ARC ERA journal crosswalk: 229 shared-journal vote(s) over 146 FOR2008-classified journal(s), 107 agreeing"
FOR2008,0604,0604 Genetics,FOR,3109,Zoology,group,False,derived_empirical,0.026,"derived via ARC ERA journal crosswalk: 229 shared-journal vote(s) over 146 FOR2008-classified journal(s), 6 agreeing"
FOR2008,0604,0604 Genetics,FOR,3107,Microbiology,group,False,derived_empirical,0.022,"derived via ARC ERA journal crosswalk: 229 shared-journal vote(s) over 146 FOR2008-classified journal(s), 5 agreeing"
FOR2008,0604,0604 Genetics,FOR,3215,Reproductive medicine,group,False,derived_empirical,0.017,"derived via ARC ERA journal crosswalk: 229 shared-journal vote(s) over 146 FOR2008-classified journal(s), 4 agreeing"
FOR2008,0604,0604 Genetics,FOR,4905,Statistics,group,False,derived_empirical,0.009,"derived via ARC ERA journal crosswalk: 229 shared-journal vote(s) over 146 FOR2008-classified journal(s), 2 agreeing"
FOR2008,0604,0604 Genetics,FOR,3211,Oncology and carcinogenesis,group,False,derived_empirical,0.009,"derived via ARC ERA journal crosswalk: 229 shared-journal vote(s) over 146 FOR2008-classified journal(s), 2 agreeing"
FOR2008,0604,0604 Genetics,FOR,3004,Crop and pasture production,group,False,derived_empirical,0.009,"derived via ARC ERA journal crosswalk: 229 shared-journal vote(s) over 146 FOR2008-classified journal(s), 2 agreeing"
FOR2008,0604,0604 Genetics,FOR,3103,Ecology,group,False,derived_empirical,0.031,"derived via ARC ERA journal crosswalk: 229 shared-journal vote(s) over 146 FOR2008-classified journal(s), 7 agreeing"
FOR2008,0605,0605 Microbiology,FOR,3214,Pharmacology and pharmaceutical sciences,group,False,derived_empirical,0.014,"derived via ARC ERA journal crosswalk: 289 shared-journal vote(s) over 163 FOR2008-classified journal(s), 4 agreeing"
FOR2008,0605,0605 Microbiology,FOR,3106,Industrial biotechnology,group,False,derived_empirical,0.014,"derived via ARC ERA journal crosswalk: 289 shared-journal vote(s) over 163 FOR2008-classified journal(s), 4 agreeing"
FOR2008,0605,0605 Microbiology,FOR,3003,Animal production,group,False,derived_empirical,0.007,"derived via ARC ERA journal crosswalk: 289 shared-journal vote(s) over 163 FOR2008-classified journal(s), 2 agreeing"
FOR2008,0605,0605 Microbiology,FOR,3705,Geology,group,False,derived_empirical,0.003,"derived via ARC ERA journal crosswalk: 289 shared-journal vote(s) over 163 FOR2008-classified journal(s), 1 agreeing"
FOR2008,0605,0605 Microbiology,FOR,3211,Oncology and carcinogenesis,group,False,derived_empirical,0.003,"derived via ARC ERA journal crosswalk: 289 shared-journal vote(s) over 163 FOR2008-classified journal(s), 1 agreeing"
FOR2008,0605,0605 Microbiology,FOR,3005,Fisheries sciences,group,False,derived_empirical,0.003,"derived via ARC ERA journal crosswalk: 289 shared-journal vote(s) over 163 FOR2008-classified journal(s), 1 agreeing"
FOR2008,0605,0605 Microbiology,FOR,3401,Analytical chemistry,group,False,derived_empirical,0.003,"derived via ARC ERA journal crosswalk: 289 shared-journal vote(s) over 163 FOR2008-classified journal(s), 1 agreeing"
FOR2008,0605,0605 Microbiology,FOR,4203,Health services and systems,group,False,derived_empirical,0.003,"derived via ARC ERA journal crosswalk: 289 shared-journal vote(s) over 163 FOR2008-classified journal(s), 1 agreeing"
FOR2008,0605,0605 Microbiology,FOR,3708,Oceanography,group,False,derived_empirical,0.003,"derived via ARC ERA journal crosswalk: 289 shared-journal vote(s) over 163 FOR2008-classified journal(s), 1 agreeing"
FOR2008,0605,0605 Microbiology,FOR,3007,Forestry sciences,group,False,derived_empirical,0.003,"derived via ARC ERA journal crosswalk: 289 shared-journal vote(s) over 163 FOR2008-classified journal(s), 1 agreeing"
FOR2008,0605,0605 Microbiology,FOR,4004,Chemical engineering,group,False,derived_empirical,0.003,"derived via ARC ERA journal crosswalk: 289 shared-journal vote(s) over 163 FOR2008-classified journal(s), 1 agreeing"
FOR2008,0605,0605 Microbiology,FOR,4202,Epidemiology,group,False,derived_empirical,0.017,"derived via ARC ERA journal crosswalk: 289 shared-journal vote(s) over 163 FOR2008-classified journal(s), 5 agreeing"
FOR2008,0605,0605 Microbiology,FOR,4106,Soil sciences,group,False,derived_empirical,0.007,"derived via ARC ERA journal crosswalk: 289 shared-journal vote(s) over 163 FOR2008-classified journal(s), 2 agreeing"
FOR2008,0605,0605 Microbiology,FOR,4206,Public health,group,False,derived_empirical,0.017,"derived via ARC ERA journal crosswalk: 289 shared-journal vote(s) over 163 FOR2008-classified journal(s), 5 agreeing"
FOR2008,0605,0605 Microbiology,FOR,3004,Crop and pasture production,group,False,derived_empirical,0.017,"derived via ARC ERA journal crosswalk: 289 shared-journal vote(s) over 163 FOR2008-classified journal(s), 5 agreeing"
FOR2008,0605,0605 Microbiology,FOR,3107,Microbiology,group,True,derived_empirical,0.415,"derived via ARC ERA journal crosswalk: 289 shared-journal vote(s) over 163 FOR2008-classified journal(s), 120 agreeing"
FOR2008,0605,0605 Microbiology,FOR,3108,Plant biology,group,False,derived_empirical,0.087,"derived via ARC ERA journal crosswalk: 289 shared-journal vote(s) over 163 FOR2008-classified journal(s), 25 agreeing"
FOR2008,0605,0605 Microbiology,FOR,3207,Medical microbiology,group,False,derived_empirical,0.08,"derived via ARC ERA journal crosswalk: 289 shared-journal vote(s) over 163 FOR2008-classified journal(s), 23 agreeing"
FOR2008,0605,0605 Microbiology,FOR,3202,Clinical sciences,group,False,derived_empirical,0.055,"derived via ARC ERA journal crosswalk: 289 shared-journal vote(s) over 163 FOR2008-classified journal(s), 16 agreeing"
FOR2008,0605,0605 Microbiology,FOR,3009,Veterinary sciences,group,False,derived_empirical,0.052,"derived via ARC ERA journal crosswalk: 289 shared-journal vote(s) over 163 FOR2008-classified journal(s), 15 agreeing"
FOR2008,0605,0605 Microbiology,FOR,3105,Genetics,group,False,derived_empirical,0.01,"derived via ARC ERA journal crosswalk: 289 shared-journal vote(s) over 163 FOR2008-classified journal(s), 3 agreeing"
FOR2008,0605,0605 Microbiology,FOR,3204,Immunology,group,False,derived_empirical,0.038,"derived via ARC ERA journal crosswalk: 289 shared-journal vote(s) over 163 FOR2008-classified journal(s), 11 agreeing"
FOR2008,0605,0605 Microbiology,FOR,3101,Biochemistry and cell biology,group,False,derived_empirical,0.035,"derived via ARC ERA journal crosswalk: 289 shared-journal vote(s) over 163 FOR2008-classified journal(s), 10 agreeing"
FOR2008,0605,0605 Microbiology,FOR,3103,Ecology,group,False,derived_empirical,0.028,"derived via ARC ERA journal crosswalk: 289 shared-journal vote(s) over 163 FOR2008-classified journal(s), 8 agreeing"
FOR2008,0605,0605 Microbiology,FOR,3006,Food sciences,group,False,derived_empirical,0.017,"derived via ARC ERA journal crosswalk: 289 shared-journal vote(s) over 163 FOR2008-classified journal(s), 5 agreeing"
FOR2008,0605,0605 Microbiology,FOR,3104,Evolutionary biology,group,False,derived_empirical,0.045,"derived via ARC ERA journal crosswalk: 289 shared-journal vote(s) over 163 FOR2008-classified journal(s), 13 agreeing"
FOR2008,0605,0605 Microbiology,FOR,3109,Zoology,group,False,derived_empirical,0.017,"derived via ARC ERA journal crosswalk: 289 shared-journal vote(s) over 163 FOR2008-classified journal(s), 5 agreeing"
FOR2008,0606,0606 Physiology,FOR,3210,Nutrition and dietetics,group,False,derived_empirical,0.01,"derived via ARC ERA journal crosswalk: 102 shared-journal vote(s) over 54 FOR2008-classified journal(s), 1 agreeing"
FOR2008,0606,0606 Physiology,FOR,4611,Machine learning,group,False,derived_empirical,0.01,"derived via ARC ERA journal crosswalk: 102 shared-journal vote(s) over 54 FOR2008-classified journal(s), 1 agreeing"
FOR2008,0606,0606 Physiology,FOR,3102,Bioinformatics and computational biology,group,False,derived_empirical,0.01,"derived via ARC ERA journal crosswalk: 102 shared-journal vote(s) over 54 FOR2008-classified journal(s), 1 agreeing"
FOR2008,0606,0606 Physiology,FOR,4201,Allied health and rehabilitation science,group,False,derived_empirical,0.01,"derived via ARC ERA journal crosswalk: 102 shared-journal vote(s) over 54 FOR2008-classified journal(s), 1 agreeing"
FOR2008,0606,0606 Physiology,FOR,3211,Oncology and carcinogenesis,group,False,derived_empirical,0.01,"derived via ARC ERA journal crosswalk: 102 shared-journal vote(s) over 54 FOR2008-classified journal(s), 1 agreeing"
FOR2008,0606,0606 Physiology,FOR,3005,Fisheries sciences,group,False,derived_empirical,0.01,"derived via ARC ERA journal crosswalk: 102 shared-journal vote(s) over 54 FOR2008-classified journal(s), 1 agreeing"
FOR2008,0606,0606 Physiology,FOR,3205,Medical biochemistry and metabolomics,group,False,derived_empirical,0.02,"derived via ARC ERA journal crosswalk: 102 shared-journal vote(s) over 54 FOR2008-classified journal(s), 2 agreeing"
FOR2008,0606,0606 Physiology,FOR,4206,Public health,group,False,derived_empirical,0.01,"derived via ARC ERA journal crosswalk: 102 shared-journal vote(s) over 54 FOR2008-classified journal(s), 1 agreeing"
FOR2008,0606,0606 Physiology,FOR,3404,Medicinal and biomolecular chemistry,group,False,derived_empirical,0.01,"derived via ARC ERA journal crosswalk: 102 shared-journal vote(s) over 54 FOR2008-classified journal(s), 1 agreeing"
FOR2008,0606,0606 Physiology,FOR,3009,Veterinary sciences,group,False,derived_empirical,0.01,"derived via ARC ERA journal crosswalk: 102 shared-journal vote(s) over 54 FOR2008-classified journal(s), 1 agreeing"
FOR2008,0606,0606 Physiology,FOR,3901,Curriculum and pedagogy,group,False,derived_empirical,0.02,"derived via ARC ERA journal crosswalk: 102 shared-journal vote(s) over 54 FOR2008-classified journal(s), 2 agreeing"
FOR2008,0606,0606 Physiology,FOR,3203,Dentistry,group,False,derived_empirical,0.01,"derived via ARC ERA journal crosswalk: 102 shared-journal vote(s) over 54 FOR2008-classified journal(s), 1 agreeing"
FOR2008,0606,0606 Physiology,FOR,3214,Pharmacology and pharmaceutical sciences,group,False,derived_empirical,0.02,"derived via ARC ERA journal crosswalk: 102 shared-journal vote(s) over 54 FOR2008-classified journal(s), 2 agreeing"
FOR2008,0606,0606 Physiology,FOR,3103,Ecology,group,False,derived_empirical,0.02,"derived via ARC ERA journal crosswalk: 102 shared-journal vote(s) over 54 FOR2008-classified journal(s), 2 agreeing"
FOR2008,0606,0606 Physiology,FOR,3208,Medical physiology,group,False,derived_empirical,0.167,"derived via ARC ERA journal crosswalk: 102 shared-journal vote(s) over 54 FOR2008-classified journal(s), 17 agreeing"
FOR2008,0606,0606 Physiology,FOR,3202,Clinical sciences,group,False,derived_empirical,0.108,"derived via ARC ERA journal crosswalk: 102 shared-journal vote(s) over 54 FOR2008-classified journal(s), 11 agreeing"
FOR2008,0606,0606 Physiology,FOR,3109,Zoology,group,False,derived_empirical,0.186,"derived via ARC ERA journal crosswalk: 102 shared-journal vote(s) over 54 FOR2008-classified journal(s), 19 agreeing"
FOR2008,0606,0606 Physiology,FOR,3209,Neurosciences,group,False,derived_empirical,0.029,"derived via ARC ERA journal crosswalk: 102 shared-journal vote(s) over 54 FOR2008-classified journal(s), 3 agreeing"
FOR2008,0606,0606 Physiology,FOR,4207,Sports science and exercise,group,False,derived_empirical,0.029,"derived via ARC ERA journal crosswalk: 102 shared-journal vote(s) over 54 FOR2008-classified journal(s), 3 agreeing"
FOR2008,0606,0606 Physiology,FOR,3201,Cardiovascular medicine and haematology,group,False,derived_empirical,0.029,"derived via ARC ERA journal crosswalk: 102 shared-journal vote(s) over 54 FOR2008-classified journal(s), 3 agreeing"
FOR2008,0606,0606 Physiology,FOR,3003,Animal production,group,False,derived_empirical,0.02,"derived via ARC ERA journal crosswalk: 102 shared-journal vote(s) over 54 FOR2008-classified journal(s), 2 agreeing"
FOR2008,0606,0606 Physiology,FOR,3101,Biochemistry and cell biology,group,True,derived_empirical,0.186,"derived via ARC ERA journal crosswalk: 102 shared-journal vote(s) over 54 FOR2008-classified journal(s), 19 agreeing"
FOR2008,0606,0606 Physiology,FOR,3215,Reproductive medicine,group,False,derived_empirical,0.02,"derived via ARC ERA journal crosswalk: 102 shared-journal vote(s) over 54 FOR2008-classified journal(s), 2 agreeing"
FOR2008,0606,0606 Physiology,FOR,3105,Genetics,group,False,derived_empirical,0.02,"derived via ARC ERA journal crosswalk: 102 shared-journal vote(s) over 54 FOR2008-classified journal(s), 2 agreeing"
FOR2008,0606,0606 Physiology,FOR,5202,Biological psychology,group,False,derived_empirical,0.029,"derived via ARC ERA journal crosswalk: 102 shared-journal vote(s) over 54 FOR2008-classified journal(s), 3 agreeing"
FOR2008,0607,0607 Plant Biology,FOR,4102,Ecological applications,group,False,derived_empirical,0.006,"derived via ARC ERA journal crosswalk: 352 shared-journal vote(s) over 230 FOR2008-classified journal(s), 2 agreeing"
FOR2008,0607,0607 Plant Biology,FOR,3005,Fisheries sciences,group,False,derived_empirical,0.006,"derived via ARC ERA journal crosswalk: 352 shared-journal vote(s) over 230 FOR2008-classified journal(s), 2 agreeing"
FOR2008,0607,0607 Plant Biology,FOR,3006,Food sciences,group,False,derived_empirical,0.003,"derived via ARC ERA journal crosswalk: 352 shared-journal vote(s) over 230 FOR2008-classified journal(s), 1 agreeing"
FOR2008,0607,0607 Plant Biology,FOR,4101,Climate change impacts and adaptation,group,False,derived_empirical,0.003,"derived via ARC ERA journal crosswalk: 352 shared-journal vote(s) over 230 FOR2008-classified journal(s), 1 agreeing"
FOR2008,0607,0607 Plant Biology,FOR,4016,Materials engineering,group,False,derived_empirical,0.003,"derived via ARC ERA journal crosswalk: 352 shared-journal vote(s) over 230 FOR2008-classified journal(s), 1 agreeing"
FOR2008,0607,0607 Plant Biology,FOR,3708,Oceanography,group,False,derived_empirical,0.003,"derived via ARC ERA journal crosswalk: 352 shared-journal vote(s) over 230 FOR2008-classified journal(s), 1 agreeing"
FOR2008,0607,0607 Plant Biology,FOR,3102,Bioinformatics and computational biology,group,False,derived_empirical,0.003,"derived via ARC ERA journal crosswalk: 352 shared-journal vote(s) over 230 FOR2008-classified journal(s), 1 agreeing"
FOR2008,0607,0607 Plant Biology,FOR,3205,Medical biochemistry and metabolomics,group,False,derived_empirical,0.003,"derived via ARC ERA journal crosswalk: 352 shared-journal vote(s) over 230 FOR2008-classified journal(s), 1 agreeing"
FOR2008,0607,0607 Plant Biology,FOR,4004,Chemical engineering,group,False,derived_empirical,0.003,"derived via ARC ERA journal crosswalk: 352 shared-journal vote(s) over 230 FOR2008-classified journal(s), 1 agreeing"
FOR2008,0607,0607 Plant Biology,FOR,3106,Industrial biotechnology,group,False,derived_empirical,0.003,"derived via ARC ERA journal crosswalk: 352 shared-journal vote(s) over 230 FOR2008-classified journal(s), 1 agreeing"
FOR2008,0607,0607 Plant Biology,FOR,3404,Medicinal and biomolecular chemistry,group,False,derived_empirical,0.006,"derived via ARC ERA journal crosswalk: 352 shared-journal vote(s) over 230 FOR2008-classified journal(s), 2 agreeing"
FOR2008,0607,0607 Plant Biology,FOR,3705,Geology,group,False,derived_empirical,0.003,"derived via ARC ERA journal crosswalk: 352 shared-journal vote(s) over 230 FOR2008-classified journal(s), 1 agreeing"
FOR2008,0607,0607 Plant Biology,FOR,3002,"Agriculture, land and farm management",group,False,derived_empirical,0.006,"derived via ARC ERA journal crosswalk: 352 shared-journal vote(s) over 230 FOR2008-classified journal(s), 2 agreeing"
FOR2008,0607,0607 Plant Biology,FOR,3008,Horticultural production,group,False,derived_empirical,0.014,"derived via ARC ERA journal crosswalk: 352 shared-journal vote(s) over 230 FOR2008-classified journal(s), 5 agreeing"
FOR2008,0607,0607 Plant Biology,FOR,3405,Organic chemistry,group,False,derived_empirical,0.014,"derived via ARC ERA journal crosswalk: 352 shared-journal vote(s) over 230 FOR2008-classified journal(s), 5 agreeing"
FOR2008,0607,0607 Plant Biology,FOR,3109,Zoology,group,False,derived_empirical,0.011,"derived via ARC ERA journal crosswalk: 352 shared-journal vote(s) over 230 FOR2008-classified journal(s), 4 agreeing"
FOR2008,0607,0607 Plant Biology,FOR,3108,Plant biology,group,True,derived_empirical,0.46,"derived via ARC ERA journal crosswalk: 352 shared-journal vote(s) over 230 FOR2008-classified journal(s), 162 agreeing"
FOR2008,0607,0607 Plant Biology,FOR,3103,Ecology,group,False,derived_empirical,0.099,"derived via ARC ERA journal crosswalk: 352 shared-journal vote(s) over 230 FOR2008-classified journal(s), 35 agreeing"
FOR2008,0607,0607 Plant Biology,FOR,3104,Evolutionary biology,group,False,derived_empirical,0.077,"derived via ARC ERA journal crosswalk: 352 shared-journal vote(s) over 230 FOR2008-classified journal(s), 27 agreeing"
FOR2008,0607,0607 Plant Biology,FOR,3107,Microbiology,group,False,derived_empirical,0.06,"derived via ARC ERA journal crosswalk: 352 shared-journal vote(s) over 230 FOR2008-classified journal(s), 21 agreeing"
FOR2008,0607,0607 Plant Biology,FOR,3004,Crop and pasture production,group,False,derived_empirical,0.054,"derived via ARC ERA journal crosswalk: 352 shared-journal vote(s) over 230 FOR2008-classified journal(s), 19 agreeing"
FOR2008,0607,0607 Plant Biology,FOR,3101,Biochemistry and cell biology,group,False,derived_empirical,0.026,"derived via ARC ERA journal crosswalk: 352 shared-journal vote(s) over 230 FOR2008-classified journal(s), 9 agreeing"
FOR2008,0607,0607 Plant Biology,FOR,3001,Agricultural biotechnology,group,False,derived_empirical,0.028,"derived via ARC ERA journal crosswalk: 352 shared-journal vote(s) over 230 FOR2008-classified journal(s), 10 agreeing"
FOR2008,0607,0607 Plant Biology,FOR,4106,Soil sciences,group,False,derived_empirical,0.026,"derived via ARC ERA journal crosswalk: 352 shared-journal vote(s) over 230 FOR2008-classified journal(s), 9 agreeing"
FOR2008,0607,0607 Plant Biology,FOR,3214,Pharmacology and pharmaceutical sciences,group,False,derived_empirical,0.02,"derived via ARC ERA journal crosswalk: 352 shared-journal vote(s) over 230 FOR2008-classified journal(s), 7 agreeing"
FOR2008,0607,0607 Plant Biology,FOR,3007,Forestry sciences,group,False,derived_empirical,0.017,"derived via ARC ERA journal crosswalk: 352 shared-journal vote(s) over 230 FOR2008-classified journal(s), 6 agreeing"
FOR2008,0607,0607 Plant Biology,FOR,4208,"Traditional, complementary and integrative medicine",group,False,derived_empirical,0.014,"derived via ARC ERA journal crosswalk: 352 shared-journal vote(s) over 230 FOR2008-classified journal(s), 5 agreeing"
FOR2008,0607,0607 Plant Biology,FOR,3105,Genetics,group,False,derived_empirical,0.031,"derived via ARC ERA journal crosswalk: 352 shared-journal vote(s) over 230 FOR2008-classified journal(s), 11 agreeing"
FOR2008,0608,0608 Zoology,FOR,3108,Plant biology,group,False,derived_empirical,0.002,"derived via ARC ERA journal crosswalk: 420 shared-journal vote(s) over 289 FOR2008-classified journal(s), 1 agreeing"
FOR2008,0608,0608 Zoology,FOR,3215,Reproductive medicine,group,False,derived_empirical,0.002,"derived via ARC ERA journal crosswalk: 420 shared-journal vote(s) over 289 FOR2008-classified journal(s), 1 agreeing"
FOR2008,0608,0608 Zoology,FOR,3204,Immunology,group,False,derived_empirical,0.002,"derived via ARC ERA journal crosswalk: 420 shared-journal vote(s) over 289 FOR2008-classified journal(s), 1 agreeing"
FOR2008,0608,0608 Zoology,FOR,3708,Oceanography,group,False,derived_empirical,0.002,"derived via ARC ERA journal crosswalk: 420 shared-journal vote(s) over 289 FOR2008-classified journal(s), 1 agreeing"
FOR2008,0608,0608 Zoology,FOR,4207,Sports science and exercise,group,False,derived_empirical,0.002,"derived via ARC ERA journal crosswalk: 420 shared-journal vote(s) over 289 FOR2008-classified journal(s), 1 agreeing"
FOR2008,0608,0608 Zoology,FOR,4301,Archaeology,group,False,derived_empirical,0.002,"derived via ARC ERA journal crosswalk: 420 shared-journal vote(s) over 289 FOR2008-classified journal(s), 1 agreeing"
FOR2008,0608,0608 Zoology,FOR,4401,Anthropology,group,False,derived_empirical,0.002,"derived via ARC ERA journal crosswalk: 420 shared-journal vote(s) over 289 FOR2008-classified journal(s), 1 agreeing"
FOR2008,0608,0608 Zoology,FOR,4408,Political science,group,False,derived_empirical,0.002,"derived via ARC ERA journal crosswalk: 420 shared-journal vote(s) over 289 FOR2008-classified journal(s), 1 agreeing"
FOR2008,0608,0608 Zoology,FOR,4201,Allied health and rehabilitation science,group,False,derived_empirical,0.002,"derived via ARC ERA journal crosswalk: 420 shared-journal vote(s) over 289 FOR2008-classified journal(s), 1 agreeing"
FOR2008,0608,0608 Zoology,FOR,3006,Food sciences,group,False,derived_empirical,0.002,"derived via ARC ERA journal crosswalk: 420 shared-journal vote(s) over 289 FOR2008-classified journal(s), 1 agreeing"
FOR2008,0608,0608 Zoology,FOR,5204,Cognitive and computational psychology,group,False,derived_empirical,0.002,"derived via ARC ERA journal crosswalk: 420 shared-journal vote(s) over 289 FOR2008-classified journal(s), 1 agreeing"
FOR2008,0608,0608 Zoology,FOR,3202,Clinical sciences,group,False,derived_empirical,0.007,"derived via ARC ERA journal crosswalk: 420 shared-journal vote(s) over 289 FOR2008-classified journal(s), 3 agreeing"
FOR2008,0608,0608 Zoology,FOR,3209,Neurosciences,group,False,derived_empirical,0.005,"derived via ARC ERA journal crosswalk: 420 shared-journal vote(s) over 289 FOR2008-classified journal(s), 2 agreeing"
FOR2008,0608,0608 Zoology,FOR,3101,Biochemistry and cell biology,group,False,derived_empirical,0.01,"derived via ARC ERA journal crosswalk: 420 shared-journal vote(s) over 289 FOR2008-classified journal(s), 4 agreeing"
FOR2008,0608,0608 Zoology,FOR,4104,Environmental management,group,False,derived_empirical,0.012,"derived via ARC ERA journal crosswalk: 420 shared-journal vote(s) over 289 FOR2008-classified journal(s), 5 agreeing"
FOR2008,0608,0608 Zoology,FOR,3107,Microbiology,group,False,derived_empirical,0.012,"derived via ARC ERA journal crosswalk: 420 shared-journal vote(s) over 289 FOR2008-classified journal(s), 5 agreeing"
FOR2008,0608,0608 Zoology,FOR,4102,Ecological applications,group,False,derived_empirical,0.019,"derived via ARC ERA journal crosswalk: 420 shared-journal vote(s) over 289 FOR2008-classified journal(s), 8 agreeing"
FOR2008,0608,0608 Zoology,FOR,3003,Animal production,group,False,derived_empirical,0.024,"derived via ARC ERA journal crosswalk: 420 shared-journal vote(s) over 289 FOR2008-classified journal(s), 10 agreeing"
FOR2008,0608,0608 Zoology,FOR,3005,Fisheries sciences,group,False,derived_empirical,0.031,"derived via ARC ERA journal crosswalk: 420 shared-journal vote(s) over 289 FOR2008-classified journal(s), 13 agreeing"
FOR2008,0608,0608 Zoology,FOR,3104,Evolutionary biology,group,False,derived_empirical,0.062,"derived via ARC ERA journal crosswalk: 420 shared-journal vote(s) over 289 FOR2008-classified journal(s), 26 agreeing"
FOR2008,0608,0608 Zoology,FOR,3009,Veterinary sciences,group,False,derived_empirical,0.071,"derived via ARC ERA journal crosswalk: 420 shared-journal vote(s) over 289 FOR2008-classified journal(s), 30 agreeing"
FOR2008,0608,0608 Zoology,FOR,3103,Ecology,group,False,derived_empirical,0.155,"derived via ARC ERA journal crosswalk: 420 shared-journal vote(s) over 289 FOR2008-classified journal(s), 65 agreeing"
FOR2008,0608,0608 Zoology,FOR,3109,Zoology,group,True,derived_empirical,0.548,"derived via ARC ERA journal crosswalk: 420 shared-journal vote(s) over 289 FOR2008-classified journal(s), 230 agreeing"
FOR2008,0608,0608 Zoology,FOR,3208,Medical physiology,group,False,derived_empirical,0.005,"derived via ARC ERA journal crosswalk: 420 shared-journal vote(s) over 289 FOR2008-classified journal(s), 2 agreeing"
FOR2008,0608,0608 Zoology,FOR,3105,Genetics,group,False,derived_empirical,0.012,"derived via ARC ERA journal crosswalk: 420 shared-journal vote(s) over 289 FOR2008-classified journal(s), 5 agreeing"
FOR2008,0608,0608 Zoology,FOR,3203,Dentistry,group,False,derived_empirical,0.002,"derived via ARC ERA journal crosswalk: 420 shared-journal vote(s) over 289 FOR2008-classified journal(s), 1 agreeing"
FOR2008,0699,0699 Other Biological Sciences,FOR,3101,Biochemistry and cell biology,group,True,derived_empirical,0.162,"derived via ARC ERA journal crosswalk: 37 shared-journal vote(s) over 24 FOR2008-classified journal(s), 6 agreeing"
FOR2008,0699,0699 Other Biological Sciences,FOR,4401,Anthropology,group,False,derived_empirical,0.027,"derived via ARC ERA journal crosswalk: 37 shared-journal vote(s) over 24 FOR2008-classified journal(s), 1 agreeing"
FOR2008,0699,0699 Other Biological Sciences,FOR,4301,Archaeology,group,False,derived_empirical,0.027,"derived via ARC ERA journal crosswalk: 37 shared-journal vote(s) over 24 FOR2008-classified journal(s), 1 agreeing"
FOR2008,0699,0699 Other Biological Sciences,FOR,4003,Biomedical engineering,group,False,derived_empirical,0.027,"derived via ARC ERA journal crosswalk: 37 shared-journal vote(s) over 24 FOR2008-classified journal(s), 1 agreeing"
FOR2008,0699,0699 Other Biological Sciences,FOR,3206,Medical biotechnology,group,False,derived_empirical,0.027,"derived via ARC ERA journal crosswalk: 37 shared-journal vote(s) over 24 FOR2008-classified journal(s), 1 agreeing"
FOR2008,0699,0699 Other Biological Sciences,FOR,3106,Industrial biotechnology,group,False,derived_empirical,0.027,"derived via ARC ERA journal crosswalk: 37 shared-journal vote(s) over 24 FOR2008-classified journal(s), 1 agreeing"
FOR2008,0699,0699 Other Biological Sciences,FOR,4406,Human geography,group,False,derived_empirical,0.027,"derived via ARC ERA journal crosswalk: 37 shared-journal vote(s) over 24 FOR2008-classified journal(s), 1 agreeing"
FOR2008,0699,0699 Other Biological Sciences,FOR,3709,Physical geography and environmental geoscience,group,False,derived_empirical,0.027,"derived via ARC ERA journal crosswalk: 37 shared-journal vote(s) over 24 FOR2008-classified journal(s), 1 agreeing"
FOR2008,0699,0699 Other Biological Sciences,FOR,3003,Animal production,group,False,derived_empirical,0.027,"derived via ARC ERA journal crosswalk: 37 shared-journal vote(s) over 24 FOR2008-classified journal(s), 1 agreeing"
FOR2008,0699,0699 Other Biological Sciences,FOR,3404,Medicinal and biomolecular chemistry,group,False,derived_empirical,0.027,"derived via ARC ERA journal crosswalk: 37 shared-journal vote(s) over 24 FOR2008-classified journal(s), 1 agreeing"
FOR2008,0699,0699 Other Biological Sciences,FOR,3009,Veterinary sciences,group,False,derived_empirical,0.027,"derived via ARC ERA journal crosswalk: 37 shared-journal vote(s) over 24 FOR2008-classified journal(s), 1 agreeing"
FOR2008,0699,0699 Other Biological Sciences,FOR,3202,Clinical sciences,group,False,derived_empirical,0.027,"derived via ARC ERA journal crosswalk: 37 shared-journal vote(s) over 24 FOR2008-classified journal(s), 1 agreeing"
FOR2008,0699,0699 Other Biological Sciences,FOR,4102,Ecological applications,group,False,derived_empirical,0.027,"derived via ARC ERA journal crosswalk: 37 shared-journal vote(s) over 24 FOR2008-classified journal(s), 1 agreeing"
FOR2008,0699,0699 Other Biological Sciences,FOR,4402,Criminology,group,False,derived_empirical,0.027,"derived via ARC ERA journal crosswalk: 37 shared-journal vote(s) over 24 FOR2008-classified journal(s), 1 agreeing"
FOR2008,0699,0699 Other Biological Sciences,FOR,3107,Microbiology,group,False,derived_empirical,0.054,"derived via ARC ERA journal crosswalk: 37 shared-journal vote(s) over 24 FOR2008-classified journal(s), 2 agreeing"
FOR2008,0699,0699 Other Biological Sciences,FOR,4104,Environmental management,group,False,derived_empirical,0.054,"derived via ARC ERA journal crosswalk: 37 shared-journal vote(s) over 24 FOR2008-classified journal(s), 2 agreeing"
FOR2008,0699,0699 Other Biological Sciences,FOR,3103,Ecology,group,False,derived_empirical,0.054,"derived via ARC ERA journal crosswalk: 37 shared-journal vote(s) over 24 FOR2008-classified journal(s), 2 agreeing"
FOR2008,0699,0699 Other Biological Sciences,FOR,3499,Other chemical sciences,group,False,derived_empirical,0.081,"derived via ARC ERA journal crosswalk: 37 shared-journal vote(s) over 24 FOR2008-classified journal(s), 3 agreeing"
FOR2008,0699,0699 Other Biological Sciences,FOR,3109,Zoology,group,False,derived_empirical,0.108,"derived via ARC ERA journal crosswalk: 37 shared-journal vote(s) over 24 FOR2008-classified journal(s), 4 agreeing"
FOR2008,0699,0699 Other Biological Sciences,FOR,3005,Fisheries sciences,group,False,derived_empirical,0.027,"derived via ARC ERA journal crosswalk: 37 shared-journal vote(s) over 24 FOR2008-classified journal(s), 1 agreeing"
FOR2008,0699,0699 Other Biological Sciences,FOR,3199,Other biological sciences,group,False,derived_empirical,0.108,"derived via ARC ERA journal crosswalk: 37 shared-journal vote(s) over 24 FOR2008-classified journal(s), 4 agreeing"
FOR2008,07,07 Agriculture and Veterinary Sciences,FOR,30,"AGRICULTURAL, VETERINARY AND FOOD SCIENCES",division,True,derived_empirical,0.419,"derived via ARC ERA journal crosswalk: 472 shared-journal vote(s) over 794 FOR2008-classified journal(s), 198 agreeing"
FOR2008,07,07 Agriculture and Veterinary Sciences,FOR,31,BIOLOGICAL SCIENCES,division,False,derived_empirical,0.263,"derived via ARC ERA journal crosswalk: 472 shared-journal vote(s) over 794 FOR2008-classified journal(s), 124 agreeing"
FOR2008,07,07 Agriculture and Veterinary Sciences,FOR,41,ENVIRONMENTAL SCIENCES,division,False,derived_empirical,0.157,"derived via ARC ERA journal crosswalk: 472 shared-journal vote(s) over 794 FOR2008-classified journal(s), 74 agreeing"
FOR2008,07,07 Agriculture and Veterinary Sciences,FOR,32,BIOMEDICAL AND CLINICAL SCIENCES,division,False,derived_empirical,0.068,"derived via ARC ERA journal crosswalk: 472 shared-journal vote(s) over 794 FOR2008-classified journal(s), 32 agreeing"
FOR2008,07,07 Agriculture and Veterinary Sciences,FOR,40,ENGINEERING,division,False,derived_empirical,0.03,"derived via ARC ERA journal crosswalk: 472 shared-journal vote(s) over 794 FOR2008-classified journal(s), 14 agreeing"
FOR2008,07,07 Agriculture and Veterinary Sciences,FOR,37,EARTH SCIENCES,division,False,derived_empirical,0.021,"derived via ARC ERA journal crosswalk: 472 shared-journal vote(s) over 794 FOR2008-classified journal(s), 10 agreeing"
FOR2008,07,07 Agriculture and Veterinary Sciences,FOR,44,HUMAN SOCIETY,division,False,derived_empirical,0.017,"derived via ARC ERA journal crosswalk: 472 shared-journal vote(s) over 794 FOR2008-classified journal(s), 8 agreeing"
FOR2008,07,07 Agriculture and Veterinary Sciences,FOR,52,PSYCHOLOGY,division,False,derived_empirical,0.008,"derived via ARC ERA journal crosswalk: 472 shared-journal vote(s) over 794 FOR2008-classified journal(s), 4 agreeing"
FOR2008,07,07 Agriculture and Veterinary Sciences,FOR,34,CHEMICAL SCIENCES,division,False,derived_empirical,0.008,"derived via ARC ERA journal crosswalk: 472 shared-journal vote(s) over 794 FOR2008-classified journal(s), 4 agreeing"
FOR2008,07,07 Agriculture and Veterinary Sciences,FOR,42,HEALTH SCIENCES,division,False,derived_empirical,0.004,"derived via ARC ERA journal crosswalk: 472 shared-journal vote(s) over 794 FOR2008-classified journal(s), 2 agreeing"
FOR2008,07,07 Agriculture and Veterinary Sciences,FOR,46,INFORMATION AND COMPUTING SCIENCES,division,False,derived_empirical,0.004,"derived via ARC ERA journal crosswalk: 472 shared-journal vote(s) over 794 FOR2008-classified journal(s), 2 agreeing"
FOR2008,0701,"0701 Agriculture, Land and Farm Management",FOR,3001,Agricultural biotechnology,group,False,derived_empirical,0.02,"derived via ARC ERA journal crosswalk: 50 shared-journal vote(s) over 30 FOR2008-classified journal(s), 1 agreeing"
FOR2008,0701,"0701 Agriculture, Land and Farm Management",FOR,4202,Epidemiology,group,False,derived_empirical,0.02,"derived via ARC ERA journal crosswalk: 50 shared-journal vote(s) over 30 FOR2008-classified journal(s), 1 agreeing"
FOR2008,0701,"0701 Agriculture, Land and Farm Management",FOR,4206,Public health,group,False,derived_empirical,0.02,"derived via ARC ERA journal crosswalk: 50 shared-journal vote(s) over 30 FOR2008-classified journal(s), 1 agreeing"
FOR2008,0701,"0701 Agriculture, Land and Farm Management",FOR,3701,Atmospheric sciences,group,False,derived_empirical,0.02,"derived via ARC ERA journal crosswalk: 50 shared-journal vote(s) over 30 FOR2008-classified journal(s), 1 agreeing"
FOR2008,0701,"0701 Agriculture, Land and Farm Management",FOR,3702,Climate change science,group,False,derived_empirical,0.02,"derived via ARC ERA journal crosswalk: 50 shared-journal vote(s) over 30 FOR2008-classified journal(s), 1 agreeing"
FOR2008,0701,"0701 Agriculture, Land and Farm Management",FOR,3003,Animal production,group,False,derived_empirical,0.02,"derived via ARC ERA journal crosswalk: 50 shared-journal vote(s) over 30 FOR2008-classified journal(s), 1 agreeing"
FOR2008,0701,"0701 Agriculture, Land and Farm Management",FOR,3899,Other economics,group,False,derived_empirical,0.02,"derived via ARC ERA journal crosswalk: 50 shared-journal vote(s) over 30 FOR2008-classified journal(s), 1 agreeing"
FOR2008,0701,"0701 Agriculture, Land and Farm Management",FOR,3509,"Transportation, logistics and supply chains",group,False,derived_empirical,0.02,"derived via ARC ERA journal crosswalk: 50 shared-journal vote(s) over 30 FOR2008-classified journal(s), 1 agreeing"
FOR2008,0701,"0701 Agriculture, Land and Farm Management",FOR,4408,Political science,group,False,derived_empirical,0.02,"derived via ARC ERA journal crosswalk: 50 shared-journal vote(s) over 30 FOR2008-classified journal(s), 1 agreeing"
FOR2008,0701,"0701 Agriculture, Land and Farm Management",FOR,3009,Veterinary sciences,group,False,derived_empirical,0.02,"derived via ARC ERA journal crosswalk: 50 shared-journal vote(s) over 30 FOR2008-classified journal(s), 1 agreeing"
FOR2008,0701,"0701 Agriculture, Land and Farm Management",FOR,3008,Horticultural production,group,False,derived_empirical,0.02,"derived via ARC ERA journal crosswalk: 50 shared-journal vote(s) over 30 FOR2008-classified journal(s), 1 agreeing"
FOR2008,0701,"0701 Agriculture, Land and Farm Management",FOR,3506,Marketing,group,False,derived_empirical,0.02,"derived via ARC ERA journal crosswalk: 50 shared-journal vote(s) over 30 FOR2008-classified journal(s), 1 agreeing"
FOR2008,0701,"0701 Agriculture, Land and Farm Management",FOR,3103,Ecology,group,False,derived_empirical,0.02,"derived via ARC ERA journal crosswalk: 50 shared-journal vote(s) over 30 FOR2008-classified journal(s), 1 agreeing"
FOR2008,0701,"0701 Agriculture, Land and Farm Management",FOR,4406,Human geography,group,False,derived_empirical,0.02,"derived via ARC ERA journal crosswalk: 50 shared-journal vote(s) over 30 FOR2008-classified journal(s), 1 agreeing"
FOR2008,0701,"0701 Agriculture, Land and Farm Management",FOR,3709,Physical geography and environmental geoscience,group,False,derived_empirical,0.02,"derived via ARC ERA journal crosswalk: 50 shared-journal vote(s) over 30 FOR2008-classified journal(s), 1 agreeing"
FOR2008,0701,"0701 Agriculture, Land and Farm Management",FOR,3904,Specialist studies in education,group,False,derived_empirical,0.02,"derived via ARC ERA journal crosswalk: 50 shared-journal vote(s) over 30 FOR2008-classified journal(s), 1 agreeing"
FOR2008,0701,"0701 Agriculture, Land and Farm Management",FOR,3004,Crop and pasture production,group,False,derived_empirical,0.1,"derived via ARC ERA journal crosswalk: 50 shared-journal vote(s) over 30 FOR2008-classified journal(s), 5 agreeing"
FOR2008,0701,"0701 Agriculture, Land and Farm Management",FOR,3801,Applied economics,group,False,derived_empirical,0.08,"derived via ARC ERA journal crosswalk: 50 shared-journal vote(s) over 30 FOR2008-classified journal(s), 4 agreeing"
FOR2008,0701,"0701 Agriculture, Land and Farm Management",FOR,3108,Plant biology,group,False,derived_empirical,0.06,"derived via ARC ERA journal crosswalk: 50 shared-journal vote(s) over 30 FOR2008-classified journal(s), 3 agreeing"
FOR2008,0701,"0701 Agriculture, Land and Farm Management",FOR,4104,Environmental management,group,False,derived_empirical,0.06,"derived via ARC ERA journal crosswalk: 50 shared-journal vote(s) over 30 FOR2008-classified journal(s), 3 agreeing"
FOR2008,0701,"0701 Agriculture, Land and Farm Management",FOR,3002,"Agriculture, land and farm management",group,True,derived_empirical,0.18,"derived via ARC ERA journal crosswalk: 50 shared-journal vote(s) over 30 FOR2008-classified journal(s), 9 agreeing"
FOR2008,0701,"0701 Agriculture, Land and Farm Management",FOR,4404,Development studies,group,False,derived_empirical,0.04,"derived via ARC ERA journal crosswalk: 50 shared-journal vote(s) over 30 FOR2008-classified journal(s), 2 agreeing"
FOR2008,0701,"0701 Agriculture, Land and Farm Management",FOR,3304,Urban and regional planning,group,False,derived_empirical,0.04,"derived via ARC ERA journal crosswalk: 50 shared-journal vote(s) over 30 FOR2008-classified journal(s), 2 agreeing"
FOR2008,0701,"0701 Agriculture, Land and Farm Management",FOR,3109,Zoology,group,False,derived_empirical,0.04,"derived via ARC ERA journal crosswalk: 50 shared-journal vote(s) over 30 FOR2008-classified journal(s), 2 agreeing"
FOR2008,0701,"0701 Agriculture, Land and Farm Management",FOR,4099,Other engineering,group,False,derived_empirical,0.02,"derived via ARC ERA journal crosswalk: 50 shared-journal vote(s) over 30 FOR2008-classified journal(s), 1 agreeing"
FOR2008,0701,"0701 Agriculture, Land and Farm Management",FOR,4106,Soil sciences,group,False,derived_empirical,0.04,"derived via ARC ERA journal crosswalk: 50 shared-journal vote(s) over 30 FOR2008-classified journal(s), 2 agreeing"
FOR2008,0701,"0701 Agriculture, Land and Farm Management",FOR,4005,Civil engineering,group,False,derived_empirical,0.02,"derived via ARC ERA journal crosswalk: 50 shared-journal vote(s) over 30 FOR2008-classified journal(s), 1 agreeing"
FOR2008,0702,0702 Animal Production,FOR,3202,Clinical sciences,group,False,derived_empirical,0.012,"derived via ARC ERA journal crosswalk: 86 shared-journal vote(s) over 52 FOR2008-classified journal(s), 1 agreeing"
FOR2008,0702,0702 Animal Production,FOR,4004,Chemical engineering,group,False,derived_empirical,0.012,"derived via ARC ERA journal crosswalk: 86 shared-journal vote(s) over 52 FOR2008-classified journal(s), 1 agreeing"
FOR2008,0702,0702 Animal Production,FOR,3105,Genetics,group,False,derived_empirical,0.012,"derived via ARC ERA journal crosswalk: 86 shared-journal vote(s) over 52 FOR2008-classified journal(s), 1 agreeing"
FOR2008,0702,0702 Animal Production,FOR,3102,Bioinformatics and computational biology,group,False,derived_empirical,0.012,"derived via ARC ERA journal crosswalk: 86 shared-journal vote(s) over 52 FOR2008-classified journal(s), 1 agreeing"
FOR2008,0702,0702 Animal Production,FOR,3210,Nutrition and dietetics,group,False,derived_empirical,0.047,"derived via ARC ERA journal crosswalk: 86 shared-journal vote(s) over 52 FOR2008-classified journal(s), 4 agreeing"
FOR2008,0702,0702 Animal Production,FOR,3109,Zoology,group,False,derived_empirical,0.105,"derived via ARC ERA journal crosswalk: 86 shared-journal vote(s) over 52 FOR2008-classified journal(s), 9 agreeing"
FOR2008,0702,0702 Animal Production,FOR,3006,Food sciences,group,False,derived_empirical,0.105,"derived via ARC ERA journal crosswalk: 86 shared-journal vote(s) over 52 FOR2008-classified journal(s), 9 agreeing"
FOR2008,0702,0702 Animal Production,FOR,3009,Veterinary sciences,group,False,derived_empirical,0.221,"derived via ARC ERA journal crosswalk: 86 shared-journal vote(s) over 52 FOR2008-classified journal(s), 19 agreeing"
FOR2008,0702,0702 Animal Production,FOR,3003,Animal production,group,True,derived_empirical,0.477,"derived via ARC ERA journal crosswalk: 86 shared-journal vote(s) over 52 FOR2008-classified journal(s), 41 agreeing"
FOR2008,0703,0703 Crop and Pasture Production,FOR,3004,Crop and pasture production,group,True,derived_empirical,0.319,"derived via ARC ERA journal crosswalk: 188 shared-journal vote(s) over 112 FOR2008-classified journal(s), 60 agreeing"
FOR2008,0703,0703 Crop and Pasture Production,FOR,4014,Manufacturing engineering,group,False,derived_empirical,0.005,"derived via ARC ERA journal crosswalk: 188 shared-journal vote(s) over 112 FOR2008-classified journal(s), 1 agreeing"
FOR2008,0703,0703 Crop and Pasture Production,FOR,3106,Industrial biotechnology,group,False,derived_empirical,0.005,"derived via ARC ERA journal crosswalk: 188 shared-journal vote(s) over 112 FOR2008-classified journal(s), 1 agreeing"
FOR2008,0703,0703 Crop and Pasture Production,FOR,3104,Evolutionary biology,group,False,derived_empirical,0.005,"derived via ARC ERA journal crosswalk: 188 shared-journal vote(s) over 112 FOR2008-classified journal(s), 1 agreeing"
FOR2008,0703,0703 Crop and Pasture Production,FOR,3103,Ecology,group,False,derived_empirical,0.005,"derived via ARC ERA journal crosswalk: 188 shared-journal vote(s) over 112 FOR2008-classified journal(s), 1 agreeing"
FOR2008,0703,0703 Crop and Pasture Production,FOR,3707,Hydrology,group,False,derived_empirical,0.005,"derived via ARC ERA journal crosswalk: 188 shared-journal vote(s) over 112 FOR2008-classified journal(s), 1 agreeing"
FOR2008,0703,0703 Crop and Pasture Production,FOR,4017,Mechanical engineering,group,False,derived_empirical,0.005,"derived via ARC ERA journal crosswalk: 188 shared-journal vote(s) over 112 FOR2008-classified journal(s), 1 agreeing"
FOR2008,0703,0703 Crop and Pasture Production,FOR,3401,Analytical chemistry,group,False,derived_empirical,0.005,"derived via ARC ERA journal crosswalk: 188 shared-journal vote(s) over 112 FOR2008-classified journal(s), 1 agreeing"
FOR2008,0703,0703 Crop and Pasture Production,FOR,3101,Biochemistry and cell biology,group,False,derived_empirical,0.011,"derived via ARC ERA journal crosswalk: 188 shared-journal vote(s) over 112 FOR2008-classified journal(s), 2 agreeing"
FOR2008,0703,0703 Crop and Pasture Production,FOR,4104,Environmental management,group,False,derived_empirical,0.011,"derived via ARC ERA journal crosswalk: 188 shared-journal vote(s) over 112 FOR2008-classified journal(s), 2 agreeing"
FOR2008,0703,0703 Crop and Pasture Production,FOR,3105,Genetics,group,False,derived_empirical,0.011,"derived via ARC ERA journal crosswalk: 188 shared-journal vote(s) over 112 FOR2008-classified journal(s), 2 agreeing"
FOR2008,0703,0703 Crop and Pasture Production,FOR,4004,Chemical engineering,group,False,derived_empirical,0.016,"derived via ARC ERA journal crosswalk: 188 shared-journal vote(s) over 112 FOR2008-classified journal(s), 3 agreeing"
FOR2008,0703,0703 Crop and Pasture Production,FOR,3006,Food sciences,group,False,derived_empirical,0.021,"derived via ARC ERA journal crosswalk: 188 shared-journal vote(s) over 112 FOR2008-classified journal(s), 4 agreeing"
FOR2008,0703,0703 Crop and Pasture Production,FOR,3008,Horticultural production,group,False,derived_empirical,0.027,"derived via ARC ERA journal crosswalk: 188 shared-journal vote(s) over 112 FOR2008-classified journal(s), 5 agreeing"
FOR2008,0703,0703 Crop and Pasture Production,FOR,3002,"Agriculture, land and farm management",group,False,derived_empirical,0.064,"derived via ARC ERA journal crosswalk: 188 shared-journal vote(s) over 112 FOR2008-classified journal(s), 12 agreeing"
FOR2008,0703,0703 Crop and Pasture Production,FOR,3001,Agricultural biotechnology,group,False,derived_empirical,0.064,"derived via ARC ERA journal crosswalk: 188 shared-journal vote(s) over 112 FOR2008-classified journal(s), 12 agreeing"
FOR2008,0703,0703 Crop and Pasture Production,FOR,3107,Microbiology,group,False,derived_empirical,0.064,"derived via ARC ERA journal crosswalk: 188 shared-journal vote(s) over 112 FOR2008-classified journal(s), 12 agreeing"
FOR2008,0703,0703 Crop and Pasture Production,FOR,4106,Soil sciences,group,False,derived_empirical,0.074,"derived via ARC ERA journal crosswalk: 188 shared-journal vote(s) over 112 FOR2008-classified journal(s), 14 agreeing"
FOR2008,0703,0703 Crop and Pasture Production,FOR,3108,Plant biology,group,False,derived_empirical,0.266,"derived via ARC ERA journal crosswalk: 188 shared-journal vote(s) over 112 FOR2008-classified journal(s), 50 agreeing"
FOR2008,0703,0703 Crop and Pasture Production,FOR,3109,Zoology,group,False,derived_empirical,0.016,"derived via ARC ERA journal crosswalk: 188 shared-journal vote(s) over 112 FOR2008-classified journal(s), 3 agreeing"
FOR2008,0704,0704 Fisheries Sciences,FOR,3105,Genetics,group,False,derived_empirical,0.011,"derived via ARC ERA journal crosswalk: 94 shared-journal vote(s) over 60 FOR2008-classified journal(s), 1 agreeing"
FOR2008,0704,0704 Fisheries Sciences,FOR,3708,Oceanography,group,False,derived_empirical,0.021,"derived via ARC ERA journal crosswalk: 94 shared-journal vote(s) over 60 FOR2008-classified journal(s), 2 agreeing"
FOR2008,0704,0704 Fisheries Sciences,FOR,3108,Plant biology,group,False,derived_empirical,0.021,"derived via ARC ERA journal crosswalk: 94 shared-journal vote(s) over 60 FOR2008-classified journal(s), 2 agreeing"
FOR2008,0704,0704 Fisheries Sciences,FOR,4015,Maritime engineering,group,False,derived_empirical,0.011,"derived via ARC ERA journal crosswalk: 94 shared-journal vote(s) over 60 FOR2008-classified journal(s), 1 agreeing"
FOR2008,0704,0704 Fisheries Sciences,FOR,4105,Pollution and contamination,group,False,derived_empirical,0.011,"derived via ARC ERA journal crosswalk: 94 shared-journal vote(s) over 60 FOR2008-classified journal(s), 1 agreeing"
FOR2008,0704,0704 Fisheries Sciences,FOR,3801,Applied economics,group,False,derived_empirical,0.011,"derived via ARC ERA journal crosswalk: 94 shared-journal vote(s) over 60 FOR2008-classified journal(s), 1 agreeing"
FOR2008,0704,0704 Fisheries Sciences,FOR,3109,Zoology,group,False,derived_empirical,0.096,"derived via ARC ERA journal crosswalk: 94 shared-journal vote(s) over 60 FOR2008-classified journal(s), 9 agreeing"
FOR2008,0704,0704 Fisheries Sciences,FOR,3009,Veterinary sciences,group,False,derived_empirical,0.096,"derived via ARC ERA journal crosswalk: 94 shared-journal vote(s) over 60 FOR2008-classified journal(s), 9 agreeing"
FOR2008,0704,0704 Fisheries Sciences,FOR,3103,Ecology,group,False,derived_empirical,0.149,"derived via ARC ERA journal crosswalk: 94 shared-journal vote(s) over 60 FOR2008-classified journal(s), 14 agreeing"
FOR2008,0704,0704 Fisheries Sciences,FOR,3005,Fisheries sciences,group,True,derived_empirical,0.521,"derived via ARC ERA journal crosswalk: 94 shared-journal vote(s) over 60 FOR2008-classified journal(s), 49 agreeing"
FOR2008,0704,0704 Fisheries Sciences,FOR,3106,Industrial biotechnology,group,False,derived_empirical,0.021,"derived via ARC ERA journal crosswalk: 94 shared-journal vote(s) over 60 FOR2008-classified journal(s), 2 agreeing"
FOR2008,0704,0704 Fisheries Sciences,FOR,4104,Environmental management,group,False,derived_empirical,0.032,"derived via ARC ERA journal crosswalk: 94 shared-journal vote(s) over 60 FOR2008-classified journal(s), 3 agreeing"
FOR2008,0705,0705 Forestry Sciences,FOR,3108,Plant biology,group,False,derived_empirical,0.064,"derived via ARC ERA journal crosswalk: 94 shared-journal vote(s) over 69 FOR2008-classified journal(s), 6 agreeing"
FOR2008,0705,0705 Forestry Sciences,FOR,3103,Ecology,group,False,derived_empirical,0.064,"derived via ARC ERA journal crosswalk: 94 shared-journal vote(s) over 69 FOR2008-classified journal(s), 6 agreeing"
FOR2008,0705,0705 Forestry Sciences,FOR,4004,Chemical engineering,group,False,derived_empirical,0.032,"derived via ARC ERA journal crosswalk: 94 shared-journal vote(s) over 69 FOR2008-classified journal(s), 3 agreeing"
FOR2008,0705,0705 Forestry Sciences,FOR,3899,Other economics,group,False,derived_empirical,0.011,"derived via ARC ERA journal crosswalk: 94 shared-journal vote(s) over 69 FOR2008-classified journal(s), 1 agreeing"
FOR2008,0705,0705 Forestry Sciences,FOR,4102,Ecological applications,group,False,derived_empirical,0.011,"derived via ARC ERA journal crosswalk: 94 shared-journal vote(s) over 69 FOR2008-classified journal(s), 1 agreeing"
FOR2008,0705,0705 Forestry Sciences,FOR,3006,Food sciences,group,False,derived_empirical,0.011,"derived via ARC ERA journal crosswalk: 94 shared-journal vote(s) over 69 FOR2008-classified journal(s), 1 agreeing"
FOR2008,0705,0705 Forestry Sciences,FOR,4101,Climate change impacts and adaptation,group,False,derived_empirical,0.011,"derived via ARC ERA journal crosswalk: 94 shared-journal vote(s) over 69 FOR2008-classified journal(s), 1 agreeing"
FOR2008,0705,0705 Forestry Sciences,FOR,4408,Political science,group,False,derived_empirical,0.011,"derived via ARC ERA journal crosswalk: 94 shared-journal vote(s) over 69 FOR2008-classified journal(s), 1 agreeing"
FOR2008,0705,0705 Forestry Sciences,FOR,3105,Genetics,group,False,derived_empirical,0.021,"derived via ARC ERA journal crosswalk: 94 shared-journal vote(s) over 69 FOR2008-classified journal(s), 2 agreeing"
FOR2008,0705,0705 Forestry Sciences,FOR,3801,Applied economics,group,False,derived_empirical,0.032,"derived via ARC ERA journal crosswalk: 94 shared-journal vote(s) over 69 FOR2008-classified journal(s), 3 agreeing"
FOR2008,0705,0705 Forestry Sciences,FOR,4406,Human geography,group,False,derived_empirical,0.032,"derived via ARC ERA journal crosswalk: 94 shared-journal vote(s) over 69 FOR2008-classified journal(s), 3 agreeing"
FOR2008,0705,0705 Forestry Sciences,FOR,4104,Environmental management,group,False,derived_empirical,0.053,"derived via ARC ERA journal crosswalk: 94 shared-journal vote(s) over 69 FOR2008-classified journal(s), 5 agreeing"
FOR2008,0705,0705 Forestry Sciences,FOR,4303,Historical studies,group,False,derived_empirical,0.011,"derived via ARC ERA journal crosswalk: 94 shared-journal vote(s) over 69 FOR2008-classified journal(s), 1 agreeing"
FOR2008,0705,0705 Forestry Sciences,FOR,4016,Materials engineering,group,False,derived_empirical,0.053,"derived via ARC ERA journal crosswalk: 94 shared-journal vote(s) over 69 FOR2008-classified journal(s), 5 agreeing"
FOR2008,0705,0705 Forestry Sciences,FOR,3007,Forestry sciences,group,True,derived_empirical,0.585,"derived via ARC ERA journal crosswalk: 94 shared-journal vote(s) over 69 FOR2008-classified journal(s), 55 agreeing"
FOR2008,0706,0706 Horticultural Production,FOR,3008,Horticultural production,group,True,derived_empirical,0.4,"derived via ARC ERA journal crosswalk: 60 shared-journal vote(s) over 31 FOR2008-classified journal(s), 24 agreeing"
FOR2008,0706,0706 Horticultural Production,FOR,3004,Crop and pasture production,group,False,derived_empirical,0.117,"derived via ARC ERA journal crosswalk: 60 shared-journal vote(s) over 31 FOR2008-classified journal(s), 7 agreeing"
FOR2008,0706,0706 Horticultural Production,FOR,3001,Agricultural biotechnology,group,False,derived_empirical,0.083,"derived via ARC ERA journal crosswalk: 60 shared-journal vote(s) over 31 FOR2008-classified journal(s), 5 agreeing"
FOR2008,0706,0706 Horticultural Production,FOR,3006,Food sciences,group,False,derived_empirical,0.067,"derived via ARC ERA journal crosswalk: 60 shared-journal vote(s) over 31 FOR2008-classified journal(s), 4 agreeing"
FOR2008,0706,0706 Horticultural Production,FOR,3502,"Banking, finance and investment",group,False,derived_empirical,0.017,"derived via ARC ERA journal crosswalk: 60 shared-journal vote(s) over 31 FOR2008-classified journal(s), 1 agreeing"
FOR2008,0706,0706 Horticultural Production,FOR,3506,Marketing,group,False,derived_empirical,0.017,"derived via ARC ERA journal crosswalk: 60 shared-journal vote(s) over 31 FOR2008-classified journal(s), 1 agreeing"
FOR2008,0706,0706 Horticultural Production,FOR,3801,Applied economics,group,False,derived_empirical,0.017,"derived via ARC ERA journal crosswalk: 60 shared-journal vote(s) over 31 FOR2008-classified journal(s), 1 agreeing"
FOR2008,0706,0706 Horticultural Production,FOR,3108,Plant biology,group,False,derived_empirical,0.283,"derived via ARC ERA journal crosswalk: 60 shared-journal vote(s) over 31 FOR2008-classified journal(s), 17 agreeing"
FOR2008,0707,0707 Veterinary Sciences,FOR,3003,Animal production,group,False,derived_empirical,0.112,"derived via ARC ERA journal crosswalk: 187 shared-journal vote(s) over 146 FOR2008-classified journal(s), 21 agreeing"
FOR2008,0707,0707 Veterinary Sciences,FOR,3109,Zoology,group,False,derived_empirical,0.102,"derived via ARC ERA journal crosswalk: 187 shared-journal vote(s) over 146 FOR2008-classified journal(s), 19 agreeing"
FOR2008,0707,0707 Veterinary Sciences,FOR,3107,Microbiology,group,False,derived_empirical,0.07,"derived via ARC ERA journal crosswalk: 187 shared-journal vote(s) over 146 FOR2008-classified journal(s), 13 agreeing"
FOR2008,0707,0707 Veterinary Sciences,FOR,3202,Clinical sciences,group,False,derived_empirical,0.016,"derived via ARC ERA journal crosswalk: 187 shared-journal vote(s) over 146 FOR2008-classified journal(s), 3 agreeing"
FOR2008,0707,0707 Veterinary Sciences,FOR,3903,Education systems,group,False,derived_empirical,0.005,"derived via ARC ERA journal crosswalk: 187 shared-journal vote(s) over 146 FOR2008-classified journal(s), 1 agreeing"
FOR2008,0707,0707 Veterinary Sciences,FOR,3204,Immunology,group,False,derived_empirical,0.005,"derived via ARC ERA journal crosswalk: 187 shared-journal vote(s) over 146 FOR2008-classified journal(s), 1 agreeing"
FOR2008,0707,0707 Veterinary Sciences,FOR,3203,Dentistry,group,False,derived_empirical,0.005,"derived via ARC ERA journal crosswalk: 187 shared-journal vote(s) over 146 FOR2008-classified journal(s), 1 agreeing"
FOR2008,0707,0707 Veterinary Sciences,FOR,3215,Reproductive medicine,group,False,derived_empirical,0.005,"derived via ARC ERA journal crosswalk: 187 shared-journal vote(s) over 146 FOR2008-classified journal(s), 1 agreeing"
FOR2008,0707,0707 Veterinary Sciences,FOR,3105,Genetics,group,False,derived_empirical,0.005,"derived via ARC ERA journal crosswalk: 187 shared-journal vote(s) over 146 FOR2008-classified journal(s), 1 agreeing"
FOR2008,0707,0707 Veterinary Sciences,FOR,4202,Epidemiology,group,False,derived_empirical,0.005,"derived via ARC ERA journal crosswalk: 187 shared-journal vote(s) over 146 FOR2008-classified journal(s), 1 agreeing"
FOR2008,0707,0707 Veterinary Sciences,FOR,4206,Public health,group,False,derived_empirical,0.005,"derived via ARC ERA journal crosswalk: 187 shared-journal vote(s) over 146 FOR2008-classified journal(s), 1 agreeing"
FOR2008,0707,0707 Veterinary Sciences,FOR,3103,Ecology,group,False,derived_empirical,0.005,"derived via ARC ERA journal crosswalk: 187 shared-journal vote(s) over 146 FOR2008-classified journal(s), 1 agreeing"
FOR2008,0707,0707 Veterinary Sciences,FOR,3207,Medical microbiology,group,False,derived_empirical,0.011,"derived via ARC ERA journal crosswalk: 187 shared-journal vote(s) over 146 FOR2008-classified journal(s), 2 agreeing"
FOR2008,0707,0707 Veterinary Sciences,FOR,3005,Fisheries sciences,group,False,derived_empirical,0.032,"derived via ARC ERA journal crosswalk: 187 shared-journal vote(s) over 146 FOR2008-classified journal(s), 6 agreeing"
FOR2008,0707,0707 Veterinary Sciences,FOR,3009,Veterinary sciences,group,True,derived_empirical,0.615,"derived via ARC ERA journal crosswalk: 187 shared-journal vote(s) over 146 FOR2008-classified journal(s), 115 agreeing"
FOR2008,0799,0799 Other Agricultural and Veterinary Sciences,FOR,3009,Veterinary sciences,group,False,derived_empirical,0.067,"derived via ARC ERA journal crosswalk: 15 shared-journal vote(s) over 11 FOR2008-classified journal(s), 1 agreeing"
FOR2008,0799,0799 Other Agricultural and Veterinary Sciences,FOR,4104,Environmental management,group,False,derived_empirical,0.067,"derived via ARC ERA journal crosswalk: 15 shared-journal vote(s) over 11 FOR2008-classified journal(s), 1 agreeing"
FOR2008,0799,0799 Other Agricultural and Veterinary Sciences,FOR,3709,Physical geography and environmental geoscience,group,False,derived_empirical,0.133,"derived via ARC ERA journal crosswalk: 15 shared-journal vote(s) over 11 FOR2008-classified journal(s), 2 agreeing"
FOR2008,0799,0799 Other Agricultural and Veterinary Sciences,FOR,4005,Civil engineering,group,False,derived_empirical,0.133,"derived via ARC ERA journal crosswalk: 15 shared-journal vote(s) over 11 FOR2008-classified journal(s), 2 agreeing"
FOR2008,0799,0799 Other Agricultural and Veterinary Sciences,FOR,3707,Hydrology,group,False,derived_empirical,0.2,"derived via ARC ERA journal crosswalk: 15 shared-journal vote(s) over 11 FOR2008-classified journal(s), 3 agreeing"
FOR2008,0799,0799 Other Agricultural and Veterinary Sciences,FOR,3004,Crop and pasture production,group,False,derived_empirical,0.2,"derived via ARC ERA journal crosswalk: 15 shared-journal vote(s) over 11 FOR2008-classified journal(s), 3 agreeing"
FOR2008,0799,0799 Other Agricultural and Veterinary Sciences,FOR,3002,"Agriculture, land and farm management",group,True,derived_empirical,0.2,"derived via ARC ERA journal crosswalk: 15 shared-journal vote(s) over 11 FOR2008-classified journal(s), 3 agreeing"
FOR2008,08,08 Information and Computing Sciences,FOR,40,ENGINEERING,division,False,derived_empirical,0.166,"derived via ARC ERA journal crosswalk: 422 shared-journal vote(s) over 758 FOR2008-classified journal(s), 70 agreeing"
FOR2008,08,08 Information and Computing Sciences,FOR,30,"AGRICULTURAL, VETERINARY AND FOOD SCIENCES",division,False,derived_empirical,0.002,"derived via ARC ERA journal crosswalk: 422 shared-journal vote(s) over 758 FOR2008-classified journal(s), 1 agreeing"
FOR2008,08,08 Information and Computing Sciences,FOR,47,"LANGUAGE, COMMUNICATION AND CULTURE",division,False,derived_empirical,0.002,"derived via ARC ERA journal crosswalk: 422 shared-journal vote(s) over 758 FOR2008-classified journal(s), 1 agreeing"
FOR2008,08,08 Information and Computing Sciences,FOR,39,EDUCATION,division,False,derived_empirical,0.002,"derived via ARC ERA journal crosswalk: 422 shared-journal vote(s) over 758 FOR2008-classified journal(s), 1 agreeing"
FOR2008,08,08 Information and Computing Sciences,FOR,46,INFORMATION AND COMPUTING SCIENCES,division,True,derived_empirical,0.464,"derived via ARC ERA journal crosswalk: 422 shared-journal vote(s) over 758 FOR2008-classified journal(s), 196 agreeing"
FOR2008,08,08 Information and Computing Sciences,FOR,33,BUILT ENVIRONMENT AND DESIGN,division,False,derived_empirical,0.005,"derived via ARC ERA journal crosswalk: 422 shared-journal vote(s) over 758 FOR2008-classified journal(s), 2 agreeing"
FOR2008,08,08 Information and Computing Sciences,FOR,38,ECONOMICS,division,False,derived_empirical,0.005,"derived via ARC ERA journal crosswalk: 422 shared-journal vote(s) over 758 FOR2008-classified journal(s), 2 agreeing"
FOR2008,08,08 Information and Computing Sciences,FOR,43,"HISTORY, HERITAGE AND ARCHAEOLOGY",division,False,derived_empirical,0.002,"derived via ARC ERA journal crosswalk: 422 shared-journal vote(s) over 758 FOR2008-classified journal(s), 1 agreeing"
FOR2008,08,08 Information and Computing Sciences,FOR,37,EARTH SCIENCES,division,False,derived_empirical,0.007,"derived via ARC ERA journal crosswalk: 422 shared-journal vote(s) over 758 FOR2008-classified journal(s), 3 agreeing"
FOR2008,08,08 Information and Computing Sciences,FOR,49,MATHEMATICAL SCIENCES,division,False,derived_empirical,0.154,"derived via ARC ERA journal crosswalk: 422 shared-journal vote(s) over 758 FOR2008-classified journal(s), 65 agreeing"
FOR2008,08,08 Information and Computing Sciences,FOR,31,BIOLOGICAL SCIENCES,division,False,derived_empirical,0.047,"derived via ARC ERA journal crosswalk: 422 shared-journal vote(s) over 758 FOR2008-classified journal(s), 20 agreeing"
FOR2008,08,08 Information and Computing Sciences,FOR,41,ENVIRONMENTAL SCIENCES,division,False,derived_empirical,0.005,"derived via ARC ERA journal crosswalk: 422 shared-journal vote(s) over 758 FOR2008-classified journal(s), 2 agreeing"
FOR2008,08,08 Information and Computing Sciences,FOR,52,PSYCHOLOGY,division,False,derived_empirical,0.031,"derived via ARC ERA journal crosswalk: 422 shared-journal vote(s) over 758 FOR2008-classified journal(s), 13 agreeing"
FOR2008,08,08 Information and Computing Sciences,FOR,32,BIOMEDICAL AND CLINICAL SCIENCES,division,False,derived_empirical,0.021,"derived via ARC ERA journal crosswalk: 422 shared-journal vote(s) over 758 FOR2008-classified journal(s), 9 agreeing"
FOR2008,08,08 Information and Computing Sciences,FOR,35,"COMMERCE, MANAGEMENT, TOURISM AND SERVICES",division,False,derived_empirical,0.043,"derived via ARC ERA journal crosswalk: 422 shared-journal vote(s) over 758 FOR2008-classified journal(s), 18 agreeing"
FOR2008,08,08 Information and Computing Sciences,FOR,50,PHILOSOPHY AND RELIGIOUS STUDIES,division,False,derived_empirical,0.009,"derived via ARC ERA journal crosswalk: 422 shared-journal vote(s) over 758 FOR2008-classified journal(s), 4 agreeing"
FOR2008,08,08 Information and Computing Sciences,FOR,34,CHEMICAL SCIENCES,division,False,derived_empirical,0.009,"derived via ARC ERA journal crosswalk: 422 shared-journal vote(s) over 758 FOR2008-classified journal(s), 4 agreeing"
FOR2008,08,08 Information and Computing Sciences,FOR,51,PHYSICAL SCIENCES,division,False,derived_empirical,0.007,"derived via ARC ERA journal crosswalk: 422 shared-journal vote(s) over 758 FOR2008-classified journal(s), 3 agreeing"
FOR2008,08,08 Information and Computing Sciences,FOR,44,HUMAN SOCIETY,division,False,derived_empirical,0.007,"derived via ARC ERA journal crosswalk: 422 shared-journal vote(s) over 758 FOR2008-classified journal(s), 3 agreeing"
FOR2008,08,08 Information and Computing Sciences,FOR,42,HEALTH SCIENCES,division,False,derived_empirical,0.009,"derived via ARC ERA journal crosswalk: 422 shared-journal vote(s) over 758 FOR2008-classified journal(s), 4 agreeing"
FOR2008,0801,0801 Artificial Intelligence and Image Processing,FOR,4009,"Electronics, sensors and digital hardware",group,False,derived_empirical,0.036,"derived via ARC ERA journal crosswalk: 307 shared-journal vote(s) over 209 FOR2008-classified journal(s), 11 agreeing"
FOR2008,0801,0801 Artificial Intelligence and Image Processing,FOR,5201,Applied and developmental psychology,group,False,derived_empirical,0.013,"derived via ARC ERA journal crosswalk: 307 shared-journal vote(s) over 209 FOR2008-classified journal(s), 4 agreeing"
FOR2008,0801,0801 Artificial Intelligence and Image Processing,FOR,4003,Biomedical engineering,group,False,derived_empirical,0.013,"derived via ARC ERA journal crosswalk: 307 shared-journal vote(s) over 209 FOR2008-classified journal(s), 4 agreeing"
FOR2008,0801,0801 Artificial Intelligence and Image Processing,FOR,3709,Physical geography and environmental geoscience,group,False,derived_empirical,0.013,"derived via ARC ERA journal crosswalk: 307 shared-journal vote(s) over 209 FOR2008-classified journal(s), 4 agreeing"
FOR2008,0801,0801 Artificial Intelligence and Image Processing,FOR,4704,Linguistics,group,False,derived_empirical,0.02,"derived via ARC ERA journal crosswalk: 307 shared-journal vote(s) over 209 FOR2008-classified journal(s), 6 agreeing"
FOR2008,0801,0801 Artificial Intelligence and Image Processing,FOR,4013,Geomatic engineering,group,False,derived_empirical,0.02,"derived via ARC ERA journal crosswalk: 307 shared-journal vote(s) over 209 FOR2008-classified journal(s), 6 agreeing"
FOR2008,0801,0801 Artificial Intelligence and Image Processing,FOR,5204,Cognitive and computational psychology,group,False,derived_empirical,0.023,"derived via ARC ERA journal crosswalk: 307 shared-journal vote(s) over 209 FOR2008-classified journal(s), 7 agreeing"
FOR2008,0801,0801 Artificial Intelligence and Image Processing,FOR,4601,Applied computing,group,False,derived_empirical,0.026,"derived via ARC ERA journal crosswalk: 307 shared-journal vote(s) over 209 FOR2008-classified journal(s), 8 agreeing"
FOR2008,0801,0801 Artificial Intelligence and Image Processing,FOR,4006,Communications engineering,group,False,derived_empirical,0.036,"derived via ARC ERA journal crosswalk: 307 shared-journal vote(s) over 209 FOR2008-classified journal(s), 11 agreeing"
FOR2008,0801,0801 Artificial Intelligence and Image Processing,FOR,4613,Theory of computation,group,False,derived_empirical,0.02,"derived via ARC ERA journal crosswalk: 307 shared-journal vote(s) over 209 FOR2008-classified journal(s), 6 agreeing"
FOR2008,0801,0801 Artificial Intelligence and Image Processing,FOR,4605,Data management and data science,group,False,derived_empirical,0.039,"derived via ARC ERA journal crosswalk: 307 shared-journal vote(s) over 209 FOR2008-classified journal(s), 12 agreeing"
FOR2008,0801,0801 Artificial Intelligence and Image Processing,FOR,4608,Human-centred computing,group,False,derived_empirical,0.042,"derived via ARC ERA journal crosswalk: 307 shared-journal vote(s) over 209 FOR2008-classified journal(s), 13 agreeing"
FOR2008,0801,0801 Artificial Intelligence and Image Processing,FOR,4901,Applied mathematics,group,False,derived_empirical,0.042,"derived via ARC ERA journal crosswalk: 307 shared-journal vote(s) over 209 FOR2008-classified journal(s), 13 agreeing"
FOR2008,0801,0801 Artificial Intelligence and Image Processing,FOR,4607,"Graphics, augmented reality and games",group,False,derived_empirical,0.059,"derived via ARC ERA journal crosswalk: 307 shared-journal vote(s) over 209 FOR2008-classified journal(s), 18 agreeing"
FOR2008,0801,0801 Artificial Intelligence and Image Processing,FOR,4611,Machine learning,group,False,derived_empirical,0.075,"derived via ARC ERA journal crosswalk: 307 shared-journal vote(s) over 209 FOR2008-classified journal(s), 23 agreeing"
FOR2008,0801,0801 Artificial Intelligence and Image Processing,FOR,4603,Computer vision and multimedia computation,group,False,derived_empirical,0.14,"derived via ARC ERA journal crosswalk: 307 shared-journal vote(s) over 209 FOR2008-classified journal(s), 43 agreeing"
FOR2008,0801,0801 Artificial Intelligence and Image Processing,FOR,4602,Artificial intelligence,group,True,derived_empirical,0.176,"derived via ARC ERA journal crosswalk: 307 shared-journal vote(s) over 209 FOR2008-classified journal(s), 54 agreeing"
FOR2008,0801,0801 Artificial Intelligence and Image Processing,FOR,4609,Information systems,group,False,derived_empirical,0.01,"derived via ARC ERA journal crosswalk: 307 shared-journal vote(s) over 209 FOR2008-classified journal(s), 3 agreeing"
FOR2008,0801,0801 Artificial Intelligence and Image Processing,FOR,4007,"Control engineering, mechatronics and robotics",group,False,derived_empirical,0.039,"derived via ARC ERA journal crosswalk: 307 shared-journal vote(s) over 209 FOR2008-classified journal(s), 12 agreeing"
FOR2008,0801,0801 Artificial Intelligence and Image Processing,FOR,3102,Bioinformatics and computational biology,group,False,derived_empirical,0.01,"derived via ARC ERA journal crosswalk: 307 shared-journal vote(s) over 209 FOR2008-classified journal(s), 3 agreeing"
FOR2008,0801,0801 Artificial Intelligence and Image Processing,FOR,4903,Numerical and computational mathematics,group,False,derived_empirical,0.013,"derived via ARC ERA journal crosswalk: 307 shared-journal vote(s) over 209 FOR2008-classified journal(s), 4 agreeing"
FOR2008,0801,0801 Artificial Intelligence and Image Processing,FOR,3209,Neurosciences,group,False,derived_empirical,0.01,"derived via ARC ERA journal crosswalk: 307 shared-journal vote(s) over 209 FOR2008-classified journal(s), 3 agreeing"
FOR2008,0801,0801 Artificial Intelligence and Image Processing,FOR,5202,Biological psychology,group,False,derived_empirical,0.01,"derived via ARC ERA journal crosswalk: 307 shared-journal vote(s) over 209 FOR2008-classified journal(s), 3 agreeing"
FOR2008,0801,0801 Artificial Intelligence and Image Processing,FOR,4002,Automotive engineering,group,False,derived_empirical,0.003,"derived via ARC ERA journal crosswalk: 307 shared-journal vote(s) over 209 FOR2008-classified journal(s), 1 agreeing"
FOR2008,0801,0801 Artificial Intelligence and Image Processing,FOR,4604,Cybersecurity and privacy,group,False,derived_empirical,0.003,"derived via ARC ERA journal crosswalk: 307 shared-journal vote(s) over 209 FOR2008-classified journal(s), 1 agreeing"
FOR2008,0801,0801 Artificial Intelligence and Image Processing,FOR,3505,Human resources and industrial relations,group,False,derived_empirical,0.003,"derived via ARC ERA journal crosswalk: 307 shared-journal vote(s) over 209 FOR2008-classified journal(s), 1 agreeing"
FOR2008,0801,0801 Artificial Intelligence and Image Processing,FOR,5102,"Atomic, molecular and optical physics",group,False,derived_empirical,0.003,"derived via ARC ERA journal crosswalk: 307 shared-journal vote(s) over 209 FOR2008-classified journal(s), 1 agreeing"
FOR2008,0801,0801 Artificial Intelligence and Image Processing,FOR,3509,"Transportation, logistics and supply chains",group,False,derived_empirical,0.003,"derived via ARC ERA journal crosswalk: 307 shared-journal vote(s) over 209 FOR2008-classified journal(s), 1 agreeing"
FOR2008,0801,0801 Artificial Intelligence and Image Processing,FOR,4005,Civil engineering,group,False,derived_empirical,0.003,"derived via ARC ERA journal crosswalk: 307 shared-journal vote(s) over 209 FOR2008-classified journal(s), 1 agreeing"
FOR2008,0801,0801 Artificial Intelligence and Image Processing,FOR,3303,Design,group,False,derived_empirical,0.003,"derived via ARC ERA journal crosswalk: 307 shared-journal vote(s) over 209 FOR2008-classified journal(s), 1 agreeing"
FOR2008,0801,0801 Artificial Intelligence and Image Processing,FOR,3214,Pharmacology and pharmaceutical sciences,group,False,derived_empirical,0.003,"derived via ARC ERA journal crosswalk: 307 shared-journal vote(s) over 209 FOR2008-classified journal(s), 1 agreeing"
FOR2008,0801,0801 Artificial Intelligence and Image Processing,FOR,3707,Hydrology,group,False,derived_empirical,0.003,"derived via ARC ERA journal crosswalk: 307 shared-journal vote(s) over 209 FOR2008-classified journal(s), 1 agreeing"
FOR2008,0801,0801 Artificial Intelligence and Image Processing,FOR,3606,Visual arts,group,False,derived_empirical,0.003,"derived via ARC ERA journal crosswalk: 307 shared-journal vote(s) over 209 FOR2008-classified journal(s), 1 agreeing"
FOR2008,0801,0801 Artificial Intelligence and Image Processing,FOR,3109,Zoology,group,False,derived_empirical,0.003,"derived via ARC ERA journal crosswalk: 307 shared-journal vote(s) over 209 FOR2008-classified journal(s), 1 agreeing"
FOR2008,0801,0801 Artificial Intelligence and Image Processing,FOR,3507,"Strategy, management and organisational behaviour",group,False,derived_empirical,0.003,"derived via ARC ERA journal crosswalk: 307 shared-journal vote(s) over 209 FOR2008-classified journal(s), 1 agreeing"
FOR2008,0801,0801 Artificial Intelligence and Image Processing,FOR,3503,Business systems in context,group,False,derived_empirical,0.003,"derived via ARC ERA journal crosswalk: 307 shared-journal vote(s) over 209 FOR2008-classified journal(s), 1 agreeing"
FOR2008,0801,0801 Artificial Intelligence and Image Processing,FOR,5101,Astronomical sciences,group,False,derived_empirical,0.003,"derived via ARC ERA journal crosswalk: 307 shared-journal vote(s) over 209 FOR2008-classified journal(s), 1 agreeing"
FOR2008,0801,0801 Artificial Intelligence and Image Processing,FOR,5003,Philosophy,group,False,derived_empirical,0.003,"derived via ARC ERA journal crosswalk: 307 shared-journal vote(s) over 209 FOR2008-classified journal(s), 1 agreeing"
FOR2008,0801,0801 Artificial Intelligence and Image Processing,FOR,4606,Distributed computing and systems software,group,False,derived_empirical,0.01,"derived via ARC ERA journal crosswalk: 307 shared-journal vote(s) over 209 FOR2008-classified journal(s), 3 agreeing"
FOR2008,0801,0801 Artificial Intelligence and Image Processing,FOR,4014,Manufacturing engineering,group,False,derived_empirical,0.003,"derived via ARC ERA journal crosswalk: 307 shared-journal vote(s) over 209 FOR2008-classified journal(s), 1 agreeing"
FOR2008,0801,0801 Artificial Intelligence and Image Processing,FOR,4905,Statistics,group,False,derived_empirical,0.007,"derived via ARC ERA journal crosswalk: 307 shared-journal vote(s) over 209 FOR2008-classified journal(s), 2 agreeing"
FOR2008,0801,0801 Artificial Intelligence and Image Processing,FOR,5205,Social and personality psychology,group,False,derived_empirical,0.007,"derived via ARC ERA journal crosswalk: 307 shared-journal vote(s) over 209 FOR2008-classified journal(s), 2 agreeing"
FOR2008,0801,0801 Artificial Intelligence and Image Processing,FOR,3704,Geoinformatics,group,False,derived_empirical,0.007,"derived via ARC ERA journal crosswalk: 307 shared-journal vote(s) over 209 FOR2008-classified journal(s), 2 agreeing"
FOR2008,0801,0801 Artificial Intelligence and Image Processing,FOR,4612,Software engineering,group,False,derived_empirical,0.007,"derived via ARC ERA journal crosswalk: 307 shared-journal vote(s) over 209 FOR2008-classified journal(s), 2 agreeing"
FOR2008,0801,0801 Artificial Intelligence and Image Processing,FOR,4904,Pure mathematics,group,False,derived_empirical,0.007,"derived via ARC ERA journal crosswalk: 307 shared-journal vote(s) over 209 FOR2008-classified journal(s), 2 agreeing"
FOR2008,0801,0801 Artificial Intelligence and Image Processing,FOR,4408,Political science,group,False,derived_empirical,0.007,"derived via ARC ERA journal crosswalk: 307 shared-journal vote(s) over 209 FOR2008-classified journal(s), 2 agreeing"
FOR2008,0801,0801 Artificial Intelligence and Image Processing,FOR,3903,Education systems,group,False,derived_empirical,0.003,"derived via ARC ERA journal crosswalk: 307 shared-journal vote(s) over 209 FOR2008-classified journal(s), 1 agreeing"
FOR2008,0801,0801 Artificial Intelligence and Image Processing,FOR,5002,History and philosophy of specific fields,group,False,derived_empirical,0.003,"derived via ARC ERA journal crosswalk: 307 shared-journal vote(s) over 209 FOR2008-classified journal(s), 1 agreeing"
FOR2008,0801,0801 Artificial Intelligence and Image Processing,FOR,3904,Specialist studies in education,group,False,derived_empirical,0.003,"derived via ARC ERA journal crosswalk: 307 shared-journal vote(s) over 209 FOR2008-classified journal(s), 1 agreeing"
FOR2008,0801,0801 Artificial Intelligence and Image Processing,FOR,4008,Electrical engineering,group,False,derived_empirical,0.007,"derived via ARC ERA journal crosswalk: 307 shared-journal vote(s) over 209 FOR2008-classified journal(s), 2 agreeing"
FOR2008,0802,0802 Computation Theory and Mathematics,FOR,5108,Quantum physics,group,False,derived_empirical,0.006,"derived via ARC ERA journal crosswalk: 177 shared-journal vote(s) over 116 FOR2008-classified journal(s), 1 agreeing"
FOR2008,0802,0802 Computation Theory and Mathematics,FOR,3105,Genetics,group,False,derived_empirical,0.011,"derived via ARC ERA journal crosswalk: 177 shared-journal vote(s) over 116 FOR2008-classified journal(s), 2 agreeing"
FOR2008,0802,0802 Computation Theory and Mathematics,FOR,3404,Medicinal and biomolecular chemistry,group,False,derived_empirical,0.011,"derived via ARC ERA journal crosswalk: 177 shared-journal vote(s) over 116 FOR2008-classified journal(s), 2 agreeing"
FOR2008,0802,0802 Computation Theory and Mathematics,FOR,4611,Machine learning,group,False,derived_empirical,0.011,"derived via ARC ERA journal crosswalk: 177 shared-journal vote(s) over 116 FOR2008-classified journal(s), 2 agreeing"
FOR2008,0802,0802 Computation Theory and Mathematics,FOR,3802,Econometrics,group,False,derived_empirical,0.006,"derived via ARC ERA journal crosswalk: 177 shared-journal vote(s) over 116 FOR2008-classified journal(s), 1 agreeing"
FOR2008,0802,0802 Computation Theory and Mathematics,FOR,4006,Communications engineering,group,False,derived_empirical,0.006,"derived via ARC ERA journal crosswalk: 177 shared-journal vote(s) over 116 FOR2008-classified journal(s), 1 agreeing"
FOR2008,0802,0802 Computation Theory and Mathematics,FOR,3509,"Transportation, logistics and supply chains",group,False,derived_empirical,0.006,"derived via ARC ERA journal crosswalk: 177 shared-journal vote(s) over 116 FOR2008-classified journal(s), 1 agreeing"
FOR2008,0802,0802 Computation Theory and Mathematics,FOR,4009,"Electronics, sensors and digital hardware",group,False,derived_empirical,0.006,"derived via ARC ERA journal crosswalk: 177 shared-journal vote(s) over 116 FOR2008-classified journal(s), 1 agreeing"
FOR2008,0802,0802 Computation Theory and Mathematics,FOR,5003,Philosophy,group,False,derived_empirical,0.006,"derived via ARC ERA journal crosswalk: 177 shared-journal vote(s) over 116 FOR2008-classified journal(s), 1 agreeing"
FOR2008,0802,0802 Computation Theory and Mathematics,FOR,3706,Geophysics,group,False,derived_empirical,0.006,"derived via ARC ERA journal crosswalk: 177 shared-journal vote(s) over 116 FOR2008-classified journal(s), 1 agreeing"
FOR2008,0802,0802 Computation Theory and Mathematics,FOR,3407,Theoretical and computational chemistry,group,False,derived_empirical,0.006,"derived via ARC ERA journal crosswalk: 177 shared-journal vote(s) over 116 FOR2008-classified journal(s), 1 agreeing"
FOR2008,0802,0802 Computation Theory and Mathematics,FOR,3102,Bioinformatics and computational biology,group,False,derived_empirical,0.011,"derived via ARC ERA journal crosswalk: 177 shared-journal vote(s) over 116 FOR2008-classified journal(s), 2 agreeing"
FOR2008,0802,0802 Computation Theory and Mathematics,FOR,3507,"Strategy, management and organisational behaviour",group,False,derived_empirical,0.006,"derived via ARC ERA journal crosswalk: 177 shared-journal vote(s) over 116 FOR2008-classified journal(s), 1 agreeing"
FOR2008,0802,0802 Computation Theory and Mathematics,FOR,4601,Applied computing,group,False,derived_empirical,0.011,"derived via ARC ERA journal crosswalk: 177 shared-journal vote(s) over 116 FOR2008-classified journal(s), 2 agreeing"
FOR2008,0802,0802 Computation Theory and Mathematics,FOR,3101,Biochemistry and cell biology,group,False,derived_empirical,0.017,"derived via ARC ERA journal crosswalk: 177 shared-journal vote(s) over 116 FOR2008-classified journal(s), 3 agreeing"
FOR2008,0802,0802 Computation Theory and Mathematics,FOR,4607,"Graphics, augmented reality and games",group,False,derived_empirical,0.011,"derived via ARC ERA journal crosswalk: 177 shared-journal vote(s) over 116 FOR2008-classified journal(s), 2 agreeing"
FOR2008,0802,0802 Computation Theory and Mathematics,FOR,4608,Human-centred computing,group,False,derived_empirical,0.011,"derived via ARC ERA journal crosswalk: 177 shared-journal vote(s) over 116 FOR2008-classified journal(s), 2 agreeing"
FOR2008,0802,0802 Computation Theory and Mathematics,FOR,4613,Theory of computation,group,False,derived_empirical,0.175,"derived via ARC ERA journal crosswalk: 177 shared-journal vote(s) over 116 FOR2008-classified journal(s), 31 agreeing"
FOR2008,0802,0802 Computation Theory and Mathematics,FOR,4904,Pure mathematics,group,False,derived_empirical,0.096,"derived via ARC ERA journal crosswalk: 177 shared-journal vote(s) over 116 FOR2008-classified journal(s), 17 agreeing"
FOR2008,0802,0802 Computation Theory and Mathematics,FOR,4602,Artificial intelligence,group,False,derived_empirical,0.096,"derived via ARC ERA journal crosswalk: 177 shared-journal vote(s) over 116 FOR2008-classified journal(s), 17 agreeing"
FOR2008,0802,0802 Computation Theory and Mathematics,FOR,4903,Numerical and computational mathematics,group,False,derived_empirical,0.079,"derived via ARC ERA journal crosswalk: 177 shared-journal vote(s) over 116 FOR2008-classified journal(s), 14 agreeing"
FOR2008,0802,0802 Computation Theory and Mathematics,FOR,4901,Applied mathematics,group,True,derived_empirical,0.299,"derived via ARC ERA journal crosswalk: 177 shared-journal vote(s) over 116 FOR2008-classified journal(s), 53 agreeing"
FOR2008,0802,0802 Computation Theory and Mathematics,FOR,4603,Computer vision and multimedia computation,group,False,derived_empirical,0.023,"derived via ARC ERA journal crosswalk: 177 shared-journal vote(s) over 116 FOR2008-classified journal(s), 4 agreeing"
FOR2008,0802,0802 Computation Theory and Mathematics,FOR,4604,Cybersecurity and privacy,group,False,derived_empirical,0.023,"derived via ARC ERA journal crosswalk: 177 shared-journal vote(s) over 116 FOR2008-classified journal(s), 4 agreeing"
FOR2008,0802,0802 Computation Theory and Mathematics,FOR,4612,Software engineering,group,False,derived_empirical,0.017,"derived via ARC ERA journal crosswalk: 177 shared-journal vote(s) over 116 FOR2008-classified journal(s), 3 agreeing"
FOR2008,0802,0802 Computation Theory and Mathematics,FOR,4905,Statistics,group,False,derived_empirical,0.011,"derived via ARC ERA journal crosswalk: 177 shared-journal vote(s) over 116 FOR2008-classified journal(s), 2 agreeing"
FOR2008,0802,0802 Computation Theory and Mathematics,FOR,4606,Distributed computing and systems software,group,False,derived_empirical,0.034,"derived via ARC ERA journal crosswalk: 177 shared-journal vote(s) over 116 FOR2008-classified journal(s), 6 agreeing"
FOR2008,0803,0803 Computer Software,FOR,4607,"Graphics, augmented reality and games",group,False,derived_empirical,0.024,"derived via ARC ERA journal crosswalk: 85 shared-journal vote(s) over 79 FOR2008-classified journal(s), 2 agreeing"
FOR2008,0803,0803 Computer Software,FOR,3102,Bioinformatics and computational biology,group,False,derived_empirical,0.012,"derived via ARC ERA journal crosswalk: 85 shared-journal vote(s) over 79 FOR2008-classified journal(s), 1 agreeing"
FOR2008,0803,0803 Computer Software,FOR,4905,Statistics,group,False,derived_empirical,0.012,"derived via ARC ERA journal crosswalk: 85 shared-journal vote(s) over 79 FOR2008-classified journal(s), 1 agreeing"
FOR2008,0803,0803 Computer Software,FOR,5101,Astronomical sciences,group,False,derived_empirical,0.012,"derived via ARC ERA journal crosswalk: 85 shared-journal vote(s) over 79 FOR2008-classified journal(s), 1 agreeing"
FOR2008,0803,0803 Computer Software,FOR,3503,Business systems in context,group,False,derived_empirical,0.012,"derived via ARC ERA journal crosswalk: 85 shared-journal vote(s) over 79 FOR2008-classified journal(s), 1 agreeing"
FOR2008,0803,0803 Computer Software,FOR,4008,Electrical engineering,group,False,derived_empirical,0.012,"derived via ARC ERA journal crosswalk: 85 shared-journal vote(s) over 79 FOR2008-classified journal(s), 1 agreeing"
FOR2008,0803,0803 Computer Software,FOR,4603,Computer vision and multimedia computation,group,False,derived_empirical,0.024,"derived via ARC ERA journal crosswalk: 85 shared-journal vote(s) over 79 FOR2008-classified journal(s), 2 agreeing"
FOR2008,0803,0803 Computer Software,FOR,3407,Theoretical and computational chemistry,group,False,derived_empirical,0.024,"derived via ARC ERA journal crosswalk: 85 shared-journal vote(s) over 79 FOR2008-classified journal(s), 2 agreeing"
FOR2008,0803,0803 Computer Software,FOR,3406,Physical chemistry,group,False,derived_empirical,0.024,"derived via ARC ERA journal crosswalk: 85 shared-journal vote(s) over 79 FOR2008-classified journal(s), 2 agreeing"
FOR2008,0803,0803 Computer Software,FOR,4605,Data management and data science,group,False,derived_empirical,0.035,"derived via ARC ERA journal crosswalk: 85 shared-journal vote(s) over 79 FOR2008-classified journal(s), 3 agreeing"
FOR2008,0803,0803 Computer Software,FOR,4609,Information systems,group,False,derived_empirical,0.047,"derived via ARC ERA journal crosswalk: 85 shared-journal vote(s) over 79 FOR2008-classified journal(s), 4 agreeing"
FOR2008,0803,0803 Computer Software,FOR,4903,Numerical and computational mathematics,group,False,derived_empirical,0.012,"derived via ARC ERA journal crosswalk: 85 shared-journal vote(s) over 79 FOR2008-classified journal(s), 1 agreeing"
FOR2008,0803,0803 Computer Software,FOR,4601,Applied computing,group,False,derived_empirical,0.035,"derived via ARC ERA journal crosswalk: 85 shared-journal vote(s) over 79 FOR2008-classified journal(s), 3 agreeing"
FOR2008,0803,0803 Computer Software,FOR,4009,"Electronics, sensors and digital hardware",group,False,derived_empirical,0.035,"derived via ARC ERA journal crosswalk: 85 shared-journal vote(s) over 79 FOR2008-classified journal(s), 3 agreeing"
FOR2008,0803,0803 Computer Software,FOR,4608,Human-centred computing,group,False,derived_empirical,0.035,"derived via ARC ERA journal crosswalk: 85 shared-journal vote(s) over 79 FOR2008-classified journal(s), 3 agreeing"
FOR2008,0803,0803 Computer Software,FOR,4613,Theory of computation,group,False,derived_empirical,0.047,"derived via ARC ERA journal crosswalk: 85 shared-journal vote(s) over 79 FOR2008-classified journal(s), 4 agreeing"
FOR2008,0803,0803 Computer Software,FOR,4602,Artificial intelligence,group,False,derived_empirical,0.071,"derived via ARC ERA journal crosswalk: 85 shared-journal vote(s) over 79 FOR2008-classified journal(s), 6 agreeing"
FOR2008,0803,0803 Computer Software,FOR,4606,Distributed computing and systems software,group,False,derived_empirical,0.2,"derived via ARC ERA journal crosswalk: 85 shared-journal vote(s) over 79 FOR2008-classified journal(s), 17 agreeing"
FOR2008,0803,0803 Computer Software,FOR,4612,Software engineering,group,True,derived_empirical,0.235,"derived via ARC ERA journal crosswalk: 85 shared-journal vote(s) over 79 FOR2008-classified journal(s), 20 agreeing"
FOR2008,0803,0803 Computer Software,FOR,4010,Engineering practice and education,group,False,derived_empirical,0.012,"derived via ARC ERA journal crosswalk: 85 shared-journal vote(s) over 79 FOR2008-classified journal(s), 1 agreeing"
FOR2008,0803,0803 Computer Software,FOR,4901,Applied mathematics,group,False,derived_empirical,0.012,"derived via ARC ERA journal crosswalk: 85 shared-journal vote(s) over 79 FOR2008-classified journal(s), 1 agreeing"
FOR2008,0803,0803 Computer Software,FOR,4604,Cybersecurity and privacy,group,False,derived_empirical,0.035,"derived via ARC ERA journal crosswalk: 85 shared-journal vote(s) over 79 FOR2008-classified journal(s), 3 agreeing"
FOR2008,0803,0803 Computer Software,FOR,4611,Machine learning,group,False,derived_empirical,0.012,"derived via ARC ERA journal crosswalk: 85 shared-journal vote(s) over 79 FOR2008-classified journal(s), 1 agreeing"
FOR2008,0803,0803 Computer Software,FOR,4006,Communications engineering,group,False,derived_empirical,0.012,"derived via ARC ERA journal crosswalk: 85 shared-journal vote(s) over 79 FOR2008-classified journal(s), 1 agreeing"
FOR2008,0803,0803 Computer Software,FOR,3205,Medical biochemistry and metabolomics,group,False,derived_empirical,0.012,"derived via ARC ERA journal crosswalk: 85 shared-journal vote(s) over 79 FOR2008-classified journal(s), 1 agreeing"
FOR2008,0804,0804 Data Format,FOR,4611,Machine learning,group,False,derived_empirical,0.027,"derived via ARC ERA journal crosswalk: 37 shared-journal vote(s) over 39 FOR2008-classified journal(s), 1 agreeing"
FOR2008,0804,0804 Data Format,FOR,3709,Physical geography and environmental geoscience,group,False,derived_empirical,0.027,"derived via ARC ERA journal crosswalk: 37 shared-journal vote(s) over 39 FOR2008-classified journal(s), 1 agreeing"
FOR2008,0804,0804 Data Format,FOR,3704,Geoinformatics,group,False,derived_empirical,0.027,"derived via ARC ERA journal crosswalk: 37 shared-journal vote(s) over 39 FOR2008-classified journal(s), 1 agreeing"
FOR2008,0804,0804 Data Format,FOR,4610,Library and information studies,group,False,derived_empirical,0.027,"derived via ARC ERA journal crosswalk: 37 shared-journal vote(s) over 39 FOR2008-classified journal(s), 1 agreeing"
FOR2008,0804,0804 Data Format,FOR,4901,Applied mathematics,group,False,derived_empirical,0.027,"derived via ARC ERA journal crosswalk: 37 shared-journal vote(s) over 39 FOR2008-classified journal(s), 1 agreeing"
FOR2008,0804,0804 Data Format,FOR,3102,Bioinformatics and computational biology,group,False,derived_empirical,0.027,"derived via ARC ERA journal crosswalk: 37 shared-journal vote(s) over 39 FOR2008-classified journal(s), 1 agreeing"
FOR2008,0804,0804 Data Format,FOR,4605,Data management and data science,group,True,derived_empirical,0.189,"derived via ARC ERA journal crosswalk: 37 shared-journal vote(s) over 39 FOR2008-classified journal(s), 7 agreeing"
FOR2008,0804,0804 Data Format,FOR,4604,Cybersecurity and privacy,group,False,derived_empirical,0.135,"derived via ARC ERA journal crosswalk: 37 shared-journal vote(s) over 39 FOR2008-classified journal(s), 5 agreeing"
FOR2008,0804,0804 Data Format,FOR,4007,"Control engineering, mechatronics and robotics",group,False,derived_empirical,0.027,"derived via ARC ERA journal crosswalk: 37 shared-journal vote(s) over 39 FOR2008-classified journal(s), 1 agreeing"
FOR2008,0804,0804 Data Format,FOR,4606,Distributed computing and systems software,group,False,derived_empirical,0.081,"derived via ARC ERA journal crosswalk: 37 shared-journal vote(s) over 39 FOR2008-classified journal(s), 3 agreeing"
FOR2008,0804,0804 Data Format,FOR,5204,Cognitive and computational psychology,group,False,derived_empirical,0.027,"derived via ARC ERA journal crosswalk: 37 shared-journal vote(s) over 39 FOR2008-classified journal(s), 1 agreeing"
FOR2008,0804,0804 Data Format,FOR,4704,Linguistics,group,False,derived_empirical,0.027,"derived via ARC ERA journal crosswalk: 37 shared-journal vote(s) over 39 FOR2008-classified journal(s), 1 agreeing"
FOR2008,0804,0804 Data Format,FOR,4609,Information systems,group,False,derived_empirical,0.054,"derived via ARC ERA journal crosswalk: 37 shared-journal vote(s) over 39 FOR2008-classified journal(s), 2 agreeing"
FOR2008,0804,0804 Data Format,FOR,4602,Artificial intelligence,group,False,derived_empirical,0.081,"derived via ARC ERA journal crosswalk: 37 shared-journal vote(s) over 39 FOR2008-classified journal(s), 3 agreeing"
FOR2008,0804,0804 Data Format,FOR,4613,Theory of computation,group,False,derived_empirical,0.054,"derived via ARC ERA journal crosswalk: 37 shared-journal vote(s) over 39 FOR2008-classified journal(s), 2 agreeing"
FOR2008,0804,0804 Data Format,FOR,4009,"Electronics, sensors and digital hardware",group,False,derived_empirical,0.054,"derived via ARC ERA journal crosswalk: 37 shared-journal vote(s) over 39 FOR2008-classified journal(s), 2 agreeing"
FOR2008,0804,0804 Data Format,FOR,4006,Communications engineering,group,False,derived_empirical,0.054,"derived via ARC ERA journal crosswalk: 37 shared-journal vote(s) over 39 FOR2008-classified journal(s), 2 agreeing"
FOR2008,0804,0804 Data Format,FOR,4608,Human-centred computing,group,False,derived_empirical,0.054,"derived via ARC ERA journal crosswalk: 37 shared-journal vote(s) over 39 FOR2008-classified journal(s), 2 agreeing"
FOR2008,0805,0805 Distributed Computing,FOR,4605,Data management and data science,group,False,derived_empirical,0.038,"derived via ARC ERA journal crosswalk: 132 shared-journal vote(s) over 91 FOR2008-classified journal(s), 5 agreeing"
FOR2008,0805,0805 Distributed Computing,FOR,4008,Electrical engineering,group,False,derived_empirical,0.03,"derived via ARC ERA journal crosswalk: 132 shared-journal vote(s) over 91 FOR2008-classified journal(s), 4 agreeing"
FOR2008,0805,0805 Distributed Computing,FOR,4901,Applied mathematics,group,False,derived_empirical,0.023,"derived via ARC ERA journal crosswalk: 132 shared-journal vote(s) over 91 FOR2008-classified journal(s), 3 agreeing"
FOR2008,0805,0805 Distributed Computing,FOR,4602,Artificial intelligence,group,False,derived_empirical,0.023,"derived via ARC ERA journal crosswalk: 132 shared-journal vote(s) over 91 FOR2008-classified journal(s), 3 agreeing"
FOR2008,0805,0805 Distributed Computing,FOR,4608,Human-centred computing,group,False,derived_empirical,0.015,"derived via ARC ERA journal crosswalk: 132 shared-journal vote(s) over 91 FOR2008-classified journal(s), 2 agreeing"
FOR2008,0805,0805 Distributed Computing,FOR,4613,Theory of computation,group,False,derived_empirical,0.015,"derived via ARC ERA journal crosswalk: 132 shared-journal vote(s) over 91 FOR2008-classified journal(s), 2 agreeing"
FOR2008,0805,0805 Distributed Computing,FOR,4612,Software engineering,group,False,derived_empirical,0.008,"derived via ARC ERA journal crosswalk: 132 shared-journal vote(s) over 91 FOR2008-classified journal(s), 1 agreeing"
FOR2008,0805,0805 Distributed Computing,FOR,4604,Cybersecurity and privacy,group,False,derived_empirical,0.038,"derived via ARC ERA journal crosswalk: 132 shared-journal vote(s) over 91 FOR2008-classified journal(s), 5 agreeing"
FOR2008,0805,0805 Distributed Computing,FOR,4603,Computer vision and multimedia computation,group,False,derived_empirical,0.008,"derived via ARC ERA journal crosswalk: 132 shared-journal vote(s) over 91 FOR2008-classified journal(s), 1 agreeing"
FOR2008,0805,0805 Distributed Computing,FOR,3503,Business systems in context,group,False,derived_empirical,0.008,"derived via ARC ERA journal crosswalk: 132 shared-journal vote(s) over 91 FOR2008-classified journal(s), 1 agreeing"
FOR2008,0805,0805 Distributed Computing,FOR,4610,Library and information studies,group,False,derived_empirical,0.008,"derived via ARC ERA journal crosswalk: 132 shared-journal vote(s) over 91 FOR2008-classified journal(s), 1 agreeing"
FOR2008,0805,0805 Distributed Computing,FOR,4601,Applied computing,group,False,derived_empirical,0.015,"derived via ARC ERA journal crosswalk: 132 shared-journal vote(s) over 91 FOR2008-classified journal(s), 2 agreeing"
FOR2008,0805,0805 Distributed Computing,FOR,4609,Information systems,group,False,derived_empirical,0.038,"derived via ARC ERA journal crosswalk: 132 shared-journal vote(s) over 91 FOR2008-classified journal(s), 5 agreeing"
FOR2008,0805,0805 Distributed Computing,FOR,4009,"Electronics, sensors and digital hardware",group,False,derived_empirical,0.076,"derived via ARC ERA journal crosswalk: 132 shared-journal vote(s) over 91 FOR2008-classified journal(s), 10 agreeing"
FOR2008,0805,0805 Distributed Computing,FOR,4606,Distributed computing and systems software,group,True,derived_empirical,0.417,"derived via ARC ERA journal crosswalk: 132 shared-journal vote(s) over 91 FOR2008-classified journal(s), 55 agreeing"
FOR2008,0805,0805 Distributed Computing,FOR,4006,Communications engineering,group,False,derived_empirical,0.242,"derived via ARC ERA journal crosswalk: 132 shared-journal vote(s) over 91 FOR2008-classified journal(s), 32 agreeing"
FOR2008,0806,0806 Information Systems,FOR,5205,Social and personality psychology,group,False,derived_empirical,0.004,"derived via ARC ERA journal crosswalk: 238 shared-journal vote(s) over 174 FOR2008-classified journal(s), 1 agreeing"
FOR2008,0806,0806 Information Systems,FOR,4407,Policy and administration,group,False,derived_empirical,0.017,"derived via ARC ERA journal crosswalk: 238 shared-journal vote(s) over 174 FOR2008-classified journal(s), 4 agreeing"
FOR2008,0806,0806 Information Systems,FOR,4611,Machine learning,group,False,derived_empirical,0.017,"derived via ARC ERA journal crosswalk: 238 shared-journal vote(s) over 174 FOR2008-classified journal(s), 4 agreeing"
FOR2008,0806,0806 Information Systems,FOR,4601,Applied computing,group,False,derived_empirical,0.013,"derived via ARC ERA journal crosswalk: 238 shared-journal vote(s) over 174 FOR2008-classified journal(s), 3 agreeing"
FOR2008,0806,0806 Information Systems,FOR,4607,"Graphics, augmented reality and games",group,False,derived_empirical,0.008,"derived via ARC ERA journal crosswalk: 238 shared-journal vote(s) over 174 FOR2008-classified journal(s), 2 agreeing"
FOR2008,0806,0806 Information Systems,FOR,3904,Specialist studies in education,group,False,derived_empirical,0.008,"derived via ARC ERA journal crosswalk: 238 shared-journal vote(s) over 174 FOR2008-classified journal(s), 2 agreeing"
FOR2008,0806,0806 Information Systems,FOR,5201,Applied and developmental psychology,group,False,derived_empirical,0.008,"derived via ARC ERA journal crosswalk: 238 shared-journal vote(s) over 174 FOR2008-classified journal(s), 2 agreeing"
FOR2008,0806,0806 Information Systems,FOR,3303,Design,group,False,derived_empirical,0.008,"derived via ARC ERA journal crosswalk: 238 shared-journal vote(s) over 174 FOR2008-classified journal(s), 2 agreeing"
FOR2008,0806,0806 Information Systems,FOR,5204,Cognitive and computational psychology,group,False,derived_empirical,0.008,"derived via ARC ERA journal crosswalk: 238 shared-journal vote(s) over 174 FOR2008-classified journal(s), 2 agreeing"
FOR2008,0806,0806 Information Systems,FOR,3509,"Transportation, logistics and supply chains",group,False,derived_empirical,0.008,"derived via ARC ERA journal crosswalk: 238 shared-journal vote(s) over 174 FOR2008-classified journal(s), 2 agreeing"
FOR2008,0806,0806 Information Systems,FOR,4701,Communication and media studies,group,False,derived_empirical,0.008,"derived via ARC ERA journal crosswalk: 238 shared-journal vote(s) over 174 FOR2008-classified journal(s), 2 agreeing"
FOR2008,0806,0806 Information Systems,FOR,4007,"Control engineering, mechatronics and robotics",group,False,derived_empirical,0.004,"derived via ARC ERA journal crosswalk: 238 shared-journal vote(s) over 174 FOR2008-classified journal(s), 1 agreeing"
FOR2008,0806,0806 Information Systems,FOR,4410,Sociology,group,False,derived_empirical,0.004,"derived via ARC ERA journal crosswalk: 238 shared-journal vote(s) over 174 FOR2008-classified journal(s), 1 agreeing"
FOR2008,0806,0806 Information Systems,FOR,4013,Geomatic engineering,group,False,derived_empirical,0.004,"derived via ARC ERA journal crosswalk: 238 shared-journal vote(s) over 174 FOR2008-classified journal(s), 1 agreeing"
FOR2008,0806,0806 Information Systems,FOR,3304,Urban and regional planning,group,False,derived_empirical,0.004,"derived via ARC ERA journal crosswalk: 238 shared-journal vote(s) over 174 FOR2008-classified journal(s), 1 agreeing"
FOR2008,0806,0806 Information Systems,FOR,4903,Numerical and computational mathematics,group,False,derived_empirical,0.004,"derived via ARC ERA journal crosswalk: 238 shared-journal vote(s) over 174 FOR2008-classified journal(s), 1 agreeing"
FOR2008,0806,0806 Information Systems,FOR,3302,Building,group,False,derived_empirical,0.004,"derived via ARC ERA journal crosswalk: 238 shared-journal vote(s) over 174 FOR2008-classified journal(s), 1 agreeing"
FOR2008,0806,0806 Information Systems,FOR,4010,Engineering practice and education,group,False,derived_empirical,0.004,"derived via ARC ERA journal crosswalk: 238 shared-journal vote(s) over 174 FOR2008-classified journal(s), 1 agreeing"
FOR2008,0806,0806 Information Systems,FOR,3903,Education systems,group,False,derived_empirical,0.004,"derived via ARC ERA journal crosswalk: 238 shared-journal vote(s) over 174 FOR2008-classified journal(s), 1 agreeing"
FOR2008,0806,0806 Information Systems,FOR,3301,Architecture,group,False,derived_empirical,0.004,"derived via ARC ERA journal crosswalk: 238 shared-journal vote(s) over 174 FOR2008-classified journal(s), 1 agreeing"
FOR2008,0806,0806 Information Systems,FOR,3407,Theoretical and computational chemistry,group,False,derived_empirical,0.004,"derived via ARC ERA journal crosswalk: 238 shared-journal vote(s) over 174 FOR2008-classified journal(s), 1 agreeing"
FOR2008,0806,0806 Information Systems,FOR,3406,Physical chemistry,group,False,derived_empirical,0.004,"derived via ARC ERA journal crosswalk: 238 shared-journal vote(s) over 174 FOR2008-classified journal(s), 1 agreeing"
FOR2008,0806,0806 Information Systems,FOR,4302,"Heritage, archive and museum studies",group,False,derived_empirical,0.004,"derived via ARC ERA journal crosswalk: 238 shared-journal vote(s) over 174 FOR2008-classified journal(s), 1 agreeing"
FOR2008,0806,0806 Information Systems,FOR,4408,Political science,group,False,derived_empirical,0.004,"derived via ARC ERA journal crosswalk: 238 shared-journal vote(s) over 174 FOR2008-classified journal(s), 1 agreeing"
FOR2008,0806,0806 Information Systems,FOR,4006,Communications engineering,group,False,derived_empirical,0.017,"derived via ARC ERA journal crosswalk: 238 shared-journal vote(s) over 174 FOR2008-classified journal(s), 4 agreeing"
FOR2008,0806,0806 Information Systems,FOR,3501,"Accounting, auditing and accountability",group,False,derived_empirical,0.004,"derived via ARC ERA journal crosswalk: 238 shared-journal vote(s) over 174 FOR2008-classified journal(s), 1 agreeing"
FOR2008,0806,0806 Information Systems,FOR,3105,Genetics,group,False,derived_empirical,0.004,"derived via ARC ERA journal crosswalk: 238 shared-journal vote(s) over 174 FOR2008-classified journal(s), 1 agreeing"
FOR2008,0806,0806 Information Systems,FOR,3801,Applied economics,group,False,derived_empirical,0.004,"derived via ARC ERA journal crosswalk: 238 shared-journal vote(s) over 174 FOR2008-classified journal(s), 1 agreeing"
FOR2008,0806,0806 Information Systems,FOR,4402,Criminology,group,False,derived_empirical,0.004,"derived via ARC ERA journal crosswalk: 238 shared-journal vote(s) over 174 FOR2008-classified journal(s), 1 agreeing"
FOR2008,0806,0806 Information Systems,FOR,4206,Public health,group,False,derived_empirical,0.017,"derived via ARC ERA journal crosswalk: 238 shared-journal vote(s) over 174 FOR2008-classified journal(s), 4 agreeing"
FOR2008,0806,0806 Information Systems,FOR,3709,Physical geography and environmental geoscience,group,False,derived_empirical,0.004,"derived via ARC ERA journal crosswalk: 238 shared-journal vote(s) over 174 FOR2008-classified journal(s), 1 agreeing"
FOR2008,0806,0806 Information Systems,FOR,3506,Marketing,group,False,derived_empirical,0.021,"derived via ARC ERA journal crosswalk: 238 shared-journal vote(s) over 174 FOR2008-classified journal(s), 5 agreeing"
FOR2008,0806,0806 Information Systems,FOR,4901,Applied mathematics,group,False,derived_empirical,0.021,"derived via ARC ERA journal crosswalk: 238 shared-journal vote(s) over 174 FOR2008-classified journal(s), 5 agreeing"
FOR2008,0806,0806 Information Systems,FOR,4609,Information systems,group,True,derived_empirical,0.214,"derived via ARC ERA journal crosswalk: 238 shared-journal vote(s) over 174 FOR2008-classified journal(s), 51 agreeing"
FOR2008,0806,0806 Information Systems,FOR,3503,Business systems in context,group,False,derived_empirical,0.113,"derived via ARC ERA journal crosswalk: 238 shared-journal vote(s) over 174 FOR2008-classified journal(s), 27 agreeing"
FOR2008,0806,0806 Information Systems,FOR,4610,Library and information studies,group,False,derived_empirical,0.088,"derived via ARC ERA journal crosswalk: 238 shared-journal vote(s) over 174 FOR2008-classified journal(s), 21 agreeing"
FOR2008,0806,0806 Information Systems,FOR,4608,Human-centred computing,group,False,derived_empirical,0.055,"derived via ARC ERA journal crosswalk: 238 shared-journal vote(s) over 174 FOR2008-classified journal(s), 13 agreeing"
FOR2008,0806,0806 Information Systems,FOR,4606,Distributed computing and systems software,group,False,derived_empirical,0.046,"derived via ARC ERA journal crosswalk: 238 shared-journal vote(s) over 174 FOR2008-classified journal(s), 11 agreeing"
FOR2008,0806,0806 Information Systems,FOR,4005,Civil engineering,group,False,derived_empirical,0.004,"derived via ARC ERA journal crosswalk: 238 shared-journal vote(s) over 174 FOR2008-classified journal(s), 1 agreeing"
FOR2008,0806,0806 Information Systems,FOR,4203,Health services and systems,group,False,derived_empirical,0.038,"derived via ARC ERA journal crosswalk: 238 shared-journal vote(s) over 174 FOR2008-classified journal(s), 9 agreeing"
FOR2008,0806,0806 Information Systems,FOR,4009,"Electronics, sensors and digital hardware",group,False,derived_empirical,0.021,"derived via ARC ERA journal crosswalk: 238 shared-journal vote(s) over 174 FOR2008-classified journal(s), 5 agreeing"
FOR2008,0806,0806 Information Systems,FOR,4612,Software engineering,group,False,derived_empirical,0.025,"derived via ARC ERA journal crosswalk: 238 shared-journal vote(s) over 174 FOR2008-classified journal(s), 6 agreeing"
FOR2008,0806,0806 Information Systems,FOR,4605,Data management and data science,group,False,derived_empirical,0.046,"derived via ARC ERA journal crosswalk: 238 shared-journal vote(s) over 174 FOR2008-classified journal(s), 11 agreeing"
FOR2008,0806,0806 Information Systems,FOR,4603,Computer vision and multimedia computation,group,False,derived_empirical,0.029,"derived via ARC ERA journal crosswalk: 238 shared-journal vote(s) over 174 FOR2008-classified journal(s), 7 agreeing"
FOR2008,0806,0806 Information Systems,FOR,3507,"Strategy, management and organisational behaviour",group,False,derived_empirical,0.034,"derived via ARC ERA journal crosswalk: 238 shared-journal vote(s) over 174 FOR2008-classified journal(s), 8 agreeing"
FOR2008,0806,0806 Information Systems,FOR,4602,Artificial intelligence,group,False,derived_empirical,0.025,"derived via ARC ERA journal crosswalk: 238 shared-journal vote(s) over 174 FOR2008-classified journal(s), 6 agreeing"
FOR2008,0807,0807 Library and Information Studies,FOR,4701,Communication and media studies,group,False,derived_empirical,0.026,"derived via ARC ERA journal crosswalk: 115 shared-journal vote(s) over 84 FOR2008-classified journal(s), 3 agreeing"
FOR2008,0807,0807 Library and Information Studies,FOR,4605,Data management and data science,group,False,derived_empirical,0.026,"derived via ARC ERA journal crosswalk: 115 shared-journal vote(s) over 84 FOR2008-classified journal(s), 3 agreeing"
FOR2008,0807,0807 Library and Information Studies,FOR,4407,Policy and administration,group,False,derived_empirical,0.026,"derived via ARC ERA journal crosswalk: 115 shared-journal vote(s) over 84 FOR2008-classified journal(s), 3 agreeing"
FOR2008,0807,0807 Library and Information Studies,FOR,4410,Sociology,group,False,derived_empirical,0.017,"derived via ARC ERA journal crosswalk: 115 shared-journal vote(s) over 84 FOR2008-classified journal(s), 2 agreeing"
FOR2008,0807,0807 Library and Information Studies,FOR,4302,"Heritage, archive and museum studies",group,False,derived_empirical,0.017,"derived via ARC ERA journal crosswalk: 115 shared-journal vote(s) over 84 FOR2008-classified journal(s), 2 agreeing"
FOR2008,0807,0807 Library and Information Studies,FOR,4205,Nursing,group,False,derived_empirical,0.017,"derived via ARC ERA journal crosswalk: 115 shared-journal vote(s) over 84 FOR2008-classified journal(s), 2 agreeing"
FOR2008,0807,0807 Library and Information Studies,FOR,4901,Applied mathematics,group,False,derived_empirical,0.009,"derived via ARC ERA journal crosswalk: 115 shared-journal vote(s) over 84 FOR2008-classified journal(s), 1 agreeing"
FOR2008,0807,0807 Library and Information Studies,FOR,3602,Creative and professional writing,group,False,derived_empirical,0.009,"derived via ARC ERA journal crosswalk: 115 shared-journal vote(s) over 84 FOR2008-classified journal(s), 1 agreeing"
FOR2008,0807,0807 Library and Information Studies,FOR,4603,Computer vision and multimedia computation,group,False,derived_empirical,0.009,"derived via ARC ERA journal crosswalk: 115 shared-journal vote(s) over 84 FOR2008-classified journal(s), 1 agreeing"
FOR2008,0807,0807 Library and Information Studies,FOR,5001,Applied ethics,group,False,derived_empirical,0.009,"derived via ARC ERA journal crosswalk: 115 shared-journal vote(s) over 84 FOR2008-classified journal(s), 1 agreeing"
FOR2008,0807,0807 Library and Information Studies,FOR,3904,Specialist studies in education,group,False,derived_empirical,0.009,"derived via ARC ERA journal crosswalk: 115 shared-journal vote(s) over 84 FOR2008-classified journal(s), 1 agreeing"
FOR2008,0807,0807 Library and Information Studies,FOR,3801,Applied economics,group,False,derived_empirical,0.009,"derived via ARC ERA journal crosswalk: 115 shared-journal vote(s) over 84 FOR2008-classified journal(s), 1 agreeing"
FOR2008,0807,0807 Library and Information Studies,FOR,3102,Bioinformatics and computational biology,group,False,derived_empirical,0.009,"derived via ARC ERA journal crosswalk: 115 shared-journal vote(s) over 84 FOR2008-classified journal(s), 1 agreeing"
FOR2008,0807,0807 Library and Information Studies,FOR,4601,Applied computing,group,False,derived_empirical,0.009,"derived via ARC ERA journal crosswalk: 115 shared-journal vote(s) over 84 FOR2008-classified journal(s), 1 agreeing"
FOR2008,0807,0807 Library and Information Studies,FOR,3507,"Strategy, management and organisational behaviour",group,False,derived_empirical,0.009,"derived via ARC ERA journal crosswalk: 115 shared-journal vote(s) over 84 FOR2008-classified journal(s), 1 agreeing"
FOR2008,0807,0807 Library and Information Studies,FOR,4803,International and comparative law,group,False,derived_empirical,0.009,"derived via ARC ERA journal crosswalk: 115 shared-journal vote(s) over 84 FOR2008-classified journal(s), 1 agreeing"
FOR2008,0807,0807 Library and Information Studies,FOR,4804,Law in context,group,False,derived_empirical,0.009,"derived via ARC ERA journal crosswalk: 115 shared-journal vote(s) over 84 FOR2008-classified journal(s), 1 agreeing"
FOR2008,0807,0807 Library and Information Studies,FOR,4705,Literary studies,group,False,derived_empirical,0.009,"derived via ARC ERA journal crosswalk: 115 shared-journal vote(s) over 84 FOR2008-classified journal(s), 1 agreeing"
FOR2008,0807,0807 Library and Information Studies,FOR,4206,Public health,group,False,derived_empirical,0.052,"derived via ARC ERA journal crosswalk: 115 shared-journal vote(s) over 84 FOR2008-classified journal(s), 6 agreeing"
FOR2008,0807,0807 Library and Information Studies,FOR,4608,Human-centred computing,group,False,derived_empirical,0.035,"derived via ARC ERA journal crosswalk: 115 shared-journal vote(s) over 84 FOR2008-classified journal(s), 4 agreeing"
FOR2008,0807,0807 Library and Information Studies,FOR,4203,Health services and systems,group,False,derived_empirical,0.07,"derived via ARC ERA journal crosswalk: 115 shared-journal vote(s) over 84 FOR2008-classified journal(s), 8 agreeing"
FOR2008,0807,0807 Library and Information Studies,FOR,4610,Library and information studies,group,True,derived_empirical,0.383,"derived via ARC ERA journal crosswalk: 115 shared-journal vote(s) over 84 FOR2008-classified journal(s), 44 agreeing"
FOR2008,0807,0807 Library and Information Studies,FOR,3503,Business systems in context,group,False,derived_empirical,0.061,"derived via ARC ERA journal crosswalk: 115 shared-journal vote(s) over 84 FOR2008-classified journal(s), 7 agreeing"
FOR2008,0807,0807 Library and Information Studies,FOR,4609,Information systems,group,False,derived_empirical,0.165,"derived via ARC ERA journal crosswalk: 115 shared-journal vote(s) over 84 FOR2008-classified journal(s), 19 agreeing"
FOR2008,0899,0899 Other Information and Computing Sciences,FOR,4203,Health services and systems,group,False,derived_empirical,0.026,"derived via ARC ERA journal crosswalk: 38 shared-journal vote(s) over 28 FOR2008-classified journal(s), 1 agreeing"
FOR2008,0899,0899 Other Information and Computing Sciences,FOR,4606,Distributed computing and systems software,group,False,derived_empirical,0.026,"derived via ARC ERA journal crosswalk: 38 shared-journal vote(s) over 28 FOR2008-classified journal(s), 1 agreeing"
FOR2008,0899,0899 Other Information and Computing Sciences,FOR,4613,Theory of computation,group,False,derived_empirical,0.026,"derived via ARC ERA journal crosswalk: 38 shared-journal vote(s) over 28 FOR2008-classified journal(s), 1 agreeing"
FOR2008,0899,0899 Other Information and Computing Sciences,FOR,5002,History and philosophy of specific fields,group,False,derived_empirical,0.026,"derived via ARC ERA journal crosswalk: 38 shared-journal vote(s) over 28 FOR2008-classified journal(s), 1 agreeing"
FOR2008,0899,0899 Other Information and Computing Sciences,FOR,4901,Applied mathematics,group,False,derived_empirical,0.026,"derived via ARC ERA journal crosswalk: 38 shared-journal vote(s) over 28 FOR2008-classified journal(s), 1 agreeing"
FOR2008,0899,0899 Other Information and Computing Sciences,FOR,5108,Quantum physics,group,False,derived_empirical,0.026,"derived via ARC ERA journal crosswalk: 38 shared-journal vote(s) over 28 FOR2008-classified journal(s), 1 agreeing"
FOR2008,0899,0899 Other Information and Computing Sciences,FOR,3210,Nutrition and dietetics,group,False,derived_empirical,0.026,"derived via ARC ERA journal crosswalk: 38 shared-journal vote(s) over 28 FOR2008-classified journal(s), 1 agreeing"
FOR2008,0899,0899 Other Information and Computing Sciences,FOR,3205,Medical biochemistry and metabolomics,group,False,derived_empirical,0.026,"derived via ARC ERA journal crosswalk: 38 shared-journal vote(s) over 28 FOR2008-classified journal(s), 1 agreeing"
FOR2008,0899,0899 Other Information and Computing Sciences,FOR,4602,Artificial intelligence,group,False,derived_empirical,0.026,"derived via ARC ERA journal crosswalk: 38 shared-journal vote(s) over 28 FOR2008-classified journal(s), 1 agreeing"
FOR2008,0899,0899 Other Information and Computing Sciences,FOR,3901,Curriculum and pedagogy,group,False,derived_empirical,0.026,"derived via ARC ERA journal crosswalk: 38 shared-journal vote(s) over 28 FOR2008-classified journal(s), 1 agreeing"
FOR2008,0899,0899 Other Information and Computing Sciences,FOR,3105,Genetics,group,False,derived_empirical,0.026,"derived via ARC ERA journal crosswalk: 38 shared-journal vote(s) over 28 FOR2008-classified journal(s), 1 agreeing"
FOR2008,0899,0899 Other Information and Computing Sciences,FOR,3102,Bioinformatics and computational biology,group,False,derived_empirical,0.026,"derived via ARC ERA journal crosswalk: 38 shared-journal vote(s) over 28 FOR2008-classified journal(s), 1 agreeing"
FOR2008,0899,0899 Other Information and Computing Sciences,FOR,4410,Sociology,group,False,derived_empirical,0.026,"derived via ARC ERA journal crosswalk: 38 shared-journal vote(s) over 28 FOR2008-classified journal(s), 1 agreeing"
FOR2008,0899,0899 Other Information and Computing Sciences,FOR,4010,Engineering practice and education,group,False,derived_empirical,0.026,"derived via ARC ERA journal crosswalk: 38 shared-journal vote(s) over 28 FOR2008-classified journal(s), 1 agreeing"
FOR2008,0899,0899 Other Information and Computing Sciences,FOR,3404,Medicinal and biomolecular chemistry,group,False,derived_empirical,0.026,"derived via ARC ERA journal crosswalk: 38 shared-journal vote(s) over 28 FOR2008-classified journal(s), 1 agreeing"
FOR2008,0899,0899 Other Information and Computing Sciences,FOR,4007,"Control engineering, mechatronics and robotics",group,False,derived_empirical,0.026,"derived via ARC ERA journal crosswalk: 38 shared-journal vote(s) over 28 FOR2008-classified journal(s), 1 agreeing"
FOR2008,0899,0899 Other Information and Computing Sciences,FOR,3507,"Strategy, management and organisational behaviour",group,False,derived_empirical,0.026,"derived via ARC ERA journal crosswalk: 38 shared-journal vote(s) over 28 FOR2008-classified journal(s), 1 agreeing"
FOR2008,0899,0899 Other Information and Computing Sciences,FOR,3505,Human resources and industrial relations,group,False,derived_empirical,0.026,"derived via ARC ERA journal crosswalk: 38 shared-journal vote(s) over 28 FOR2008-classified journal(s), 1 agreeing"
FOR2008,0899,0899 Other Information and Computing Sciences,FOR,4609,Information systems,group,False,derived_empirical,0.026,"derived via ARC ERA journal crosswalk: 38 shared-journal vote(s) over 28 FOR2008-classified journal(s), 1 agreeing"
FOR2008,0899,0899 Other Information and Computing Sciences,FOR,3506,Marketing,group,False,derived_empirical,0.026,"derived via ARC ERA journal crosswalk: 38 shared-journal vote(s) over 28 FOR2008-classified journal(s), 1 agreeing"
FOR2008,0899,0899 Other Information and Computing Sciences,FOR,3503,Business systems in context,group,False,derived_empirical,0.026,"derived via ARC ERA journal crosswalk: 38 shared-journal vote(s) over 28 FOR2008-classified journal(s), 1 agreeing"
FOR2008,0899,0899 Other Information and Computing Sciences,FOR,4604,Cybersecurity and privacy,group,False,derived_empirical,0.026,"derived via ARC ERA journal crosswalk: 38 shared-journal vote(s) over 28 FOR2008-classified journal(s), 1 agreeing"
FOR2008,0899,0899 Other Information and Computing Sciences,FOR,4701,Communication and media studies,group,False,derived_empirical,0.026,"derived via ARC ERA journal crosswalk: 38 shared-journal vote(s) over 28 FOR2008-classified journal(s), 1 agreeing"
FOR2008,0899,0899 Other Information and Computing Sciences,FOR,3101,Biochemistry and cell biology,group,False,derived_empirical,0.053,"derived via ARC ERA journal crosswalk: 38 shared-journal vote(s) over 28 FOR2008-classified journal(s), 2 agreeing"
FOR2008,0899,0899 Other Information and Computing Sciences,FOR,3903,Education systems,group,False,derived_empirical,0.053,"derived via ARC ERA journal crosswalk: 38 shared-journal vote(s) over 28 FOR2008-classified journal(s), 2 agreeing"
FOR2008,0899,0899 Other Information and Computing Sciences,FOR,3904,Specialist studies in education,group,False,derived_empirical,0.053,"derived via ARC ERA journal crosswalk: 38 shared-journal vote(s) over 28 FOR2008-classified journal(s), 2 agreeing"
FOR2008,0899,0899 Other Information and Computing Sciences,FOR,4009,"Electronics, sensors and digital hardware",group,True,derived_empirical,0.079,"derived via ARC ERA journal crosswalk: 38 shared-journal vote(s) over 28 FOR2008-classified journal(s), 3 agreeing"
FOR2008,0899,0899 Other Information and Computing Sciences,FOR,4014,Manufacturing engineering,group,False,derived_empirical,0.053,"derived via ARC ERA journal crosswalk: 38 shared-journal vote(s) over 28 FOR2008-classified journal(s), 2 agreeing"
FOR2008,0899,0899 Other Information and Computing Sciences,FOR,4006,Communications engineering,group,False,derived_empirical,0.053,"derived via ARC ERA journal crosswalk: 38 shared-journal vote(s) over 28 FOR2008-classified journal(s), 2 agreeing"
FOR2008,0899,0899 Other Information and Computing Sciences,FOR,4601,Applied computing,group,False,derived_empirical,0.053,"derived via ARC ERA journal crosswalk: 38 shared-journal vote(s) over 28 FOR2008-classified journal(s), 2 agreeing"
FOR2008,09,09 Engineering,FOR,36,CREATIVE ARTS AND WRITING,division,False,derived_empirical,0.002,"derived via ARC ERA journal crosswalk: 651 shared-journal vote(s) over 1887 FOR2008-classified journal(s), 1 agreeing"
FOR2008,09,09 Engineering,FOR,40,ENGINEERING,division,True,derived_empirical,0.441,"derived via ARC ERA journal crosswalk: 651 shared-journal vote(s) over 1887 FOR2008-classified journal(s), 287 agreeing"
FOR2008,09,09 Engineering,FOR,34,CHEMICAL SCIENCES,division,False,derived_empirical,0.109,"derived via ARC ERA journal crosswalk: 651 shared-journal vote(s) over 1887 FOR2008-classified journal(s), 71 agreeing"
FOR2008,09,09 Engineering,FOR,51,PHYSICAL SCIENCES,division,False,derived_empirical,0.097,"derived via ARC ERA journal crosswalk: 651 shared-journal vote(s) over 1887 FOR2008-classified journal(s), 63 agreeing"
FOR2008,09,09 Engineering,FOR,49,MATHEMATICAL SCIENCES,division,False,derived_empirical,0.091,"derived via ARC ERA journal crosswalk: 651 shared-journal vote(s) over 1887 FOR2008-classified journal(s), 59 agreeing"
FOR2008,09,09 Engineering,FOR,46,INFORMATION AND COMPUTING SCIENCES,division,False,derived_empirical,0.091,"derived via ARC ERA journal crosswalk: 651 shared-journal vote(s) over 1887 FOR2008-classified journal(s), 59 agreeing"
FOR2008,09,09 Engineering,FOR,37,EARTH SCIENCES,division,False,derived_empirical,0.029,"derived via ARC ERA journal crosswalk: 651 shared-journal vote(s) over 1887 FOR2008-classified journal(s), 19 agreeing"
FOR2008,09,09 Engineering,FOR,41,ENVIRONMENTAL SCIENCES,division,False,derived_empirical,0.022,"derived via ARC ERA journal crosswalk: 651 shared-journal vote(s) over 1887 FOR2008-classified journal(s), 14 agreeing"
FOR2008,09,09 Engineering,FOR,31,BIOLOGICAL SCIENCES,division,False,derived_empirical,0.038,"derived via ARC ERA journal crosswalk: 651 shared-journal vote(s) over 1887 FOR2008-classified journal(s), 25 agreeing"
FOR2008,09,09 Engineering,FOR,35,"COMMERCE, MANAGEMENT, TOURISM AND SERVICES",division,False,derived_empirical,0.012,"derived via ARC ERA journal crosswalk: 651 shared-journal vote(s) over 1887 FOR2008-classified journal(s), 8 agreeing"
FOR2008,09,09 Engineering,FOR,30,"AGRICULTURAL, VETERINARY AND FOOD SCIENCES",division,False,derived_empirical,0.011,"derived via ARC ERA journal crosswalk: 651 shared-journal vote(s) over 1887 FOR2008-classified journal(s), 7 agreeing"
FOR2008,09,09 Engineering,FOR,32,BIOMEDICAL AND CLINICAL SCIENCES,division,False,derived_empirical,0.011,"derived via ARC ERA journal crosswalk: 651 shared-journal vote(s) over 1887 FOR2008-classified journal(s), 7 agreeing"
FOR2008,09,09 Engineering,FOR,39,EDUCATION,division,False,derived_empirical,0.009,"derived via ARC ERA journal crosswalk: 651 shared-journal vote(s) over 1887 FOR2008-classified journal(s), 6 agreeing"
FOR2008,09,09 Engineering,FOR,42,HEALTH SCIENCES,division,False,derived_empirical,0.009,"derived via ARC ERA journal crosswalk: 651 shared-journal vote(s) over 1887 FOR2008-classified journal(s), 6 agreeing"
FOR2008,09,09 Engineering,FOR,52,PSYCHOLOGY,division,False,derived_empirical,0.008,"derived via ARC ERA journal crosswalk: 651 shared-journal vote(s) over 1887 FOR2008-classified journal(s), 5 agreeing"
FOR2008,09,09 Engineering,FOR,38,ECONOMICS,division,False,derived_empirical,0.003,"derived via ARC ERA journal crosswalk: 651 shared-journal vote(s) over 1887 FOR2008-classified journal(s), 2 agreeing"
FOR2008,09,09 Engineering,FOR,44,HUMAN SOCIETY,division,False,derived_empirical,0.003,"derived via ARC ERA journal crosswalk: 651 shared-journal vote(s) over 1887 FOR2008-classified journal(s), 2 agreeing"
FOR2008,09,09 Engineering,FOR,33,BUILT ENVIRONMENT AND DESIGN,division,False,derived_empirical,0.015,"derived via ARC ERA journal crosswalk: 651 shared-journal vote(s) over 1887 FOR2008-classified journal(s), 10 agreeing"
FOR2008,0901,0901 Aerospace Engineering,FOR,4002,Automotive engineering,group,False,derived_empirical,0.018,"derived via ARC ERA journal crosswalk: 57 shared-journal vote(s) over 33 FOR2008-classified journal(s), 1 agreeing"
FOR2008,0901,0901 Aerospace Engineering,FOR,5109,Space sciences,group,False,derived_empirical,0.018,"derived via ARC ERA journal crosswalk: 57 shared-journal vote(s) over 33 FOR2008-classified journal(s), 1 agreeing"
FOR2008,0901,0901 Aerospace Engineering,FOR,5101,Astronomical sciences,group,False,derived_empirical,0.018,"derived via ARC ERA journal crosswalk: 57 shared-journal vote(s) over 33 FOR2008-classified journal(s), 1 agreeing"
FOR2008,0901,0901 Aerospace Engineering,FOR,4010,Engineering practice and education,group,False,derived_empirical,0.018,"derived via ARC ERA journal crosswalk: 57 shared-journal vote(s) over 33 FOR2008-classified journal(s), 1 agreeing"
FOR2008,0901,0901 Aerospace Engineering,FOR,5104,Condensed matter physics,group,False,derived_empirical,0.018,"derived via ARC ERA journal crosswalk: 57 shared-journal vote(s) over 33 FOR2008-classified journal(s), 1 agreeing"
FOR2008,0901,0901 Aerospace Engineering,FOR,4007,"Control engineering, mechatronics and robotics",group,False,derived_empirical,0.018,"derived via ARC ERA journal crosswalk: 57 shared-journal vote(s) over 33 FOR2008-classified journal(s), 1 agreeing"
FOR2008,0901,0901 Aerospace Engineering,FOR,4006,Communications engineering,group,False,derived_empirical,0.053,"derived via ARC ERA journal crosswalk: 57 shared-journal vote(s) over 33 FOR2008-classified journal(s), 3 agreeing"
FOR2008,0901,0901 Aerospace Engineering,FOR,4901,Applied mathematics,group,False,derived_empirical,0.018,"derived via ARC ERA journal crosswalk: 57 shared-journal vote(s) over 33 FOR2008-classified journal(s), 1 agreeing"
FOR2008,0901,0901 Aerospace Engineering,FOR,4004,Chemical engineering,group,False,derived_empirical,0.018,"derived via ARC ERA journal crosswalk: 57 shared-journal vote(s) over 33 FOR2008-classified journal(s), 1 agreeing"
FOR2008,0901,0901 Aerospace Engineering,FOR,4001,Aerospace engineering,group,True,derived_empirical,0.298,"derived via ARC ERA journal crosswalk: 57 shared-journal vote(s) over 33 FOR2008-classified journal(s), 17 agreeing"
FOR2008,0901,0901 Aerospace Engineering,FOR,4017,Mechanical engineering,group,False,derived_empirical,0.158,"derived via ARC ERA journal crosswalk: 57 shared-journal vote(s) over 33 FOR2008-classified journal(s), 9 agreeing"
FOR2008,0901,0901 Aerospace Engineering,FOR,4005,Civil engineering,group,False,derived_empirical,0.105,"derived via ARC ERA journal crosswalk: 57 shared-journal vote(s) over 33 FOR2008-classified journal(s), 6 agreeing"
FOR2008,0901,0901 Aerospace Engineering,FOR,4016,Materials engineering,group,False,derived_empirical,0.07,"derived via ARC ERA journal crosswalk: 57 shared-journal vote(s) over 33 FOR2008-classified journal(s), 4 agreeing"
FOR2008,0901,0901 Aerospace Engineering,FOR,4009,"Electronics, sensors and digital hardware",group,False,derived_empirical,0.018,"derived via ARC ERA journal crosswalk: 57 shared-journal vote(s) over 33 FOR2008-classified journal(s), 1 agreeing"
FOR2008,0901,0901 Aerospace Engineering,FOR,4012,Fluid mechanics and thermal engineering,group,False,derived_empirical,0.158,"derived via ARC ERA journal crosswalk: 57 shared-journal vote(s) over 33 FOR2008-classified journal(s), 9 agreeing"
FOR2008,0902,0902 Automotive Engineering,FOR,4002,Automotive engineering,group,True,derived_empirical,0.278,"derived via ARC ERA journal crosswalk: 18 shared-journal vote(s) over 14 FOR2008-classified journal(s), 5 agreeing"
FOR2008,0902,0902 Automotive Engineering,FOR,4017,Mechanical engineering,group,False,derived_empirical,0.167,"derived via ARC ERA journal crosswalk: 18 shared-journal vote(s) over 14 FOR2008-classified journal(s), 3 agreeing"
FOR2008,0902,0902 Automotive Engineering,FOR,4007,"Control engineering, mechatronics and robotics",group,False,derived_empirical,0.111,"derived via ARC ERA journal crosswalk: 18 shared-journal vote(s) over 14 FOR2008-classified journal(s), 2 agreeing"
FOR2008,0902,0902 Automotive Engineering,FOR,4012,Fluid mechanics and thermal engineering,group,False,derived_empirical,0.111,"derived via ARC ERA journal crosswalk: 18 shared-journal vote(s) over 14 FOR2008-classified journal(s), 2 agreeing"
FOR2008,0902,0902 Automotive Engineering,FOR,4005,Civil engineering,group,False,derived_empirical,0.056,"derived via ARC ERA journal crosswalk: 18 shared-journal vote(s) over 14 FOR2008-classified journal(s), 1 agreeing"
FOR2008,0902,0902 Automotive Engineering,FOR,4206,Public health,group,False,derived_empirical,0.056,"derived via ARC ERA journal crosswalk: 18 shared-journal vote(s) over 14 FOR2008-classified journal(s), 1 agreeing"
FOR2008,0902,0902 Automotive Engineering,FOR,3509,"Transportation, logistics and supply chains",group,False,derived_empirical,0.056,"derived via ARC ERA journal crosswalk: 18 shared-journal vote(s) over 14 FOR2008-classified journal(s), 1 agreeing"
FOR2008,0902,0902 Automotive Engineering,FOR,4016,Materials engineering,group,False,derived_empirical,0.056,"derived via ARC ERA journal crosswalk: 18 shared-journal vote(s) over 14 FOR2008-classified journal(s), 1 agreeing"
FOR2008,0902,0902 Automotive Engineering,FOR,4004,Chemical engineering,group,False,derived_empirical,0.111,"derived via ARC ERA journal crosswalk: 18 shared-journal vote(s) over 14 FOR2008-classified journal(s), 2 agreeing"
FOR2008,0903,0903 Biomedical Engineering,FOR,4003,Biomedical engineering,group,True,derived_empirical,0.409,"derived via ARC ERA journal crosswalk: 208 shared-journal vote(s) over 137 FOR2008-classified journal(s), 85 agreeing"
FOR2008,0903,0903 Biomedical Engineering,FOR,3202,Clinical sciences,group,False,derived_empirical,0.125,"derived via ARC ERA journal crosswalk: 208 shared-journal vote(s) over 137 FOR2008-classified journal(s), 26 agreeing"
FOR2008,0903,0903 Biomedical Engineering,FOR,4207,Sports science and exercise,group,False,derived_empirical,0.038,"derived via ARC ERA journal crosswalk: 208 shared-journal vote(s) over 137 FOR2008-classified journal(s), 8 agreeing"
FOR2008,0903,0903 Biomedical Engineering,FOR,4201,Allied health and rehabilitation science,group,False,derived_empirical,0.034,"derived via ARC ERA journal crosswalk: 208 shared-journal vote(s) over 137 FOR2008-classified journal(s), 7 agreeing"
FOR2008,0903,0903 Biomedical Engineering,FOR,3203,Dentistry,group,False,derived_empirical,0.029,"derived via ARC ERA journal crosswalk: 208 shared-journal vote(s) over 137 FOR2008-classified journal(s), 6 agreeing"
FOR2008,0903,0903 Biomedical Engineering,FOR,4018,Nanotechnology,group,False,derived_empirical,0.024,"derived via ARC ERA journal crosswalk: 208 shared-journal vote(s) over 137 FOR2008-classified journal(s), 5 agreeing"
FOR2008,0903,0903 Biomedical Engineering,FOR,4016,Materials engineering,group,False,derived_empirical,0.029,"derived via ARC ERA journal crosswalk: 208 shared-journal vote(s) over 137 FOR2008-classified journal(s), 6 agreeing"
FOR2008,0903,0903 Biomedical Engineering,FOR,3206,Medical biotechnology,group,False,derived_empirical,0.034,"derived via ARC ERA journal crosswalk: 208 shared-journal vote(s) over 137 FOR2008-classified journal(s), 7 agreeing"
FOR2008,0903,0903 Biomedical Engineering,FOR,3208,Medical physiology,group,False,derived_empirical,0.005,"derived via ARC ERA journal crosswalk: 208 shared-journal vote(s) over 137 FOR2008-classified journal(s), 1 agreeing"
FOR2008,0903,0903 Biomedical Engineering,FOR,3204,Immunology,group,False,derived_empirical,0.005,"derived via ARC ERA journal crosswalk: 208 shared-journal vote(s) over 137 FOR2008-classified journal(s), 1 agreeing"
FOR2008,0903,0903 Biomedical Engineering,FOR,4017,Mechanical engineering,group,False,derived_empirical,0.005,"derived via ARC ERA journal crosswalk: 208 shared-journal vote(s) over 137 FOR2008-classified journal(s), 1 agreeing"
FOR2008,0903,0903 Biomedical Engineering,FOR,3406,Physical chemistry,group,False,derived_empirical,0.005,"derived via ARC ERA journal crosswalk: 208 shared-journal vote(s) over 137 FOR2008-classified journal(s), 1 agreeing"
FOR2008,0903,0903 Biomedical Engineering,FOR,3006,Food sciences,group,False,derived_empirical,0.005,"derived via ARC ERA journal crosswalk: 208 shared-journal vote(s) over 137 FOR2008-classified journal(s), 1 agreeing"
FOR2008,0903,0903 Biomedical Engineering,FOR,3404,Medicinal and biomolecular chemistry,group,False,derived_empirical,0.005,"derived via ARC ERA journal crosswalk: 208 shared-journal vote(s) over 137 FOR2008-classified journal(s), 1 agreeing"
FOR2008,0903,0903 Biomedical Engineering,FOR,3109,Zoology,group,False,derived_empirical,0.005,"derived via ARC ERA journal crosswalk: 208 shared-journal vote(s) over 137 FOR2008-classified journal(s), 1 agreeing"
FOR2008,0903,0903 Biomedical Engineering,FOR,5106,Nuclear and plasma physics,group,False,derived_empirical,0.005,"derived via ARC ERA journal crosswalk: 208 shared-journal vote(s) over 137 FOR2008-classified journal(s), 1 agreeing"
FOR2008,0903,0903 Biomedical Engineering,FOR,5102,"Atomic, molecular and optical physics",group,False,derived_empirical,0.005,"derived via ARC ERA journal crosswalk: 208 shared-journal vote(s) over 137 FOR2008-classified journal(s), 1 agreeing"
FOR2008,0903,0903 Biomedical Engineering,FOR,4202,Epidemiology,group,False,derived_empirical,0.005,"derived via ARC ERA journal crosswalk: 208 shared-journal vote(s) over 137 FOR2008-classified journal(s), 1 agreeing"
FOR2008,0903,0903 Biomedical Engineering,FOR,4007,"Control engineering, mechatronics and robotics",group,False,derived_empirical,0.01,"derived via ARC ERA journal crosswalk: 208 shared-journal vote(s) over 137 FOR2008-classified journal(s), 2 agreeing"
FOR2008,0903,0903 Biomedical Engineering,FOR,3401,Analytical chemistry,group,False,derived_empirical,0.01,"derived via ARC ERA journal crosswalk: 208 shared-journal vote(s) over 137 FOR2008-classified journal(s), 2 agreeing"
FOR2008,0903,0903 Biomedical Engineering,FOR,4611,Machine learning,group,False,derived_empirical,0.005,"derived via ARC ERA journal crosswalk: 208 shared-journal vote(s) over 137 FOR2008-classified journal(s), 1 agreeing"
FOR2008,0903,0903 Biomedical Engineering,FOR,4206,Public health,group,False,derived_empirical,0.01,"derived via ARC ERA journal crosswalk: 208 shared-journal vote(s) over 137 FOR2008-classified journal(s), 2 agreeing"
FOR2008,0903,0903 Biomedical Engineering,FOR,3101,Biochemistry and cell biology,group,False,derived_empirical,0.01,"derived via ARC ERA journal crosswalk: 208 shared-journal vote(s) over 137 FOR2008-classified journal(s), 2 agreeing"
FOR2008,0903,0903 Biomedical Engineering,FOR,4004,Chemical engineering,group,False,derived_empirical,0.019,"derived via ARC ERA journal crosswalk: 208 shared-journal vote(s) over 137 FOR2008-classified journal(s), 4 agreeing"
FOR2008,0903,0903 Biomedical Engineering,FOR,3209,Neurosciences,group,False,derived_empirical,0.019,"derived via ARC ERA journal crosswalk: 208 shared-journal vote(s) over 137 FOR2008-classified journal(s), 4 agreeing"
FOR2008,0903,0903 Biomedical Engineering,FOR,3201,Cardiovascular medicine and haematology,group,False,derived_empirical,0.019,"derived via ARC ERA journal crosswalk: 208 shared-journal vote(s) over 137 FOR2008-classified journal(s), 4 agreeing"
FOR2008,0903,0903 Biomedical Engineering,FOR,4601,Applied computing,group,False,derived_empirical,0.014,"derived via ARC ERA journal crosswalk: 208 shared-journal vote(s) over 137 FOR2008-classified journal(s), 3 agreeing"
FOR2008,0903,0903 Biomedical Engineering,FOR,4901,Applied mathematics,group,False,derived_empirical,0.014,"derived via ARC ERA journal crosswalk: 208 shared-journal vote(s) over 137 FOR2008-classified journal(s), 3 agreeing"
FOR2008,0903,0903 Biomedical Engineering,FOR,4009,"Electronics, sensors and digital hardware",group,False,derived_empirical,0.014,"derived via ARC ERA journal crosswalk: 208 shared-journal vote(s) over 137 FOR2008-classified journal(s), 3 agreeing"
FOR2008,0903,0903 Biomedical Engineering,FOR,4603,Computer vision and multimedia computation,group,False,derived_empirical,0.019,"derived via ARC ERA journal crosswalk: 208 shared-journal vote(s) over 137 FOR2008-classified journal(s), 4 agreeing"
FOR2008,0903,0903 Biomedical Engineering,FOR,3403,Macromolecular and materials chemistry,group,False,derived_empirical,0.014,"derived via ARC ERA journal crosswalk: 208 shared-journal vote(s) over 137 FOR2008-classified journal(s), 3 agreeing"
FOR2008,0903,0903 Biomedical Engineering,FOR,4203,Health services and systems,group,False,derived_empirical,0.014,"derived via ARC ERA journal crosswalk: 208 shared-journal vote(s) over 137 FOR2008-classified journal(s), 3 agreeing"
FOR2008,0903,0903 Biomedical Engineering,FOR,5105,Medical and biological physics,group,False,derived_empirical,0.01,"derived via ARC ERA journal crosswalk: 208 shared-journal vote(s) over 137 FOR2008-classified journal(s), 2 agreeing"
FOR2008,0903,0903 Biomedical Engineering,FOR,3106,Industrial biotechnology,group,False,derived_empirical,0.01,"derived via ARC ERA journal crosswalk: 208 shared-journal vote(s) over 137 FOR2008-classified journal(s), 2 agreeing"
FOR2008,0903,0903 Biomedical Engineering,FOR,3212,Ophthalmology and optometry,group,False,derived_empirical,0.01,"derived via ARC ERA journal crosswalk: 208 shared-journal vote(s) over 137 FOR2008-classified journal(s), 2 agreeing"
FOR2008,0903,0903 Biomedical Engineering,FOR,3214,Pharmacology and pharmaceutical sciences,group,False,derived_empirical,0.01,"derived via ARC ERA journal crosswalk: 208 shared-journal vote(s) over 137 FOR2008-classified journal(s), 2 agreeing"
FOR2008,0904,0904 Chemical Engineering,FOR,3214,Pharmacology and pharmaceutical sciences,group,False,derived_empirical,0.004,"derived via ARC ERA journal crosswalk: 282 shared-journal vote(s) over 196 FOR2008-classified journal(s), 1 agreeing"
FOR2008,0904,0904 Chemical Engineering,FOR,5106,Nuclear and plasma physics,group,False,derived_empirical,0.004,"derived via ARC ERA journal crosswalk: 282 shared-journal vote(s) over 196 FOR2008-classified journal(s), 1 agreeing"
FOR2008,0904,0904 Chemical Engineering,FOR,4104,Environmental management,group,False,derived_empirical,0.004,"derived via ARC ERA journal crosswalk: 282 shared-journal vote(s) over 196 FOR2008-classified journal(s), 1 agreeing"
FOR2008,0904,0904 Chemical Engineering,FOR,3701,Atmospheric sciences,group,False,derived_empirical,0.004,"derived via ARC ERA journal crosswalk: 282 shared-journal vote(s) over 196 FOR2008-classified journal(s), 1 agreeing"
FOR2008,0904,0904 Chemical Engineering,FOR,5103,Classical physics,group,False,derived_empirical,0.004,"derived via ARC ERA journal crosswalk: 282 shared-journal vote(s) over 196 FOR2008-classified journal(s), 1 agreeing"
FOR2008,0904,0904 Chemical Engineering,FOR,5102,"Atomic, molecular and optical physics",group,False,derived_empirical,0.004,"derived via ARC ERA journal crosswalk: 282 shared-journal vote(s) over 196 FOR2008-classified journal(s), 1 agreeing"
FOR2008,0904,0904 Chemical Engineering,FOR,4099,Other engineering,group,False,derived_empirical,0.004,"derived via ARC ERA journal crosswalk: 282 shared-journal vote(s) over 196 FOR2008-classified journal(s), 1 agreeing"
FOR2008,0904,0904 Chemical Engineering,FOR,5107,Particle and high energy physics,group,False,derived_empirical,0.004,"derived via ARC ERA journal crosswalk: 282 shared-journal vote(s) over 196 FOR2008-classified journal(s), 1 agreeing"
FOR2008,0904,0904 Chemical Engineering,FOR,4015,Maritime engineering,group,False,derived_empirical,0.004,"derived via ARC ERA journal crosswalk: 282 shared-journal vote(s) over 196 FOR2008-classified journal(s), 1 agreeing"
FOR2008,0904,0904 Chemical Engineering,FOR,4018,Nanotechnology,group,False,derived_empirical,0.007,"derived via ARC ERA journal crosswalk: 282 shared-journal vote(s) over 196 FOR2008-classified journal(s), 2 agreeing"
FOR2008,0904,0904 Chemical Engineering,FOR,3108,Plant biology,group,False,derived_empirical,0.004,"derived via ARC ERA journal crosswalk: 282 shared-journal vote(s) over 196 FOR2008-classified journal(s), 1 agreeing"
FOR2008,0904,0904 Chemical Engineering,FOR,3507,"Strategy, management and organisational behaviour",group,False,derived_empirical,0.004,"derived via ARC ERA journal crosswalk: 282 shared-journal vote(s) over 196 FOR2008-classified journal(s), 1 agreeing"
FOR2008,0904,0904 Chemical Engineering,FOR,3107,Microbiology,group,False,derived_empirical,0.004,"derived via ARC ERA journal crosswalk: 282 shared-journal vote(s) over 196 FOR2008-classified journal(s), 1 agreeing"
FOR2008,0904,0904 Chemical Engineering,FOR,3404,Medicinal and biomolecular chemistry,group,False,derived_empirical,0.004,"derived via ARC ERA journal crosswalk: 282 shared-journal vote(s) over 196 FOR2008-classified journal(s), 1 agreeing"
FOR2008,0904,0904 Chemical Engineering,FOR,3705,Geology,group,False,derived_empirical,0.004,"derived via ARC ERA journal crosswalk: 282 shared-journal vote(s) over 196 FOR2008-classified journal(s), 1 agreeing"
FOR2008,0904,0904 Chemical Engineering,FOR,3003,Animal production,group,False,derived_empirical,0.004,"derived via ARC ERA journal crosswalk: 282 shared-journal vote(s) over 196 FOR2008-classified journal(s), 1 agreeing"
FOR2008,0904,0904 Chemical Engineering,FOR,4008,Electrical engineering,group,False,derived_empirical,0.007,"derived via ARC ERA journal crosswalk: 282 shared-journal vote(s) over 196 FOR2008-classified journal(s), 2 agreeing"
FOR2008,0904,0904 Chemical Engineering,FOR,5104,Condensed matter physics,group,False,derived_empirical,0.007,"derived via ARC ERA journal crosswalk: 282 shared-journal vote(s) over 196 FOR2008-classified journal(s), 2 agreeing"
FOR2008,0904,0904 Chemical Engineering,FOR,3406,Physical chemistry,group,False,derived_empirical,0.05,"derived via ARC ERA journal crosswalk: 282 shared-journal vote(s) over 196 FOR2008-classified journal(s), 14 agreeing"
FOR2008,0904,0904 Chemical Engineering,FOR,4019,Resources engineering and extractive metallurgy,group,False,derived_empirical,0.057,"derived via ARC ERA journal crosswalk: 282 shared-journal vote(s) over 196 FOR2008-classified journal(s), 16 agreeing"
FOR2008,0904,0904 Chemical Engineering,FOR,4004,Chemical engineering,group,True,derived_empirical,0.379,"derived via ARC ERA journal crosswalk: 282 shared-journal vote(s) over 196 FOR2008-classified journal(s), 107 agreeing"
FOR2008,0904,0904 Chemical Engineering,FOR,4016,Materials engineering,group,False,derived_empirical,0.078,"derived via ARC ERA journal crosswalk: 282 shared-journal vote(s) over 196 FOR2008-classified journal(s), 22 agreeing"
FOR2008,0904,0904 Chemical Engineering,FOR,3403,Macromolecular and materials chemistry,group,False,derived_empirical,0.046,"derived via ARC ERA journal crosswalk: 282 shared-journal vote(s) over 196 FOR2008-classified journal(s), 13 agreeing"
FOR2008,0904,0904 Chemical Engineering,FOR,4017,Mechanical engineering,group,False,derived_empirical,0.046,"derived via ARC ERA journal crosswalk: 282 shared-journal vote(s) over 196 FOR2008-classified journal(s), 13 agreeing"
FOR2008,0904,0904 Chemical Engineering,FOR,4012,Fluid mechanics and thermal engineering,group,False,derived_empirical,0.043,"derived via ARC ERA journal crosswalk: 282 shared-journal vote(s) over 196 FOR2008-classified journal(s), 12 agreeing"
FOR2008,0904,0904 Chemical Engineering,FOR,4005,Civil engineering,group,False,derived_empirical,0.039,"derived via ARC ERA journal crosswalk: 282 shared-journal vote(s) over 196 FOR2008-classified journal(s), 11 agreeing"
FOR2008,0904,0904 Chemical Engineering,FOR,4011,Environmental engineering,group,False,derived_empirical,0.025,"derived via ARC ERA journal crosswalk: 282 shared-journal vote(s) over 196 FOR2008-classified journal(s), 7 agreeing"
FOR2008,0904,0904 Chemical Engineering,FOR,3006,Food sciences,group,False,derived_empirical,0.039,"derived via ARC ERA journal crosswalk: 282 shared-journal vote(s) over 196 FOR2008-classified journal(s), 11 agreeing"
FOR2008,0904,0904 Chemical Engineering,FOR,3401,Analytical chemistry,group,False,derived_empirical,0.014,"derived via ARC ERA journal crosswalk: 282 shared-journal vote(s) over 196 FOR2008-classified journal(s), 4 agreeing"
FOR2008,0904,0904 Chemical Engineering,FOR,3405,Organic chemistry,group,False,derived_empirical,0.014,"derived via ARC ERA journal crosswalk: 282 shared-journal vote(s) over 196 FOR2008-classified journal(s), 4 agreeing"
FOR2008,0904,0904 Chemical Engineering,FOR,3106,Industrial biotechnology,group,False,derived_empirical,0.014,"derived via ARC ERA journal crosswalk: 282 shared-journal vote(s) over 196 FOR2008-classified journal(s), 4 agreeing"
FOR2008,0904,0904 Chemical Engineering,FOR,3101,Biochemistry and cell biology,group,False,derived_empirical,0.014,"derived via ARC ERA journal crosswalk: 282 shared-journal vote(s) over 196 FOR2008-classified journal(s), 4 agreeing"
FOR2008,0904,0904 Chemical Engineering,FOR,4003,Biomedical engineering,group,False,derived_empirical,0.011,"derived via ARC ERA journal crosswalk: 282 shared-journal vote(s) over 196 FOR2008-classified journal(s), 3 agreeing"
FOR2008,0904,0904 Chemical Engineering,FOR,4901,Applied mathematics,group,False,derived_empirical,0.011,"derived via ARC ERA journal crosswalk: 282 shared-journal vote(s) over 196 FOR2008-classified journal(s), 3 agreeing"
FOR2008,0904,0904 Chemical Engineering,FOR,3210,Nutrition and dietetics,group,False,derived_empirical,0.011,"derived via ARC ERA journal crosswalk: 282 shared-journal vote(s) over 196 FOR2008-classified journal(s), 3 agreeing"
FOR2008,0904,0904 Chemical Engineering,FOR,3302,Building,group,False,derived_empirical,0.007,"derived via ARC ERA journal crosswalk: 282 shared-journal vote(s) over 196 FOR2008-classified journal(s), 2 agreeing"
FOR2008,0904,0904 Chemical Engineering,FOR,3402,Inorganic chemistry,group,False,derived_empirical,0.021,"derived via ARC ERA journal crosswalk: 282 shared-journal vote(s) over 196 FOR2008-classified journal(s), 6 agreeing"
FOR2008,0904,0904 Chemical Engineering,FOR,4002,Automotive engineering,group,False,derived_empirical,0.007,"derived via ARC ERA journal crosswalk: 282 shared-journal vote(s) over 196 FOR2008-classified journal(s), 2 agreeing"
FOR2008,0905,0905 Civil Engineering,FOR,4106,Soil sciences,group,False,derived_empirical,0.002,"derived via ARC ERA journal crosswalk: 411 shared-journal vote(s) over 248 FOR2008-classified journal(s), 1 agreeing"
FOR2008,0905,0905 Civil Engineering,FOR,3701,Atmospheric sciences,group,False,derived_empirical,0.002,"derived via ARC ERA journal crosswalk: 411 shared-journal vote(s) over 248 FOR2008-classified journal(s), 1 agreeing"
FOR2008,0905,0905 Civil Engineering,FOR,3702,Climate change science,group,False,derived_empirical,0.002,"derived via ARC ERA journal crosswalk: 411 shared-journal vote(s) over 248 FOR2008-classified journal(s), 1 agreeing"
FOR2008,0905,0905 Civil Engineering,FOR,3708,Oceanography,group,False,derived_empirical,0.002,"derived via ARC ERA journal crosswalk: 411 shared-journal vote(s) over 248 FOR2008-classified journal(s), 1 agreeing"
FOR2008,0905,0905 Civil Engineering,FOR,5107,Particle and high energy physics,group,False,derived_empirical,0.002,"derived via ARC ERA journal crosswalk: 411 shared-journal vote(s) over 248 FOR2008-classified journal(s), 1 agreeing"
FOR2008,0905,0905 Civil Engineering,FOR,4009,"Electronics, sensors and digital hardware",group,False,derived_empirical,0.002,"derived via ARC ERA journal crosswalk: 411 shared-journal vote(s) over 248 FOR2008-classified journal(s), 1 agreeing"
FOR2008,0905,0905 Civil Engineering,FOR,3801,Applied economics,group,False,derived_empirical,0.002,"derived via ARC ERA journal crosswalk: 411 shared-journal vote(s) over 248 FOR2008-classified journal(s), 1 agreeing"
FOR2008,0905,0905 Civil Engineering,FOR,4602,Artificial intelligence,group,False,derived_empirical,0.002,"derived via ARC ERA journal crosswalk: 411 shared-journal vote(s) over 248 FOR2008-classified journal(s), 1 agreeing"
FOR2008,0905,0905 Civil Engineering,FOR,4603,Computer vision and multimedia computation,group,False,derived_empirical,0.002,"derived via ARC ERA journal crosswalk: 411 shared-journal vote(s) over 248 FOR2008-classified journal(s), 1 agreeing"
FOR2008,0905,0905 Civil Engineering,FOR,4006,Communications engineering,group,False,derived_empirical,0.002,"derived via ARC ERA journal crosswalk: 411 shared-journal vote(s) over 248 FOR2008-classified journal(s), 1 agreeing"
FOR2008,0905,0905 Civil Engineering,FOR,3004,Crop and pasture production,group,False,derived_empirical,0.002,"derived via ARC ERA journal crosswalk: 411 shared-journal vote(s) over 248 FOR2008-classified journal(s), 1 agreeing"
FOR2008,0905,0905 Civil Engineering,FOR,4013,Geomatic engineering,group,False,derived_empirical,0.002,"derived via ARC ERA journal crosswalk: 411 shared-journal vote(s) over 248 FOR2008-classified journal(s), 1 agreeing"
FOR2008,0905,0905 Civil Engineering,FOR,4902,Mathematical physics,group,False,derived_empirical,0.002,"derived via ARC ERA journal crosswalk: 411 shared-journal vote(s) over 248 FOR2008-classified journal(s), 1 agreeing"
FOR2008,0905,0905 Civil Engineering,FOR,3002,"Agriculture, land and farm management",group,False,derived_empirical,0.005,"derived via ARC ERA journal crosswalk: 411 shared-journal vote(s) over 248 FOR2008-classified journal(s), 2 agreeing"
FOR2008,0905,0905 Civil Engineering,FOR,3509,"Transportation, logistics and supply chains",group,False,derived_empirical,0.034,"derived via ARC ERA journal crosswalk: 411 shared-journal vote(s) over 248 FOR2008-classified journal(s), 14 agreeing"
FOR2008,0905,0905 Civil Engineering,FOR,3706,Geophysics,group,False,derived_empirical,0.005,"derived via ARC ERA journal crosswalk: 411 shared-journal vote(s) over 248 FOR2008-classified journal(s), 2 agreeing"
FOR2008,0905,0905 Civil Engineering,FOR,4011,Environmental engineering,group,False,derived_empirical,0.01,"derived via ARC ERA journal crosswalk: 411 shared-journal vote(s) over 248 FOR2008-classified journal(s), 4 agreeing"
FOR2008,0905,0905 Civil Engineering,FOR,4008,Electrical engineering,group,False,derived_empirical,0.01,"derived via ARC ERA journal crosswalk: 411 shared-journal vote(s) over 248 FOR2008-classified journal(s), 4 agreeing"
FOR2008,0905,0905 Civil Engineering,FOR,3709,Physical geography and environmental geoscience,group,False,derived_empirical,0.017,"derived via ARC ERA journal crosswalk: 411 shared-journal vote(s) over 248 FOR2008-classified journal(s), 7 agreeing"
FOR2008,0905,0905 Civil Engineering,FOR,3705,Geology,group,False,derived_empirical,0.017,"derived via ARC ERA journal crosswalk: 411 shared-journal vote(s) over 248 FOR2008-classified journal(s), 7 agreeing"
FOR2008,0905,0905 Civil Engineering,FOR,4012,Fluid mechanics and thermal engineering,group,False,derived_empirical,0.017,"derived via ARC ERA journal crosswalk: 411 shared-journal vote(s) over 248 FOR2008-classified journal(s), 7 agreeing"
FOR2008,0905,0905 Civil Engineering,FOR,4015,Maritime engineering,group,False,derived_empirical,0.027,"derived via ARC ERA journal crosswalk: 411 shared-journal vote(s) over 248 FOR2008-classified journal(s), 11 agreeing"
FOR2008,0905,0905 Civil Engineering,FOR,3707,Hydrology,group,False,derived_empirical,0.036,"derived via ARC ERA journal crosswalk: 411 shared-journal vote(s) over 248 FOR2008-classified journal(s), 15 agreeing"
FOR2008,0905,0905 Civil Engineering,FOR,4901,Applied mathematics,group,False,derived_empirical,0.036,"derived via ARC ERA journal crosswalk: 411 shared-journal vote(s) over 248 FOR2008-classified journal(s), 15 agreeing"
FOR2008,0905,0905 Civil Engineering,FOR,4004,Chemical engineering,group,False,derived_empirical,0.041,"derived via ARC ERA journal crosswalk: 411 shared-journal vote(s) over 248 FOR2008-classified journal(s), 17 agreeing"
FOR2008,0905,0905 Civil Engineering,FOR,4019,Resources engineering and extractive metallurgy,group,False,derived_empirical,0.044,"derived via ARC ERA journal crosswalk: 411 shared-journal vote(s) over 248 FOR2008-classified journal(s), 18 agreeing"
FOR2008,0905,0905 Civil Engineering,FOR,3302,Building,group,False,derived_empirical,0.044,"derived via ARC ERA journal crosswalk: 411 shared-journal vote(s) over 248 FOR2008-classified journal(s), 18 agreeing"
FOR2008,0905,0905 Civil Engineering,FOR,4016,Materials engineering,group,False,derived_empirical,0.071,"derived via ARC ERA journal crosswalk: 411 shared-journal vote(s) over 248 FOR2008-classified journal(s), 29 agreeing"
FOR2008,0905,0905 Civil Engineering,FOR,4017,Mechanical engineering,group,False,derived_empirical,0.088,"derived via ARC ERA journal crosswalk: 411 shared-journal vote(s) over 248 FOR2008-classified journal(s), 36 agreeing"
FOR2008,0905,0905 Civil Engineering,FOR,4001,Aerospace engineering,group,False,derived_empirical,0.005,"derived via ARC ERA journal crosswalk: 411 shared-journal vote(s) over 248 FOR2008-classified journal(s), 2 agreeing"
FOR2008,0905,0905 Civil Engineering,FOR,3301,Architecture,group,False,derived_empirical,0.002,"derived via ARC ERA journal crosswalk: 411 shared-journal vote(s) over 248 FOR2008-classified journal(s), 1 agreeing"
FOR2008,0905,0905 Civil Engineering,FOR,4005,Civil engineering,group,True,derived_empirical,0.46,"derived via ARC ERA journal crosswalk: 411 shared-journal vote(s) over 248 FOR2008-classified journal(s), 189 agreeing"
FOR2008,0906,0906 Electrical and Electronic Engineering,FOR,3301,Architecture,group,False,derived_empirical,0.002,"derived via ARC ERA journal crosswalk: 563 shared-journal vote(s) over 351 FOR2008-classified journal(s), 1 agreeing"
FOR2008,0906,0906 Electrical and Electronic Engineering,FOR,4602,Artificial intelligence,group,False,derived_empirical,0.025,"derived via ARC ERA journal crosswalk: 563 shared-journal vote(s) over 351 FOR2008-classified journal(s), 14 agreeing"
FOR2008,0906,0906 Electrical and Electronic Engineering,FOR,4901,Applied mathematics,group,False,derived_empirical,0.036,"derived via ARC ERA journal crosswalk: 563 shared-journal vote(s) over 351 FOR2008-classified journal(s), 20 agreeing"
FOR2008,0906,0906 Electrical and Electronic Engineering,FOR,5102,"Atomic, molecular and optical physics",group,False,derived_empirical,0.039,"derived via ARC ERA journal crosswalk: 563 shared-journal vote(s) over 351 FOR2008-classified journal(s), 22 agreeing"
FOR2008,0906,0906 Electrical and Electronic Engineering,FOR,4603,Computer vision and multimedia computation,group,False,derived_empirical,0.05,"derived via ARC ERA journal crosswalk: 563 shared-journal vote(s) over 351 FOR2008-classified journal(s), 28 agreeing"
FOR2008,0906,0906 Electrical and Electronic Engineering,FOR,4606,Distributed computing and systems software,group,False,derived_empirical,0.055,"derived via ARC ERA journal crosswalk: 563 shared-journal vote(s) over 351 FOR2008-classified journal(s), 31 agreeing"
FOR2008,0906,0906 Electrical and Electronic Engineering,FOR,4007,"Control engineering, mechatronics and robotics",group,False,derived_empirical,0.06,"derived via ARC ERA journal crosswalk: 563 shared-journal vote(s) over 351 FOR2008-classified journal(s), 34 agreeing"
FOR2008,0906,0906 Electrical and Electronic Engineering,FOR,4008,Electrical engineering,group,False,derived_empirical,0.147,"derived via ARC ERA journal crosswalk: 563 shared-journal vote(s) over 351 FOR2008-classified journal(s), 83 agreeing"
FOR2008,0906,0906 Electrical and Electronic Engineering,FOR,5106,Nuclear and plasma physics,group,False,derived_empirical,0.002,"derived via ARC ERA journal crosswalk: 563 shared-journal vote(s) over 351 FOR2008-classified journal(s), 1 agreeing"
FOR2008,0906,0906 Electrical and Electronic Engineering,FOR,4009,"Electronics, sensors and digital hardware",group,True,derived_empirical,0.197,"derived via ARC ERA journal crosswalk: 563 shared-journal vote(s) over 351 FOR2008-classified journal(s), 111 agreeing"
FOR2008,0906,0906 Electrical and Electronic Engineering,FOR,3208,Medical physiology,group,False,derived_empirical,0.002,"derived via ARC ERA journal crosswalk: 563 shared-journal vote(s) over 351 FOR2008-classified journal(s), 1 agreeing"
FOR2008,0906,0906 Electrical and Electronic Engineering,FOR,3502,"Banking, finance and investment",group,False,derived_empirical,0.002,"derived via ARC ERA journal crosswalk: 563 shared-journal vote(s) over 351 FOR2008-classified journal(s), 1 agreeing"
FOR2008,0906,0906 Electrical and Electronic Engineering,FOR,3802,Econometrics,group,False,derived_empirical,0.002,"derived via ARC ERA journal crosswalk: 563 shared-journal vote(s) over 351 FOR2008-classified journal(s), 1 agreeing"
FOR2008,0906,0906 Electrical and Electronic Engineering,FOR,3704,Geoinformatics,group,False,derived_empirical,0.002,"derived via ARC ERA journal crosswalk: 563 shared-journal vote(s) over 351 FOR2008-classified journal(s), 1 agreeing"
FOR2008,0906,0906 Electrical and Electronic Engineering,FOR,3709,Physical geography and environmental geoscience,group,False,derived_empirical,0.002,"derived via ARC ERA journal crosswalk: 563 shared-journal vote(s) over 351 FOR2008-classified journal(s), 1 agreeing"
FOR2008,0906,0906 Electrical and Electronic Engineering,FOR,4013,Geomatic engineering,group,False,derived_empirical,0.002,"derived via ARC ERA journal crosswalk: 563 shared-journal vote(s) over 351 FOR2008-classified journal(s), 1 agreeing"
FOR2008,0906,0906 Electrical and Electronic Engineering,FOR,4410,Sociology,group,False,derived_empirical,0.002,"derived via ARC ERA journal crosswalk: 563 shared-journal vote(s) over 351 FOR2008-classified journal(s), 1 agreeing"
FOR2008,0906,0906 Electrical and Electronic Engineering,FOR,4019,Resources engineering and extractive metallurgy,group,False,derived_empirical,0.002,"derived via ARC ERA journal crosswalk: 563 shared-journal vote(s) over 351 FOR2008-classified journal(s), 1 agreeing"
FOR2008,0906,0906 Electrical and Electronic Engineering,FOR,3006,Food sciences,group,False,derived_empirical,0.002,"derived via ARC ERA journal crosswalk: 563 shared-journal vote(s) over 351 FOR2008-classified journal(s), 1 agreeing"
FOR2008,0906,0906 Electrical and Electronic Engineering,FOR,4605,Data management and data science,group,False,derived_empirical,0.002,"derived via ARC ERA journal crosswalk: 563 shared-journal vote(s) over 351 FOR2008-classified journal(s), 1 agreeing"
FOR2008,0906,0906 Electrical and Electronic Engineering,FOR,3903,Education systems,group,False,derived_empirical,0.002,"derived via ARC ERA journal crosswalk: 563 shared-journal vote(s) over 351 FOR2008-classified journal(s), 1 agreeing"
FOR2008,0906,0906 Electrical and Electronic Engineering,FOR,3904,Specialist studies in education,group,False,derived_empirical,0.002,"derived via ARC ERA journal crosswalk: 563 shared-journal vote(s) over 351 FOR2008-classified journal(s), 1 agreeing"
FOR2008,0906,0906 Electrical and Electronic Engineering,FOR,4099,Other engineering,group,False,derived_empirical,0.002,"derived via ARC ERA journal crosswalk: 563 shared-journal vote(s) over 351 FOR2008-classified journal(s), 1 agreeing"
FOR2008,0906,0906 Electrical and Electronic Engineering,FOR,4904,Pure mathematics,group,False,derived_empirical,0.002,"derived via ARC ERA journal crosswalk: 563 shared-journal vote(s) over 351 FOR2008-classified journal(s), 1 agreeing"
FOR2008,0906,0906 Electrical and Electronic Engineering,FOR,4017,Mechanical engineering,group,False,derived_empirical,0.021,"derived via ARC ERA journal crosswalk: 563 shared-journal vote(s) over 351 FOR2008-classified journal(s), 12 agreeing"
FOR2008,0906,0906 Electrical and Electronic Engineering,FOR,4016,Materials engineering,group,False,derived_empirical,0.018,"derived via ARC ERA journal crosswalk: 563 shared-journal vote(s) over 351 FOR2008-classified journal(s), 10 agreeing"
FOR2008,0906,0906 Electrical and Electronic Engineering,FOR,4006,Communications engineering,group,False,derived_empirical,0.153,"derived via ARC ERA journal crosswalk: 563 shared-journal vote(s) over 351 FOR2008-classified journal(s), 86 agreeing"
FOR2008,0906,0906 Electrical and Electronic Engineering,FOR,4611,Machine learning,group,False,derived_empirical,0.016,"derived via ARC ERA journal crosswalk: 563 shared-journal vote(s) over 351 FOR2008-classified journal(s), 9 agreeing"
FOR2008,0906,0906 Electrical and Electronic Engineering,FOR,4106,Soil sciences,group,False,derived_empirical,0.002,"derived via ARC ERA journal crosswalk: 563 shared-journal vote(s) over 351 FOR2008-classified journal(s), 1 agreeing"
FOR2008,0906,0906 Electrical and Electronic Engineering,FOR,3101,Biochemistry and cell biology,group,False,derived_empirical,0.002,"derived via ARC ERA journal crosswalk: 563 shared-journal vote(s) over 351 FOR2008-classified journal(s), 1 agreeing"
FOR2008,0906,0906 Electrical and Electronic Engineering,FOR,4003,Biomedical engineering,group,False,derived_empirical,0.018,"derived via ARC ERA journal crosswalk: 563 shared-journal vote(s) over 351 FOR2008-classified journal(s), 10 agreeing"
FOR2008,0906,0906 Electrical and Electronic Engineering,FOR,4011,Environmental engineering,group,False,derived_empirical,0.004,"derived via ARC ERA journal crosswalk: 563 shared-journal vote(s) over 351 FOR2008-classified journal(s), 2 agreeing"
FOR2008,0906,0906 Electrical and Electronic Engineering,FOR,3403,Macromolecular and materials chemistry,group,False,derived_empirical,0.004,"derived via ARC ERA journal crosswalk: 563 shared-journal vote(s) over 351 FOR2008-classified journal(s), 2 agreeing"
FOR2008,0906,0906 Electrical and Electronic Engineering,FOR,3801,Applied economics,group,False,derived_empirical,0.004,"derived via ARC ERA journal crosswalk: 563 shared-journal vote(s) over 351 FOR2008-classified journal(s), 2 agreeing"
FOR2008,0906,0906 Electrical and Electronic Engineering,FOR,4002,Automotive engineering,group,False,derived_empirical,0.004,"derived via ARC ERA journal crosswalk: 563 shared-journal vote(s) over 351 FOR2008-classified journal(s), 2 agreeing"
FOR2008,0906,0906 Electrical and Electronic Engineering,FOR,4012,Fluid mechanics and thermal engineering,group,False,derived_empirical,0.004,"derived via ARC ERA journal crosswalk: 563 shared-journal vote(s) over 351 FOR2008-classified journal(s), 2 agreeing"
FOR2008,0906,0906 Electrical and Electronic Engineering,FOR,4613,Theory of computation,group,False,derived_empirical,0.004,"derived via ARC ERA journal crosswalk: 563 shared-journal vote(s) over 351 FOR2008-classified journal(s), 2 agreeing"
FOR2008,0906,0906 Electrical and Electronic Engineering,FOR,4608,Human-centred computing,group,False,derived_empirical,0.004,"derived via ARC ERA journal crosswalk: 563 shared-journal vote(s) over 351 FOR2008-classified journal(s), 2 agreeing"
FOR2008,0906,0906 Electrical and Electronic Engineering,FOR,3302,Building,group,False,derived_empirical,0.004,"derived via ARC ERA journal crosswalk: 563 shared-journal vote(s) over 351 FOR2008-classified journal(s), 2 agreeing"
FOR2008,0906,0906 Electrical and Electronic Engineering,FOR,4015,Maritime engineering,group,False,derived_empirical,0.002,"derived via ARC ERA journal crosswalk: 563 shared-journal vote(s) over 351 FOR2008-classified journal(s), 1 agreeing"
FOR2008,0906,0906 Electrical and Electronic Engineering,FOR,4018,Nanotechnology,group,False,derived_empirical,0.005,"derived via ARC ERA journal crosswalk: 563 shared-journal vote(s) over 351 FOR2008-classified journal(s), 3 agreeing"
FOR2008,0906,0906 Electrical and Electronic Engineering,FOR,4601,Applied computing,group,False,derived_empirical,0.005,"derived via ARC ERA journal crosswalk: 563 shared-journal vote(s) over 351 FOR2008-classified journal(s), 3 agreeing"
FOR2008,0906,0906 Electrical and Electronic Engineering,FOR,5104,Condensed matter physics,group,False,derived_empirical,0.016,"derived via ARC ERA journal crosswalk: 563 shared-journal vote(s) over 351 FOR2008-classified journal(s), 9 agreeing"
FOR2008,0906,0906 Electrical and Electronic Engineering,FOR,5108,Quantum physics,group,False,derived_empirical,0.014,"derived via ARC ERA journal crosswalk: 563 shared-journal vote(s) over 351 FOR2008-classified journal(s), 8 agreeing"
FOR2008,0906,0906 Electrical and Electronic Engineering,FOR,4005,Civil engineering,group,False,derived_empirical,0.011,"derived via ARC ERA journal crosswalk: 563 shared-journal vote(s) over 351 FOR2008-classified journal(s), 6 agreeing"
FOR2008,0906,0906 Electrical and Electronic Engineering,FOR,4004,Chemical engineering,group,False,derived_empirical,0.009,"derived via ARC ERA journal crosswalk: 563 shared-journal vote(s) over 351 FOR2008-classified journal(s), 5 agreeing"
FOR2008,0906,0906 Electrical and Electronic Engineering,FOR,5103,Classical physics,group,False,derived_empirical,0.002,"derived via ARC ERA journal crosswalk: 563 shared-journal vote(s) over 351 FOR2008-classified journal(s), 1 agreeing"
FOR2008,0906,0906 Electrical and Electronic Engineering,FOR,4612,Software engineering,group,False,derived_empirical,0.007,"derived via ARC ERA journal crosswalk: 563 shared-journal vote(s) over 351 FOR2008-classified journal(s), 4 agreeing"
FOR2008,0906,0906 Electrical and Electronic Engineering,FOR,4010,Engineering practice and education,group,False,derived_empirical,0.007,"derived via ARC ERA journal crosswalk: 563 shared-journal vote(s) over 351 FOR2008-classified journal(s), 4 agreeing"
FOR2008,0906,0906 Electrical and Electronic Engineering,FOR,4903,Numerical and computational mathematics,group,False,derived_empirical,0.007,"derived via ARC ERA journal crosswalk: 563 shared-journal vote(s) over 351 FOR2008-classified journal(s), 4 agreeing"
FOR2008,0906,0906 Electrical and Electronic Engineering,FOR,4001,Aerospace engineering,group,False,derived_empirical,0.005,"derived via ARC ERA journal crosswalk: 563 shared-journal vote(s) over 351 FOR2008-classified journal(s), 3 agreeing"
FOR2008,0906,0906 Electrical and Electronic Engineering,FOR,4604,Cybersecurity and privacy,group,False,derived_empirical,0.005,"derived via ARC ERA journal crosswalk: 563 shared-journal vote(s) over 351 FOR2008-classified journal(s), 3 agreeing"
FOR2008,0906,0906 Electrical and Electronic Engineering,FOR,4607,"Graphics, augmented reality and games",group,False,derived_empirical,0.009,"derived via ARC ERA journal crosswalk: 563 shared-journal vote(s) over 351 FOR2008-classified journal(s), 5 agreeing"
FOR2008,0907,0907 Environmental Engineering,FOR,4014,Manufacturing engineering,group,False,derived_empirical,0.01,"derived via ARC ERA journal crosswalk: 100 shared-journal vote(s) over 58 FOR2008-classified journal(s), 1 agreeing"
FOR2008,0907,0907 Environmental Engineering,FOR,4008,Electrical engineering,group,False,derived_empirical,0.01,"derived via ARC ERA journal crosswalk: 100 shared-journal vote(s) over 58 FOR2008-classified journal(s), 1 agreeing"
FOR2008,0907,0907 Environmental Engineering,FOR,3706,Geophysics,group,False,derived_empirical,0.01,"derived via ARC ERA journal crosswalk: 100 shared-journal vote(s) over 58 FOR2008-classified journal(s), 1 agreeing"
FOR2008,0907,0907 Environmental Engineering,FOR,4105,Pollution and contamination,group,False,derived_empirical,0.01,"derived via ARC ERA journal crosswalk: 100 shared-journal vote(s) over 58 FOR2008-classified journal(s), 1 agreeing"
FOR2008,0907,0907 Environmental Engineering,FOR,3702,Climate change science,group,False,derived_empirical,0.02,"derived via ARC ERA journal crosswalk: 100 shared-journal vote(s) over 58 FOR2008-classified journal(s), 2 agreeing"
FOR2008,0907,0907 Environmental Engineering,FOR,3401,Analytical chemistry,group,False,derived_empirical,0.02,"derived via ARC ERA journal crosswalk: 100 shared-journal vote(s) over 58 FOR2008-classified journal(s), 2 agreeing"
FOR2008,0907,0907 Environmental Engineering,FOR,4017,Mechanical engineering,group,False,derived_empirical,0.02,"derived via ARC ERA journal crosswalk: 100 shared-journal vote(s) over 58 FOR2008-classified journal(s), 2 agreeing"
FOR2008,0907,0907 Environmental Engineering,FOR,4016,Materials engineering,group,False,derived_empirical,0.02,"derived via ARC ERA journal crosswalk: 100 shared-journal vote(s) over 58 FOR2008-classified journal(s), 2 agreeing"
FOR2008,0907,0907 Environmental Engineering,FOR,3701,Atmospheric sciences,group,False,derived_empirical,0.03,"derived via ARC ERA journal crosswalk: 100 shared-journal vote(s) over 58 FOR2008-classified journal(s), 3 agreeing"
FOR2008,0907,0907 Environmental Engineering,FOR,3709,Physical geography and environmental geoscience,group,False,derived_empirical,0.03,"derived via ARC ERA journal crosswalk: 100 shared-journal vote(s) over 58 FOR2008-classified journal(s), 3 agreeing"
FOR2008,0907,0907 Environmental Engineering,FOR,3302,Building,group,False,derived_empirical,0.03,"derived via ARC ERA journal crosswalk: 100 shared-journal vote(s) over 58 FOR2008-classified journal(s), 3 agreeing"
FOR2008,0907,0907 Environmental Engineering,FOR,4019,Resources engineering and extractive metallurgy,group,False,derived_empirical,0.04,"derived via ARC ERA journal crosswalk: 100 shared-journal vote(s) over 58 FOR2008-classified journal(s), 4 agreeing"
FOR2008,0907,0907 Environmental Engineering,FOR,3707,Hydrology,group,False,derived_empirical,0.1,"derived via ARC ERA journal crosswalk: 100 shared-journal vote(s) over 58 FOR2008-classified journal(s), 10 agreeing"
FOR2008,0907,0907 Environmental Engineering,FOR,4011,Environmental engineering,group,False,derived_empirical,0.15,"derived via ARC ERA journal crosswalk: 100 shared-journal vote(s) over 58 FOR2008-classified journal(s), 15 agreeing"
FOR2008,0907,0907 Environmental Engineering,FOR,4004,Chemical engineering,group,False,derived_empirical,0.15,"derived via ARC ERA journal crosswalk: 100 shared-journal vote(s) over 58 FOR2008-classified journal(s), 15 agreeing"
FOR2008,0907,0907 Environmental Engineering,FOR,4005,Civil engineering,group,True,derived_empirical,0.18,"derived via ARC ERA journal crosswalk: 100 shared-journal vote(s) over 58 FOR2008-classified journal(s), 18 agreeing"
FOR2008,0907,0907 Environmental Engineering,FOR,3103,Ecology,group,False,derived_empirical,0.03,"derived via ARC ERA journal crosswalk: 100 shared-journal vote(s) over 58 FOR2008-classified journal(s), 3 agreeing"
FOR2008,0907,0907 Environmental Engineering,FOR,4104,Environmental management,group,False,derived_empirical,0.08,"derived via ARC ERA journal crosswalk: 100 shared-journal vote(s) over 58 FOR2008-classified journal(s), 8 agreeing"
FOR2008,0907,0907 Environmental Engineering,FOR,4007,"Control engineering, mechatronics and robotics",group,False,derived_empirical,0.01,"derived via ARC ERA journal crosswalk: 100 shared-journal vote(s) over 58 FOR2008-classified journal(s), 1 agreeing"
FOR2008,0907,0907 Environmental Engineering,FOR,4901,Applied mathematics,group,False,derived_empirical,0.01,"derived via ARC ERA journal crosswalk: 100 shared-journal vote(s) over 58 FOR2008-classified journal(s), 1 agreeing"
FOR2008,0907,0907 Environmental Engineering,FOR,3406,Physical chemistry,group,False,derived_empirical,0.01,"derived via ARC ERA journal crosswalk: 100 shared-journal vote(s) over 58 FOR2008-classified journal(s), 1 agreeing"
FOR2008,0907,0907 Environmental Engineering,FOR,4013,Geomatic engineering,group,False,derived_empirical,0.01,"derived via ARC ERA journal crosswalk: 100 shared-journal vote(s) over 58 FOR2008-classified journal(s), 1 agreeing"
FOR2008,0907,0907 Environmental Engineering,FOR,3304,Urban and regional planning,group,False,derived_empirical,0.01,"derived via ARC ERA journal crosswalk: 100 shared-journal vote(s) over 58 FOR2008-classified journal(s), 1 agreeing"
FOR2008,0907,0907 Environmental Engineering,FOR,4012,Fluid mechanics and thermal engineering,group,False,derived_empirical,0.01,"derived via ARC ERA journal crosswalk: 100 shared-journal vote(s) over 58 FOR2008-classified journal(s), 1 agreeing"
FOR2008,0908,0908 Food Sciences,FOR,4208,"Traditional, complementary and integrative medicine",group,False,derived_empirical,0.005,"derived via ARC ERA journal crosswalk: 186 shared-journal vote(s) over 107 FOR2008-classified journal(s), 1 agreeing"
FOR2008,0908,0908 Food Sciences,FOR,3214,Pharmacology and pharmaceutical sciences,group,False,derived_empirical,0.005,"derived via ARC ERA journal crosswalk: 186 shared-journal vote(s) over 107 FOR2008-classified journal(s), 1 agreeing"
FOR2008,0908,0908 Food Sciences,FOR,3007,Forestry sciences,group,False,derived_empirical,0.005,"derived via ARC ERA journal crosswalk: 186 shared-journal vote(s) over 107 FOR2008-classified journal(s), 1 agreeing"
FOR2008,0908,0908 Food Sciences,FOR,3405,Organic chemistry,group,False,derived_empirical,0.005,"derived via ARC ERA journal crosswalk: 186 shared-journal vote(s) over 107 FOR2008-classified journal(s), 1 agreeing"
FOR2008,0908,0908 Food Sciences,FOR,3204,Immunology,group,False,derived_empirical,0.005,"derived via ARC ERA journal crosswalk: 186 shared-journal vote(s) over 107 FOR2008-classified journal(s), 1 agreeing"
FOR2008,0908,0908 Food Sciences,FOR,3108,Plant biology,group,False,derived_empirical,0.005,"derived via ARC ERA journal crosswalk: 186 shared-journal vote(s) over 107 FOR2008-classified journal(s), 1 agreeing"
FOR2008,0908,0908 Food Sciences,FOR,3506,Marketing,group,False,derived_empirical,0.005,"derived via ARC ERA journal crosswalk: 186 shared-journal vote(s) over 107 FOR2008-classified journal(s), 1 agreeing"
FOR2008,0908,0908 Food Sciences,FOR,4407,Policy and administration,group,False,derived_empirical,0.005,"derived via ARC ERA journal crosswalk: 186 shared-journal vote(s) over 107 FOR2008-classified journal(s), 1 agreeing"
FOR2008,0908,0908 Food Sciences,FOR,3801,Applied economics,group,False,derived_empirical,0.005,"derived via ARC ERA journal crosswalk: 186 shared-journal vote(s) over 107 FOR2008-classified journal(s), 1 agreeing"
FOR2008,0908,0908 Food Sciences,FOR,3101,Biochemistry and cell biology,group,False,derived_empirical,0.011,"derived via ARC ERA journal crosswalk: 186 shared-journal vote(s) over 107 FOR2008-classified journal(s), 2 agreeing"
FOR2008,0908,0908 Food Sciences,FOR,3202,Clinical sciences,group,False,derived_empirical,0.011,"derived via ARC ERA journal crosswalk: 186 shared-journal vote(s) over 107 FOR2008-classified journal(s), 2 agreeing"
FOR2008,0908,0908 Food Sciences,FOR,3107,Microbiology,group,False,derived_empirical,0.016,"derived via ARC ERA journal crosswalk: 186 shared-journal vote(s) over 107 FOR2008-classified journal(s), 3 agreeing"
FOR2008,0908,0908 Food Sciences,FOR,4206,Public health,group,False,derived_empirical,0.016,"derived via ARC ERA journal crosswalk: 186 shared-journal vote(s) over 107 FOR2008-classified journal(s), 3 agreeing"
FOR2008,0908,0908 Food Sciences,FOR,3008,Horticultural production,group,False,derived_empirical,0.016,"derived via ARC ERA journal crosswalk: 186 shared-journal vote(s) over 107 FOR2008-classified journal(s), 3 agreeing"
FOR2008,0908,0908 Food Sciences,FOR,3401,Analytical chemistry,group,False,derived_empirical,0.022,"derived via ARC ERA journal crosswalk: 186 shared-journal vote(s) over 107 FOR2008-classified journal(s), 4 agreeing"
FOR2008,0908,0908 Food Sciences,FOR,3106,Industrial biotechnology,group,False,derived_empirical,0.032,"derived via ARC ERA journal crosswalk: 186 shared-journal vote(s) over 107 FOR2008-classified journal(s), 6 agreeing"
FOR2008,0908,0908 Food Sciences,FOR,3003,Animal production,group,False,derived_empirical,0.038,"derived via ARC ERA journal crosswalk: 186 shared-journal vote(s) over 107 FOR2008-classified journal(s), 7 agreeing"
FOR2008,0908,0908 Food Sciences,FOR,3210,Nutrition and dietetics,group,False,derived_empirical,0.124,"derived via ARC ERA journal crosswalk: 186 shared-journal vote(s) over 107 FOR2008-classified journal(s), 23 agreeing"
FOR2008,0908,0908 Food Sciences,FOR,4004,Chemical engineering,group,False,derived_empirical,0.172,"derived via ARC ERA journal crosswalk: 186 shared-journal vote(s) over 107 FOR2008-classified journal(s), 32 agreeing"
FOR2008,0908,0908 Food Sciences,FOR,3006,Food sciences,group,True,derived_empirical,0.484,"derived via ARC ERA journal crosswalk: 186 shared-journal vote(s) over 107 FOR2008-classified journal(s), 90 agreeing"
FOR2008,0908,0908 Food Sciences,FOR,3009,Veterinary sciences,group,False,derived_empirical,0.011,"derived via ARC ERA journal crosswalk: 186 shared-journal vote(s) over 107 FOR2008-classified journal(s), 2 agreeing"
FOR2008,0909,0909 Geomatic Engineering,FOR,3302,Building,group,False,derived_empirical,0.009,"derived via ARC ERA journal crosswalk: 107 shared-journal vote(s) over 52 FOR2008-classified journal(s), 1 agreeing"
FOR2008,0909,0909 Geomatic Engineering,FOR,5002,History and philosophy of specific fields,group,False,derived_empirical,0.009,"derived via ARC ERA journal crosswalk: 107 shared-journal vote(s) over 52 FOR2008-classified journal(s), 1 agreeing"
FOR2008,0909,0909 Geomatic Engineering,FOR,4001,Aerospace engineering,group,False,derived_empirical,0.009,"derived via ARC ERA journal crosswalk: 107 shared-journal vote(s) over 52 FOR2008-classified journal(s), 1 agreeing"
FOR2008,0909,0909 Geomatic Engineering,FOR,4006,Communications engineering,group,False,derived_empirical,0.009,"derived via ARC ERA journal crosswalk: 107 shared-journal vote(s) over 52 FOR2008-classified journal(s), 1 agreeing"
FOR2008,0909,0909 Geomatic Engineering,FOR,4019,Resources engineering and extractive metallurgy,group,False,derived_empirical,0.009,"derived via ARC ERA journal crosswalk: 107 shared-journal vote(s) over 52 FOR2008-classified journal(s), 1 agreeing"
FOR2008,0909,0909 Geomatic Engineering,FOR,4009,"Electronics, sensors and digital hardware",group,False,derived_empirical,0.009,"derived via ARC ERA journal crosswalk: 107 shared-journal vote(s) over 52 FOR2008-classified journal(s), 1 agreeing"
FOR2008,0909,0909 Geomatic Engineering,FOR,5101,Astronomical sciences,group,False,derived_empirical,0.009,"derived via ARC ERA journal crosswalk: 107 shared-journal vote(s) over 52 FOR2008-classified journal(s), 1 agreeing"
FOR2008,0909,0909 Geomatic Engineering,FOR,3707,Hydrology,group,False,derived_empirical,0.009,"derived via ARC ERA journal crosswalk: 107 shared-journal vote(s) over 52 FOR2008-classified journal(s), 1 agreeing"
FOR2008,0909,0909 Geomatic Engineering,FOR,4603,Computer vision and multimedia computation,group,False,derived_empirical,0.009,"derived via ARC ERA journal crosswalk: 107 shared-journal vote(s) over 52 FOR2008-classified journal(s), 1 agreeing"
FOR2008,0909,0909 Geomatic Engineering,FOR,3702,Climate change science,group,False,derived_empirical,0.009,"derived via ARC ERA journal crosswalk: 107 shared-journal vote(s) over 52 FOR2008-classified journal(s), 1 agreeing"
FOR2008,0909,0909 Geomatic Engineering,FOR,5204,Cognitive and computational psychology,group,False,derived_empirical,0.009,"derived via ARC ERA journal crosswalk: 107 shared-journal vote(s) over 52 FOR2008-classified journal(s), 1 agreeing"
FOR2008,0909,0909 Geomatic Engineering,FOR,4607,"Graphics, augmented reality and games",group,False,derived_empirical,0.009,"derived via ARC ERA journal crosswalk: 107 shared-journal vote(s) over 52 FOR2008-classified journal(s), 1 agreeing"
FOR2008,0909,0909 Geomatic Engineering,FOR,3509,"Transportation, logistics and supply chains",group,False,derived_empirical,0.009,"derived via ARC ERA journal crosswalk: 107 shared-journal vote(s) over 52 FOR2008-classified journal(s), 1 agreeing"
FOR2008,0909,0909 Geomatic Engineering,FOR,4601,Applied computing,group,False,derived_empirical,0.019,"derived via ARC ERA journal crosswalk: 107 shared-journal vote(s) over 52 FOR2008-classified journal(s), 2 agreeing"
FOR2008,0909,0909 Geomatic Engineering,FOR,3708,Oceanography,group,False,derived_empirical,0.019,"derived via ARC ERA journal crosswalk: 107 shared-journal vote(s) over 52 FOR2008-classified journal(s), 2 agreeing"
FOR2008,0909,0909 Geomatic Engineering,FOR,4013,Geomatic engineering,group,True,derived_empirical,0.252,"derived via ARC ERA journal crosswalk: 107 shared-journal vote(s) over 52 FOR2008-classified journal(s), 27 agreeing"
FOR2008,0909,0909 Geomatic Engineering,FOR,3706,Geophysics,group,False,derived_empirical,0.14,"derived via ARC ERA journal crosswalk: 107 shared-journal vote(s) over 52 FOR2008-classified journal(s), 15 agreeing"
FOR2008,0909,0909 Geomatic Engineering,FOR,3704,Geoinformatics,group,False,derived_empirical,0.075,"derived via ARC ERA journal crosswalk: 107 shared-journal vote(s) over 52 FOR2008-classified journal(s), 8 agreeing"
FOR2008,0909,0909 Geomatic Engineering,FOR,4406,Human geography,group,False,derived_empirical,0.047,"derived via ARC ERA journal crosswalk: 107 shared-journal vote(s) over 52 FOR2008-classified journal(s), 5 agreeing"
FOR2008,0909,0909 Geomatic Engineering,FOR,3304,Urban and regional planning,group,False,derived_empirical,0.037,"derived via ARC ERA journal crosswalk: 107 shared-journal vote(s) over 52 FOR2008-classified journal(s), 4 agreeing"
FOR2008,0909,0909 Geomatic Engineering,FOR,3709,Physical geography and environmental geoscience,group,False,derived_empirical,0.168,"derived via ARC ERA journal crosswalk: 107 shared-journal vote(s) over 52 FOR2008-classified journal(s), 18 agreeing"
FOR2008,0909,0909 Geomatic Engineering,FOR,4005,Civil engineering,group,False,derived_empirical,0.037,"derived via ARC ERA journal crosswalk: 107 shared-journal vote(s) over 52 FOR2008-classified journal(s), 4 agreeing"
FOR2008,0909,0909 Geomatic Engineering,FOR,3701,Atmospheric sciences,group,False,derived_empirical,0.028,"derived via ARC ERA journal crosswalk: 107 shared-journal vote(s) over 52 FOR2008-classified journal(s), 3 agreeing"
FOR2008,0909,0909 Geomatic Engineering,FOR,3705,Geology,group,False,derived_empirical,0.028,"derived via ARC ERA journal crosswalk: 107 shared-journal vote(s) over 52 FOR2008-classified journal(s), 3 agreeing"
FOR2008,0909,0909 Geomatic Engineering,FOR,4104,Environmental management,group,False,derived_empirical,0.028,"derived via ARC ERA journal crosswalk: 107 shared-journal vote(s) over 52 FOR2008-classified journal(s), 3 agreeing"
FOR2008,0910,0910 Manufacturing Engineering,FOR,4609,Information systems,group,False,derived_empirical,0.01,"derived via ARC ERA journal crosswalk: 100 shared-journal vote(s) over 68 FOR2008-classified journal(s), 1 agreeing"
FOR2008,0910,0910 Manufacturing Engineering,FOR,4602,Artificial intelligence,group,False,derived_empirical,0.01,"derived via ARC ERA journal crosswalk: 100 shared-journal vote(s) over 68 FOR2008-classified journal(s), 1 agreeing"
FOR2008,0910,0910 Manufacturing Engineering,FOR,5201,Applied and developmental psychology,group,False,derived_empirical,0.01,"derived via ARC ERA journal crosswalk: 100 shared-journal vote(s) over 68 FOR2008-classified journal(s), 1 agreeing"
FOR2008,0910,0910 Manufacturing Engineering,FOR,3505,Human resources and industrial relations,group,False,derived_empirical,0.01,"derived via ARC ERA journal crosswalk: 100 shared-journal vote(s) over 68 FOR2008-classified journal(s), 1 agreeing"
FOR2008,0910,0910 Manufacturing Engineering,FOR,3206,Medical biotechnology,group,False,derived_empirical,0.01,"derived via ARC ERA journal crosswalk: 100 shared-journal vote(s) over 68 FOR2008-classified journal(s), 1 agreeing"
FOR2008,0910,0910 Manufacturing Engineering,FOR,4901,Applied mathematics,group,False,derived_empirical,0.01,"derived via ARC ERA journal crosswalk: 100 shared-journal vote(s) over 68 FOR2008-classified journal(s), 1 agreeing"
FOR2008,0910,0910 Manufacturing Engineering,FOR,4005,Civil engineering,group,False,derived_empirical,0.01,"derived via ARC ERA journal crosswalk: 100 shared-journal vote(s) over 68 FOR2008-classified journal(s), 1 agreeing"
FOR2008,0910,0910 Manufacturing Engineering,FOR,5104,Condensed matter physics,group,False,derived_empirical,0.01,"derived via ARC ERA journal crosswalk: 100 shared-journal vote(s) over 68 FOR2008-classified journal(s), 1 agreeing"
FOR2008,0910,0910 Manufacturing Engineering,FOR,5102,"Atomic, molecular and optical physics",group,False,derived_empirical,0.01,"derived via ARC ERA journal crosswalk: 100 shared-journal vote(s) over 68 FOR2008-classified journal(s), 1 agreeing"
FOR2008,0910,0910 Manufacturing Engineering,FOR,4010,Engineering practice and education,group,False,derived_empirical,0.01,"derived via ARC ERA journal crosswalk: 100 shared-journal vote(s) over 68 FOR2008-classified journal(s), 1 agreeing"
FOR2008,0910,0910 Manufacturing Engineering,FOR,4008,Electrical engineering,group,False,derived_empirical,0.01,"derived via ARC ERA journal crosswalk: 100 shared-journal vote(s) over 68 FOR2008-classified journal(s), 1 agreeing"
FOR2008,0910,0910 Manufacturing Engineering,FOR,4601,Applied computing,group,False,derived_empirical,0.02,"derived via ARC ERA journal crosswalk: 100 shared-journal vote(s) over 68 FOR2008-classified journal(s), 2 agreeing"
FOR2008,0910,0910 Manufacturing Engineering,FOR,4018,Nanotechnology,group,False,derived_empirical,0.02,"derived via ARC ERA journal crosswalk: 100 shared-journal vote(s) over 68 FOR2008-classified journal(s), 2 agreeing"
FOR2008,0910,0910 Manufacturing Engineering,FOR,5103,Classical physics,group,False,derived_empirical,0.02,"derived via ARC ERA journal crosswalk: 100 shared-journal vote(s) over 68 FOR2008-classified journal(s), 2 agreeing"
FOR2008,0910,0910 Manufacturing Engineering,FOR,4019,Resources engineering and extractive metallurgy,group,False,derived_empirical,0.02,"derived via ARC ERA journal crosswalk: 100 shared-journal vote(s) over 68 FOR2008-classified journal(s), 2 agreeing"
FOR2008,0910,0910 Manufacturing Engineering,FOR,4009,"Electronics, sensors and digital hardware",group,False,derived_empirical,0.05,"derived via ARC ERA journal crosswalk: 100 shared-journal vote(s) over 68 FOR2008-classified journal(s), 5 agreeing"
FOR2008,0910,0910 Manufacturing Engineering,FOR,4007,"Control engineering, mechatronics and robotics",group,False,derived_empirical,0.1,"derived via ARC ERA journal crosswalk: 100 shared-journal vote(s) over 68 FOR2008-classified journal(s), 10 agreeing"
FOR2008,0910,0910 Manufacturing Engineering,FOR,4016,Materials engineering,group,False,derived_empirical,0.19,"derived via ARC ERA journal crosswalk: 100 shared-journal vote(s) over 68 FOR2008-classified journal(s), 19 agreeing"
FOR2008,0910,0910 Manufacturing Engineering,FOR,4017,Mechanical engineering,group,False,derived_empirical,0.21,"derived via ARC ERA journal crosswalk: 100 shared-journal vote(s) over 68 FOR2008-classified journal(s), 21 agreeing"
FOR2008,0910,0910 Manufacturing Engineering,FOR,4014,Manufacturing engineering,group,True,derived_empirical,0.25,"derived via ARC ERA journal crosswalk: 100 shared-journal vote(s) over 68 FOR2008-classified journal(s), 25 agreeing"
FOR2008,0910,0910 Manufacturing Engineering,FOR,3507,"Strategy, management and organisational behaviour",group,False,derived_empirical,0.01,"derived via ARC ERA journal crosswalk: 100 shared-journal vote(s) over 68 FOR2008-classified journal(s), 1 agreeing"
FOR2008,0911,0911 Maritime Engineering,FOR,3709,Physical geography and environmental geoscience,group,False,derived_empirical,0.019,"derived via ARC ERA journal crosswalk: 54 shared-journal vote(s) over 33 FOR2008-classified journal(s), 1 agreeing"
FOR2008,0911,0911 Maritime Engineering,FOR,4009,"Electronics, sensors and digital hardware",group,False,derived_empirical,0.019,"derived via ARC ERA journal crosswalk: 54 shared-journal vote(s) over 33 FOR2008-classified journal(s), 1 agreeing"
FOR2008,0911,0911 Maritime Engineering,FOR,4016,Materials engineering,group,False,derived_empirical,0.019,"derived via ARC ERA journal crosswalk: 54 shared-journal vote(s) over 33 FOR2008-classified journal(s), 1 agreeing"
FOR2008,0911,0911 Maritime Engineering,FOR,3005,Fisheries sciences,group,False,derived_empirical,0.019,"derived via ARC ERA journal crosswalk: 54 shared-journal vote(s) over 33 FOR2008-classified journal(s), 1 agreeing"
FOR2008,0911,0911 Maritime Engineering,FOR,4011,Environmental engineering,group,False,derived_empirical,0.019,"derived via ARC ERA journal crosswalk: 54 shared-journal vote(s) over 33 FOR2008-classified journal(s), 1 agreeing"
FOR2008,0911,0911 Maritime Engineering,FOR,4004,Chemical engineering,group,False,derived_empirical,0.037,"derived via ARC ERA journal crosswalk: 54 shared-journal vote(s) over 33 FOR2008-classified journal(s), 2 agreeing"
FOR2008,0911,0911 Maritime Engineering,FOR,4006,Communications engineering,group,False,derived_empirical,0.019,"derived via ARC ERA journal crosswalk: 54 shared-journal vote(s) over 33 FOR2008-classified journal(s), 1 agreeing"
FOR2008,0911,0911 Maritime Engineering,FOR,4017,Mechanical engineering,group,False,derived_empirical,0.056,"derived via ARC ERA journal crosswalk: 54 shared-journal vote(s) over 33 FOR2008-classified journal(s), 3 agreeing"
FOR2008,0911,0911 Maritime Engineering,FOR,3708,Oceanography,group,False,derived_empirical,0.074,"derived via ARC ERA journal crosswalk: 54 shared-journal vote(s) over 33 FOR2008-classified journal(s), 4 agreeing"
FOR2008,0911,0911 Maritime Engineering,FOR,4005,Civil engineering,group,False,derived_empirical,0.204,"derived via ARC ERA journal crosswalk: 54 shared-journal vote(s) over 33 FOR2008-classified journal(s), 11 agreeing"
FOR2008,0911,0911 Maritime Engineering,FOR,4015,Maritime engineering,group,True,derived_empirical,0.444,"derived via ARC ERA journal crosswalk: 54 shared-journal vote(s) over 33 FOR2008-classified journal(s), 24 agreeing"
FOR2008,0911,0911 Maritime Engineering,FOR,4406,Human geography,group,False,derived_empirical,0.019,"derived via ARC ERA journal crosswalk: 54 shared-journal vote(s) over 33 FOR2008-classified journal(s), 1 agreeing"
FOR2008,0911,0911 Maritime Engineering,FOR,4012,Fluid mechanics and thermal engineering,group,False,derived_empirical,0.037,"derived via ARC ERA journal crosswalk: 54 shared-journal vote(s) over 33 FOR2008-classified journal(s), 2 agreeing"
FOR2008,0911,0911 Maritime Engineering,FOR,3701,Atmospheric sciences,group,False,derived_empirical,0.019,"derived via ARC ERA journal crosswalk: 54 shared-journal vote(s) over 33 FOR2008-classified journal(s), 1 agreeing"
FOR2008,0912,0912 Materials Engineering,FOR,4017,Mechanical engineering,group,False,derived_empirical,0.122,"derived via ARC ERA journal crosswalk: 450 shared-journal vote(s) over 276 FOR2008-classified journal(s), 55 agreeing"
FOR2008,0912,0912 Materials Engineering,FOR,4013,Geomatic engineering,group,False,derived_empirical,0.002,"derived via ARC ERA journal crosswalk: 450 shared-journal vote(s) over 276 FOR2008-classified journal(s), 1 agreeing"
FOR2008,0912,0912 Materials Engineering,FOR,4901,Applied mathematics,group,False,derived_empirical,0.004,"derived via ARC ERA journal crosswalk: 450 shared-journal vote(s) over 276 FOR2008-classified journal(s), 2 agreeing"
FOR2008,0912,0912 Materials Engineering,FOR,5106,Nuclear and plasma physics,group,False,derived_empirical,0.004,"derived via ARC ERA journal crosswalk: 450 shared-journal vote(s) over 276 FOR2008-classified journal(s), 2 agreeing"
FOR2008,0912,0912 Materials Engineering,FOR,3006,Food sciences,group,False,derived_empirical,0.002,"derived via ARC ERA journal crosswalk: 450 shared-journal vote(s) over 276 FOR2008-classified journal(s), 1 agreeing"
FOR2008,0912,0912 Materials Engineering,FOR,3212,Ophthalmology and optometry,group,False,derived_empirical,0.002,"derived via ARC ERA journal crosswalk: 450 shared-journal vote(s) over 276 FOR2008-classified journal(s), 1 agreeing"
FOR2008,0912,0912 Materials Engineering,FOR,4099,Other engineering,group,False,derived_empirical,0.002,"derived via ARC ERA journal crosswalk: 450 shared-journal vote(s) over 276 FOR2008-classified journal(s), 1 agreeing"
FOR2008,0912,0912 Materials Engineering,FOR,5110,Synchrotrons and accelerators,group,False,derived_empirical,0.002,"derived via ARC ERA journal crosswalk: 450 shared-journal vote(s) over 276 FOR2008-classified journal(s), 1 agreeing"
FOR2008,0912,0912 Materials Engineering,FOR,4012,Fluid mechanics and thermal engineering,group,False,derived_empirical,0.004,"derived via ARC ERA journal crosswalk: 450 shared-journal vote(s) over 276 FOR2008-classified journal(s), 2 agreeing"
FOR2008,0912,0912 Materials Engineering,FOR,3704,Geoinformatics,group,False,derived_empirical,0.002,"derived via ARC ERA journal crosswalk: 450 shared-journal vote(s) over 276 FOR2008-classified journal(s), 1 agreeing"
FOR2008,0912,0912 Materials Engineering,FOR,3401,Analytical chemistry,group,False,derived_empirical,0.002,"derived via ARC ERA journal crosswalk: 450 shared-journal vote(s) over 276 FOR2008-classified journal(s), 1 agreeing"
FOR2008,0912,0912 Materials Engineering,FOR,3302,Building,group,False,derived_empirical,0.002,"derived via ARC ERA journal crosswalk: 450 shared-journal vote(s) over 276 FOR2008-classified journal(s), 1 agreeing"
FOR2008,0912,0912 Materials Engineering,FOR,3705,Geology,group,False,derived_empirical,0.002,"derived via ARC ERA journal crosswalk: 450 shared-journal vote(s) over 276 FOR2008-classified journal(s), 1 agreeing"
FOR2008,0912,0912 Materials Engineering,FOR,5103,Classical physics,group,False,derived_empirical,0.002,"derived via ARC ERA journal crosswalk: 450 shared-journal vote(s) over 276 FOR2008-classified journal(s), 1 agreeing"
FOR2008,0912,0912 Materials Engineering,FOR,5108,Quantum physics,group,False,derived_empirical,0.002,"derived via ARC ERA journal crosswalk: 450 shared-journal vote(s) over 276 FOR2008-classified journal(s), 1 agreeing"
FOR2008,0912,0912 Materials Engineering,FOR,4016,Materials engineering,group,True,derived_empirical,0.384,"derived via ARC ERA journal crosswalk: 450 shared-journal vote(s) over 276 FOR2008-classified journal(s), 173 agreeing"
FOR2008,0912,0912 Materials Engineering,FOR,3706,Geophysics,group,False,derived_empirical,0.002,"derived via ARC ERA journal crosswalk: 450 shared-journal vote(s) over 276 FOR2008-classified journal(s), 1 agreeing"
FOR2008,0912,0912 Materials Engineering,FOR,3206,Medical biotechnology,group,False,derived_empirical,0.004,"derived via ARC ERA journal crosswalk: 450 shared-journal vote(s) over 276 FOR2008-classified journal(s), 2 agreeing"
FOR2008,0912,0912 Materials Engineering,FOR,3108,Plant biology,group,False,derived_empirical,0.002,"derived via ARC ERA journal crosswalk: 450 shared-journal vote(s) over 276 FOR2008-classified journal(s), 1 agreeing"
FOR2008,0912,0912 Materials Engineering,FOR,3101,Biochemistry and cell biology,group,False,derived_empirical,0.004,"derived via ARC ERA journal crosswalk: 450 shared-journal vote(s) over 276 FOR2008-classified journal(s), 2 agreeing"
FOR2008,0912,0912 Materials Engineering,FOR,3403,Macromolecular and materials chemistry,group,False,derived_empirical,0.098,"derived via ARC ERA journal crosswalk: 450 shared-journal vote(s) over 276 FOR2008-classified journal(s), 44 agreeing"
FOR2008,0912,0912 Materials Engineering,FOR,5104,Condensed matter physics,group,False,derived_empirical,0.084,"derived via ARC ERA journal crosswalk: 450 shared-journal vote(s) over 276 FOR2008-classified journal(s), 38 agreeing"
FOR2008,0912,0912 Materials Engineering,FOR,4005,Civil engineering,group,False,derived_empirical,0.056,"derived via ARC ERA journal crosswalk: 450 shared-journal vote(s) over 276 FOR2008-classified journal(s), 25 agreeing"
FOR2008,0912,0912 Materials Engineering,FOR,4011,Environmental engineering,group,False,derived_empirical,0.004,"derived via ARC ERA journal crosswalk: 450 shared-journal vote(s) over 276 FOR2008-classified journal(s), 2 agreeing"
FOR2008,0912,0912 Materials Engineering,FOR,3406,Physical chemistry,group,False,derived_empirical,0.031,"derived via ARC ERA journal crosswalk: 450 shared-journal vote(s) over 276 FOR2008-classified journal(s), 14 agreeing"
FOR2008,0912,0912 Materials Engineering,FOR,4004,Chemical engineering,group,False,derived_empirical,0.024,"derived via ARC ERA journal crosswalk: 450 shared-journal vote(s) over 276 FOR2008-classified journal(s), 11 agreeing"
FOR2008,0912,0912 Materials Engineering,FOR,4019,Resources engineering and extractive metallurgy,group,False,derived_empirical,0.022,"derived via ARC ERA journal crosswalk: 450 shared-journal vote(s) over 276 FOR2008-classified journal(s), 10 agreeing"
FOR2008,0912,0912 Materials Engineering,FOR,4018,Nanotechnology,group,False,derived_empirical,0.036,"derived via ARC ERA journal crosswalk: 450 shared-journal vote(s) over 276 FOR2008-classified journal(s), 16 agreeing"
FOR2008,0912,0912 Materials Engineering,FOR,3402,Inorganic chemistry,group,False,derived_empirical,0.013,"derived via ARC ERA journal crosswalk: 450 shared-journal vote(s) over 276 FOR2008-classified journal(s), 6 agreeing"
FOR2008,0912,0912 Materials Engineering,FOR,4009,"Electronics, sensors and digital hardware",group,False,derived_empirical,0.013,"derived via ARC ERA journal crosswalk: 450 shared-journal vote(s) over 276 FOR2008-classified journal(s), 6 agreeing"
FOR2008,0912,0912 Materials Engineering,FOR,4008,Electrical engineering,group,False,derived_empirical,0.011,"derived via ARC ERA journal crosswalk: 450 shared-journal vote(s) over 276 FOR2008-classified journal(s), 5 agreeing"
FOR2008,0912,0912 Materials Engineering,FOR,5102,"Atomic, molecular and optical physics",group,False,derived_empirical,0.011,"derived via ARC ERA journal crosswalk: 450 shared-journal vote(s) over 276 FOR2008-classified journal(s), 5 agreeing"
FOR2008,0912,0912 Materials Engineering,FOR,3007,Forestry sciences,group,False,derived_empirical,0.009,"derived via ARC ERA journal crosswalk: 450 shared-journal vote(s) over 276 FOR2008-classified journal(s), 4 agreeing"
FOR2008,0912,0912 Materials Engineering,FOR,4014,Manufacturing engineering,group,False,derived_empirical,0.009,"derived via ARC ERA journal crosswalk: 450 shared-journal vote(s) over 276 FOR2008-classified journal(s), 4 agreeing"
FOR2008,0912,0912 Materials Engineering,FOR,4003,Biomedical engineering,group,False,derived_empirical,0.02,"derived via ARC ERA journal crosswalk: 450 shared-journal vote(s) over 276 FOR2008-classified journal(s), 9 agreeing"
FOR2008,0913,0913 Mechanical Engineering,FOR,3006,Food sciences,group,False,derived_empirical,0.004,"derived via ARC ERA journal crosswalk: 513 shared-journal vote(s) over 319 FOR2008-classified journal(s), 2 agreeing"
FOR2008,0913,0913 Mechanical Engineering,FOR,4106,Soil sciences,group,False,derived_empirical,0.002,"derived via ARC ERA journal crosswalk: 513 shared-journal vote(s) over 319 FOR2008-classified journal(s), 1 agreeing"
FOR2008,0913,0913 Mechanical Engineering,FOR,5107,Particle and high energy physics,group,False,derived_empirical,0.002,"derived via ARC ERA journal crosswalk: 513 shared-journal vote(s) over 319 FOR2008-classified journal(s), 1 agreeing"
FOR2008,0913,0913 Mechanical Engineering,FOR,4011,Environmental engineering,group,False,derived_empirical,0.004,"derived via ARC ERA journal crosswalk: 513 shared-journal vote(s) over 319 FOR2008-classified journal(s), 2 agreeing"
FOR2008,0913,0913 Mechanical Engineering,FOR,3502,"Banking, finance and investment",group,False,derived_empirical,0.004,"derived via ARC ERA journal crosswalk: 513 shared-journal vote(s) over 319 FOR2008-classified journal(s), 2 agreeing"
FOR2008,0913,0913 Mechanical Engineering,FOR,5102,"Atomic, molecular and optical physics",group,False,derived_empirical,0.004,"derived via ARC ERA journal crosswalk: 513 shared-journal vote(s) over 319 FOR2008-classified journal(s), 2 agreeing"
FOR2008,0913,0913 Mechanical Engineering,FOR,3801,Applied economics,group,False,derived_empirical,0.004,"derived via ARC ERA journal crosswalk: 513 shared-journal vote(s) over 319 FOR2008-classified journal(s), 2 agreeing"
FOR2008,0913,0913 Mechanical Engineering,FOR,3303,Design,group,False,derived_empirical,0.002,"derived via ARC ERA journal crosswalk: 513 shared-journal vote(s) over 319 FOR2008-classified journal(s), 1 agreeing"
FOR2008,0913,0913 Mechanical Engineering,FOR,3403,Macromolecular and materials chemistry,group,False,derived_empirical,0.004,"derived via ARC ERA journal crosswalk: 513 shared-journal vote(s) over 319 FOR2008-classified journal(s), 2 agreeing"
FOR2008,0913,0913 Mechanical Engineering,FOR,4904,Pure mathematics,group,False,derived_empirical,0.004,"derived via ARC ERA journal crosswalk: 513 shared-journal vote(s) over 319 FOR2008-classified journal(s), 2 agreeing"
FOR2008,0913,0913 Mechanical Engineering,FOR,3103,Ecology,group,False,derived_empirical,0.002,"derived via ARC ERA journal crosswalk: 513 shared-journal vote(s) over 319 FOR2008-classified journal(s), 1 agreeing"
FOR2008,0913,0913 Mechanical Engineering,FOR,3509,"Transportation, logistics and supply chains",group,False,derived_empirical,0.002,"derived via ARC ERA journal crosswalk: 513 shared-journal vote(s) over 319 FOR2008-classified journal(s), 1 agreeing"
FOR2008,0913,0913 Mechanical Engineering,FOR,3802,Econometrics,group,False,derived_empirical,0.002,"derived via ARC ERA journal crosswalk: 513 shared-journal vote(s) over 319 FOR2008-classified journal(s), 1 agreeing"
FOR2008,0913,0913 Mechanical Engineering,FOR,3302,Building,group,False,derived_empirical,0.002,"derived via ARC ERA journal crosswalk: 513 shared-journal vote(s) over 319 FOR2008-classified journal(s), 1 agreeing"
FOR2008,0913,0913 Mechanical Engineering,FOR,3505,Human resources and industrial relations,group,False,derived_empirical,0.002,"derived via ARC ERA journal crosswalk: 513 shared-journal vote(s) over 319 FOR2008-classified journal(s), 1 agreeing"
FOR2008,0913,0913 Mechanical Engineering,FOR,4206,Public health,group,False,derived_empirical,0.002,"derived via ARC ERA journal crosswalk: 513 shared-journal vote(s) over 319 FOR2008-classified journal(s), 1 agreeing"
FOR2008,0913,0913 Mechanical Engineering,FOR,3507,"Strategy, management and organisational behaviour",group,False,derived_empirical,0.002,"derived via ARC ERA journal crosswalk: 513 shared-journal vote(s) over 319 FOR2008-classified journal(s), 1 agreeing"
FOR2008,0913,0913 Mechanical Engineering,FOR,4905,Statistics,group,False,derived_empirical,0.002,"derived via ARC ERA journal crosswalk: 513 shared-journal vote(s) over 319 FOR2008-classified journal(s), 1 agreeing"
FOR2008,0913,0913 Mechanical Engineering,FOR,3208,Medical physiology,group,False,derived_empirical,0.002,"derived via ARC ERA journal crosswalk: 513 shared-journal vote(s) over 319 FOR2008-classified journal(s), 1 agreeing"
FOR2008,0913,0913 Mechanical Engineering,FOR,3402,Inorganic chemistry,group,False,derived_empirical,0.002,"derived via ARC ERA journal crosswalk: 513 shared-journal vote(s) over 319 FOR2008-classified journal(s), 1 agreeing"
FOR2008,0913,0913 Mechanical Engineering,FOR,5101,Astronomical sciences,group,False,derived_empirical,0.002,"derived via ARC ERA journal crosswalk: 513 shared-journal vote(s) over 319 FOR2008-classified journal(s), 1 agreeing"
FOR2008,0913,0913 Mechanical Engineering,FOR,5201,Applied and developmental psychology,group,False,derived_empirical,0.004,"derived via ARC ERA journal crosswalk: 513 shared-journal vote(s) over 319 FOR2008-classified journal(s), 2 agreeing"
FOR2008,0913,0913 Mechanical Engineering,FOR,5109,Space sciences,group,False,derived_empirical,0.002,"derived via ARC ERA journal crosswalk: 513 shared-journal vote(s) over 319 FOR2008-classified journal(s), 1 agreeing"
FOR2008,0913,0913 Mechanical Engineering,FOR,5108,Quantum physics,group,False,derived_empirical,0.002,"derived via ARC ERA journal crosswalk: 513 shared-journal vote(s) over 319 FOR2008-classified journal(s), 1 agreeing"
FOR2008,0913,0913 Mechanical Engineering,FOR,4603,Computer vision and multimedia computation,group,False,derived_empirical,0.006,"derived via ARC ERA journal crosswalk: 513 shared-journal vote(s) over 319 FOR2008-classified journal(s), 3 agreeing"
FOR2008,0913,0913 Mechanical Engineering,FOR,4001,Aerospace engineering,group,False,derived_empirical,0.025,"derived via ARC ERA journal crosswalk: 513 shared-journal vote(s) over 319 FOR2008-classified journal(s), 13 agreeing"
FOR2008,0913,0913 Mechanical Engineering,FOR,4903,Numerical and computational mathematics,group,False,derived_empirical,0.006,"derived via ARC ERA journal crosswalk: 513 shared-journal vote(s) over 319 FOR2008-classified journal(s), 3 agreeing"
FOR2008,0913,0913 Mechanical Engineering,FOR,4608,Human-centred computing,group,False,derived_empirical,0.002,"derived via ARC ERA journal crosswalk: 513 shared-journal vote(s) over 319 FOR2008-classified journal(s), 1 agreeing"
FOR2008,0913,0913 Mechanical Engineering,FOR,4017,Mechanical engineering,group,True,derived_empirical,0.253,"derived via ARC ERA journal crosswalk: 513 shared-journal vote(s) over 319 FOR2008-classified journal(s), 130 agreeing"
FOR2008,0913,0913 Mechanical Engineering,FOR,4016,Materials engineering,group,False,derived_empirical,0.111,"derived via ARC ERA journal crosswalk: 513 shared-journal vote(s) over 319 FOR2008-classified journal(s), 57 agreeing"
FOR2008,0913,0913 Mechanical Engineering,FOR,4012,Fluid mechanics and thermal engineering,group,False,derived_empirical,0.068,"derived via ARC ERA journal crosswalk: 513 shared-journal vote(s) over 319 FOR2008-classified journal(s), 35 agreeing"
FOR2008,0913,0913 Mechanical Engineering,FOR,4007,"Control engineering, mechatronics and robotics",group,False,derived_empirical,0.055,"derived via ARC ERA journal crosswalk: 513 shared-journal vote(s) over 319 FOR2008-classified journal(s), 28 agreeing"
FOR2008,0913,0913 Mechanical Engineering,FOR,4901,Applied mathematics,group,False,derived_empirical,0.053,"derived via ARC ERA journal crosswalk: 513 shared-journal vote(s) over 319 FOR2008-classified journal(s), 27 agreeing"
FOR2008,0913,0913 Mechanical Engineering,FOR,4004,Chemical engineering,group,False,derived_empirical,0.047,"derived via ARC ERA journal crosswalk: 513 shared-journal vote(s) over 319 FOR2008-classified journal(s), 24 agreeing"
FOR2008,0913,0913 Mechanical Engineering,FOR,4207,Sports science and exercise,group,False,derived_empirical,0.031,"derived via ARC ERA journal crosswalk: 513 shared-journal vote(s) over 319 FOR2008-classified journal(s), 16 agreeing"
FOR2008,0913,0913 Mechanical Engineering,FOR,4014,Manufacturing engineering,group,False,derived_empirical,0.025,"derived via ARC ERA journal crosswalk: 513 shared-journal vote(s) over 319 FOR2008-classified journal(s), 13 agreeing"
FOR2008,0913,0913 Mechanical Engineering,FOR,4008,Electrical engineering,group,False,derived_empirical,0.023,"derived via ARC ERA journal crosswalk: 513 shared-journal vote(s) over 319 FOR2008-classified journal(s), 12 agreeing"
FOR2008,0913,0913 Mechanical Engineering,FOR,4018,Nanotechnology,group,False,derived_empirical,0.006,"derived via ARC ERA journal crosswalk: 513 shared-journal vote(s) over 319 FOR2008-classified journal(s), 3 agreeing"
FOR2008,0913,0913 Mechanical Engineering,FOR,4003,Biomedical engineering,group,False,derived_empirical,0.018,"derived via ARC ERA journal crosswalk: 513 shared-journal vote(s) over 319 FOR2008-classified journal(s), 9 agreeing"
FOR2008,0913,0913 Mechanical Engineering,FOR,5104,Condensed matter physics,group,False,derived_empirical,0.014,"derived via ARC ERA journal crosswalk: 513 shared-journal vote(s) over 319 FOR2008-classified journal(s), 7 agreeing"
FOR2008,0913,0913 Mechanical Engineering,FOR,3202,Clinical sciences,group,False,derived_empirical,0.014,"derived via ARC ERA journal crosswalk: 513 shared-journal vote(s) over 319 FOR2008-classified journal(s), 7 agreeing"
FOR2008,0913,0913 Mechanical Engineering,FOR,4009,"Electronics, sensors and digital hardware",group,False,derived_empirical,0.012,"derived via ARC ERA journal crosswalk: 513 shared-journal vote(s) over 319 FOR2008-classified journal(s), 6 agreeing"
FOR2008,0913,0913 Mechanical Engineering,FOR,4006,Communications engineering,group,False,derived_empirical,0.01,"derived via ARC ERA journal crosswalk: 513 shared-journal vote(s) over 319 FOR2008-classified journal(s), 5 agreeing"
FOR2008,0913,0913 Mechanical Engineering,FOR,4015,Maritime engineering,group,False,derived_empirical,0.01,"derived via ARC ERA journal crosswalk: 513 shared-journal vote(s) over 319 FOR2008-classified journal(s), 5 agreeing"
FOR2008,0913,0913 Mechanical Engineering,FOR,4201,Allied health and rehabilitation science,group,False,derived_empirical,0.01,"derived via ARC ERA journal crosswalk: 513 shared-journal vote(s) over 319 FOR2008-classified journal(s), 5 agreeing"
FOR2008,0913,0913 Mechanical Engineering,FOR,4602,Artificial intelligence,group,False,derived_empirical,0.01,"derived via ARC ERA journal crosswalk: 513 shared-journal vote(s) over 319 FOR2008-classified journal(s), 5 agreeing"
FOR2008,0913,0913 Mechanical Engineering,FOR,4002,Automotive engineering,group,False,derived_empirical,0.01,"derived via ARC ERA journal crosswalk: 513 shared-journal vote(s) over 319 FOR2008-classified journal(s), 5 agreeing"
FOR2008,0913,0913 Mechanical Engineering,FOR,5103,Classical physics,group,False,derived_empirical,0.008,"derived via ARC ERA journal crosswalk: 513 shared-journal vote(s) over 319 FOR2008-classified journal(s), 4 agreeing"
FOR2008,0913,0913 Mechanical Engineering,FOR,3406,Physical chemistry,group,False,derived_empirical,0.008,"derived via ARC ERA journal crosswalk: 513 shared-journal vote(s) over 319 FOR2008-classified journal(s), 4 agreeing"
FOR2008,0913,0913 Mechanical Engineering,FOR,4019,Resources engineering and extractive metallurgy,group,False,derived_empirical,0.016,"derived via ARC ERA journal crosswalk: 513 shared-journal vote(s) over 319 FOR2008-classified journal(s), 8 agreeing"
FOR2008,0913,0913 Mechanical Engineering,FOR,3899,Other economics,group,False,derived_empirical,0.002,"derived via ARC ERA journal crosswalk: 513 shared-journal vote(s) over 319 FOR2008-classified journal(s), 1 agreeing"
FOR2008,0913,0913 Mechanical Engineering,FOR,4005,Civil engineering,group,False,derived_empirical,0.088,"derived via ARC ERA journal crosswalk: 513 shared-journal vote(s) over 319 FOR2008-classified journal(s), 45 agreeing"
FOR2008,0914,0914 Resources Engineering and Extractive Metallurgy,FOR,3709,Physical geography and environmental geoscience,group,False,derived_empirical,0.016,"derived via ARC ERA journal crosswalk: 184 shared-journal vote(s) over 127 FOR2008-classified journal(s), 3 agreeing"
FOR2008,0914,0914 Resources Engineering and Extractive Metallurgy,FOR,4012,Fluid mechanics and thermal engineering,group,False,derived_empirical,0.016,"derived via ARC ERA journal crosswalk: 184 shared-journal vote(s) over 127 FOR2008-classified journal(s), 3 agreeing"
FOR2008,0914,0914 Resources Engineering and Extractive Metallurgy,FOR,4802,Environmental and resources law,group,False,derived_empirical,0.005,"derived via ARC ERA journal crosswalk: 184 shared-journal vote(s) over 127 FOR2008-classified journal(s), 1 agreeing"
FOR2008,0914,0914 Resources Engineering and Extractive Metallurgy,FOR,4407,Policy and administration,group,False,derived_empirical,0.005,"derived via ARC ERA journal crosswalk: 184 shared-journal vote(s) over 127 FOR2008-classified journal(s), 1 agreeing"
FOR2008,0914,0914 Resources Engineering and Extractive Metallurgy,FOR,3801,Applied economics,group,False,derived_empirical,0.005,"derived via ARC ERA journal crosswalk: 184 shared-journal vote(s) over 127 FOR2008-classified journal(s), 1 agreeing"
FOR2008,0914,0914 Resources Engineering and Extractive Metallurgy,FOR,4014,Manufacturing engineering,group,False,derived_empirical,0.005,"derived via ARC ERA journal crosswalk: 184 shared-journal vote(s) over 127 FOR2008-classified journal(s), 1 agreeing"
FOR2008,0914,0914 Resources Engineering and Extractive Metallurgy,FOR,4011,Environmental engineering,group,False,derived_empirical,0.005,"derived via ARC ERA journal crosswalk: 184 shared-journal vote(s) over 127 FOR2008-classified journal(s), 1 agreeing"
FOR2008,0914,0914 Resources Engineering and Extractive Metallurgy,FOR,4015,Maritime engineering,group,False,derived_empirical,0.005,"derived via ARC ERA journal crosswalk: 184 shared-journal vote(s) over 127 FOR2008-classified journal(s), 1 agreeing"
FOR2008,0914,0914 Resources Engineering and Extractive Metallurgy,FOR,3708,Oceanography,group,False,derived_empirical,0.005,"derived via ARC ERA journal crosswalk: 184 shared-journal vote(s) over 127 FOR2008-classified journal(s), 1 agreeing"
FOR2008,0914,0914 Resources Engineering and Extractive Metallurgy,FOR,3403,Macromolecular and materials chemistry,group,False,derived_empirical,0.005,"derived via ARC ERA journal crosswalk: 184 shared-journal vote(s) over 127 FOR2008-classified journal(s), 1 agreeing"
FOR2008,0914,0914 Resources Engineering and Extractive Metallurgy,FOR,4104,Environmental management,group,False,derived_empirical,0.005,"derived via ARC ERA journal crosswalk: 184 shared-journal vote(s) over 127 FOR2008-classified journal(s), 1 agreeing"
FOR2008,0914,0914 Resources Engineering and Extractive Metallurgy,FOR,5204,Cognitive and computational psychology,group,False,derived_empirical,0.005,"derived via ARC ERA journal crosswalk: 184 shared-journal vote(s) over 127 FOR2008-classified journal(s), 1 agreeing"
FOR2008,0914,0914 Resources Engineering and Extractive Metallurgy,FOR,5003,Philosophy,group,False,derived_empirical,0.005,"derived via ARC ERA journal crosswalk: 184 shared-journal vote(s) over 127 FOR2008-classified journal(s), 1 agreeing"
FOR2008,0914,0914 Resources Engineering and Extractive Metallurgy,FOR,4901,Applied mathematics,group,False,derived_empirical,0.005,"derived via ARC ERA journal crosswalk: 184 shared-journal vote(s) over 127 FOR2008-classified journal(s), 1 agreeing"
FOR2008,0914,0914 Resources Engineering and Extractive Metallurgy,FOR,4008,Electrical engineering,group,False,derived_empirical,0.011,"derived via ARC ERA journal crosswalk: 184 shared-journal vote(s) over 127 FOR2008-classified journal(s), 2 agreeing"
FOR2008,0914,0914 Resources Engineering and Extractive Metallurgy,FOR,3507,"Strategy, management and organisational behaviour",group,False,derived_empirical,0.005,"derived via ARC ERA journal crosswalk: 184 shared-journal vote(s) over 127 FOR2008-classified journal(s), 1 agreeing"
FOR2008,0914,0914 Resources Engineering and Extractive Metallurgy,FOR,3406,Physical chemistry,group,False,derived_empirical,0.016,"derived via ARC ERA journal crosswalk: 184 shared-journal vote(s) over 127 FOR2008-classified journal(s), 3 agreeing"
FOR2008,0914,0914 Resources Engineering and Extractive Metallurgy,FOR,4005,Civil engineering,group,False,derived_empirical,0.065,"derived via ARC ERA journal crosswalk: 184 shared-journal vote(s) over 127 FOR2008-classified journal(s), 12 agreeing"
FOR2008,0914,0914 Resources Engineering and Extractive Metallurgy,FOR,4017,Mechanical engineering,group,False,derived_empirical,0.071,"derived via ARC ERA journal crosswalk: 184 shared-journal vote(s) over 127 FOR2008-classified journal(s), 13 agreeing"
FOR2008,0914,0914 Resources Engineering and Extractive Metallurgy,FOR,4004,Chemical engineering,group,False,derived_empirical,0.082,"derived via ARC ERA journal crosswalk: 184 shared-journal vote(s) over 127 FOR2008-classified journal(s), 15 agreeing"
FOR2008,0914,0914 Resources Engineering and Extractive Metallurgy,FOR,3705,Geology,group,False,derived_empirical,0.082,"derived via ARC ERA journal crosswalk: 184 shared-journal vote(s) over 127 FOR2008-classified journal(s), 15 agreeing"
FOR2008,0914,0914 Resources Engineering and Extractive Metallurgy,FOR,4019,Resources engineering and extractive metallurgy,group,True,derived_empirical,0.402,"derived via ARC ERA journal crosswalk: 184 shared-journal vote(s) over 127 FOR2008-classified journal(s), 74 agreeing"
FOR2008,0914,0914 Resources Engineering and Extractive Metallurgy,FOR,3706,Geophysics,group,False,derived_empirical,0.016,"derived via ARC ERA journal crosswalk: 184 shared-journal vote(s) over 127 FOR2008-classified journal(s), 3 agreeing"
FOR2008,0914,0914 Resources Engineering and Extractive Metallurgy,FOR,3703,Geochemistry,group,False,derived_empirical,0.011,"derived via ARC ERA journal crosswalk: 184 shared-journal vote(s) over 127 FOR2008-classified journal(s), 2 agreeing"
FOR2008,0914,0914 Resources Engineering and Extractive Metallurgy,FOR,5104,Condensed matter physics,group,False,derived_empirical,0.011,"derived via ARC ERA journal crosswalk: 184 shared-journal vote(s) over 127 FOR2008-classified journal(s), 2 agreeing"
FOR2008,0914,0914 Resources Engineering and Extractive Metallurgy,FOR,4016,Materials engineering,group,False,derived_empirical,0.13,"derived via ARC ERA journal crosswalk: 184 shared-journal vote(s) over 127 FOR2008-classified journal(s), 24 agreeing"
FOR2008,0915,0915 Interdisciplinary Engineering,FOR,5102,"Atomic, molecular and optical physics",group,False,derived_empirical,0.009,"derived via ARC ERA journal crosswalk: 109 shared-journal vote(s) over 75 FOR2008-classified journal(s), 1 agreeing"
FOR2008,0915,0915 Interdisciplinary Engineering,FOR,3403,Macromolecular and materials chemistry,group,False,derived_empirical,0.009,"derived via ARC ERA journal crosswalk: 109 shared-journal vote(s) over 75 FOR2008-classified journal(s), 1 agreeing"
FOR2008,0915,0915 Interdisciplinary Engineering,FOR,4606,Distributed computing and systems software,group,False,derived_empirical,0.009,"derived via ARC ERA journal crosswalk: 109 shared-journal vote(s) over 75 FOR2008-classified journal(s), 1 agreeing"
FOR2008,0915,0915 Interdisciplinary Engineering,FOR,4018,Nanotechnology,group,False,derived_empirical,0.009,"derived via ARC ERA journal crosswalk: 109 shared-journal vote(s) over 75 FOR2008-classified journal(s), 1 agreeing"
FOR2008,0915,0915 Interdisciplinary Engineering,FOR,3402,Inorganic chemistry,group,False,derived_empirical,0.009,"derived via ARC ERA journal crosswalk: 109 shared-journal vote(s) over 75 FOR2008-classified journal(s), 1 agreeing"
FOR2008,0915,0915 Interdisciplinary Engineering,FOR,4404,Development studies,group,False,derived_empirical,0.009,"derived via ARC ERA journal crosswalk: 109 shared-journal vote(s) over 75 FOR2008-classified journal(s), 1 agreeing"
FOR2008,0915,0915 Interdisciplinary Engineering,FOR,4015,Maritime engineering,group,False,derived_empirical,0.009,"derived via ARC ERA journal crosswalk: 109 shared-journal vote(s) over 75 FOR2008-classified journal(s), 1 agreeing"
FOR2008,0915,0915 Interdisciplinary Engineering,FOR,4608,Human-centred computing,group,False,derived_empirical,0.009,"derived via ARC ERA journal crosswalk: 109 shared-journal vote(s) over 75 FOR2008-classified journal(s), 1 agreeing"
FOR2008,0915,0915 Interdisciplinary Engineering,FOR,3801,Applied economics,group,False,derived_empirical,0.009,"derived via ARC ERA journal crosswalk: 109 shared-journal vote(s) over 75 FOR2008-classified journal(s), 1 agreeing"
FOR2008,0915,0915 Interdisciplinary Engineering,FOR,3502,"Banking, finance and investment",group,False,derived_empirical,0.009,"derived via ARC ERA journal crosswalk: 109 shared-journal vote(s) over 75 FOR2008-classified journal(s), 1 agreeing"
FOR2008,0915,0915 Interdisciplinary Engineering,FOR,4602,Artificial intelligence,group,False,derived_empirical,0.018,"derived via ARC ERA journal crosswalk: 109 shared-journal vote(s) over 75 FOR2008-classified journal(s), 2 agreeing"
FOR2008,0915,0915 Interdisciplinary Engineering,FOR,3406,Physical chemistry,group,False,derived_empirical,0.009,"derived via ARC ERA journal crosswalk: 109 shared-journal vote(s) over 75 FOR2008-classified journal(s), 1 agreeing"
FOR2008,0915,0915 Interdisciplinary Engineering,FOR,4016,Materials engineering,group,False,derived_empirical,0.018,"derived via ARC ERA journal crosswalk: 109 shared-journal vote(s) over 75 FOR2008-classified journal(s), 2 agreeing"
FOR2008,0915,0915 Interdisciplinary Engineering,FOR,5104,Condensed matter physics,group,False,derived_empirical,0.028,"derived via ARC ERA journal crosswalk: 109 shared-journal vote(s) over 75 FOR2008-classified journal(s), 3 agreeing"
FOR2008,0915,0915 Interdisciplinary Engineering,FOR,4903,Numerical and computational mathematics,group,False,derived_empirical,0.018,"derived via ARC ERA journal crosswalk: 109 shared-journal vote(s) over 75 FOR2008-classified journal(s), 2 agreeing"
FOR2008,0915,0915 Interdisciplinary Engineering,FOR,4012,Fluid mechanics and thermal engineering,group,True,derived_empirical,0.202,"derived via ARC ERA journal crosswalk: 109 shared-journal vote(s) over 75 FOR2008-classified journal(s), 22 agreeing"
FOR2008,0915,0915 Interdisciplinary Engineering,FOR,5106,Nuclear and plasma physics,group,False,derived_empirical,0.018,"derived via ARC ERA journal crosswalk: 109 shared-journal vote(s) over 75 FOR2008-classified journal(s), 2 agreeing"
FOR2008,0915,0915 Interdisciplinary Engineering,FOR,4017,Mechanical engineering,group,False,derived_empirical,0.119,"derived via ARC ERA journal crosswalk: 109 shared-journal vote(s) over 75 FOR2008-classified journal(s), 13 agreeing"
FOR2008,0915,0915 Interdisciplinary Engineering,FOR,4005,Civil engineering,group,False,derived_empirical,0.11,"derived via ARC ERA journal crosswalk: 109 shared-journal vote(s) over 75 FOR2008-classified journal(s), 12 agreeing"
FOR2008,0915,0915 Interdisciplinary Engineering,FOR,4008,Electrical engineering,group,False,derived_empirical,0.064,"derived via ARC ERA journal crosswalk: 109 shared-journal vote(s) over 75 FOR2008-classified journal(s), 7 agreeing"
FOR2008,0915,0915 Interdisciplinary Engineering,FOR,4004,Chemical engineering,group,False,derived_empirical,0.055,"derived via ARC ERA journal crosswalk: 109 shared-journal vote(s) over 75 FOR2008-classified journal(s), 6 agreeing"
FOR2008,0915,0915 Interdisciplinary Engineering,FOR,4019,Resources engineering and extractive metallurgy,group,False,derived_empirical,0.101,"derived via ARC ERA journal crosswalk: 109 shared-journal vote(s) over 75 FOR2008-classified journal(s), 11 agreeing"
FOR2008,0915,0915 Interdisciplinary Engineering,FOR,4010,Engineering practice and education,group,False,derived_empirical,0.028,"derived via ARC ERA journal crosswalk: 109 shared-journal vote(s) over 75 FOR2008-classified journal(s), 3 agreeing"
FOR2008,0915,0915 Interdisciplinary Engineering,FOR,4901,Applied mathematics,group,False,derived_empirical,0.028,"derived via ARC ERA journal crosswalk: 109 shared-journal vote(s) over 75 FOR2008-classified journal(s), 3 agreeing"
FOR2008,0915,0915 Interdisciplinary Engineering,FOR,4011,Environmental engineering,group,False,derived_empirical,0.028,"derived via ARC ERA journal crosswalk: 109 shared-journal vote(s) over 75 FOR2008-classified journal(s), 3 agreeing"
FOR2008,0915,0915 Interdisciplinary Engineering,FOR,4006,Communications engineering,group,False,derived_empirical,0.028,"derived via ARC ERA journal crosswalk: 109 shared-journal vote(s) over 75 FOR2008-classified journal(s), 3 agreeing"
FOR2008,0915,0915 Interdisciplinary Engineering,FOR,4009,"Electronics, sensors and digital hardware",group,False,derived_empirical,0.037,"derived via ARC ERA journal crosswalk: 109 shared-journal vote(s) over 75 FOR2008-classified journal(s), 4 agreeing"
FOR2008,0999,0999 Other Engineering,FOR,4606,Distributed computing and systems software,group,False,derived_empirical,0.05,"derived via ARC ERA journal crosswalk: 20 shared-journal vote(s) over 11 FOR2008-classified journal(s), 1 agreeing"
FOR2008,0999,0999 Other Engineering,FOR,4009,"Electronics, sensors and digital hardware",group,False,derived_empirical,0.05,"derived via ARC ERA journal crosswalk: 20 shared-journal vote(s) over 11 FOR2008-classified journal(s), 1 agreeing"
FOR2008,0999,0999 Other Engineering,FOR,3403,Macromolecular and materials chemistry,group,False,derived_empirical,0.05,"derived via ARC ERA journal crosswalk: 20 shared-journal vote(s) over 11 FOR2008-classified journal(s), 1 agreeing"
FOR2008,0999,0999 Other Engineering,FOR,4007,"Control engineering, mechatronics and robotics",group,False,derived_empirical,0.05,"derived via ARC ERA journal crosswalk: 20 shared-journal vote(s) over 11 FOR2008-classified journal(s), 1 agreeing"
FOR2008,0999,0999 Other Engineering,FOR,3103,Ecology,group,False,derived_empirical,0.05,"derived via ARC ERA journal crosswalk: 20 shared-journal vote(s) over 11 FOR2008-classified journal(s), 1 agreeing"
FOR2008,0999,0999 Other Engineering,FOR,4006,Communications engineering,group,False,derived_empirical,0.05,"derived via ARC ERA journal crosswalk: 20 shared-journal vote(s) over 11 FOR2008-classified journal(s), 1 agreeing"
FOR2008,0999,0999 Other Engineering,FOR,4019,Resources engineering and extractive metallurgy,group,False,derived_empirical,0.1,"derived via ARC ERA journal crosswalk: 20 shared-journal vote(s) over 11 FOR2008-classified journal(s), 2 agreeing"
FOR2008,0999,0999 Other Engineering,FOR,3705,Geology,group,False,derived_empirical,0.05,"derived via ARC ERA journal crosswalk: 20 shared-journal vote(s) over 11 FOR2008-classified journal(s), 1 agreeing"
FOR2008,0999,0999 Other Engineering,FOR,5102,"Atomic, molecular and optical physics",group,False,derived_empirical,0.1,"derived via ARC ERA journal crosswalk: 20 shared-journal vote(s) over 11 FOR2008-classified journal(s), 2 agreeing"
FOR2008,0999,0999 Other Engineering,FOR,4016,Materials engineering,group,False,derived_empirical,0.1,"derived via ARC ERA journal crosswalk: 20 shared-journal vote(s) over 11 FOR2008-classified journal(s), 2 agreeing"
FOR2008,0999,0999 Other Engineering,FOR,4005,Civil engineering,group,True,derived_empirical,0.1,"derived via ARC ERA journal crosswalk: 20 shared-journal vote(s) over 11 FOR2008-classified journal(s), 2 agreeing"
FOR2008,0999,0999 Other Engineering,FOR,4010,Engineering practice and education,group,False,derived_empirical,0.05,"derived via ARC ERA journal crosswalk: 20 shared-journal vote(s) over 11 FOR2008-classified journal(s), 1 agreeing"
FOR2008,0999,0999 Other Engineering,FOR,3002,"Agriculture, land and farm management",group,False,derived_empirical,0.05,"derived via ARC ERA journal crosswalk: 20 shared-journal vote(s) over 11 FOR2008-classified journal(s), 1 agreeing"
FOR2008,0999,0999 Other Engineering,FOR,4106,Soil sciences,group,False,derived_empirical,0.05,"derived via ARC ERA journal crosswalk: 20 shared-journal vote(s) over 11 FOR2008-classified journal(s), 1 agreeing"
FOR2008,0999,0999 Other Engineering,FOR,4099,Other engineering,group,False,derived_empirical,0.1,"derived via ARC ERA journal crosswalk: 20 shared-journal vote(s) over 11 FOR2008-classified journal(s), 2 agreeing"
FOR2008,10,10 Technology,FOR,32,BIOMEDICAL AND CLINICAL SCIENCES,division,False,derived_empirical,0.009,"derived via ARC ERA journal crosswalk: 113 shared-journal vote(s) over 333 FOR2008-classified journal(s), 1 agreeing"
FOR2008,10,10 Technology,FOR,38,ECONOMICS,division,False,derived_empirical,0.009,"derived via ARC ERA journal crosswalk: 113 shared-journal vote(s) over 333 FOR2008-classified journal(s), 1 agreeing"
FOR2008,10,10 Technology,FOR,41,ENVIRONMENTAL SCIENCES,division,False,derived_empirical,0.018,"derived via ARC ERA journal crosswalk: 113 shared-journal vote(s) over 333 FOR2008-classified journal(s), 2 agreeing"
FOR2008,10,10 Technology,FOR,30,"AGRICULTURAL, VETERINARY AND FOOD SCIENCES",division,False,derived_empirical,0.027,"derived via ARC ERA journal crosswalk: 113 shared-journal vote(s) over 333 FOR2008-classified journal(s), 3 agreeing"
FOR2008,10,10 Technology,FOR,49,MATHEMATICAL SCIENCES,division,False,derived_empirical,0.027,"derived via ARC ERA journal crosswalk: 113 shared-journal vote(s) over 333 FOR2008-classified journal(s), 3 agreeing"
FOR2008,10,10 Technology,FOR,51,PHYSICAL SCIENCES,division,False,derived_empirical,0.071,"derived via ARC ERA journal crosswalk: 113 shared-journal vote(s) over 333 FOR2008-classified journal(s), 8 agreeing"
FOR2008,10,10 Technology,FOR,34,CHEMICAL SCIENCES,division,False,derived_empirical,0.097,"derived via ARC ERA journal crosswalk: 113 shared-journal vote(s) over 333 FOR2008-classified journal(s), 11 agreeing"
FOR2008,10,10 Technology,FOR,46,INFORMATION AND COMPUTING SCIENCES,division,False,derived_empirical,0.133,"derived via ARC ERA journal crosswalk: 113 shared-journal vote(s) over 333 FOR2008-classified journal(s), 15 agreeing"
FOR2008,10,10 Technology,FOR,31,BIOLOGICAL SCIENCES,division,False,derived_empirical,0.292,"derived via ARC ERA journal crosswalk: 113 shared-journal vote(s) over 333 FOR2008-classified journal(s), 33 agreeing"
FOR2008,10,10 Technology,FOR,40,ENGINEERING,division,True,derived_empirical,0.31,"derived via ARC ERA journal crosswalk: 113 shared-journal vote(s) over 333 FOR2008-classified journal(s), 35 agreeing"
FOR2008,10,10 Technology,FOR,35,"COMMERCE, MANAGEMENT, TOURISM AND SERVICES",division,False,derived_empirical,0.009,"derived via ARC ERA journal crosswalk: 113 shared-journal vote(s) over 333 FOR2008-classified journal(s), 1 agreeing"
FOR2008,1001,1001 Agricultural Biotechnology,FOR,3102,Bioinformatics and computational biology,group,False,derived_empirical,0.028,"derived via ARC ERA journal crosswalk: 36 shared-journal vote(s) over 22 FOR2008-classified journal(s), 1 agreeing"
FOR2008,1001,1001 Agricultural Biotechnology,FOR,4104,Environmental management,group,False,derived_empirical,0.028,"derived via ARC ERA journal crosswalk: 36 shared-journal vote(s) over 22 FOR2008-classified journal(s), 1 agreeing"
FOR2008,1001,1001 Agricultural Biotechnology,FOR,4101,Climate change impacts and adaptation,group,False,derived_empirical,0.028,"derived via ARC ERA journal crosswalk: 36 shared-journal vote(s) over 22 FOR2008-classified journal(s), 1 agreeing"
FOR2008,1001,1001 Agricultural Biotechnology,FOR,3003,Animal production,group,False,derived_empirical,0.028,"derived via ARC ERA journal crosswalk: 36 shared-journal vote(s) over 22 FOR2008-classified journal(s), 1 agreeing"
FOR2008,1001,1001 Agricultural Biotechnology,FOR,3007,Forestry sciences,group,False,derived_empirical,0.028,"derived via ARC ERA journal crosswalk: 36 shared-journal vote(s) over 22 FOR2008-classified journal(s), 1 agreeing"
FOR2008,1001,1001 Agricultural Biotechnology,FOR,3001,Agricultural biotechnology,group,True,derived_empirical,0.222,"derived via ARC ERA journal crosswalk: 36 shared-journal vote(s) over 22 FOR2008-classified journal(s), 8 agreeing"
FOR2008,1001,1001 Agricultural Biotechnology,FOR,3108,Plant biology,group,False,derived_empirical,0.194,"derived via ARC ERA journal crosswalk: 36 shared-journal vote(s) over 22 FOR2008-classified journal(s), 7 agreeing"
FOR2008,1001,1001 Agricultural Biotechnology,FOR,3006,Food sciences,group,False,derived_empirical,0.083,"derived via ARC ERA journal crosswalk: 36 shared-journal vote(s) over 22 FOR2008-classified journal(s), 3 agreeing"
FOR2008,1001,1001 Agricultural Biotechnology,FOR,3105,Genetics,group,False,derived_empirical,0.083,"derived via ARC ERA journal crosswalk: 36 shared-journal vote(s) over 22 FOR2008-classified journal(s), 3 agreeing"
FOR2008,1001,1001 Agricultural Biotechnology,FOR,3004,Crop and pasture production,group,False,derived_empirical,0.056,"derived via ARC ERA journal crosswalk: 36 shared-journal vote(s) over 22 FOR2008-classified journal(s), 2 agreeing"
FOR2008,1001,1001 Agricultural Biotechnology,FOR,4015,Maritime engineering,group,False,derived_empirical,0.056,"derived via ARC ERA journal crosswalk: 36 shared-journal vote(s) over 22 FOR2008-classified journal(s), 2 agreeing"
FOR2008,1001,1001 Agricultural Biotechnology,FOR,3103,Ecology,group,False,derived_empirical,0.056,"derived via ARC ERA journal crosswalk: 36 shared-journal vote(s) over 22 FOR2008-classified journal(s), 2 agreeing"
FOR2008,1001,1001 Agricultural Biotechnology,FOR,4004,Chemical engineering,group,False,derived_empirical,0.056,"derived via ARC ERA journal crosswalk: 36 shared-journal vote(s) over 22 FOR2008-classified journal(s), 2 agreeing"
FOR2008,1001,1001 Agricultural Biotechnology,FOR,3009,Veterinary sciences,group,False,derived_empirical,0.028,"derived via ARC ERA journal crosswalk: 36 shared-journal vote(s) over 22 FOR2008-classified journal(s), 1 agreeing"
FOR2008,1001,1001 Agricultural Biotechnology,FOR,4102,Ecological applications,group,False,derived_empirical,0.028,"derived via ARC ERA journal crosswalk: 36 shared-journal vote(s) over 22 FOR2008-classified journal(s), 1 agreeing"
FOR2008,1002,1002 Environmental Biotechnology,FOR,4105,Pollution and contamination,group,False,derived_empirical,0.083,"derived via ARC ERA journal crosswalk: 12 shared-journal vote(s) over 8 FOR2008-classified journal(s), 1 agreeing"
FOR2008,1002,1002 Environmental Biotechnology,FOR,3214,Pharmacology and pharmaceutical sciences,group,False,derived_empirical,0.083,"derived via ARC ERA journal crosswalk: 12 shared-journal vote(s) over 8 FOR2008-classified journal(s), 1 agreeing"
FOR2008,1002,1002 Environmental Biotechnology,FOR,4004,Chemical engineering,group,True,derived_empirical,0.167,"derived via ARC ERA journal crosswalk: 12 shared-journal vote(s) over 8 FOR2008-classified journal(s), 2 agreeing"
FOR2008,1002,1002 Environmental Biotechnology,FOR,4103,Environmental biotechnology,group,False,derived_empirical,0.167,"derived via ARC ERA journal crosswalk: 12 shared-journal vote(s) over 8 FOR2008-classified journal(s), 2 agreeing"
FOR2008,1002,1002 Environmental Biotechnology,FOR,3102,Bioinformatics and computational biology,group,False,derived_empirical,0.083,"derived via ARC ERA journal crosswalk: 12 shared-journal vote(s) over 8 FOR2008-classified journal(s), 1 agreeing"
FOR2008,1002,1002 Environmental Biotechnology,FOR,3206,Medical biotechnology,group,False,derived_empirical,0.083,"derived via ARC ERA journal crosswalk: 12 shared-journal vote(s) over 8 FOR2008-classified journal(s), 1 agreeing"
FOR2008,1002,1002 Environmental Biotechnology,FOR,3101,Biochemistry and cell biology,group,False,derived_empirical,0.083,"derived via ARC ERA journal crosswalk: 12 shared-journal vote(s) over 8 FOR2008-classified journal(s), 1 agreeing"
FOR2008,1002,1002 Environmental Biotechnology,FOR,3106,Industrial biotechnology,group,False,derived_empirical,0.083,"derived via ARC ERA journal crosswalk: 12 shared-journal vote(s) over 8 FOR2008-classified journal(s), 1 agreeing"
FOR2008,1002,1002 Environmental Biotechnology,FOR,3005,Fisheries sciences,group,False,derived_empirical,0.083,"derived via ARC ERA journal crosswalk: 12 shared-journal vote(s) over 8 FOR2008-classified journal(s), 1 agreeing"
FOR2008,1002,1002 Environmental Biotechnology,FOR,3108,Plant biology,group,False,derived_empirical,0.083,"derived via ARC ERA journal crosswalk: 12 shared-journal vote(s) over 8 FOR2008-classified journal(s), 1 agreeing"
FOR2008,1003,1003 Industrial Biotechnology,FOR,3107,Microbiology,group,False,derived_empirical,0.152,"derived via ARC ERA journal crosswalk: 33 shared-journal vote(s) over 20 FOR2008-classified journal(s), 5 agreeing"
FOR2008,1003,1003 Industrial Biotechnology,FOR,4004,Chemical engineering,group,False,derived_empirical,0.121,"derived via ARC ERA journal crosswalk: 33 shared-journal vote(s) over 20 FOR2008-classified journal(s), 4 agreeing"
FOR2008,1003,1003 Industrial Biotechnology,FOR,3106,Industrial biotechnology,group,True,derived_empirical,0.364,"derived via ARC ERA journal crosswalk: 33 shared-journal vote(s) over 20 FOR2008-classified journal(s), 12 agreeing"
FOR2008,1003,1003 Industrial Biotechnology,FOR,3006,Food sciences,group,False,derived_empirical,0.182,"derived via ARC ERA journal crosswalk: 33 shared-journal vote(s) over 20 FOR2008-classified journal(s), 6 agreeing"
FOR2008,1003,1003 Industrial Biotechnology,FOR,4011,Environmental engineering,group,False,derived_empirical,0.03,"derived via ARC ERA journal crosswalk: 33 shared-journal vote(s) over 20 FOR2008-classified journal(s), 1 agreeing"
FOR2008,1003,1003 Industrial Biotechnology,FOR,3108,Plant biology,group,False,derived_empirical,0.03,"derived via ARC ERA journal crosswalk: 33 shared-journal vote(s) over 20 FOR2008-classified journal(s), 1 agreeing"
FOR2008,1003,1003 Industrial Biotechnology,FOR,4018,Nanotechnology,group,False,derived_empirical,0.03,"derived via ARC ERA journal crosswalk: 33 shared-journal vote(s) over 20 FOR2008-classified journal(s), 1 agreeing"
FOR2008,1003,1003 Industrial Biotechnology,FOR,3101,Biochemistry and cell biology,group,False,derived_empirical,0.091,"derived via ARC ERA journal crosswalk: 33 shared-journal vote(s) over 20 FOR2008-classified journal(s), 3 agreeing"
FOR2008,1004,1004 Medical Biotechnology,FOR,3211,Oncology and carcinogenesis,group,False,derived_empirical,0.019,"derived via ARC ERA journal crosswalk: 53 shared-journal vote(s) over 29 FOR2008-classified journal(s), 1 agreeing"
FOR2008,1004,1004 Medical Biotechnology,FOR,3102,Bioinformatics and computational biology,group,False,derived_empirical,0.019,"derived via ARC ERA journal crosswalk: 53 shared-journal vote(s) over 29 FOR2008-classified journal(s), 1 agreeing"
FOR2008,1004,1004 Medical Biotechnology,FOR,4016,Materials engineering,group,False,derived_empirical,0.019,"derived via ARC ERA journal crosswalk: 53 shared-journal vote(s) over 29 FOR2008-classified journal(s), 1 agreeing"
FOR2008,1004,1004 Medical Biotechnology,FOR,3404,Medicinal and biomolecular chemistry,group,False,derived_empirical,0.019,"derived via ARC ERA journal crosswalk: 53 shared-journal vote(s) over 29 FOR2008-classified journal(s), 1 agreeing"
FOR2008,1004,1004 Medical Biotechnology,FOR,4018,Nanotechnology,group,False,derived_empirical,0.019,"derived via ARC ERA journal crosswalk: 53 shared-journal vote(s) over 29 FOR2008-classified journal(s), 1 agreeing"
FOR2008,1004,1004 Medical Biotechnology,FOR,4611,Machine learning,group,False,derived_empirical,0.019,"derived via ARC ERA journal crosswalk: 53 shared-journal vote(s) over 29 FOR2008-classified journal(s), 1 agreeing"
FOR2008,1004,1004 Medical Biotechnology,FOR,4003,Biomedical engineering,group,True,derived_empirical,0.264,"derived via ARC ERA journal crosswalk: 53 shared-journal vote(s) over 29 FOR2008-classified journal(s), 14 agreeing"
FOR2008,1004,1004 Medical Biotechnology,FOR,3206,Medical biotechnology,group,False,derived_empirical,0.245,"derived via ARC ERA journal crosswalk: 53 shared-journal vote(s) over 29 FOR2008-classified journal(s), 13 agreeing"
FOR2008,1004,1004 Medical Biotechnology,FOR,3202,Clinical sciences,group,False,derived_empirical,0.094,"derived via ARC ERA journal crosswalk: 53 shared-journal vote(s) over 29 FOR2008-classified journal(s), 5 agreeing"
FOR2008,1004,1004 Medical Biotechnology,FOR,3401,Analytical chemistry,group,False,derived_empirical,0.019,"derived via ARC ERA journal crosswalk: 53 shared-journal vote(s) over 29 FOR2008-classified journal(s), 1 agreeing"
FOR2008,1004,1004 Medical Biotechnology,FOR,3106,Industrial biotechnology,group,False,derived_empirical,0.038,"derived via ARC ERA journal crosswalk: 53 shared-journal vote(s) over 29 FOR2008-classified journal(s), 2 agreeing"
FOR2008,1004,1004 Medical Biotechnology,FOR,3209,Neurosciences,group,False,derived_empirical,0.019,"derived via ARC ERA journal crosswalk: 53 shared-journal vote(s) over 29 FOR2008-classified journal(s), 1 agreeing"
FOR2008,1004,1004 Medical Biotechnology,FOR,3006,Food sciences,group,False,derived_empirical,0.019,"derived via ARC ERA journal crosswalk: 53 shared-journal vote(s) over 29 FOR2008-classified journal(s), 1 agreeing"
FOR2008,1004,1004 Medical Biotechnology,FOR,3203,Dentistry,group,False,derived_empirical,0.019,"derived via ARC ERA journal crosswalk: 53 shared-journal vote(s) over 29 FOR2008-classified journal(s), 1 agreeing"
FOR2008,1004,1004 Medical Biotechnology,FOR,3214,Pharmacology and pharmaceutical sciences,group,False,derived_empirical,0.019,"derived via ARC ERA journal crosswalk: 53 shared-journal vote(s) over 29 FOR2008-classified journal(s), 1 agreeing"
FOR2008,1004,1004 Medical Biotechnology,FOR,3205,Medical biochemistry and metabolomics,group,False,derived_empirical,0.019,"derived via ARC ERA journal crosswalk: 53 shared-journal vote(s) over 29 FOR2008-classified journal(s), 1 agreeing"
FOR2008,1004,1004 Medical Biotechnology,FOR,3101,Biochemistry and cell biology,group,False,derived_empirical,0.019,"derived via ARC ERA journal crosswalk: 53 shared-journal vote(s) over 29 FOR2008-classified journal(s), 1 agreeing"
FOR2008,1004,1004 Medical Biotechnology,FOR,4206,Public health,group,False,derived_empirical,0.057,"derived via ARC ERA journal crosswalk: 53 shared-journal vote(s) over 29 FOR2008-classified journal(s), 3 agreeing"
FOR2008,1004,1004 Medical Biotechnology,FOR,3201,Cardiovascular medicine and haematology,group,False,derived_empirical,0.019,"derived via ARC ERA journal crosswalk: 53 shared-journal vote(s) over 29 FOR2008-classified journal(s), 1 agreeing"
FOR2008,1004,1004 Medical Biotechnology,FOR,4602,Artificial intelligence,group,False,derived_empirical,0.019,"derived via ARC ERA journal crosswalk: 53 shared-journal vote(s) over 29 FOR2008-classified journal(s), 1 agreeing"
FOR2008,1004,1004 Medical Biotechnology,FOR,4605,Data management and data science,group,False,derived_empirical,0.019,"derived via ARC ERA journal crosswalk: 53 shared-journal vote(s) over 29 FOR2008-classified journal(s), 1 agreeing"
FOR2008,1005,1005 Communications Technologies,FOR,3505,Human resources and industrial relations,group,False,derived_empirical,0.007,"derived via ARC ERA journal crosswalk: 153 shared-journal vote(s) over 89 FOR2008-classified journal(s), 1 agreeing"
FOR2008,1005,1005 Communications Technologies,FOR,3603,Music,group,False,derived_empirical,0.007,"derived via ARC ERA journal crosswalk: 153 shared-journal vote(s) over 89 FOR2008-classified journal(s), 1 agreeing"
FOR2008,1005,1005 Communications Technologies,FOR,5108,Quantum physics,group,False,derived_empirical,0.007,"derived via ARC ERA journal crosswalk: 153 shared-journal vote(s) over 89 FOR2008-classified journal(s), 1 agreeing"
FOR2008,1005,1005 Communications Technologies,FOR,4603,Computer vision and multimedia computation,group,False,derived_empirical,0.02,"derived via ARC ERA journal crosswalk: 153 shared-journal vote(s) over 89 FOR2008-classified journal(s), 3 agreeing"
FOR2008,1005,1005 Communications Technologies,FOR,4604,Cybersecurity and privacy,group,False,derived_empirical,0.02,"derived via ARC ERA journal crosswalk: 153 shared-journal vote(s) over 89 FOR2008-classified journal(s), 3 agreeing"
FOR2008,1005,1005 Communications Technologies,FOR,5102,"Atomic, molecular and optical physics",group,False,derived_empirical,0.033,"derived via ARC ERA journal crosswalk: 153 shared-journal vote(s) over 89 FOR2008-classified journal(s), 5 agreeing"
FOR2008,1005,1005 Communications Technologies,FOR,4008,Electrical engineering,group,False,derived_empirical,0.085,"derived via ARC ERA journal crosswalk: 153 shared-journal vote(s) over 89 FOR2008-classified journal(s), 13 agreeing"
FOR2008,1005,1005 Communications Technologies,FOR,4009,"Electronics, sensors and digital hardware",group,False,derived_empirical,0.163,"derived via ARC ERA journal crosswalk: 153 shared-journal vote(s) over 89 FOR2008-classified journal(s), 25 agreeing"
FOR2008,1005,1005 Communications Technologies,FOR,4606,Distributed computing and systems software,group,False,derived_empirical,0.19,"derived via ARC ERA journal crosswalk: 153 shared-journal vote(s) over 89 FOR2008-classified journal(s), 29 agreeing"
FOR2008,1005,1005 Communications Technologies,FOR,4006,Communications engineering,group,True,derived_empirical,0.412,"derived via ARC ERA journal crosswalk: 153 shared-journal vote(s) over 89 FOR2008-classified journal(s), 63 agreeing"
FOR2008,1005,1005 Communications Technologies,FOR,4701,Communication and media studies,group,False,derived_empirical,0.007,"derived via ARC ERA journal crosswalk: 153 shared-journal vote(s) over 89 FOR2008-classified journal(s), 1 agreeing"
FOR2008,1005,1005 Communications Technologies,FOR,3904,Specialist studies in education,group,False,derived_empirical,0.007,"derived via ARC ERA journal crosswalk: 153 shared-journal vote(s) over 89 FOR2008-classified journal(s), 1 agreeing"
FOR2008,1005,1005 Communications Technologies,FOR,4601,Applied computing,group,False,derived_empirical,0.007,"derived via ARC ERA journal crosswalk: 153 shared-journal vote(s) over 89 FOR2008-classified journal(s), 1 agreeing"
FOR2008,1005,1005 Communications Technologies,FOR,4608,Human-centred computing,group,False,derived_empirical,0.007,"derived via ARC ERA journal crosswalk: 153 shared-journal vote(s) over 89 FOR2008-classified journal(s), 1 agreeing"
FOR2008,1005,1005 Communications Technologies,FOR,4901,Applied mathematics,group,False,derived_empirical,0.007,"derived via ARC ERA journal crosswalk: 153 shared-journal vote(s) over 89 FOR2008-classified journal(s), 1 agreeing"
FOR2008,1005,1005 Communications Technologies,FOR,4602,Artificial intelligence,group,False,derived_empirical,0.007,"derived via ARC ERA journal crosswalk: 153 shared-journal vote(s) over 89 FOR2008-classified journal(s), 1 agreeing"
FOR2008,1005,1005 Communications Technologies,FOR,4613,Theory of computation,group,False,derived_empirical,0.007,"derived via ARC ERA journal crosswalk: 153 shared-journal vote(s) over 89 FOR2008-classified journal(s), 1 agreeing"
FOR2008,1005,1005 Communications Technologies,FOR,5103,Classical physics,group,False,derived_empirical,0.007,"derived via ARC ERA journal crosswalk: 153 shared-journal vote(s) over 89 FOR2008-classified journal(s), 1 agreeing"
FOR2008,1005,1005 Communications Technologies,FOR,3507,"Strategy, management and organisational behaviour",group,False,derived_empirical,0.007,"derived via ARC ERA journal crosswalk: 153 shared-journal vote(s) over 89 FOR2008-classified journal(s), 1 agreeing"
FOR2008,1006,1006 Computer Hardware,FOR,4606,Distributed computing and systems software,group,False,derived_empirical,0.286,"derived via ARC ERA journal crosswalk: 14 shared-journal vote(s) over 15 FOR2008-classified journal(s), 4 agreeing"
FOR2008,1006,1006 Computer Hardware,FOR,4009,"Electronics, sensors and digital hardware",group,True,derived_empirical,0.643,"derived via ARC ERA journal crosswalk: 14 shared-journal vote(s) over 15 FOR2008-classified journal(s), 9 agreeing"
FOR2008,1006,1006 Computer Hardware,FOR,4607,"Graphics, augmented reality and games",group,False,derived_empirical,0.071,"derived via ARC ERA journal crosswalk: 14 shared-journal vote(s) over 15 FOR2008-classified journal(s), 1 agreeing"
FOR2008,1007,1007 Nanotechnology,FOR,4018,Nanotechnology,group,True,derived_empirical,0.293,"derived via ARC ERA journal crosswalk: 99 shared-journal vote(s) over 58 FOR2008-classified journal(s), 29 agreeing"
FOR2008,1007,1007 Nanotechnology,FOR,5104,Condensed matter physics,group,False,derived_empirical,0.141,"derived via ARC ERA journal crosswalk: 99 shared-journal vote(s) over 58 FOR2008-classified journal(s), 14 agreeing"
FOR2008,1007,1007 Nanotechnology,FOR,3206,Medical biotechnology,group,False,derived_empirical,0.081,"derived via ARC ERA journal crosswalk: 99 shared-journal vote(s) over 58 FOR2008-classified journal(s), 8 agreeing"
FOR2008,1007,1007 Nanotechnology,FOR,4008,Electrical engineering,group,False,derived_empirical,0.01,"derived via ARC ERA journal crosswalk: 99 shared-journal vote(s) over 58 FOR2008-classified journal(s), 1 agreeing"
FOR2008,1007,1007 Nanotechnology,FOR,3401,Analytical chemistry,group,False,derived_empirical,0.01,"derived via ARC ERA journal crosswalk: 99 shared-journal vote(s) over 58 FOR2008-classified journal(s), 1 agreeing"
FOR2008,1007,1007 Nanotechnology,FOR,4016,Materials engineering,group,False,derived_empirical,0.121,"derived via ARC ERA journal crosswalk: 99 shared-journal vote(s) over 58 FOR2008-classified journal(s), 12 agreeing"
FOR2008,1007,1007 Nanotechnology,FOR,3407,Theoretical and computational chemistry,group,False,derived_empirical,0.01,"derived via ARC ERA journal crosswalk: 99 shared-journal vote(s) over 58 FOR2008-classified journal(s), 1 agreeing"
FOR2008,1007,1007 Nanotechnology,FOR,3214,Pharmacology and pharmaceutical sciences,group,False,derived_empirical,0.01,"derived via ARC ERA journal crosswalk: 99 shared-journal vote(s) over 58 FOR2008-classified journal(s), 1 agreeing"
FOR2008,1007,1007 Nanotechnology,FOR,3202,Clinical sciences,group,False,derived_empirical,0.01,"derived via ARC ERA journal crosswalk: 99 shared-journal vote(s) over 58 FOR2008-classified journal(s), 1 agreeing"
FOR2008,1007,1007 Nanotechnology,FOR,3404,Medicinal and biomolecular chemistry,group,False,derived_empirical,0.01,"derived via ARC ERA journal crosswalk: 99 shared-journal vote(s) over 58 FOR2008-classified journal(s), 1 agreeing"
FOR2008,1007,1007 Nanotechnology,FOR,5108,Quantum physics,group,False,derived_empirical,0.02,"derived via ARC ERA journal crosswalk: 99 shared-journal vote(s) over 58 FOR2008-classified journal(s), 2 agreeing"
FOR2008,1007,1007 Nanotechnology,FOR,3406,Physical chemistry,group,False,derived_empirical,0.03,"derived via ARC ERA journal crosswalk: 99 shared-journal vote(s) over 58 FOR2008-classified journal(s), 3 agreeing"
FOR2008,1007,1007 Nanotechnology,FOR,3403,Macromolecular and materials chemistry,group,False,derived_empirical,0.051,"derived via ARC ERA journal crosswalk: 99 shared-journal vote(s) over 58 FOR2008-classified journal(s), 5 agreeing"
FOR2008,1007,1007 Nanotechnology,FOR,4003,Biomedical engineering,group,False,derived_empirical,0.051,"derived via ARC ERA journal crosswalk: 99 shared-journal vote(s) over 58 FOR2008-classified journal(s), 5 agreeing"
FOR2008,1007,1007 Nanotechnology,FOR,4009,"Electronics, sensors and digital hardware",group,False,derived_empirical,0.061,"derived via ARC ERA journal crosswalk: 99 shared-journal vote(s) over 58 FOR2008-classified journal(s), 6 agreeing"
FOR2008,1007,1007 Nanotechnology,FOR,5102,"Atomic, molecular and optical physics",group,False,derived_empirical,0.071,"derived via ARC ERA journal crosswalk: 99 shared-journal vote(s) over 58 FOR2008-classified journal(s), 7 agreeing"
FOR2008,1007,1007 Nanotechnology,FOR,4012,Fluid mechanics and thermal engineering,group,False,derived_empirical,0.02,"derived via ARC ERA journal crosswalk: 99 shared-journal vote(s) over 58 FOR2008-classified journal(s), 2 agreeing"
FOR2008,1099,1099 Other Technology,FOR,4016,Materials engineering,group,True,derived_empirical,0.222,"derived via ARC ERA journal crosswalk: 9 shared-journal vote(s) over 9 FOR2008-classified journal(s), 2 agreeing"
FOR2008,1099,1099 Other Technology,FOR,4009,"Electronics, sensors and digital hardware",group,False,derived_empirical,0.111,"derived via ARC ERA journal crosswalk: 9 shared-journal vote(s) over 9 FOR2008-classified journal(s), 1 agreeing"
FOR2008,1099,1099 Other Technology,FOR,4014,Manufacturing engineering,group,False,derived_empirical,0.111,"derived via ARC ERA journal crosswalk: 9 shared-journal vote(s) over 9 FOR2008-classified journal(s), 1 agreeing"
FOR2008,1099,1099 Other Technology,FOR,4003,Biomedical engineering,group,False,derived_empirical,0.111,"derived via ARC ERA journal crosswalk: 9 shared-journal vote(s) over 9 FOR2008-classified journal(s), 1 agreeing"
FOR2008,1099,1099 Other Technology,FOR,3904,Specialist studies in education,group,False,derived_empirical,0.111,"derived via ARC ERA journal crosswalk: 9 shared-journal vote(s) over 9 FOR2008-classified journal(s), 1 agreeing"
FOR2008,1099,1099 Other Technology,FOR,3403,Macromolecular and materials chemistry,group,False,derived_empirical,0.111,"derived via ARC ERA journal crosswalk: 9 shared-journal vote(s) over 9 FOR2008-classified journal(s), 1 agreeing"
FOR2008,1099,1099 Other Technology,FOR,5104,Condensed matter physics,group,False,derived_empirical,0.111,"derived via ARC ERA journal crosswalk: 9 shared-journal vote(s) over 9 FOR2008-classified journal(s), 1 agreeing"
FOR2008,1099,1099 Other Technology,FOR,3206,Medical biotechnology,group,False,derived_empirical,0.111,"derived via ARC ERA journal crosswalk: 9 shared-journal vote(s) over 9 FOR2008-classified journal(s), 1 agreeing"
FOR2008,11,11 Medical and Health Sciences,FOR,42,HEALTH SCIENCES,division,False,derived_empirical,0.283,"derived via ARC ERA journal crosswalk: 711 shared-journal vote(s) over 3665 FOR2008-classified journal(s), 201 agreeing"
FOR2008,11,11 Medical and Health Sciences,FOR,31,BIOLOGICAL SCIENCES,division,False,derived_empirical,0.141,"derived via ARC ERA journal crosswalk: 711 shared-journal vote(s) over 3665 FOR2008-classified journal(s), 100 agreeing"
FOR2008,11,11 Medical and Health Sciences,FOR,32,BIOMEDICAL AND CLINICAL SCIENCES,division,True,derived_empirical,0.38,"derived via ARC ERA journal crosswalk: 711 shared-journal vote(s) over 3665 FOR2008-classified journal(s), 270 agreeing"
FOR2008,11,11 Medical and Health Sciences,FOR,49,MATHEMATICAL SCIENCES,division,False,derived_empirical,0.001,"derived via ARC ERA journal crosswalk: 711 shared-journal vote(s) over 3665 FOR2008-classified journal(s), 1 agreeing"
FOR2008,11,11 Medical and Health Sciences,FOR,37,EARTH SCIENCES,division,False,derived_empirical,0.001,"derived via ARC ERA journal crosswalk: 711 shared-journal vote(s) over 3665 FOR2008-classified journal(s), 1 agreeing"
FOR2008,11,11 Medical and Health Sciences,FOR,36,CREATIVE ARTS AND WRITING,division,False,derived_empirical,0.001,"derived via ARC ERA journal crosswalk: 711 shared-journal vote(s) over 3665 FOR2008-classified journal(s), 1 agreeing"
FOR2008,11,11 Medical and Health Sciences,FOR,38,ECONOMICS,division,False,derived_empirical,0.001,"derived via ARC ERA journal crosswalk: 711 shared-journal vote(s) over 3665 FOR2008-classified journal(s), 1 agreeing"
FOR2008,11,11 Medical and Health Sciences,FOR,35,"COMMERCE, MANAGEMENT, TOURISM AND SERVICES",division,False,derived_empirical,0.004,"derived via ARC ERA journal crosswalk: 711 shared-journal vote(s) over 3665 FOR2008-classified journal(s), 3 agreeing"
FOR2008,11,11 Medical and Health Sciences,FOR,47,"LANGUAGE, COMMUNICATION AND CULTURE",division,False,derived_empirical,0.006,"derived via ARC ERA journal crosswalk: 711 shared-journal vote(s) over 3665 FOR2008-classified journal(s), 4 agreeing"
FOR2008,11,11 Medical and Health Sciences,FOR,48,LAW AND LEGAL STUDIES,division,False,derived_empirical,0.001,"derived via ARC ERA journal crosswalk: 711 shared-journal vote(s) over 3665 FOR2008-classified journal(s), 1 agreeing"
FOR2008,11,11 Medical and Health Sciences,FOR,46,INFORMATION AND COMPUTING SCIENCES,division,False,derived_empirical,0.007,"derived via ARC ERA journal crosswalk: 711 shared-journal vote(s) over 3665 FOR2008-classified journal(s), 5 agreeing"
FOR2008,11,11 Medical and Health Sciences,FOR,34,CHEMICAL SCIENCES,division,False,derived_empirical,0.008,"derived via ARC ERA journal crosswalk: 711 shared-journal vote(s) over 3665 FOR2008-classified journal(s), 6 agreeing"
FOR2008,11,11 Medical and Health Sciences,FOR,39,EDUCATION,division,False,derived_empirical,0.008,"derived via ARC ERA journal crosswalk: 711 shared-journal vote(s) over 3665 FOR2008-classified journal(s), 6 agreeing"
FOR2008,11,11 Medical and Health Sciences,FOR,40,ENGINEERING,division,False,derived_empirical,0.008,"derived via ARC ERA journal crosswalk: 711 shared-journal vote(s) over 3665 FOR2008-classified journal(s), 6 agreeing"
FOR2008,11,11 Medical and Health Sciences,FOR,44,HUMAN SOCIETY,division,False,derived_empirical,0.018,"derived via ARC ERA journal crosswalk: 711 shared-journal vote(s) over 3665 FOR2008-classified journal(s), 13 agreeing"
FOR2008,11,11 Medical and Health Sciences,FOR,30,"AGRICULTURAL, VETERINARY AND FOOD SCIENCES",division,False,derived_empirical,0.023,"derived via ARC ERA journal crosswalk: 711 shared-journal vote(s) over 3665 FOR2008-classified journal(s), 16 agreeing"
FOR2008,11,11 Medical and Health Sciences,FOR,52,PSYCHOLOGY,division,False,derived_empirical,0.101,"derived via ARC ERA journal crosswalk: 711 shared-journal vote(s) over 3665 FOR2008-classified journal(s), 72 agreeing"
FOR2008,11,11 Medical and Health Sciences,FOR,41,ENVIRONMENTAL SCIENCES,division,False,derived_empirical,0.006,"derived via ARC ERA journal crosswalk: 711 shared-journal vote(s) over 3665 FOR2008-classified journal(s), 4 agreeing"
FOR2008,1101,1101 Medical Biochemistry and Metabolomics,FOR,3210,Nutrition and dietetics,group,False,derived_empirical,0.009,"derived via ARC ERA journal crosswalk: 114 shared-journal vote(s) over 63 FOR2008-classified journal(s), 1 agreeing"
FOR2008,1101,1101 Medical Biochemistry and Metabolomics,FOR,3213,Paediatrics,group,False,derived_empirical,0.009,"derived via ARC ERA journal crosswalk: 114 shared-journal vote(s) over 63 FOR2008-classified journal(s), 1 agreeing"
FOR2008,1101,1101 Medical Biochemistry and Metabolomics,FOR,4206,Public health,group,False,derived_empirical,0.009,"derived via ARC ERA journal crosswalk: 114 shared-journal vote(s) over 63 FOR2008-classified journal(s), 1 agreeing"
FOR2008,1101,1101 Medical Biochemistry and Metabolomics,FOR,3207,Medical microbiology,group,False,derived_empirical,0.009,"derived via ARC ERA journal crosswalk: 114 shared-journal vote(s) over 63 FOR2008-classified journal(s), 1 agreeing"
FOR2008,1101,1101 Medical Biochemistry and Metabolomics,FOR,4605,Data management and data science,group,False,derived_empirical,0.009,"derived via ARC ERA journal crosswalk: 114 shared-journal vote(s) over 63 FOR2008-classified journal(s), 1 agreeing"
FOR2008,1101,1101 Medical Biochemistry and Metabolomics,FOR,3405,Organic chemistry,group,False,derived_empirical,0.009,"derived via ARC ERA journal crosswalk: 114 shared-journal vote(s) over 63 FOR2008-classified journal(s), 1 agreeing"
FOR2008,1101,1101 Medical Biochemistry and Metabolomics,FOR,3212,Ophthalmology and optometry,group,False,derived_empirical,0.009,"derived via ARC ERA journal crosswalk: 114 shared-journal vote(s) over 63 FOR2008-classified journal(s), 1 agreeing"
FOR2008,1101,1101 Medical Biochemistry and Metabolomics,FOR,5202,Biological psychology,group,False,derived_empirical,0.009,"derived via ARC ERA journal crosswalk: 114 shared-journal vote(s) over 63 FOR2008-classified journal(s), 1 agreeing"
FOR2008,1101,1101 Medical Biochemistry and Metabolomics,FOR,3203,Dentistry,group,False,derived_empirical,0.009,"derived via ARC ERA journal crosswalk: 114 shared-journal vote(s) over 63 FOR2008-classified journal(s), 1 agreeing"
FOR2008,1101,1101 Medical Biochemistry and Metabolomics,FOR,3204,Immunology,group,False,derived_empirical,0.018,"derived via ARC ERA journal crosswalk: 114 shared-journal vote(s) over 63 FOR2008-classified journal(s), 2 agreeing"
FOR2008,1101,1101 Medical Biochemistry and Metabolomics,FOR,3201,Cardiovascular medicine and haematology,group,False,derived_empirical,0.026,"derived via ARC ERA journal crosswalk: 114 shared-journal vote(s) over 63 FOR2008-classified journal(s), 3 agreeing"
FOR2008,1101,1101 Medical Biochemistry and Metabolomics,FOR,3208,Medical physiology,group,False,derived_empirical,0.018,"derived via ARC ERA journal crosswalk: 114 shared-journal vote(s) over 63 FOR2008-classified journal(s), 2 agreeing"
FOR2008,1101,1101 Medical Biochemistry and Metabolomics,FOR,3205,Medical biochemistry and metabolomics,group,True,derived_empirical,0.272,"derived via ARC ERA journal crosswalk: 114 shared-journal vote(s) over 63 FOR2008-classified journal(s), 31 agreeing"
FOR2008,1101,1101 Medical Biochemistry and Metabolomics,FOR,3209,Neurosciences,group,False,derived_empirical,0.018,"derived via ARC ERA journal crosswalk: 114 shared-journal vote(s) over 63 FOR2008-classified journal(s), 2 agreeing"
FOR2008,1101,1101 Medical Biochemistry and Metabolomics,FOR,3202,Clinical sciences,group,False,derived_empirical,0.132,"derived via ARC ERA journal crosswalk: 114 shared-journal vote(s) over 63 FOR2008-classified journal(s), 15 agreeing"
FOR2008,1101,1101 Medical Biochemistry and Metabolomics,FOR,3404,Medicinal and biomolecular chemistry,group,False,derived_empirical,0.079,"derived via ARC ERA journal crosswalk: 114 shared-journal vote(s) over 63 FOR2008-classified journal(s), 9 agreeing"
FOR2008,1101,1101 Medical Biochemistry and Metabolomics,FOR,3101,Biochemistry and cell biology,group,False,derived_empirical,0.237,"derived via ARC ERA journal crosswalk: 114 shared-journal vote(s) over 63 FOR2008-classified journal(s), 27 agreeing"
FOR2008,1101,1101 Medical Biochemistry and Metabolomics,FOR,3211,Oncology and carcinogenesis,group,False,derived_empirical,0.026,"derived via ARC ERA journal crosswalk: 114 shared-journal vote(s) over 63 FOR2008-classified journal(s), 3 agreeing"
FOR2008,1101,1101 Medical Biochemistry and Metabolomics,FOR,3214,Pharmacology and pharmaceutical sciences,group,False,derived_empirical,0.026,"derived via ARC ERA journal crosswalk: 114 shared-journal vote(s) over 63 FOR2008-classified journal(s), 3 agreeing"
FOR2008,1101,1101 Medical Biochemistry and Metabolomics,FOR,3102,Bioinformatics and computational biology,group,False,derived_empirical,0.026,"derived via ARC ERA journal crosswalk: 114 shared-journal vote(s) over 63 FOR2008-classified journal(s), 3 agreeing"
FOR2008,1101,1101 Medical Biochemistry and Metabolomics,FOR,3105,Genetics,group,False,derived_empirical,0.044,"derived via ARC ERA journal crosswalk: 114 shared-journal vote(s) over 63 FOR2008-classified journal(s), 5 agreeing"
FOR2008,1102,1102 Cardiorespiratory Medicine and Haematology,FOR,4202,Epidemiology,group,False,derived_empirical,0.008,"derived via ARC ERA journal crosswalk: 241 shared-journal vote(s) over 197 FOR2008-classified journal(s), 2 agreeing"
FOR2008,1102,1102 Cardiorespiratory Medicine and Haematology,FOR,3107,Microbiology,group,False,derived_empirical,0.004,"derived via ARC ERA journal crosswalk: 241 shared-journal vote(s) over 197 FOR2008-classified journal(s), 1 agreeing"
FOR2008,1102,1102 Cardiorespiratory Medicine and Haematology,FOR,3213,Paediatrics,group,False,derived_empirical,0.004,"derived via ARC ERA journal crosswalk: 241 shared-journal vote(s) over 197 FOR2008-classified journal(s), 1 agreeing"
FOR2008,1102,1102 Cardiorespiratory Medicine and Haematology,FOR,4601,Applied computing,group,False,derived_empirical,0.004,"derived via ARC ERA journal crosswalk: 241 shared-journal vote(s) over 197 FOR2008-classified journal(s), 1 agreeing"
FOR2008,1102,1102 Cardiorespiratory Medicine and Haematology,FOR,4207,Sports science and exercise,group,False,derived_empirical,0.004,"derived via ARC ERA journal crosswalk: 241 shared-journal vote(s) over 197 FOR2008-classified journal(s), 1 agreeing"
FOR2008,1102,1102 Cardiorespiratory Medicine and Haematology,FOR,3209,Neurosciences,group,False,derived_empirical,0.008,"derived via ARC ERA journal crosswalk: 241 shared-journal vote(s) over 197 FOR2008-classified journal(s), 2 agreeing"
FOR2008,1102,1102 Cardiorespiratory Medicine and Haematology,FOR,4206,Public health,group,False,derived_empirical,0.008,"derived via ARC ERA journal crosswalk: 241 shared-journal vote(s) over 197 FOR2008-classified journal(s), 2 agreeing"
FOR2008,1102,1102 Cardiorespiratory Medicine and Haematology,FOR,4201,Allied health and rehabilitation science,group,False,derived_empirical,0.008,"derived via ARC ERA journal crosswalk: 241 shared-journal vote(s) over 197 FOR2008-classified journal(s), 2 agreeing"
FOR2008,1102,1102 Cardiorespiratory Medicine and Haematology,FOR,3208,Medical physiology,group,False,derived_empirical,0.017,"derived via ARC ERA journal crosswalk: 241 shared-journal vote(s) over 197 FOR2008-classified journal(s), 4 agreeing"
FOR2008,1102,1102 Cardiorespiratory Medicine and Haematology,FOR,3101,Biochemistry and cell biology,group,False,derived_empirical,0.012,"derived via ARC ERA journal crosswalk: 241 shared-journal vote(s) over 197 FOR2008-classified journal(s), 3 agreeing"
FOR2008,1102,1102 Cardiorespiratory Medicine and Haematology,FOR,4203,Health services and systems,group,False,derived_empirical,0.012,"derived via ARC ERA journal crosswalk: 241 shared-journal vote(s) over 197 FOR2008-classified journal(s), 3 agreeing"
FOR2008,1102,1102 Cardiorespiratory Medicine and Haematology,FOR,3205,Medical biochemistry and metabolomics,group,False,derived_empirical,0.012,"derived via ARC ERA journal crosswalk: 241 shared-journal vote(s) over 197 FOR2008-classified journal(s), 3 agreeing"
FOR2008,1102,1102 Cardiorespiratory Medicine and Haematology,FOR,3211,Oncology and carcinogenesis,group,False,derived_empirical,0.017,"derived via ARC ERA journal crosswalk: 241 shared-journal vote(s) over 197 FOR2008-classified journal(s), 4 agreeing"
FOR2008,1102,1102 Cardiorespiratory Medicine and Haematology,FOR,4205,Nursing,group,False,derived_empirical,0.021,"derived via ARC ERA journal crosswalk: 241 shared-journal vote(s) over 197 FOR2008-classified journal(s), 5 agreeing"
FOR2008,1102,1102 Cardiorespiratory Medicine and Haematology,FOR,3214,Pharmacology and pharmaceutical sciences,group,False,derived_empirical,0.021,"derived via ARC ERA journal crosswalk: 241 shared-journal vote(s) over 197 FOR2008-classified journal(s), 5 agreeing"
FOR2008,1102,1102 Cardiorespiratory Medicine and Haematology,FOR,3202,Clinical sciences,group,False,derived_empirical,0.158,"derived via ARC ERA journal crosswalk: 241 shared-journal vote(s) over 197 FOR2008-classified journal(s), 38 agreeing"
FOR2008,1102,1102 Cardiorespiratory Medicine and Haematology,FOR,3204,Immunology,group,False,derived_empirical,0.012,"derived via ARC ERA journal crosswalk: 241 shared-journal vote(s) over 197 FOR2008-classified journal(s), 3 agreeing"
FOR2008,1102,1102 Cardiorespiratory Medicine and Haematology,FOR,3201,Cardiovascular medicine and haematology,group,True,derived_empirical,0.668,"derived via ARC ERA journal crosswalk: 241 shared-journal vote(s) over 197 FOR2008-classified journal(s), 161 agreeing"
FOR2008,1103,1103 Clinical Sciences,FOR,3401,Analytical chemistry,group,False,derived_empirical,0.001,"derived via ARC ERA journal crosswalk: 2005 shared-journal vote(s) over 1321 FOR2008-classified journal(s), 2 agreeing"
FOR2008,1103,1103 Clinical Sciences,FOR,4208,"Traditional, complementary and integrative medicine",group,False,derived_empirical,0.001,"derived via ARC ERA journal crosswalk: 2005 shared-journal vote(s) over 1321 FOR2008-classified journal(s), 2 agreeing"
FOR2008,1103,1103 Clinical Sciences,FOR,3109,Zoology,group,False,derived_empirical,0.001,"derived via ARC ERA journal crosswalk: 2005 shared-journal vote(s) over 1321 FOR2008-classified journal(s), 3 agreeing"
FOR2008,1103,1103 Clinical Sciences,FOR,3404,Medicinal and biomolecular chemistry,group,False,derived_empirical,0.001,"derived via ARC ERA journal crosswalk: 2005 shared-journal vote(s) over 1321 FOR2008-classified journal(s), 3 agreeing"
FOR2008,1103,1103 Clinical Sciences,FOR,3904,Specialist studies in education,group,False,derived_empirical,0.001,"derived via ARC ERA journal crosswalk: 2005 shared-journal vote(s) over 1321 FOR2008-classified journal(s), 3 agreeing"
FOR2008,1103,1103 Clinical Sciences,FOR,3206,Medical biotechnology,group,False,derived_empirical,0.002,"derived via ARC ERA journal crosswalk: 2005 shared-journal vote(s) over 1321 FOR2008-classified journal(s), 4 agreeing"
FOR2008,1103,1103 Clinical Sciences,FOR,3505,Human resources and industrial relations,group,False,derived_empirical,0.001,"derived via ARC ERA journal crosswalk: 2005 shared-journal vote(s) over 1321 FOR2008-classified journal(s), 3 agreeing"
FOR2008,1103,1103 Clinical Sciences,FOR,4402,Criminology,group,False,derived_empirical,0.001,"derived via ARC ERA journal crosswalk: 2005 shared-journal vote(s) over 1321 FOR2008-classified journal(s), 3 agreeing"
FOR2008,1103,1103 Clinical Sciences,FOR,5105,Medical and biological physics,group,False,derived_empirical,0.002,"derived via ARC ERA journal crosswalk: 2005 shared-journal vote(s) over 1321 FOR2008-classified journal(s), 4 agreeing"
FOR2008,1103,1103 Clinical Sciences,FOR,3499,Other chemical sciences,group,False,derived_empirical,0.003,"derived via ARC ERA journal crosswalk: 2005 shared-journal vote(s) over 1321 FOR2008-classified journal(s), 6 agreeing"
FOR2008,1103,1103 Clinical Sciences,FOR,3199,Other biological sciences,group,False,derived_empirical,0.003,"derived via ARC ERA journal crosswalk: 2005 shared-journal vote(s) over 1321 FOR2008-classified journal(s), 6 agreeing"
FOR2008,1103,1103 Clinical Sciences,FOR,4603,Computer vision and multimedia computation,group,False,derived_empirical,0.001,"derived via ARC ERA journal crosswalk: 2005 shared-journal vote(s) over 1321 FOR2008-classified journal(s), 3 agreeing"
FOR2008,1103,1103 Clinical Sciences,FOR,3003,Animal production,group,False,derived_empirical,0.001,"derived via ARC ERA journal crosswalk: 2005 shared-journal vote(s) over 1321 FOR2008-classified journal(s), 2 agreeing"
FOR2008,1103,1103 Clinical Sciences,FOR,5002,History and philosophy of specific fields,group,False,derived_empirical,0.001,"derived via ARC ERA journal crosswalk: 2005 shared-journal vote(s) over 1321 FOR2008-classified journal(s), 2 agreeing"
FOR2008,1103,1103 Clinical Sciences,FOR,5001,Applied ethics,group,False,derived_empirical,0.001,"derived via ARC ERA journal crosswalk: 2005 shared-journal vote(s) over 1321 FOR2008-classified journal(s), 2 agreeing"
FOR2008,1103,1103 Clinical Sciences,FOR,4601,Applied computing,group,False,derived_empirical,0.001,"derived via ARC ERA journal crosswalk: 2005 shared-journal vote(s) over 1321 FOR2008-classified journal(s), 2 agreeing"
FOR2008,1103,1103 Clinical Sciences,FOR,3407,Theoretical and computational chemistry,group,False,derived_empirical,0.0,"derived via ARC ERA journal crosswalk: 2005 shared-journal vote(s) over 1321 FOR2008-classified journal(s), 1 agreeing"
FOR2008,1103,1103 Clinical Sciences,FOR,4905,Statistics,group,False,derived_empirical,0.0,"derived via ARC ERA journal crosswalk: 2005 shared-journal vote(s) over 1321 FOR2008-classified journal(s), 1 agreeing"
FOR2008,1103,1103 Clinical Sciences,FOR,3604,Performing arts,group,False,derived_empirical,0.0,"derived via ARC ERA journal crosswalk: 2005 shared-journal vote(s) over 1321 FOR2008-classified journal(s), 1 agreeing"
FOR2008,1103,1103 Clinical Sciences,FOR,3603,Music,group,False,derived_empirical,0.0,"derived via ARC ERA journal crosswalk: 2005 shared-journal vote(s) over 1321 FOR2008-classified journal(s), 1 agreeing"
FOR2008,1103,1103 Clinical Sciences,FOR,3901,Curriculum and pedagogy,group,False,derived_empirical,0.0,"derived via ARC ERA journal crosswalk: 2005 shared-journal vote(s) over 1321 FOR2008-classified journal(s), 1 agreeing"
FOR2008,1103,1103 Clinical Sciences,FOR,3406,Physical chemistry,group,False,derived_empirical,0.0,"derived via ARC ERA journal crosswalk: 2005 shared-journal vote(s) over 1321 FOR2008-classified journal(s), 1 agreeing"
FOR2008,1103,1103 Clinical Sciences,FOR,4007,"Control engineering, mechatronics and robotics",group,False,derived_empirical,0.0,"derived via ARC ERA journal crosswalk: 2005 shared-journal vote(s) over 1321 FOR2008-classified journal(s), 1 agreeing"
FOR2008,1103,1103 Clinical Sciences,FOR,4404,Development studies,group,False,derived_empirical,0.0,"derived via ARC ERA journal crosswalk: 2005 shared-journal vote(s) over 1321 FOR2008-classified journal(s), 1 agreeing"
FOR2008,1103,1103 Clinical Sciences,FOR,5003,Philosophy,group,False,derived_empirical,0.0,"derived via ARC ERA journal crosswalk: 2005 shared-journal vote(s) over 1321 FOR2008-classified journal(s), 1 agreeing"
FOR2008,1103,1103 Clinical Sciences,FOR,3107,Microbiology,group,False,derived_empirical,0.003,"derived via ARC ERA journal crosswalk: 2005 shared-journal vote(s) over 1321 FOR2008-classified journal(s), 7 agreeing"
FOR2008,1103,1103 Clinical Sciences,FOR,4409,Social work,group,False,derived_empirical,0.001,"derived via ARC ERA journal crosswalk: 2005 shared-journal vote(s) over 1321 FOR2008-classified journal(s), 2 agreeing"
FOR2008,1103,1103 Clinical Sciences,FOR,3903,Education systems,group,False,derived_empirical,0.003,"derived via ARC ERA journal crosswalk: 2005 shared-journal vote(s) over 1321 FOR2008-classified journal(s), 7 agreeing"
FOR2008,1103,1103 Clinical Sciences,FOR,3215,Reproductive medicine,group,False,derived_empirical,0.013,"derived via ARC ERA journal crosswalk: 2005 shared-journal vote(s) over 1321 FOR2008-classified journal(s), 26 agreeing"
FOR2008,1103,1103 Clinical Sciences,FOR,3208,Medical physiology,group,False,derived_empirical,0.003,"derived via ARC ERA journal crosswalk: 2005 shared-journal vote(s) over 1321 FOR2008-classified journal(s), 7 agreeing"
FOR2008,1103,1103 Clinical Sciences,FOR,3202,Clinical sciences,group,True,derived_empirical,0.446,"derived via ARC ERA journal crosswalk: 2005 shared-journal vote(s) over 1321 FOR2008-classified journal(s), 894 agreeing"
FOR2008,1103,1103 Clinical Sciences,FOR,5204,Cognitive and computational psychology,group,False,derived_empirical,0.003,"derived via ARC ERA journal crosswalk: 2005 shared-journal vote(s) over 1321 FOR2008-classified journal(s), 7 agreeing"
FOR2008,1103,1103 Clinical Sciences,FOR,4201,Allied health and rehabilitation science,group,False,derived_empirical,0.049,"derived via ARC ERA journal crosswalk: 2005 shared-journal vote(s) over 1321 FOR2008-classified journal(s), 98 agreeing"
FOR2008,1103,1103 Clinical Sciences,FOR,3201,Cardiovascular medicine and haematology,group,False,derived_empirical,0.046,"derived via ARC ERA journal crosswalk: 2005 shared-journal vote(s) over 1321 FOR2008-classified journal(s), 92 agreeing"
FOR2008,1103,1103 Clinical Sciences,FOR,5203,Clinical and health psychology,group,False,derived_empirical,0.038,"derived via ARC ERA journal crosswalk: 2005 shared-journal vote(s) over 1321 FOR2008-classified journal(s), 76 agreeing"
FOR2008,1103,1103 Clinical Sciences,FOR,5202,Biological psychology,group,False,derived_empirical,0.031,"derived via ARC ERA journal crosswalk: 2005 shared-journal vote(s) over 1321 FOR2008-classified journal(s), 63 agreeing"
FOR2008,1103,1103 Clinical Sciences,FOR,4206,Public health,group,False,derived_empirical,0.028,"derived via ARC ERA journal crosswalk: 2005 shared-journal vote(s) over 1321 FOR2008-classified journal(s), 56 agreeing"
FOR2008,1103,1103 Clinical Sciences,FOR,3211,Oncology and carcinogenesis,group,False,derived_empirical,0.026,"derived via ARC ERA journal crosswalk: 2005 shared-journal vote(s) over 1321 FOR2008-classified journal(s), 52 agreeing"
FOR2008,1103,1103 Clinical Sciences,FOR,3203,Dentistry,group,False,derived_empirical,0.024,"derived via ARC ERA journal crosswalk: 2005 shared-journal vote(s) over 1321 FOR2008-classified journal(s), 49 agreeing"
FOR2008,1103,1103 Clinical Sciences,FOR,4203,Health services and systems,group,False,derived_empirical,0.023,"derived via ARC ERA journal crosswalk: 2005 shared-journal vote(s) over 1321 FOR2008-classified journal(s), 46 agreeing"
FOR2008,1103,1103 Clinical Sciences,FOR,3101,Biochemistry and cell biology,group,False,derived_empirical,0.017,"derived via ARC ERA journal crosswalk: 2005 shared-journal vote(s) over 1321 FOR2008-classified journal(s), 34 agreeing"
FOR2008,1103,1103 Clinical Sciences,FOR,4202,Epidemiology,group,False,derived_empirical,0.013,"derived via ARC ERA journal crosswalk: 2005 shared-journal vote(s) over 1321 FOR2008-classified journal(s), 27 agreeing"
FOR2008,1103,1103 Clinical Sciences,FOR,3204,Immunology,group,False,derived_empirical,0.012,"derived via ARC ERA journal crosswalk: 2005 shared-journal vote(s) over 1321 FOR2008-classified journal(s), 25 agreeing"
FOR2008,1103,1103 Clinical Sciences,FOR,3209,Neurosciences,group,False,derived_empirical,0.08,"derived via ARC ERA journal crosswalk: 2005 shared-journal vote(s) over 1321 FOR2008-classified journal(s), 161 agreeing"
FOR2008,1103,1103 Clinical Sciences,FOR,3105,Genetics,group,False,derived_empirical,0.011,"derived via ARC ERA journal crosswalk: 2005 shared-journal vote(s) over 1321 FOR2008-classified journal(s), 23 agreeing"
FOR2008,1103,1103 Clinical Sciences,FOR,5201,Applied and developmental psychology,group,False,derived_empirical,0.011,"derived via ARC ERA journal crosswalk: 2005 shared-journal vote(s) over 1321 FOR2008-classified journal(s), 23 agreeing"
FOR2008,1103,1103 Clinical Sciences,FOR,4704,Linguistics,group,False,derived_empirical,0.003,"derived via ARC ERA journal crosswalk: 2005 shared-journal vote(s) over 1321 FOR2008-classified journal(s), 7 agreeing"
FOR2008,1103,1103 Clinical Sciences,FOR,5205,Social and personality psychology,group,False,derived_empirical,0.003,"derived via ARC ERA journal crosswalk: 2005 shared-journal vote(s) over 1321 FOR2008-classified journal(s), 7 agreeing"
FOR2008,1103,1103 Clinical Sciences,FOR,4204,Midwifery,group,False,derived_empirical,0.003,"derived via ARC ERA journal crosswalk: 2005 shared-journal vote(s) over 1321 FOR2008-classified journal(s), 7 agreeing"
FOR2008,1103,1103 Clinical Sciences,FOR,3207,Medical microbiology,group,False,derived_empirical,0.005,"derived via ARC ERA journal crosswalk: 2005 shared-journal vote(s) over 1321 FOR2008-classified journal(s), 11 agreeing"
FOR2008,1103,1103 Clinical Sciences,FOR,3214,Pharmacology and pharmaceutical sciences,group,False,derived_empirical,0.006,"derived via ARC ERA journal crosswalk: 2005 shared-journal vote(s) over 1321 FOR2008-classified journal(s), 12 agreeing"
FOR2008,1103,1103 Clinical Sciences,FOR,3212,Ophthalmology and optometry,group,False,derived_empirical,0.008,"derived via ARC ERA journal crosswalk: 2005 shared-journal vote(s) over 1321 FOR2008-classified journal(s), 17 agreeing"
FOR2008,1103,1103 Clinical Sciences,FOR,3205,Medical biochemistry and metabolomics,group,False,derived_empirical,0.007,"derived via ARC ERA journal crosswalk: 2005 shared-journal vote(s) over 1321 FOR2008-classified journal(s), 15 agreeing"
FOR2008,1103,1103 Clinical Sciences,FOR,4205,Nursing,group,False,derived_empirical,0.009,"derived via ARC ERA journal crosswalk: 2005 shared-journal vote(s) over 1321 FOR2008-classified journal(s), 19 agreeing"
FOR2008,1103,1103 Clinical Sciences,FOR,4003,Biomedical engineering,group,False,derived_empirical,0.01,"derived via ARC ERA journal crosswalk: 2005 shared-journal vote(s) over 1321 FOR2008-classified journal(s), 20 agreeing"
FOR2008,1103,1103 Clinical Sciences,FOR,3213,Paediatrics,group,False,derived_empirical,0.01,"derived via ARC ERA journal crosswalk: 2005 shared-journal vote(s) over 1321 FOR2008-classified journal(s), 21 agreeing"
FOR2008,1103,1103 Clinical Sciences,FOR,3210,Nutrition and dietetics,group,False,derived_empirical,0.006,"derived via ARC ERA journal crosswalk: 2005 shared-journal vote(s) over 1321 FOR2008-classified journal(s), 13 agreeing"
FOR2008,1103,1103 Clinical Sciences,FOR,4207,Sports science and exercise,group,False,derived_empirical,0.011,"derived via ARC ERA journal crosswalk: 2005 shared-journal vote(s) over 1321 FOR2008-classified journal(s), 22 agreeing"
FOR2008,1104,1104 Complementary and Alternative Medicine,FOR,4410,Sociology,group,False,derived_empirical,0.026,"derived via ARC ERA journal crosswalk: 39 shared-journal vote(s) over 31 FOR2008-classified journal(s), 1 agreeing"
FOR2008,1104,1104 Complementary and Alternative Medicine,FOR,4207,Sports science and exercise,group,False,derived_empirical,0.026,"derived via ARC ERA journal crosswalk: 39 shared-journal vote(s) over 31 FOR2008-classified journal(s), 1 agreeing"
FOR2008,1104,1104 Complementary and Alternative Medicine,FOR,4201,Allied health and rehabilitation science,group,False,derived_empirical,0.026,"derived via ARC ERA journal crosswalk: 39 shared-journal vote(s) over 31 FOR2008-classified journal(s), 1 agreeing"
FOR2008,1104,1104 Complementary and Alternative Medicine,FOR,3215,Reproductive medicine,group,False,derived_empirical,0.026,"derived via ARC ERA journal crosswalk: 39 shared-journal vote(s) over 31 FOR2008-classified journal(s), 1 agreeing"
FOR2008,1104,1104 Complementary and Alternative Medicine,FOR,4206,Public health,group,False,derived_empirical,0.026,"derived via ARC ERA journal crosswalk: 39 shared-journal vote(s) over 31 FOR2008-classified journal(s), 1 agreeing"
FOR2008,1104,1104 Complementary and Alternative Medicine,FOR,3405,Organic chemistry,group,False,derived_empirical,0.026,"derived via ARC ERA journal crosswalk: 39 shared-journal vote(s) over 31 FOR2008-classified journal(s), 1 agreeing"
FOR2008,1104,1104 Complementary and Alternative Medicine,FOR,3211,Oncology and carcinogenesis,group,False,derived_empirical,0.026,"derived via ARC ERA journal crosswalk: 39 shared-journal vote(s) over 31 FOR2008-classified journal(s), 1 agreeing"
FOR2008,1104,1104 Complementary and Alternative Medicine,FOR,4208,"Traditional, complementary and integrative medicine",group,True,derived_empirical,0.513,"derived via ARC ERA journal crosswalk: 39 shared-journal vote(s) over 31 FOR2008-classified journal(s), 20 agreeing"
FOR2008,1104,1104 Complementary and Alternative Medicine,FOR,3105,Genetics,group,False,derived_empirical,0.026,"derived via ARC ERA journal crosswalk: 39 shared-journal vote(s) over 31 FOR2008-classified journal(s), 1 agreeing"
FOR2008,1104,1104 Complementary and Alternative Medicine,FOR,3202,Clinical sciences,group,False,derived_empirical,0.077,"derived via ARC ERA journal crosswalk: 39 shared-journal vote(s) over 31 FOR2008-classified journal(s), 3 agreeing"
FOR2008,1104,1104 Complementary and Alternative Medicine,FOR,3214,Pharmacology and pharmaceutical sciences,group,False,derived_empirical,0.205,"derived via ARC ERA journal crosswalk: 39 shared-journal vote(s) over 31 FOR2008-classified journal(s), 8 agreeing"
FOR2008,1105,1105 Dentistry,FOR,3203,Dentistry,group,True,derived_empirical,0.771,"derived via ARC ERA journal crosswalk: 105 shared-journal vote(s) over 90 FOR2008-classified journal(s), 81 agreeing"
FOR2008,1105,1105 Dentistry,FOR,4003,Biomedical engineering,group,False,derived_empirical,0.076,"derived via ARC ERA journal crosswalk: 105 shared-journal vote(s) over 90 FOR2008-classified journal(s), 8 agreeing"
FOR2008,1105,1105 Dentistry,FOR,3202,Clinical sciences,group,False,derived_empirical,0.048,"derived via ARC ERA journal crosswalk: 105 shared-journal vote(s) over 90 FOR2008-classified journal(s), 5 agreeing"
FOR2008,1105,1105 Dentistry,FOR,3211,Oncology and carcinogenesis,group,False,derived_empirical,0.029,"derived via ARC ERA journal crosswalk: 105 shared-journal vote(s) over 90 FOR2008-classified journal(s), 3 agreeing"
FOR2008,1105,1105 Dentistry,FOR,3009,Veterinary sciences,group,False,derived_empirical,0.01,"derived via ARC ERA journal crosswalk: 105 shared-journal vote(s) over 90 FOR2008-classified journal(s), 1 agreeing"
FOR2008,1105,1105 Dentistry,FOR,4202,Epidemiology,group,False,derived_empirical,0.01,"derived via ARC ERA journal crosswalk: 105 shared-journal vote(s) over 90 FOR2008-classified journal(s), 1 agreeing"
FOR2008,1105,1105 Dentistry,FOR,4901,Applied mathematics,group,False,derived_empirical,0.01,"derived via ARC ERA journal crosswalk: 105 shared-journal vote(s) over 90 FOR2008-classified journal(s), 1 agreeing"
FOR2008,1105,1105 Dentistry,FOR,3209,Neurosciences,group,False,derived_empirical,0.01,"derived via ARC ERA journal crosswalk: 105 shared-journal vote(s) over 90 FOR2008-classified journal(s), 1 agreeing"
FOR2008,1105,1105 Dentistry,FOR,3901,Curriculum and pedagogy,group,False,derived_empirical,0.01,"derived via ARC ERA journal crosswalk: 105 shared-journal vote(s) over 90 FOR2008-classified journal(s), 1 agreeing"
FOR2008,1105,1105 Dentistry,FOR,3213,Paediatrics,group,False,derived_empirical,0.01,"derived via ARC ERA journal crosswalk: 105 shared-journal vote(s) over 90 FOR2008-classified journal(s), 1 agreeing"
FOR2008,1105,1105 Dentistry,FOR,4206,Public health,group,False,derived_empirical,0.01,"derived via ARC ERA journal crosswalk: 105 shared-journal vote(s) over 90 FOR2008-classified journal(s), 1 agreeing"
FOR2008,1105,1105 Dentistry,FOR,4203,Health services and systems,group,False,derived_empirical,0.01,"derived via ARC ERA journal crosswalk: 105 shared-journal vote(s) over 90 FOR2008-classified journal(s), 1 agreeing"
FOR2008,1106,1106 Human Movement and Sports Science,FOR,4303,Historical studies,group,False,derived_empirical,0.004,"derived via ARC ERA journal crosswalk: 251 shared-journal vote(s) over 126 FOR2008-classified journal(s), 1 agreeing"
FOR2008,1106,1106 Human Movement and Sports Science,FOR,3101,Biochemistry and cell biology,group,False,derived_empirical,0.004,"derived via ARC ERA journal crosswalk: 251 shared-journal vote(s) over 126 FOR2008-classified journal(s), 1 agreeing"
FOR2008,1106,1106 Human Movement and Sports Science,FOR,4702,Cultural studies,group,False,derived_empirical,0.004,"derived via ARC ERA journal crosswalk: 251 shared-journal vote(s) over 126 FOR2008-classified journal(s), 1 agreeing"
FOR2008,1106,1106 Human Movement and Sports Science,FOR,4410,Sociology,group,False,derived_empirical,0.004,"derived via ARC ERA journal crosswalk: 251 shared-journal vote(s) over 126 FOR2008-classified journal(s), 1 agreeing"
FOR2008,1106,1106 Human Movement and Sports Science,FOR,3505,Human resources and industrial relations,group,False,derived_empirical,0.004,"derived via ARC ERA journal crosswalk: 251 shared-journal vote(s) over 126 FOR2008-classified journal(s), 1 agreeing"
FOR2008,1106,1106 Human Movement and Sports Science,FOR,3508,Tourism,group,False,derived_empirical,0.004,"derived via ARC ERA journal crosswalk: 251 shared-journal vote(s) over 126 FOR2008-classified journal(s), 1 agreeing"
FOR2008,1106,1106 Human Movement and Sports Science,FOR,3903,Education systems,group,False,derived_empirical,0.004,"derived via ARC ERA journal crosswalk: 251 shared-journal vote(s) over 126 FOR2008-classified journal(s), 1 agreeing"
FOR2008,1106,1106 Human Movement and Sports Science,FOR,5204,Cognitive and computational psychology,group,False,derived_empirical,0.004,"derived via ARC ERA journal crosswalk: 251 shared-journal vote(s) over 126 FOR2008-classified journal(s), 1 agreeing"
FOR2008,1106,1106 Human Movement and Sports Science,FOR,5202,Biological psychology,group,False,derived_empirical,0.008,"derived via ARC ERA journal crosswalk: 251 shared-journal vote(s) over 126 FOR2008-classified journal(s), 2 agreeing"
FOR2008,1106,1106 Human Movement and Sports Science,FOR,3109,Zoology,group,False,derived_empirical,0.008,"derived via ARC ERA journal crosswalk: 251 shared-journal vote(s) over 126 FOR2008-classified journal(s), 2 agreeing"
FOR2008,1106,1106 Human Movement and Sports Science,FOR,4405,Gender studies,group,False,derived_empirical,0.008,"derived via ARC ERA journal crosswalk: 251 shared-journal vote(s) over 126 FOR2008-classified journal(s), 2 agreeing"
FOR2008,1106,1106 Human Movement and Sports Science,FOR,3504,Commercial services,group,False,derived_empirical,0.008,"derived via ARC ERA journal crosswalk: 251 shared-journal vote(s) over 126 FOR2008-classified journal(s), 2 agreeing"
FOR2008,1106,1106 Human Movement and Sports Science,FOR,3901,Curriculum and pedagogy,group,False,derived_empirical,0.008,"derived via ARC ERA journal crosswalk: 251 shared-journal vote(s) over 126 FOR2008-classified journal(s), 2 agreeing"
FOR2008,1106,1106 Human Movement and Sports Science,FOR,4203,Health services and systems,group,False,derived_empirical,0.012,"derived via ARC ERA journal crosswalk: 251 shared-journal vote(s) over 126 FOR2008-classified journal(s), 3 agreeing"
FOR2008,1106,1106 Human Movement and Sports Science,FOR,3213,Paediatrics,group,False,derived_empirical,0.012,"derived via ARC ERA journal crosswalk: 251 shared-journal vote(s) over 126 FOR2008-classified journal(s), 3 agreeing"
FOR2008,1106,1106 Human Movement and Sports Science,FOR,4202,Epidemiology,group,False,derived_empirical,0.012,"derived via ARC ERA journal crosswalk: 251 shared-journal vote(s) over 126 FOR2008-classified journal(s), 3 agreeing"
FOR2008,1106,1106 Human Movement and Sports Science,FOR,3209,Neurosciences,group,False,derived_empirical,0.012,"derived via ARC ERA journal crosswalk: 251 shared-journal vote(s) over 126 FOR2008-classified journal(s), 3 agreeing"
FOR2008,1106,1106 Human Movement and Sports Science,FOR,5203,Clinical and health psychology,group,False,derived_empirical,0.016,"derived via ARC ERA journal crosswalk: 251 shared-journal vote(s) over 126 FOR2008-classified journal(s), 4 agreeing"
FOR2008,1106,1106 Human Movement and Sports Science,FOR,3210,Nutrition and dietetics,group,False,derived_empirical,0.016,"derived via ARC ERA journal crosswalk: 251 shared-journal vote(s) over 126 FOR2008-classified journal(s), 4 agreeing"
FOR2008,1106,1106 Human Movement and Sports Science,FOR,4003,Biomedical engineering,group,False,derived_empirical,0.028,"derived via ARC ERA journal crosswalk: 251 shared-journal vote(s) over 126 FOR2008-classified journal(s), 7 agreeing"
FOR2008,1106,1106 Human Movement and Sports Science,FOR,3208,Medical physiology,group,False,derived_empirical,0.036,"derived via ARC ERA journal crosswalk: 251 shared-journal vote(s) over 126 FOR2008-classified journal(s), 9 agreeing"
FOR2008,1106,1106 Human Movement and Sports Science,FOR,5201,Applied and developmental psychology,group,False,derived_empirical,0.048,"derived via ARC ERA journal crosswalk: 251 shared-journal vote(s) over 126 FOR2008-classified journal(s), 12 agreeing"
FOR2008,1106,1106 Human Movement and Sports Science,FOR,4206,Public health,group,False,derived_empirical,0.06,"derived via ARC ERA journal crosswalk: 251 shared-journal vote(s) over 126 FOR2008-classified journal(s), 15 agreeing"
FOR2008,1106,1106 Human Movement and Sports Science,FOR,4201,Allied health and rehabilitation science,group,False,derived_empirical,0.139,"derived via ARC ERA journal crosswalk: 251 shared-journal vote(s) over 126 FOR2008-classified journal(s), 35 agreeing"
FOR2008,1106,1106 Human Movement and Sports Science,FOR,5205,Social and personality psychology,group,False,derived_empirical,0.004,"derived via ARC ERA journal crosswalk: 251 shared-journal vote(s) over 126 FOR2008-classified journal(s), 1 agreeing"
FOR2008,1106,1106 Human Movement and Sports Science,FOR,3202,Clinical sciences,group,False,derived_empirical,0.219,"derived via ARC ERA journal crosswalk: 251 shared-journal vote(s) over 126 FOR2008-classified journal(s), 55 agreeing"
FOR2008,1106,1106 Human Movement and Sports Science,FOR,4207,Sports science and exercise,group,True,derived_empirical,0.315,"derived via ARC ERA journal crosswalk: 251 shared-journal vote(s) over 126 FOR2008-classified journal(s), 79 agreeing"
FOR2008,1107,1107 Immunology,FOR,3105,Genetics,group,False,derived_empirical,0.01,"derived via ARC ERA journal crosswalk: 196 shared-journal vote(s) over 137 FOR2008-classified journal(s), 2 agreeing"
FOR2008,1107,1107 Immunology,FOR,4208,"Traditional, complementary and integrative medicine",group,False,derived_empirical,0.005,"derived via ARC ERA journal crosswalk: 196 shared-journal vote(s) over 137 FOR2008-classified journal(s), 1 agreeing"
FOR2008,1107,1107 Immunology,FOR,3203,Dentistry,group,False,derived_empirical,0.005,"derived via ARC ERA journal crosswalk: 196 shared-journal vote(s) over 137 FOR2008-classified journal(s), 1 agreeing"
FOR2008,1107,1107 Immunology,FOR,3006,Food sciences,group,False,derived_empirical,0.005,"derived via ARC ERA journal crosswalk: 196 shared-journal vote(s) over 137 FOR2008-classified journal(s), 1 agreeing"
FOR2008,1107,1107 Immunology,FOR,3215,Reproductive medicine,group,False,derived_empirical,0.005,"derived via ARC ERA journal crosswalk: 196 shared-journal vote(s) over 137 FOR2008-classified journal(s), 1 agreeing"
FOR2008,1107,1107 Immunology,FOR,4201,Allied health and rehabilitation science,group,False,derived_empirical,0.005,"derived via ARC ERA journal crosswalk: 196 shared-journal vote(s) over 137 FOR2008-classified journal(s), 1 agreeing"
FOR2008,1107,1107 Immunology,FOR,5204,Cognitive and computational psychology,group,False,derived_empirical,0.005,"derived via ARC ERA journal crosswalk: 196 shared-journal vote(s) over 137 FOR2008-classified journal(s), 1 agreeing"
FOR2008,1107,1107 Immunology,FOR,3201,Cardiovascular medicine and haematology,group,False,derived_empirical,0.005,"derived via ARC ERA journal crosswalk: 196 shared-journal vote(s) over 137 FOR2008-classified journal(s), 1 agreeing"
FOR2008,1107,1107 Immunology,FOR,3206,Medical biotechnology,group,False,derived_empirical,0.005,"derived via ARC ERA journal crosswalk: 196 shared-journal vote(s) over 137 FOR2008-classified journal(s), 1 agreeing"
FOR2008,1107,1107 Immunology,FOR,3212,Ophthalmology and optometry,group,False,derived_empirical,0.01,"derived via ARC ERA journal crosswalk: 196 shared-journal vote(s) over 137 FOR2008-classified journal(s), 2 agreeing"
FOR2008,1107,1107 Immunology,FOR,3214,Pharmacology and pharmaceutical sciences,group,False,derived_empirical,0.01,"derived via ARC ERA journal crosswalk: 196 shared-journal vote(s) over 137 FOR2008-classified journal(s), 2 agreeing"
FOR2008,1107,1107 Immunology,FOR,5202,Biological psychology,group,False,derived_empirical,0.01,"derived via ARC ERA journal crosswalk: 196 shared-journal vote(s) over 137 FOR2008-classified journal(s), 2 agreeing"
FOR2008,1107,1107 Immunology,FOR,3209,Neurosciences,group,False,derived_empirical,0.026,"derived via ARC ERA journal crosswalk: 196 shared-journal vote(s) over 137 FOR2008-classified journal(s), 5 agreeing"
FOR2008,1107,1107 Immunology,FOR,3207,Medical microbiology,group,False,derived_empirical,0.026,"derived via ARC ERA journal crosswalk: 196 shared-journal vote(s) over 137 FOR2008-classified journal(s), 5 agreeing"
FOR2008,1107,1107 Immunology,FOR,3211,Oncology and carcinogenesis,group,False,derived_empirical,0.036,"derived via ARC ERA journal crosswalk: 196 shared-journal vote(s) over 137 FOR2008-classified journal(s), 7 agreeing"
FOR2008,1107,1107 Immunology,FOR,3101,Biochemistry and cell biology,group,False,derived_empirical,0.046,"derived via ARC ERA journal crosswalk: 196 shared-journal vote(s) over 137 FOR2008-classified journal(s), 9 agreeing"
FOR2008,1107,1107 Immunology,FOR,3107,Microbiology,group,False,derived_empirical,0.061,"derived via ARC ERA journal crosswalk: 196 shared-journal vote(s) over 137 FOR2008-classified journal(s), 12 agreeing"
FOR2008,1107,1107 Immunology,FOR,3202,Clinical sciences,group,False,derived_empirical,0.133,"derived via ARC ERA journal crosswalk: 196 shared-journal vote(s) over 137 FOR2008-classified journal(s), 26 agreeing"
FOR2008,1107,1107 Immunology,FOR,3204,Immunology,group,True,derived_empirical,0.582,"derived via ARC ERA journal crosswalk: 196 shared-journal vote(s) over 137 FOR2008-classified journal(s), 114 agreeing"
FOR2008,1107,1107 Immunology,FOR,3213,Paediatrics,group,False,derived_empirical,0.01,"derived via ARC ERA journal crosswalk: 196 shared-journal vote(s) over 137 FOR2008-classified journal(s), 2 agreeing"
FOR2008,1108,1108 Medical Microbiology,FOR,3207,Medical microbiology,group,False,derived_empirical,0.167,"derived via ARC ERA journal crosswalk: 215 shared-journal vote(s) over 131 FOR2008-classified journal(s), 36 agreeing"
FOR2008,1108,1108 Medical Microbiology,FOR,3107,Microbiology,group,True,derived_empirical,0.326,"derived via ARC ERA journal crosswalk: 215 shared-journal vote(s) over 131 FOR2008-classified journal(s), 70 agreeing"
FOR2008,1108,1108 Medical Microbiology,FOR,3202,Clinical sciences,group,False,derived_empirical,0.181,"derived via ARC ERA journal crosswalk: 215 shared-journal vote(s) over 131 FOR2008-classified journal(s), 39 agreeing"
FOR2008,1108,1108 Medical Microbiology,FOR,3204,Immunology,group,False,derived_empirical,0.079,"derived via ARC ERA journal crosswalk: 215 shared-journal vote(s) over 131 FOR2008-classified journal(s), 17 agreeing"
FOR2008,1108,1108 Medical Microbiology,FOR,3101,Biochemistry and cell biology,group,False,derived_empirical,0.056,"derived via ARC ERA journal crosswalk: 215 shared-journal vote(s) over 131 FOR2008-classified journal(s), 12 agreeing"
FOR2008,1108,1108 Medical Microbiology,FOR,4206,Public health,group,False,derived_empirical,0.033,"derived via ARC ERA journal crosswalk: 215 shared-journal vote(s) over 131 FOR2008-classified journal(s), 7 agreeing"
FOR2008,1108,1108 Medical Microbiology,FOR,3213,Paediatrics,group,False,derived_empirical,0.005,"derived via ARC ERA journal crosswalk: 215 shared-journal vote(s) over 131 FOR2008-classified journal(s), 1 agreeing"
FOR2008,1108,1108 Medical Microbiology,FOR,3203,Dentistry,group,False,derived_empirical,0.005,"derived via ARC ERA journal crosswalk: 215 shared-journal vote(s) over 131 FOR2008-classified journal(s), 1 agreeing"
FOR2008,1108,1108 Medical Microbiology,FOR,3208,Medical physiology,group,False,derived_empirical,0.005,"derived via ARC ERA journal crosswalk: 215 shared-journal vote(s) over 131 FOR2008-classified journal(s), 1 agreeing"
FOR2008,1108,1108 Medical Microbiology,FOR,3102,Bioinformatics and computational biology,group,False,derived_empirical,0.005,"derived via ARC ERA journal crosswalk: 215 shared-journal vote(s) over 131 FOR2008-classified journal(s), 1 agreeing"
FOR2008,1108,1108 Medical Microbiology,FOR,3109,Zoology,group,False,derived_empirical,0.005,"derived via ARC ERA journal crosswalk: 215 shared-journal vote(s) over 131 FOR2008-classified journal(s), 1 agreeing"
FOR2008,1108,1108 Medical Microbiology,FOR,5203,Clinical and health psychology,group,False,derived_empirical,0.005,"derived via ARC ERA journal crosswalk: 215 shared-journal vote(s) over 131 FOR2008-classified journal(s), 1 agreeing"
FOR2008,1108,1108 Medical Microbiology,FOR,3201,Cardiovascular medicine and haematology,group,False,derived_empirical,0.005,"derived via ARC ERA journal crosswalk: 215 shared-journal vote(s) over 131 FOR2008-classified journal(s), 1 agreeing"
FOR2008,1108,1108 Medical Microbiology,FOR,4203,Health services and systems,group,False,derived_empirical,0.005,"derived via ARC ERA journal crosswalk: 215 shared-journal vote(s) over 131 FOR2008-classified journal(s), 1 agreeing"
FOR2008,1108,1108 Medical Microbiology,FOR,3205,Medical biochemistry and metabolomics,group,False,derived_empirical,0.005,"derived via ARC ERA journal crosswalk: 215 shared-journal vote(s) over 131 FOR2008-classified journal(s), 1 agreeing"
FOR2008,1108,1108 Medical Microbiology,FOR,3209,Neurosciences,group,False,derived_empirical,0.005,"derived via ARC ERA journal crosswalk: 215 shared-journal vote(s) over 131 FOR2008-classified journal(s), 1 agreeing"
FOR2008,1108,1108 Medical Microbiology,FOR,3105,Genetics,group,False,derived_empirical,0.009,"derived via ARC ERA journal crosswalk: 215 shared-journal vote(s) over 131 FOR2008-classified journal(s), 2 agreeing"
FOR2008,1108,1108 Medical Microbiology,FOR,3104,Evolutionary biology,group,False,derived_empirical,0.009,"derived via ARC ERA journal crosswalk: 215 shared-journal vote(s) over 131 FOR2008-classified journal(s), 2 agreeing"
FOR2008,1108,1108 Medical Microbiology,FOR,3214,Pharmacology and pharmaceutical sciences,group,False,derived_empirical,0.014,"derived via ARC ERA journal crosswalk: 215 shared-journal vote(s) over 131 FOR2008-classified journal(s), 3 agreeing"
FOR2008,1108,1108 Medical Microbiology,FOR,3009,Veterinary sciences,group,False,derived_empirical,0.023,"derived via ARC ERA journal crosswalk: 215 shared-journal vote(s) over 131 FOR2008-classified journal(s), 5 agreeing"
FOR2008,1108,1108 Medical Microbiology,FOR,3211,Oncology and carcinogenesis,group,False,derived_empirical,0.023,"derived via ARC ERA journal crosswalk: 215 shared-journal vote(s) over 131 FOR2008-classified journal(s), 5 agreeing"
FOR2008,1108,1108 Medical Microbiology,FOR,4202,Epidemiology,group,False,derived_empirical,0.028,"derived via ARC ERA journal crosswalk: 215 shared-journal vote(s) over 131 FOR2008-classified journal(s), 6 agreeing"
FOR2008,1108,1108 Medical Microbiology,FOR,3206,Medical biotechnology,group,False,derived_empirical,0.005,"derived via ARC ERA journal crosswalk: 215 shared-journal vote(s) over 131 FOR2008-classified journal(s), 1 agreeing"
FOR2008,1109,1109 Neurosciences,FOR,4205,Nursing,group,False,derived_empirical,0.003,"derived via ARC ERA journal crosswalk: 673 shared-journal vote(s) over 324 FOR2008-classified journal(s), 2 agreeing"
FOR2008,1109,1109 Neurosciences,FOR,3207,Medical microbiology,group,False,derived_empirical,0.003,"derived via ARC ERA journal crosswalk: 673 shared-journal vote(s) over 324 FOR2008-classified journal(s), 2 agreeing"
FOR2008,1109,1109 Neurosciences,FOR,5205,Social and personality psychology,group,False,derived_empirical,0.003,"derived via ARC ERA journal crosswalk: 673 shared-journal vote(s) over 324 FOR2008-classified journal(s), 2 agreeing"
FOR2008,1109,1109 Neurosciences,FOR,3201,Cardiovascular medicine and haematology,group,False,derived_empirical,0.003,"derived via ARC ERA journal crosswalk: 673 shared-journal vote(s) over 324 FOR2008-classified journal(s), 2 agreeing"
FOR2008,1109,1109 Neurosciences,FOR,4203,Health services and systems,group,False,derived_empirical,0.003,"derived via ARC ERA journal crosswalk: 673 shared-journal vote(s) over 324 FOR2008-classified journal(s), 2 agreeing"
FOR2008,1109,1109 Neurosciences,FOR,3210,Nutrition and dietetics,group,False,derived_empirical,0.001,"derived via ARC ERA journal crosswalk: 673 shared-journal vote(s) over 324 FOR2008-classified journal(s), 1 agreeing"
FOR2008,1109,1109 Neurosciences,FOR,3406,Physical chemistry,group,False,derived_empirical,0.001,"derived via ARC ERA journal crosswalk: 673 shared-journal vote(s) over 324 FOR2008-classified journal(s), 1 agreeing"
FOR2008,1109,1109 Neurosciences,FOR,3102,Bioinformatics and computational biology,group,False,derived_empirical,0.001,"derived via ARC ERA journal crosswalk: 673 shared-journal vote(s) over 324 FOR2008-classified journal(s), 1 agreeing"
FOR2008,1109,1109 Neurosciences,FOR,3801,Applied economics,group,False,derived_empirical,0.001,"derived via ARC ERA journal crosswalk: 673 shared-journal vote(s) over 324 FOR2008-classified journal(s), 1 agreeing"
FOR2008,1109,1109 Neurosciences,FOR,4601,Applied computing,group,False,derived_empirical,0.001,"derived via ARC ERA journal crosswalk: 673 shared-journal vote(s) over 324 FOR2008-classified journal(s), 1 agreeing"
FOR2008,1109,1109 Neurosciences,FOR,3211,Oncology and carcinogenesis,group,False,derived_empirical,0.004,"derived via ARC ERA journal crosswalk: 673 shared-journal vote(s) over 324 FOR2008-classified journal(s), 3 agreeing"
FOR2008,1109,1109 Neurosciences,FOR,4611,Machine learning,group,False,derived_empirical,0.001,"derived via ARC ERA journal crosswalk: 673 shared-journal vote(s) over 324 FOR2008-classified journal(s), 1 agreeing"
FOR2008,1109,1109 Neurosciences,FOR,3904,Specialist studies in education,group,False,derived_empirical,0.001,"derived via ARC ERA journal crosswalk: 673 shared-journal vote(s) over 324 FOR2008-classified journal(s), 1 agreeing"
FOR2008,1109,1109 Neurosciences,FOR,4206,Public health,group,False,derived_empirical,0.004,"derived via ARC ERA journal crosswalk: 673 shared-journal vote(s) over 324 FOR2008-classified journal(s), 3 agreeing"
FOR2008,1109,1109 Neurosciences,FOR,4201,Allied health and rehabilitation science,group,False,derived_empirical,0.018,"derived via ARC ERA journal crosswalk: 673 shared-journal vote(s) over 324 FOR2008-classified journal(s), 12 agreeing"
FOR2008,1109,1109 Neurosciences,FOR,4003,Biomedical engineering,group,False,derived_empirical,0.006,"derived via ARC ERA journal crosswalk: 673 shared-journal vote(s) over 324 FOR2008-classified journal(s), 4 agreeing"
FOR2008,1109,1109 Neurosciences,FOR,3109,Zoology,group,False,derived_empirical,0.006,"derived via ARC ERA journal crosswalk: 673 shared-journal vote(s) over 324 FOR2008-classified journal(s), 4 agreeing"
FOR2008,1109,1109 Neurosciences,FOR,3208,Medical physiology,group,False,derived_empirical,0.007,"derived via ARC ERA journal crosswalk: 673 shared-journal vote(s) over 324 FOR2008-classified journal(s), 5 agreeing"
FOR2008,1109,1109 Neurosciences,FOR,3212,Ophthalmology and optometry,group,False,derived_empirical,0.007,"derived via ARC ERA journal crosswalk: 673 shared-journal vote(s) over 324 FOR2008-classified journal(s), 5 agreeing"
FOR2008,1109,1109 Neurosciences,FOR,3105,Genetics,group,False,derived_empirical,0.007,"derived via ARC ERA journal crosswalk: 673 shared-journal vote(s) over 324 FOR2008-classified journal(s), 5 agreeing"
FOR2008,1109,1109 Neurosciences,FOR,3213,Paediatrics,group,False,derived_empirical,0.007,"derived via ARC ERA journal crosswalk: 673 shared-journal vote(s) over 324 FOR2008-classified journal(s), 5 agreeing"
FOR2008,1109,1109 Neurosciences,FOR,3203,Dentistry,group,False,derived_empirical,0.01,"derived via ARC ERA journal crosswalk: 673 shared-journal vote(s) over 324 FOR2008-classified journal(s), 7 agreeing"
FOR2008,1109,1109 Neurosciences,FOR,5201,Applied and developmental psychology,group,False,derived_empirical,0.021,"derived via ARC ERA journal crosswalk: 673 shared-journal vote(s) over 324 FOR2008-classified journal(s), 14 agreeing"
FOR2008,1109,1109 Neurosciences,FOR,3214,Pharmacology and pharmaceutical sciences,group,False,derived_empirical,0.019,"derived via ARC ERA journal crosswalk: 673 shared-journal vote(s) over 324 FOR2008-classified journal(s), 13 agreeing"
FOR2008,1109,1109 Neurosciences,FOR,5204,Cognitive and computational psychology,group,False,derived_empirical,0.037,"derived via ARC ERA journal crosswalk: 673 shared-journal vote(s) over 324 FOR2008-classified journal(s), 25 agreeing"
FOR2008,1109,1109 Neurosciences,FOR,3202,Clinical sciences,group,False,derived_empirical,0.187,"derived via ARC ERA journal crosswalk: 673 shared-journal vote(s) over 324 FOR2008-classified journal(s), 126 agreeing"
FOR2008,1109,1109 Neurosciences,FOR,5202,Biological psychology,group,False,derived_empirical,0.192,"derived via ARC ERA journal crosswalk: 673 shared-journal vote(s) over 324 FOR2008-classified journal(s), 129 agreeing"
FOR2008,1109,1109 Neurosciences,FOR,3209,Neurosciences,group,True,derived_empirical,0.374,"derived via ARC ERA journal crosswalk: 673 shared-journal vote(s) over 324 FOR2008-classified journal(s), 252 agreeing"
FOR2008,1109,1109 Neurosciences,FOR,3101,Biochemistry and cell biology,group,False,derived_empirical,0.028,"derived via ARC ERA journal crosswalk: 673 shared-journal vote(s) over 324 FOR2008-classified journal(s), 19 agreeing"
FOR2008,1109,1109 Neurosciences,FOR,3204,Immunology,group,False,derived_empirical,0.006,"derived via ARC ERA journal crosswalk: 673 shared-journal vote(s) over 324 FOR2008-classified journal(s), 4 agreeing"
FOR2008,1109,1109 Neurosciences,FOR,5203,Clinical and health psychology,group,False,derived_empirical,0.03,"derived via ARC ERA journal crosswalk: 673 shared-journal vote(s) over 324 FOR2008-classified journal(s), 20 agreeing"
FOR2008,1109,1109 Neurosciences,FOR,4202,Epidemiology,group,False,derived_empirical,0.001,"derived via ARC ERA journal crosswalk: 673 shared-journal vote(s) over 324 FOR2008-classified journal(s), 1 agreeing"
FOR2008,1110,1110 Nursing,FOR,4201,Allied health and rehabilitation science,group,False,derived_empirical,0.007,"derived via ARC ERA journal crosswalk: 297 shared-journal vote(s) over 172 FOR2008-classified journal(s), 2 agreeing"
FOR2008,1110,1110 Nursing,FOR,4202,Epidemiology,group,False,derived_empirical,0.01,"derived via ARC ERA journal crosswalk: 297 shared-journal vote(s) over 172 FOR2008-classified journal(s), 3 agreeing"
FOR2008,1110,1110 Nursing,FOR,3201,Cardiovascular medicine and haematology,group,False,derived_empirical,0.013,"derived via ARC ERA journal crosswalk: 297 shared-journal vote(s) over 172 FOR2008-classified journal(s), 4 agreeing"
FOR2008,1110,1110 Nursing,FOR,3215,Reproductive medicine,group,False,derived_empirical,0.013,"derived via ARC ERA journal crosswalk: 297 shared-journal vote(s) over 172 FOR2008-classified journal(s), 4 agreeing"
FOR2008,1110,1110 Nursing,FOR,3901,Curriculum and pedagogy,group,False,derived_empirical,0.024,"derived via ARC ERA journal crosswalk: 297 shared-journal vote(s) over 172 FOR2008-classified journal(s), 7 agreeing"
FOR2008,1110,1110 Nursing,FOR,3213,Paediatrics,group,False,derived_empirical,0.024,"derived via ARC ERA journal crosswalk: 297 shared-journal vote(s) over 172 FOR2008-classified journal(s), 7 agreeing"
FOR2008,1110,1110 Nursing,FOR,3211,Oncology and carcinogenesis,group,False,derived_empirical,0.03,"derived via ARC ERA journal crosswalk: 297 shared-journal vote(s) over 172 FOR2008-classified journal(s), 9 agreeing"
FOR2008,1110,1110 Nursing,FOR,3904,Specialist studies in education,group,False,derived_empirical,0.007,"derived via ARC ERA journal crosswalk: 297 shared-journal vote(s) over 172 FOR2008-classified journal(s), 2 agreeing"
FOR2008,1110,1110 Nursing,FOR,3505,Human resources and industrial relations,group,False,derived_empirical,0.003,"derived via ARC ERA journal crosswalk: 297 shared-journal vote(s) over 172 FOR2008-classified journal(s), 1 agreeing"
FOR2008,1110,1110 Nursing,FOR,3209,Neurosciences,group,False,derived_empirical,0.003,"derived via ARC ERA journal crosswalk: 297 shared-journal vote(s) over 172 FOR2008-classified journal(s), 1 agreeing"
FOR2008,1110,1110 Nursing,FOR,4609,Information systems,group,False,derived_empirical,0.003,"derived via ARC ERA journal crosswalk: 297 shared-journal vote(s) over 172 FOR2008-classified journal(s), 1 agreeing"
FOR2008,1110,1110 Nursing,FOR,5001,Applied ethics,group,False,derived_empirical,0.003,"derived via ARC ERA journal crosswalk: 297 shared-journal vote(s) over 172 FOR2008-classified journal(s), 1 agreeing"
FOR2008,1110,1110 Nursing,FOR,3210,Nutrition and dietetics,group,False,derived_empirical,0.003,"derived via ARC ERA journal crosswalk: 297 shared-journal vote(s) over 172 FOR2008-classified journal(s), 1 agreeing"
FOR2008,1110,1110 Nursing,FOR,3801,Applied economics,group,False,derived_empirical,0.003,"derived via ARC ERA journal crosswalk: 297 shared-journal vote(s) over 172 FOR2008-classified journal(s), 1 agreeing"
FOR2008,1110,1110 Nursing,FOR,4019,Resources engineering and extractive metallurgy,group,False,derived_empirical,0.003,"derived via ARC ERA journal crosswalk: 297 shared-journal vote(s) over 172 FOR2008-classified journal(s), 1 agreeing"
FOR2008,1110,1110 Nursing,FOR,4404,Development studies,group,False,derived_empirical,0.003,"derived via ARC ERA journal crosswalk: 297 shared-journal vote(s) over 172 FOR2008-classified journal(s), 1 agreeing"
FOR2008,1110,1110 Nursing,FOR,4208,"Traditional, complementary and integrative medicine",group,False,derived_empirical,0.003,"derived via ARC ERA journal crosswalk: 297 shared-journal vote(s) over 172 FOR2008-classified journal(s), 1 agreeing"
FOR2008,1110,1110 Nursing,FOR,4407,Policy and administration,group,False,derived_empirical,0.003,"derived via ARC ERA journal crosswalk: 297 shared-journal vote(s) over 172 FOR2008-classified journal(s), 1 agreeing"
FOR2008,1110,1110 Nursing,FOR,4206,Public health,group,False,derived_empirical,0.077,"derived via ARC ERA journal crosswalk: 297 shared-journal vote(s) over 172 FOR2008-classified journal(s), 23 agreeing"
FOR2008,1110,1110 Nursing,FOR,3202,Clinical sciences,group,False,derived_empirical,0.101,"derived via ARC ERA journal crosswalk: 297 shared-journal vote(s) over 172 FOR2008-classified journal(s), 30 agreeing"
FOR2008,1110,1110 Nursing,FOR,4203,Health services and systems,group,False,derived_empirical,0.104,"derived via ARC ERA journal crosswalk: 297 shared-journal vote(s) over 172 FOR2008-classified journal(s), 31 agreeing"
FOR2008,1110,1110 Nursing,FOR,4204,Midwifery,group,False,derived_empirical,0.118,"derived via ARC ERA journal crosswalk: 297 shared-journal vote(s) over 172 FOR2008-classified journal(s), 35 agreeing"
FOR2008,1110,1110 Nursing,FOR,4205,Nursing,group,True,derived_empirical,0.421,"derived via ARC ERA journal crosswalk: 297 shared-journal vote(s) over 172 FOR2008-classified journal(s), 125 agreeing"
FOR2008,1110,1110 Nursing,FOR,5203,Clinical and health psychology,group,False,derived_empirical,0.01,"derived via ARC ERA journal crosswalk: 297 shared-journal vote(s) over 172 FOR2008-classified journal(s), 3 agreeing"
FOR2008,1110,1110 Nursing,FOR,5002,History and philosophy of specific fields,group,False,derived_empirical,0.007,"derived via ARC ERA journal crosswalk: 297 shared-journal vote(s) over 172 FOR2008-classified journal(s), 2 agreeing"
FOR2008,1111,1111 Nutrition and Dietetics,FOR,3101,Biochemistry and cell biology,group,False,derived_empirical,0.009,"derived via ARC ERA journal crosswalk: 110 shared-journal vote(s) over 66 FOR2008-classified journal(s), 1 agreeing"
FOR2008,1111,1111 Nutrition and Dietetics,FOR,4206,Public health,group,False,derived_empirical,0.045,"derived via ARC ERA journal crosswalk: 110 shared-journal vote(s) over 66 FOR2008-classified journal(s), 5 agreeing"
FOR2008,1111,1111 Nutrition and Dietetics,FOR,3006,Food sciences,group,False,derived_empirical,0.155,"derived via ARC ERA journal crosswalk: 110 shared-journal vote(s) over 66 FOR2008-classified journal(s), 17 agreeing"
FOR2008,1111,1111 Nutrition and Dietetics,FOR,3202,Clinical sciences,group,False,derived_empirical,0.091,"derived via ARC ERA journal crosswalk: 110 shared-journal vote(s) over 66 FOR2008-classified journal(s), 10 agreeing"
FOR2008,1111,1111 Nutrition and Dietetics,FOR,4203,Health services and systems,group,False,derived_empirical,0.009,"derived via ARC ERA journal crosswalk: 110 shared-journal vote(s) over 66 FOR2008-classified journal(s), 1 agreeing"
FOR2008,1111,1111 Nutrition and Dietetics,FOR,3205,Medical biochemistry and metabolomics,group,False,derived_empirical,0.045,"derived via ARC ERA journal crosswalk: 110 shared-journal vote(s) over 66 FOR2008-classified journal(s), 5 agreeing"
FOR2008,1111,1111 Nutrition and Dietetics,FOR,4202,Epidemiology,group,False,derived_empirical,0.027,"derived via ARC ERA journal crosswalk: 110 shared-journal vote(s) over 66 FOR2008-classified journal(s), 3 agreeing"
FOR2008,1111,1111 Nutrition and Dietetics,FOR,3210,Nutrition and dietetics,group,True,derived_empirical,0.473,"derived via ARC ERA journal crosswalk: 110 shared-journal vote(s) over 66 FOR2008-classified journal(s), 52 agreeing"
FOR2008,1111,1111 Nutrition and Dietetics,FOR,3211,Oncology and carcinogenesis,group,False,derived_empirical,0.018,"derived via ARC ERA journal crosswalk: 110 shared-journal vote(s) over 66 FOR2008-classified journal(s), 2 agreeing"
FOR2008,1111,1111 Nutrition and Dietetics,FOR,3213,Paediatrics,group,False,derived_empirical,0.018,"derived via ARC ERA journal crosswalk: 110 shared-journal vote(s) over 66 FOR2008-classified journal(s), 2 agreeing"
FOR2008,1111,1111 Nutrition and Dietetics,FOR,4004,Chemical engineering,group,False,derived_empirical,0.018,"derived via ARC ERA journal crosswalk: 110 shared-journal vote(s) over 66 FOR2008-classified journal(s), 2 agreeing"
FOR2008,1111,1111 Nutrition and Dietetics,FOR,3003,Animal production,group,False,derived_empirical,0.018,"derived via ARC ERA journal crosswalk: 110 shared-journal vote(s) over 66 FOR2008-classified journal(s), 2 agreeing"
FOR2008,1111,1111 Nutrition and Dietetics,FOR,3204,Immunology,group,False,derived_empirical,0.009,"derived via ARC ERA journal crosswalk: 110 shared-journal vote(s) over 66 FOR2008-classified journal(s), 1 agreeing"
FOR2008,1111,1111 Nutrition and Dietetics,FOR,5203,Clinical and health psychology,group,False,derived_empirical,0.009,"derived via ARC ERA journal crosswalk: 110 shared-journal vote(s) over 66 FOR2008-classified journal(s), 1 agreeing"
FOR2008,1111,1111 Nutrition and Dietetics,FOR,4204,Midwifery,group,False,derived_empirical,0.009,"derived via ARC ERA journal crosswalk: 110 shared-journal vote(s) over 66 FOR2008-classified journal(s), 1 agreeing"
FOR2008,1111,1111 Nutrition and Dietetics,FOR,3214,Pharmacology and pharmaceutical sciences,group,False,derived_empirical,0.009,"derived via ARC ERA journal crosswalk: 110 shared-journal vote(s) over 66 FOR2008-classified journal(s), 1 agreeing"
FOR2008,1111,1111 Nutrition and Dietetics,FOR,4207,Sports science and exercise,group,False,derived_empirical,0.009,"derived via ARC ERA journal crosswalk: 110 shared-journal vote(s) over 66 FOR2008-classified journal(s), 1 agreeing"
FOR2008,1111,1111 Nutrition and Dietetics,FOR,4401,Anthropology,group,False,derived_empirical,0.009,"derived via ARC ERA journal crosswalk: 110 shared-journal vote(s) over 66 FOR2008-classified journal(s), 1 agreeing"
FOR2008,1111,1111 Nutrition and Dietetics,FOR,4208,"Traditional, complementary and integrative medicine",group,False,derived_empirical,0.018,"derived via ARC ERA journal crosswalk: 110 shared-journal vote(s) over 66 FOR2008-classified journal(s), 2 agreeing"
FOR2008,1112,1112 Oncology and Carcinogenesis,FOR,4202,Epidemiology,group,False,derived_empirical,0.015,"derived via ARC ERA journal crosswalk: 266 shared-journal vote(s) over 188 FOR2008-classified journal(s), 4 agreeing"
FOR2008,1112,1112 Oncology and Carcinogenesis,FOR,3204,Immunology,group,False,derived_empirical,0.011,"derived via ARC ERA journal crosswalk: 266 shared-journal vote(s) over 188 FOR2008-classified journal(s), 3 agreeing"
FOR2008,1112,1112 Oncology and Carcinogenesis,FOR,3205,Medical biochemistry and metabolomics,group,False,derived_empirical,0.011,"derived via ARC ERA journal crosswalk: 266 shared-journal vote(s) over 188 FOR2008-classified journal(s), 3 agreeing"
FOR2008,1112,1112 Oncology and Carcinogenesis,FOR,4206,Public health,group,False,derived_empirical,0.015,"derived via ARC ERA journal crosswalk: 266 shared-journal vote(s) over 188 FOR2008-classified journal(s), 4 agreeing"
FOR2008,1112,1112 Oncology and Carcinogenesis,FOR,3211,Oncology and carcinogenesis,group,True,derived_empirical,0.583,"derived via ARC ERA journal crosswalk: 266 shared-journal vote(s) over 188 FOR2008-classified journal(s), 155 agreeing"
FOR2008,1112,1112 Oncology and Carcinogenesis,FOR,4205,Nursing,group,False,derived_empirical,0.019,"derived via ARC ERA journal crosswalk: 266 shared-journal vote(s) over 188 FOR2008-classified journal(s), 5 agreeing"
FOR2008,1112,1112 Oncology and Carcinogenesis,FOR,3201,Cardiovascular medicine and haematology,group,False,derived_empirical,0.023,"derived via ARC ERA journal crosswalk: 266 shared-journal vote(s) over 188 FOR2008-classified journal(s), 6 agreeing"
FOR2008,1112,1112 Oncology and Carcinogenesis,FOR,3101,Biochemistry and cell biology,group,False,derived_empirical,0.075,"derived via ARC ERA journal crosswalk: 266 shared-journal vote(s) over 188 FOR2008-classified journal(s), 20 agreeing"
FOR2008,1112,1112 Oncology and Carcinogenesis,FOR,3202,Clinical sciences,group,False,derived_empirical,0.135,"derived via ARC ERA journal crosswalk: 266 shared-journal vote(s) over 188 FOR2008-classified journal(s), 36 agreeing"
FOR2008,1112,1112 Oncology and Carcinogenesis,FOR,3203,Dentistry,group,False,derived_empirical,0.015,"derived via ARC ERA journal crosswalk: 266 shared-journal vote(s) over 188 FOR2008-classified journal(s), 4 agreeing"
FOR2008,1112,1112 Oncology and Carcinogenesis,FOR,5105,Medical and biological physics,group,False,derived_empirical,0.011,"derived via ARC ERA journal crosswalk: 266 shared-journal vote(s) over 188 FOR2008-classified journal(s), 3 agreeing"
FOR2008,1112,1112 Oncology and Carcinogenesis,FOR,3105,Genetics,group,False,derived_empirical,0.011,"derived via ARC ERA journal crosswalk: 266 shared-journal vote(s) over 188 FOR2008-classified journal(s), 3 agreeing"
FOR2008,1112,1112 Oncology and Carcinogenesis,FOR,3207,Medical microbiology,group,False,derived_empirical,0.008,"derived via ARC ERA journal crosswalk: 266 shared-journal vote(s) over 188 FOR2008-classified journal(s), 2 agreeing"
FOR2008,1112,1112 Oncology and Carcinogenesis,FOR,3102,Bioinformatics and computational biology,group,False,derived_empirical,0.008,"derived via ARC ERA journal crosswalk: 266 shared-journal vote(s) over 188 FOR2008-classified journal(s), 2 agreeing"
FOR2008,1112,1112 Oncology and Carcinogenesis,FOR,3407,Theoretical and computational chemistry,group,False,derived_empirical,0.004,"derived via ARC ERA journal crosswalk: 266 shared-journal vote(s) over 188 FOR2008-classified journal(s), 1 agreeing"
FOR2008,1112,1112 Oncology and Carcinogenesis,FOR,4003,Biomedical engineering,group,False,derived_empirical,0.004,"derived via ARC ERA journal crosswalk: 266 shared-journal vote(s) over 188 FOR2008-classified journal(s), 1 agreeing"
FOR2008,1112,1112 Oncology and Carcinogenesis,FOR,3209,Neurosciences,group,False,derived_empirical,0.004,"derived via ARC ERA journal crosswalk: 266 shared-journal vote(s) over 188 FOR2008-classified journal(s), 1 agreeing"
FOR2008,1112,1112 Oncology and Carcinogenesis,FOR,4208,"Traditional, complementary and integrative medicine",group,False,derived_empirical,0.004,"derived via ARC ERA journal crosswalk: 266 shared-journal vote(s) over 188 FOR2008-classified journal(s), 1 agreeing"
FOR2008,1112,1112 Oncology and Carcinogenesis,FOR,3210,Nutrition and dietetics,group,False,derived_empirical,0.004,"derived via ARC ERA journal crosswalk: 266 shared-journal vote(s) over 188 FOR2008-classified journal(s), 1 agreeing"
FOR2008,1112,1112 Oncology and Carcinogenesis,FOR,3215,Reproductive medicine,group,False,derived_empirical,0.008,"derived via ARC ERA journal crosswalk: 266 shared-journal vote(s) over 188 FOR2008-classified journal(s), 2 agreeing"
FOR2008,1112,1112 Oncology and Carcinogenesis,FOR,4203,Health services and systems,group,False,derived_empirical,0.008,"derived via ARC ERA journal crosswalk: 266 shared-journal vote(s) over 188 FOR2008-classified journal(s), 2 agreeing"
FOR2008,1112,1112 Oncology and Carcinogenesis,FOR,5203,Clinical and health psychology,group,False,derived_empirical,0.008,"derived via ARC ERA journal crosswalk: 266 shared-journal vote(s) over 188 FOR2008-classified journal(s), 2 agreeing"
FOR2008,1112,1112 Oncology and Carcinogenesis,FOR,3404,Medicinal and biomolecular chemistry,group,False,derived_empirical,0.008,"derived via ARC ERA journal crosswalk: 266 shared-journal vote(s) over 188 FOR2008-classified journal(s), 2 agreeing"
FOR2008,1112,1112 Oncology and Carcinogenesis,FOR,3214,Pharmacology and pharmaceutical sciences,group,False,derived_empirical,0.008,"derived via ARC ERA journal crosswalk: 266 shared-journal vote(s) over 188 FOR2008-classified journal(s), 2 agreeing"
FOR2008,1112,1112 Oncology and Carcinogenesis,FOR,3213,Paediatrics,group,False,derived_empirical,0.004,"derived via ARC ERA journal crosswalk: 266 shared-journal vote(s) over 188 FOR2008-classified journal(s), 1 agreeing"
FOR2008,1113,1113 Ophthalmology and Optometry,FOR,4202,Epidemiology,group,False,derived_empirical,0.014,"derived via ARC ERA journal crosswalk: 74 shared-journal vote(s) over 62 FOR2008-classified journal(s), 1 agreeing"
FOR2008,1113,1113 Ophthalmology and Optometry,FOR,4003,Biomedical engineering,group,False,derived_empirical,0.014,"derived via ARC ERA journal crosswalk: 74 shared-journal vote(s) over 62 FOR2008-classified journal(s), 1 agreeing"
FOR2008,1113,1113 Ophthalmology and Optometry,FOR,4009,"Electronics, sensors and digital hardware",group,False,derived_empirical,0.014,"derived via ARC ERA journal crosswalk: 74 shared-journal vote(s) over 62 FOR2008-classified journal(s), 1 agreeing"
FOR2008,1113,1113 Ophthalmology and Optometry,FOR,4006,Communications engineering,group,False,derived_empirical,0.014,"derived via ARC ERA journal crosswalk: 74 shared-journal vote(s) over 62 FOR2008-classified journal(s), 1 agreeing"
FOR2008,1113,1113 Ophthalmology and Optometry,FOR,3105,Genetics,group,False,derived_empirical,0.014,"derived via ARC ERA journal crosswalk: 74 shared-journal vote(s) over 62 FOR2008-classified journal(s), 1 agreeing"
FOR2008,1113,1113 Ophthalmology and Optometry,FOR,4206,Public health,group,False,derived_empirical,0.014,"derived via ARC ERA journal crosswalk: 74 shared-journal vote(s) over 62 FOR2008-classified journal(s), 1 agreeing"
FOR2008,1113,1113 Ophthalmology and Optometry,FOR,5204,Cognitive and computational psychology,group,False,derived_empirical,0.014,"derived via ARC ERA journal crosswalk: 74 shared-journal vote(s) over 62 FOR2008-classified journal(s), 1 agreeing"
FOR2008,1113,1113 Ophthalmology and Optometry,FOR,3101,Biochemistry and cell biology,group,False,derived_empirical,0.027,"derived via ARC ERA journal crosswalk: 74 shared-journal vote(s) over 62 FOR2008-classified journal(s), 2 agreeing"
FOR2008,1113,1113 Ophthalmology and Optometry,FOR,4203,Health services and systems,group,False,derived_empirical,0.014,"derived via ARC ERA journal crosswalk: 74 shared-journal vote(s) over 62 FOR2008-classified journal(s), 1 agreeing"
FOR2008,1113,1113 Ophthalmology and Optometry,FOR,3203,Dentistry,group,False,derived_empirical,0.027,"derived via ARC ERA journal crosswalk: 74 shared-journal vote(s) over 62 FOR2008-classified journal(s), 2 agreeing"
FOR2008,1113,1113 Ophthalmology and Optometry,FOR,5102,"Atomic, molecular and optical physics",group,False,derived_empirical,0.027,"derived via ARC ERA journal crosswalk: 74 shared-journal vote(s) over 62 FOR2008-classified journal(s), 2 agreeing"
FOR2008,1113,1113 Ophthalmology and Optometry,FOR,5202,Biological psychology,group,False,derived_empirical,0.027,"derived via ARC ERA journal crosswalk: 74 shared-journal vote(s) over 62 FOR2008-classified journal(s), 2 agreeing"
FOR2008,1113,1113 Ophthalmology and Optometry,FOR,3204,Immunology,group,False,derived_empirical,0.027,"derived via ARC ERA journal crosswalk: 74 shared-journal vote(s) over 62 FOR2008-classified journal(s), 2 agreeing"
FOR2008,1113,1113 Ophthalmology and Optometry,FOR,3209,Neurosciences,group,False,derived_empirical,0.054,"derived via ARC ERA journal crosswalk: 74 shared-journal vote(s) over 62 FOR2008-classified journal(s), 4 agreeing"
FOR2008,1113,1113 Ophthalmology and Optometry,FOR,3202,Clinical sciences,group,False,derived_empirical,0.081,"derived via ARC ERA journal crosswalk: 74 shared-journal vote(s) over 62 FOR2008-classified journal(s), 6 agreeing"
FOR2008,1113,1113 Ophthalmology and Optometry,FOR,3214,Pharmacology and pharmaceutical sciences,group,False,derived_empirical,0.014,"derived via ARC ERA journal crosswalk: 74 shared-journal vote(s) over 62 FOR2008-classified journal(s), 1 agreeing"
FOR2008,1113,1113 Ophthalmology and Optometry,FOR,3212,Ophthalmology and optometry,group,True,derived_empirical,0.608,"derived via ARC ERA journal crosswalk: 74 shared-journal vote(s) over 62 FOR2008-classified journal(s), 45 agreeing"
FOR2008,1114,1114 Paediatrics and Reproductive Medicine,FOR,3209,Neurosciences,group,False,derived_empirical,0.022,"derived via ARC ERA journal crosswalk: 325 shared-journal vote(s) over 210 FOR2008-classified journal(s), 7 agreeing"
FOR2008,1114,1114 Paediatrics and Reproductive Medicine,FOR,4205,Nursing,group,False,derived_empirical,0.018,"derived via ARC ERA journal crosswalk: 325 shared-journal vote(s) over 210 FOR2008-classified journal(s), 6 agreeing"
FOR2008,1114,1114 Paediatrics and Reproductive Medicine,FOR,3101,Biochemistry and cell biology,group,False,derived_empirical,0.028,"derived via ARC ERA journal crosswalk: 325 shared-journal vote(s) over 210 FOR2008-classified journal(s), 9 agreeing"
FOR2008,1114,1114 Paediatrics and Reproductive Medicine,FOR,4204,Midwifery,group,False,derived_empirical,0.071,"derived via ARC ERA journal crosswalk: 325 shared-journal vote(s) over 210 FOR2008-classified journal(s), 23 agreeing"
FOR2008,1114,1114 Paediatrics and Reproductive Medicine,FOR,3202,Clinical sciences,group,False,derived_empirical,0.163,"derived via ARC ERA journal crosswalk: 325 shared-journal vote(s) over 210 FOR2008-classified journal(s), 53 agreeing"
FOR2008,1114,1114 Paediatrics and Reproductive Medicine,FOR,3215,Reproductive medicine,group,False,derived_empirical,0.255,"derived via ARC ERA journal crosswalk: 325 shared-journal vote(s) over 210 FOR2008-classified journal(s), 83 agreeing"
FOR2008,1114,1114 Paediatrics and Reproductive Medicine,FOR,3213,Paediatrics,group,True,derived_empirical,0.274,"derived via ARC ERA journal crosswalk: 325 shared-journal vote(s) over 210 FOR2008-classified journal(s), 89 agreeing"
FOR2008,1114,1114 Paediatrics and Reproductive Medicine,FOR,5202,Biological psychology,group,False,derived_empirical,0.003,"derived via ARC ERA journal crosswalk: 325 shared-journal vote(s) over 210 FOR2008-classified journal(s), 1 agreeing"
FOR2008,1114,1114 Paediatrics and Reproductive Medicine,FOR,5002,History and philosophy of specific fields,group,False,derived_empirical,0.003,"derived via ARC ERA journal crosswalk: 325 shared-journal vote(s) over 210 FOR2008-classified journal(s), 1 agreeing"
FOR2008,1114,1114 Paediatrics and Reproductive Medicine,FOR,4407,Policy and administration,group,False,derived_empirical,0.003,"derived via ARC ERA journal crosswalk: 325 shared-journal vote(s) over 210 FOR2008-classified journal(s), 1 agreeing"
FOR2008,1114,1114 Paediatrics and Reproductive Medicine,FOR,4207,Sports science and exercise,group,False,derived_empirical,0.003,"derived via ARC ERA journal crosswalk: 325 shared-journal vote(s) over 210 FOR2008-classified journal(s), 1 agreeing"
FOR2008,1114,1114 Paediatrics and Reproductive Medicine,FOR,3102,Bioinformatics and computational biology,group,False,derived_empirical,0.003,"derived via ARC ERA journal crosswalk: 325 shared-journal vote(s) over 210 FOR2008-classified journal(s), 1 agreeing"
FOR2008,1114,1114 Paediatrics and Reproductive Medicine,FOR,3003,Animal production,group,False,derived_empirical,0.003,"derived via ARC ERA journal crosswalk: 325 shared-journal vote(s) over 210 FOR2008-classified journal(s), 1 agreeing"
FOR2008,1114,1114 Paediatrics and Reproductive Medicine,FOR,3108,Plant biology,group,False,derived_empirical,0.003,"derived via ARC ERA journal crosswalk: 325 shared-journal vote(s) over 210 FOR2008-classified journal(s), 1 agreeing"
FOR2008,1114,1114 Paediatrics and Reproductive Medicine,FOR,4202,Epidemiology,group,False,derived_empirical,0.003,"derived via ARC ERA journal crosswalk: 325 shared-journal vote(s) over 210 FOR2008-classified journal(s), 1 agreeing"
FOR2008,1114,1114 Paediatrics and Reproductive Medicine,FOR,5203,Clinical and health psychology,group,False,derived_empirical,0.006,"derived via ARC ERA journal crosswalk: 325 shared-journal vote(s) over 210 FOR2008-classified journal(s), 2 agreeing"
FOR2008,1114,1114 Paediatrics and Reproductive Medicine,FOR,4201,Allied health and rehabilitation science,group,False,derived_empirical,0.006,"derived via ARC ERA journal crosswalk: 325 shared-journal vote(s) over 210 FOR2008-classified journal(s), 2 agreeing"
FOR2008,1114,1114 Paediatrics and Reproductive Medicine,FOR,3214,Pharmacology and pharmaceutical sciences,group,False,derived_empirical,0.006,"derived via ARC ERA journal crosswalk: 325 shared-journal vote(s) over 210 FOR2008-classified journal(s), 2 agreeing"
FOR2008,1114,1114 Paediatrics and Reproductive Medicine,FOR,4203,Health services and systems,group,False,derived_empirical,0.006,"derived via ARC ERA journal crosswalk: 325 shared-journal vote(s) over 210 FOR2008-classified journal(s), 2 agreeing"
FOR2008,1114,1114 Paediatrics and Reproductive Medicine,FOR,3203,Dentistry,group,False,derived_empirical,0.006,"derived via ARC ERA journal crosswalk: 325 shared-journal vote(s) over 210 FOR2008-classified journal(s), 2 agreeing"
FOR2008,1114,1114 Paediatrics and Reproductive Medicine,FOR,5201,Applied and developmental psychology,group,False,derived_empirical,0.009,"derived via ARC ERA journal crosswalk: 325 shared-journal vote(s) over 210 FOR2008-classified journal(s), 3 agreeing"
FOR2008,1114,1114 Paediatrics and Reproductive Medicine,FOR,3201,Cardiovascular medicine and haematology,group,False,derived_empirical,0.009,"derived via ARC ERA journal crosswalk: 325 shared-journal vote(s) over 210 FOR2008-classified journal(s), 3 agreeing"
FOR2008,1114,1114 Paediatrics and Reproductive Medicine,FOR,3210,Nutrition and dietetics,group,False,derived_empirical,0.012,"derived via ARC ERA journal crosswalk: 325 shared-journal vote(s) over 210 FOR2008-classified journal(s), 4 agreeing"
FOR2008,1114,1114 Paediatrics and Reproductive Medicine,FOR,3204,Immunology,group,False,derived_empirical,0.012,"derived via ARC ERA journal crosswalk: 325 shared-journal vote(s) over 210 FOR2008-classified journal(s), 4 agreeing"
FOR2008,1114,1114 Paediatrics and Reproductive Medicine,FOR,3211,Oncology and carcinogenesis,group,False,derived_empirical,0.012,"derived via ARC ERA journal crosswalk: 325 shared-journal vote(s) over 210 FOR2008-classified journal(s), 4 agreeing"
FOR2008,1114,1114 Paediatrics and Reproductive Medicine,FOR,3105,Genetics,group,False,derived_empirical,0.015,"derived via ARC ERA journal crosswalk: 325 shared-journal vote(s) over 210 FOR2008-classified journal(s), 5 agreeing"
FOR2008,1114,1114 Paediatrics and Reproductive Medicine,FOR,3109,Zoology,group,False,derived_empirical,0.018,"derived via ARC ERA journal crosswalk: 325 shared-journal vote(s) over 210 FOR2008-classified journal(s), 6 agreeing"
FOR2008,1114,1114 Paediatrics and Reproductive Medicine,FOR,4206,Public health,group,False,derived_empirical,0.025,"derived via ARC ERA journal crosswalk: 325 shared-journal vote(s) over 210 FOR2008-classified journal(s), 8 agreeing"
FOR2008,1115,1115 Pharmacology and Pharmaceutical Sciences,FOR,5203,Clinical and health psychology,group,False,derived_empirical,0.004,"derived via ARC ERA journal crosswalk: 468 shared-journal vote(s) over 331 FOR2008-classified journal(s), 2 agreeing"
FOR2008,1115,1115 Pharmacology and Pharmaceutical Sciences,FOR,4105,Pollution and contamination,group,False,derived_empirical,0.004,"derived via ARC ERA journal crosswalk: 468 shared-journal vote(s) over 331 FOR2008-classified journal(s), 2 agreeing"
FOR2008,1115,1115 Pharmacology and Pharmaceutical Sciences,FOR,4202,Epidemiology,group,False,derived_empirical,0.002,"derived via ARC ERA journal crosswalk: 468 shared-journal vote(s) over 331 FOR2008-classified journal(s), 1 agreeing"
FOR2008,1115,1115 Pharmacology and Pharmaceutical Sciences,FOR,3214,Pharmacology and pharmaceutical sciences,group,True,derived_empirical,0.549,"derived via ARC ERA journal crosswalk: 468 shared-journal vote(s) over 331 FOR2008-classified journal(s), 257 agreeing"
FOR2008,1115,1115 Pharmacology and Pharmaceutical Sciences,FOR,3212,Ophthalmology and optometry,group,False,derived_empirical,0.004,"derived via ARC ERA journal crosswalk: 468 shared-journal vote(s) over 331 FOR2008-classified journal(s), 2 agreeing"
FOR2008,1115,1115 Pharmacology and Pharmaceutical Sciences,FOR,4206,Public health,group,False,derived_empirical,0.004,"derived via ARC ERA journal crosswalk: 468 shared-journal vote(s) over 331 FOR2008-classified journal(s), 2 agreeing"
FOR2008,1115,1115 Pharmacology and Pharmaceutical Sciences,FOR,4104,Environmental management,group,False,derived_empirical,0.002,"derived via ARC ERA journal crosswalk: 468 shared-journal vote(s) over 331 FOR2008-classified journal(s), 1 agreeing"
FOR2008,1115,1115 Pharmacology and Pharmaceutical Sciences,FOR,3406,Physical chemistry,group,False,derived_empirical,0.002,"derived via ARC ERA journal crosswalk: 468 shared-journal vote(s) over 331 FOR2008-classified journal(s), 1 agreeing"
FOR2008,1115,1115 Pharmacology and Pharmaceutical Sciences,FOR,4201,Allied health and rehabilitation science,group,False,derived_empirical,0.002,"derived via ARC ERA journal crosswalk: 468 shared-journal vote(s) over 331 FOR2008-classified journal(s), 1 agreeing"
FOR2008,1115,1115 Pharmacology and Pharmaceutical Sciences,FOR,3202,Clinical sciences,group,False,derived_empirical,0.081,"derived via ARC ERA journal crosswalk: 468 shared-journal vote(s) over 331 FOR2008-classified journal(s), 38 agreeing"
FOR2008,1115,1115 Pharmacology and Pharmaceutical Sciences,FOR,3213,Paediatrics,group,False,derived_empirical,0.002,"derived via ARC ERA journal crosswalk: 468 shared-journal vote(s) over 331 FOR2008-classified journal(s), 1 agreeing"
FOR2008,1115,1115 Pharmacology and Pharmaceutical Sciences,FOR,3215,Reproductive medicine,group,False,derived_empirical,0.002,"derived via ARC ERA journal crosswalk: 468 shared-journal vote(s) over 331 FOR2008-classified journal(s), 1 agreeing"
FOR2008,1115,1115 Pharmacology and Pharmaceutical Sciences,FOR,3205,Medical biochemistry and metabolomics,group,False,derived_empirical,0.002,"derived via ARC ERA journal crosswalk: 468 shared-journal vote(s) over 331 FOR2008-classified journal(s), 1 agreeing"
FOR2008,1115,1115 Pharmacology and Pharmaceutical Sciences,FOR,3801,Applied economics,group,False,derived_empirical,0.002,"derived via ARC ERA journal crosswalk: 468 shared-journal vote(s) over 331 FOR2008-classified journal(s), 1 agreeing"
FOR2008,1115,1115 Pharmacology and Pharmaceutical Sciences,FOR,3105,Genetics,group,False,derived_empirical,0.002,"derived via ARC ERA journal crosswalk: 468 shared-journal vote(s) over 331 FOR2008-classified journal(s), 1 agreeing"
FOR2008,1115,1115 Pharmacology and Pharmaceutical Sciences,FOR,3901,Curriculum and pedagogy,group,False,derived_empirical,0.002,"derived via ARC ERA journal crosswalk: 468 shared-journal vote(s) over 331 FOR2008-classified journal(s), 1 agreeing"
FOR2008,1115,1115 Pharmacology and Pharmaceutical Sciences,FOR,3903,Education systems,group,False,derived_empirical,0.002,"derived via ARC ERA journal crosswalk: 468 shared-journal vote(s) over 331 FOR2008-classified journal(s), 1 agreeing"
FOR2008,1115,1115 Pharmacology and Pharmaceutical Sciences,FOR,3108,Plant biology,group,False,derived_empirical,0.002,"derived via ARC ERA journal crosswalk: 468 shared-journal vote(s) over 331 FOR2008-classified journal(s), 1 agreeing"
FOR2008,1115,1115 Pharmacology and Pharmaceutical Sciences,FOR,3404,Medicinal and biomolecular chemistry,group,False,derived_empirical,0.047,"derived via ARC ERA journal crosswalk: 468 shared-journal vote(s) over 331 FOR2008-classified journal(s), 22 agreeing"
FOR2008,1115,1115 Pharmacology and Pharmaceutical Sciences,FOR,4018,Nanotechnology,group,False,derived_empirical,0.002,"derived via ARC ERA journal crosswalk: 468 shared-journal vote(s) over 331 FOR2008-classified journal(s), 1 agreeing"
FOR2008,1115,1115 Pharmacology and Pharmaceutical Sciences,FOR,3101,Biochemistry and cell biology,group,False,derived_empirical,0.043,"derived via ARC ERA journal crosswalk: 468 shared-journal vote(s) over 331 FOR2008-classified journal(s), 20 agreeing"
FOR2008,1115,1115 Pharmacology and Pharmaceutical Sciences,FOR,4905,Statistics,group,False,derived_empirical,0.004,"derived via ARC ERA journal crosswalk: 468 shared-journal vote(s) over 331 FOR2008-classified journal(s), 2 agreeing"
FOR2008,1115,1115 Pharmacology and Pharmaceutical Sciences,FOR,3208,Medical physiology,group,False,derived_empirical,0.006,"derived via ARC ERA journal crosswalk: 468 shared-journal vote(s) over 331 FOR2008-classified journal(s), 3 agreeing"
FOR2008,1115,1115 Pharmacology and Pharmaceutical Sciences,FOR,4003,Biomedical engineering,group,False,derived_empirical,0.006,"derived via ARC ERA journal crosswalk: 468 shared-journal vote(s) over 331 FOR2008-classified journal(s), 3 agreeing"
FOR2008,1115,1115 Pharmacology and Pharmaceutical Sciences,FOR,3209,Neurosciences,group,False,derived_empirical,0.045,"derived via ARC ERA journal crosswalk: 468 shared-journal vote(s) over 331 FOR2008-classified journal(s), 21 agreeing"
FOR2008,1115,1115 Pharmacology and Pharmaceutical Sciences,FOR,3207,Medical microbiology,group,False,derived_empirical,0.009,"derived via ARC ERA journal crosswalk: 468 shared-journal vote(s) over 331 FOR2008-classified journal(s), 4 agreeing"
FOR2008,1115,1115 Pharmacology and Pharmaceutical Sciences,FOR,4203,Health services and systems,group,False,derived_empirical,0.011,"derived via ARC ERA journal crosswalk: 468 shared-journal vote(s) over 331 FOR2008-classified journal(s), 5 agreeing"
FOR2008,1115,1115 Pharmacology and Pharmaceutical Sciences,FOR,3201,Cardiovascular medicine and haematology,group,False,derived_empirical,0.013,"derived via ARC ERA journal crosswalk: 468 shared-journal vote(s) over 331 FOR2008-classified journal(s), 6 agreeing"
FOR2008,1115,1115 Pharmacology and Pharmaceutical Sciences,FOR,3206,Medical biotechnology,group,False,derived_empirical,0.006,"derived via ARC ERA journal crosswalk: 468 shared-journal vote(s) over 331 FOR2008-classified journal(s), 3 agreeing"
FOR2008,1115,1115 Pharmacology and Pharmaceutical Sciences,FOR,3401,Analytical chemistry,group,False,derived_empirical,0.015,"derived via ARC ERA journal crosswalk: 468 shared-journal vote(s) over 331 FOR2008-classified journal(s), 7 agreeing"
FOR2008,1115,1115 Pharmacology and Pharmaceutical Sciences,FOR,3405,Organic chemistry,group,False,derived_empirical,0.017,"derived via ARC ERA journal crosswalk: 468 shared-journal vote(s) over 331 FOR2008-classified journal(s), 8 agreeing"
FOR2008,1115,1115 Pharmacology and Pharmaceutical Sciences,FOR,3204,Immunology,group,False,derived_empirical,0.017,"derived via ARC ERA journal crosswalk: 468 shared-journal vote(s) over 331 FOR2008-classified journal(s), 8 agreeing"
FOR2008,1115,1115 Pharmacology and Pharmaceutical Sciences,FOR,5202,Biological psychology,group,False,derived_empirical,0.021,"derived via ARC ERA journal crosswalk: 468 shared-journal vote(s) over 331 FOR2008-classified journal(s), 10 agreeing"
FOR2008,1115,1115 Pharmacology and Pharmaceutical Sciences,FOR,4208,"Traditional, complementary and integrative medicine",group,False,derived_empirical,0.021,"derived via ARC ERA journal crosswalk: 468 shared-journal vote(s) over 331 FOR2008-classified journal(s), 10 agreeing"
FOR2008,1115,1115 Pharmacology and Pharmaceutical Sciences,FOR,3211,Oncology and carcinogenesis,group,False,derived_empirical,0.03,"derived via ARC ERA journal crosswalk: 468 shared-journal vote(s) over 331 FOR2008-classified journal(s), 14 agreeing"
FOR2008,1115,1115 Pharmacology and Pharmaceutical Sciences,FOR,3107,Microbiology,group,False,derived_empirical,0.013,"derived via ARC ERA journal crosswalk: 468 shared-journal vote(s) over 331 FOR2008-classified journal(s), 6 agreeing"
FOR2008,1116,1116 Medical Physiology,FOR,3210,Nutrition and dietetics,group,False,derived_empirical,0.011,"derived via ARC ERA journal crosswalk: 184 shared-journal vote(s) over 119 FOR2008-classified journal(s), 2 agreeing"
FOR2008,1116,1116 Medical Physiology,FOR,5201,Applied and developmental psychology,group,False,derived_empirical,0.011,"derived via ARC ERA journal crosswalk: 184 shared-journal vote(s) over 119 FOR2008-classified journal(s), 2 agreeing"
FOR2008,1116,1116 Medical Physiology,FOR,3003,Animal production,group,False,derived_empirical,0.011,"derived via ARC ERA journal crosswalk: 184 shared-journal vote(s) over 119 FOR2008-classified journal(s), 2 agreeing"
FOR2008,1116,1116 Medical Physiology,FOR,3211,Oncology and carcinogenesis,group,False,derived_empirical,0.005,"derived via ARC ERA journal crosswalk: 184 shared-journal vote(s) over 119 FOR2008-classified journal(s), 1 agreeing"
FOR2008,1116,1116 Medical Physiology,FOR,5105,Medical and biological physics,group,False,derived_empirical,0.005,"derived via ARC ERA journal crosswalk: 184 shared-journal vote(s) over 119 FOR2008-classified journal(s), 1 agreeing"
FOR2008,1116,1116 Medical Physiology,FOR,3199,Other biological sciences,group,False,derived_empirical,0.005,"derived via ARC ERA journal crosswalk: 184 shared-journal vote(s) over 119 FOR2008-classified journal(s), 1 agreeing"
FOR2008,1116,1116 Medical Physiology,FOR,5203,Clinical and health psychology,group,False,derived_empirical,0.005,"derived via ARC ERA journal crosswalk: 184 shared-journal vote(s) over 119 FOR2008-classified journal(s), 1 agreeing"
FOR2008,1116,1116 Medical Physiology,FOR,3105,Genetics,group,False,derived_empirical,0.005,"derived via ARC ERA journal crosswalk: 184 shared-journal vote(s) over 119 FOR2008-classified journal(s), 1 agreeing"
FOR2008,1116,1116 Medical Physiology,FOR,4003,Biomedical engineering,group,False,derived_empirical,0.011,"derived via ARC ERA journal crosswalk: 184 shared-journal vote(s) over 119 FOR2008-classified journal(s), 2 agreeing"
FOR2008,1116,1116 Medical Physiology,FOR,4206,Public health,group,False,derived_empirical,0.005,"derived via ARC ERA journal crosswalk: 184 shared-journal vote(s) over 119 FOR2008-classified journal(s), 1 agreeing"
FOR2008,1116,1116 Medical Physiology,FOR,4611,Machine learning,group,False,derived_empirical,0.005,"derived via ARC ERA journal crosswalk: 184 shared-journal vote(s) over 119 FOR2008-classified journal(s), 1 agreeing"
FOR2008,1116,1116 Medical Physiology,FOR,3207,Medical microbiology,group,False,derived_empirical,0.016,"derived via ARC ERA journal crosswalk: 184 shared-journal vote(s) over 119 FOR2008-classified journal(s), 3 agreeing"
FOR2008,1116,1116 Medical Physiology,FOR,3505,Human resources and industrial relations,group,False,derived_empirical,0.005,"derived via ARC ERA journal crosswalk: 184 shared-journal vote(s) over 119 FOR2008-classified journal(s), 1 agreeing"
FOR2008,1116,1116 Medical Physiology,FOR,3102,Bioinformatics and computational biology,group,False,derived_empirical,0.022,"derived via ARC ERA journal crosswalk: 184 shared-journal vote(s) over 119 FOR2008-classified journal(s), 4 agreeing"
FOR2008,1116,1116 Medical Physiology,FOR,5202,Biological psychology,group,False,derived_empirical,0.027,"derived via ARC ERA journal crosswalk: 184 shared-journal vote(s) over 119 FOR2008-classified journal(s), 5 agreeing"
FOR2008,1116,1116 Medical Physiology,FOR,4201,Allied health and rehabilitation science,group,False,derived_empirical,0.027,"derived via ARC ERA journal crosswalk: 184 shared-journal vote(s) over 119 FOR2008-classified journal(s), 5 agreeing"
FOR2008,1116,1116 Medical Physiology,FOR,3214,Pharmacology and pharmaceutical sciences,group,False,derived_empirical,0.033,"derived via ARC ERA journal crosswalk: 184 shared-journal vote(s) over 119 FOR2008-classified journal(s), 6 agreeing"
FOR2008,1116,1116 Medical Physiology,FOR,4207,Sports science and exercise,group,False,derived_empirical,0.049,"derived via ARC ERA journal crosswalk: 184 shared-journal vote(s) over 119 FOR2008-classified journal(s), 9 agreeing"
FOR2008,1116,1116 Medical Physiology,FOR,3109,Zoology,group,False,derived_empirical,0.054,"derived via ARC ERA journal crosswalk: 184 shared-journal vote(s) over 119 FOR2008-classified journal(s), 10 agreeing"
FOR2008,1116,1116 Medical Physiology,FOR,3201,Cardiovascular medicine and haematology,group,False,derived_empirical,0.06,"derived via ARC ERA journal crosswalk: 184 shared-journal vote(s) over 119 FOR2008-classified journal(s), 11 agreeing"
FOR2008,1116,1116 Medical Physiology,FOR,3209,Neurosciences,group,False,derived_empirical,0.06,"derived via ARC ERA journal crosswalk: 184 shared-journal vote(s) over 119 FOR2008-classified journal(s), 11 agreeing"
FOR2008,1116,1116 Medical Physiology,FOR,3101,Biochemistry and cell biology,group,False,derived_empirical,0.109,"derived via ARC ERA journal crosswalk: 184 shared-journal vote(s) over 119 FOR2008-classified journal(s), 20 agreeing"
FOR2008,1116,1116 Medical Physiology,FOR,3202,Clinical sciences,group,False,derived_empirical,0.163,"derived via ARC ERA journal crosswalk: 184 shared-journal vote(s) over 119 FOR2008-classified journal(s), 30 agreeing"
FOR2008,1116,1116 Medical Physiology,FOR,3208,Medical physiology,group,True,derived_empirical,0.261,"derived via ARC ERA journal crosswalk: 184 shared-journal vote(s) over 119 FOR2008-classified journal(s), 48 agreeing"
FOR2008,1116,1116 Medical Physiology,FOR,5205,Social and personality psychology,group,False,derived_empirical,0.005,"derived via ARC ERA journal crosswalk: 184 shared-journal vote(s) over 119 FOR2008-classified journal(s), 1 agreeing"
FOR2008,1116,1116 Medical Physiology,FOR,3205,Medical biochemistry and metabolomics,group,False,derived_empirical,0.022,"derived via ARC ERA journal crosswalk: 184 shared-journal vote(s) over 119 FOR2008-classified journal(s), 4 agreeing"
FOR2008,1116,1116 Medical Physiology,FOR,3006,Food sciences,group,False,derived_empirical,0.005,"derived via ARC ERA journal crosswalk: 184 shared-journal vote(s) over 119 FOR2008-classified journal(s), 1 agreeing"
FOR2008,1117,1117 Public Health and Health Services,FOR,4409,Social work,group,False,derived_empirical,0.004,"derived via ARC ERA journal crosswalk: 1021 shared-journal vote(s) over 560 FOR2008-classified journal(s), 4 agreeing"
FOR2008,1117,1117 Public Health and Health Services,FOR,4206,Public health,group,True,derived_empirical,0.214,"derived via ARC ERA journal crosswalk: 1021 shared-journal vote(s) over 560 FOR2008-classified journal(s), 218 agreeing"
FOR2008,1117,1117 Public Health and Health Services,FOR,3101,Biochemistry and cell biology,group,False,derived_empirical,0.001,"derived via ARC ERA journal crosswalk: 1021 shared-journal vote(s) over 560 FOR2008-classified journal(s), 1 agreeing"
FOR2008,1117,1117 Public Health and Health Services,FOR,4105,Pollution and contamination,group,False,derived_empirical,0.001,"derived via ARC ERA journal crosswalk: 1021 shared-journal vote(s) over 560 FOR2008-classified journal(s), 1 agreeing"
FOR2008,1117,1117 Public Health and Health Services,FOR,4406,Human geography,group,False,derived_empirical,0.001,"derived via ARC ERA journal crosswalk: 1021 shared-journal vote(s) over 560 FOR2008-classified journal(s), 1 agreeing"
FOR2008,1117,1117 Public Health and Health Services,FOR,3901,Curriculum and pedagogy,group,False,derived_empirical,0.006,"derived via ARC ERA journal crosswalk: 1021 shared-journal vote(s) over 560 FOR2008-classified journal(s), 6 agreeing"
FOR2008,1117,1117 Public Health and Health Services,FOR,3206,Medical biotechnology,group,False,derived_empirical,0.001,"derived via ARC ERA journal crosswalk: 1021 shared-journal vote(s) over 560 FOR2008-classified journal(s), 1 agreeing"
FOR2008,1117,1117 Public Health and Health Services,FOR,3899,Other economics,group,False,derived_empirical,0.001,"derived via ARC ERA journal crosswalk: 1021 shared-journal vote(s) over 560 FOR2008-classified journal(s), 1 agreeing"
FOR2008,1117,1117 Public Health and Health Services,FOR,3502,"Banking, finance and investment",group,False,derived_empirical,0.001,"derived via ARC ERA journal crosswalk: 1021 shared-journal vote(s) over 560 FOR2008-classified journal(s), 1 agreeing"
FOR2008,1117,1117 Public Health and Health Services,FOR,4403,Demography,group,False,derived_empirical,0.001,"derived via ARC ERA journal crosswalk: 1021 shared-journal vote(s) over 560 FOR2008-classified journal(s), 1 agreeing"
FOR2008,1117,1117 Public Health and Health Services,FOR,4608,Human-centred computing,group,False,derived_empirical,0.001,"derived via ARC ERA journal crosswalk: 1021 shared-journal vote(s) over 560 FOR2008-classified journal(s), 1 agreeing"
FOR2008,1117,1117 Public Health and Health Services,FOR,3208,Medical physiology,group,False,derived_empirical,0.001,"derived via ARC ERA journal crosswalk: 1021 shared-journal vote(s) over 560 FOR2008-classified journal(s), 1 agreeing"
FOR2008,1117,1117 Public Health and Health Services,FOR,3902,"Education policy, sociology and philosophy",group,False,derived_empirical,0.001,"derived via ARC ERA journal crosswalk: 1021 shared-journal vote(s) over 560 FOR2008-classified journal(s), 1 agreeing"
FOR2008,1117,1117 Public Health and Health Services,FOR,3701,Atmospheric sciences,group,False,derived_empirical,0.002,"derived via ARC ERA journal crosswalk: 1021 shared-journal vote(s) over 560 FOR2008-classified journal(s), 2 agreeing"
FOR2008,1117,1117 Public Health and Health Services,FOR,4701,Communication and media studies,group,False,derived_empirical,0.002,"derived via ARC ERA journal crosswalk: 1021 shared-journal vote(s) over 560 FOR2008-classified journal(s), 2 agreeing"
FOR2008,1117,1117 Public Health and Health Services,FOR,3006,Food sciences,group,False,derived_empirical,0.002,"derived via ARC ERA journal crosswalk: 1021 shared-journal vote(s) over 560 FOR2008-classified journal(s), 2 agreeing"
FOR2008,1117,1117 Public Health and Health Services,FOR,5204,Cognitive and computational psychology,group,False,derived_empirical,0.002,"derived via ARC ERA journal crosswalk: 1021 shared-journal vote(s) over 560 FOR2008-classified journal(s), 2 agreeing"
FOR2008,1117,1117 Public Health and Health Services,FOR,3107,Microbiology,group,False,derived_empirical,0.002,"derived via ARC ERA journal crosswalk: 1021 shared-journal vote(s) over 560 FOR2008-classified journal(s), 2 agreeing"
FOR2008,1117,1117 Public Health and Health Services,FOR,4402,Criminology,group,False,derived_empirical,0.003,"derived via ARC ERA journal crosswalk: 1021 shared-journal vote(s) over 560 FOR2008-classified journal(s), 3 agreeing"
FOR2008,1117,1117 Public Health and Health Services,FOR,3903,Education systems,group,False,derived_empirical,0.003,"derived via ARC ERA journal crosswalk: 1021 shared-journal vote(s) over 560 FOR2008-classified journal(s), 3 agreeing"
FOR2008,1117,1117 Public Health and Health Services,FOR,3509,"Transportation, logistics and supply chains",group,False,derived_empirical,0.003,"derived via ARC ERA journal crosswalk: 1021 shared-journal vote(s) over 560 FOR2008-classified journal(s), 3 agreeing"
FOR2008,1117,1117 Public Health and Health Services,FOR,4104,Environmental management,group,False,derived_empirical,0.003,"derived via ARC ERA journal crosswalk: 1021 shared-journal vote(s) over 560 FOR2008-classified journal(s), 3 agreeing"
FOR2008,1117,1117 Public Health and Health Services,FOR,4011,Environmental engineering,group,False,derived_empirical,0.003,"derived via ARC ERA journal crosswalk: 1021 shared-journal vote(s) over 560 FOR2008-classified journal(s), 3 agreeing"
FOR2008,1117,1117 Public Health and Health Services,FOR,3009,Veterinary sciences,group,False,derived_empirical,0.003,"derived via ARC ERA journal crosswalk: 1021 shared-journal vote(s) over 560 FOR2008-classified journal(s), 3 agreeing"
FOR2008,1117,1117 Public Health and Health Services,FOR,4408,Political science,group,False,derived_empirical,0.003,"derived via ARC ERA journal crosswalk: 1021 shared-journal vote(s) over 560 FOR2008-classified journal(s), 3 agreeing"
FOR2008,1117,1117 Public Health and Health Services,FOR,3507,"Strategy, management and organisational behaviour",group,False,derived_empirical,0.003,"derived via ARC ERA journal crosswalk: 1021 shared-journal vote(s) over 560 FOR2008-classified journal(s), 3 agreeing"
FOR2008,1117,1117 Public Health and Health Services,FOR,3212,Ophthalmology and optometry,group,False,derived_empirical,0.005,"derived via ARC ERA journal crosswalk: 1021 shared-journal vote(s) over 560 FOR2008-classified journal(s), 5 agreeing"
FOR2008,1117,1117 Public Health and Health Services,FOR,3904,Specialist studies in education,group,False,derived_empirical,0.006,"derived via ARC ERA journal crosswalk: 1021 shared-journal vote(s) over 560 FOR2008-classified journal(s), 6 agreeing"
FOR2008,1117,1117 Public Health and Health Services,FOR,3203,Dentistry,group,False,derived_empirical,0.005,"derived via ARC ERA journal crosswalk: 1021 shared-journal vote(s) over 560 FOR2008-classified journal(s), 5 agreeing"
FOR2008,1117,1117 Public Health and Health Services,FOR,4401,Anthropology,group,False,derived_empirical,0.006,"derived via ARC ERA journal crosswalk: 1021 shared-journal vote(s) over 560 FOR2008-classified journal(s), 6 agreeing"
FOR2008,1117,1117 Public Health and Health Services,FOR,4404,Development studies,group,False,derived_empirical,0.006,"derived via ARC ERA journal crosswalk: 1021 shared-journal vote(s) over 560 FOR2008-classified journal(s), 6 agreeing"
FOR2008,1117,1117 Public Health and Health Services,FOR,3202,Clinical sciences,group,False,derived_empirical,0.127,"derived via ARC ERA journal crosswalk: 1021 shared-journal vote(s) over 560 FOR2008-classified journal(s), 130 agreeing"
FOR2008,1117,1117 Public Health and Health Services,FOR,4203,Health services and systems,group,False,derived_empirical,0.12,"derived via ARC ERA journal crosswalk: 1021 shared-journal vote(s) over 560 FOR2008-classified journal(s), 123 agreeing"
FOR2008,1117,1117 Public Health and Health Services,FOR,4202,Epidemiology,group,False,derived_empirical,0.089,"derived via ARC ERA journal crosswalk: 1021 shared-journal vote(s) over 560 FOR2008-classified journal(s), 91 agreeing"
FOR2008,1117,1117 Public Health and Health Services,FOR,5203,Clinical and health psychology,group,False,derived_empirical,0.045,"derived via ARC ERA journal crosswalk: 1021 shared-journal vote(s) over 560 FOR2008-classified journal(s), 46 agreeing"
FOR2008,1117,1117 Public Health and Health Services,FOR,4205,Nursing,group,False,derived_empirical,0.028,"derived via ARC ERA journal crosswalk: 1021 shared-journal vote(s) over 560 FOR2008-classified journal(s), 29 agreeing"
FOR2008,1117,1117 Public Health and Health Services,FOR,4407,Policy and administration,group,False,derived_empirical,0.026,"derived via ARC ERA journal crosswalk: 1021 shared-journal vote(s) over 560 FOR2008-classified journal(s), 27 agreeing"
FOR2008,1117,1117 Public Health and Health Services,FOR,5201,Applied and developmental psychology,group,False,derived_empirical,0.025,"derived via ARC ERA journal crosswalk: 1021 shared-journal vote(s) over 560 FOR2008-classified journal(s), 26 agreeing"
FOR2008,1117,1117 Public Health and Health Services,FOR,3211,Oncology and carcinogenesis,group,False,derived_empirical,0.02,"derived via ARC ERA journal crosswalk: 1021 shared-journal vote(s) over 560 FOR2008-classified journal(s), 20 agreeing"
FOR2008,1117,1117 Public Health and Health Services,FOR,4410,Sociology,group,False,derived_empirical,0.016,"derived via ARC ERA journal crosswalk: 1021 shared-journal vote(s) over 560 FOR2008-classified journal(s), 16 agreeing"
FOR2008,1117,1117 Public Health and Health Services,FOR,3201,Cardiovascular medicine and haematology,group,False,derived_empirical,0.015,"derived via ARC ERA journal crosswalk: 1021 shared-journal vote(s) over 560 FOR2008-classified journal(s), 15 agreeing"
FOR2008,1117,1117 Public Health and Health Services,FOR,3505,Human resources and industrial relations,group,False,derived_empirical,0.015,"derived via ARC ERA journal crosswalk: 1021 shared-journal vote(s) over 560 FOR2008-classified journal(s), 15 agreeing"
FOR2008,1117,1117 Public Health and Health Services,FOR,5205,Social and personality psychology,group,False,derived_empirical,0.015,"derived via ARC ERA journal crosswalk: 1021 shared-journal vote(s) over 560 FOR2008-classified journal(s), 15 agreeing"
FOR2008,1117,1117 Public Health and Health Services,FOR,3213,Paediatrics,group,False,derived_empirical,0.015,"derived via ARC ERA journal crosswalk: 1021 shared-journal vote(s) over 560 FOR2008-classified journal(s), 15 agreeing"
FOR2008,1117,1117 Public Health and Health Services,FOR,5202,Biological psychology,group,False,derived_empirical,0.014,"derived via ARC ERA journal crosswalk: 1021 shared-journal vote(s) over 560 FOR2008-classified journal(s), 14 agreeing"
FOR2008,1117,1117 Public Health and Health Services,FOR,4201,Allied health and rehabilitation science,group,False,derived_empirical,0.013,"derived via ARC ERA journal crosswalk: 1021 shared-journal vote(s) over 560 FOR2008-classified journal(s), 13 agreeing"
FOR2008,1117,1117 Public Health and Health Services,FOR,3215,Reproductive medicine,group,False,derived_empirical,0.012,"derived via ARC ERA journal crosswalk: 1021 shared-journal vote(s) over 560 FOR2008-classified journal(s), 12 agreeing"
FOR2008,1117,1117 Public Health and Health Services,FOR,4204,Midwifery,group,False,derived_empirical,0.012,"derived via ARC ERA journal crosswalk: 1021 shared-journal vote(s) over 560 FOR2008-classified journal(s), 12 agreeing"
FOR2008,1117,1117 Public Health and Health Services,FOR,3801,Applied economics,group,False,derived_empirical,0.011,"derived via ARC ERA journal crosswalk: 1021 shared-journal vote(s) over 560 FOR2008-classified journal(s), 11 agreeing"
FOR2008,1117,1117 Public Health and Health Services,FOR,3204,Immunology,group,False,derived_empirical,0.011,"derived via ARC ERA journal crosswalk: 1021 shared-journal vote(s) over 560 FOR2008-classified journal(s), 11 agreeing"
FOR2008,1117,1117 Public Health and Health Services,FOR,3207,Medical microbiology,group,False,derived_empirical,0.009,"derived via ARC ERA journal crosswalk: 1021 shared-journal vote(s) over 560 FOR2008-classified journal(s), 9 agreeing"
FOR2008,1117,1117 Public Health and Health Services,FOR,3214,Pharmacology and pharmaceutical sciences,group,False,derived_empirical,0.009,"derived via ARC ERA journal crosswalk: 1021 shared-journal vote(s) over 560 FOR2008-classified journal(s), 9 agreeing"
FOR2008,1117,1117 Public Health and Health Services,FOR,4405,Gender studies,group,False,derived_empirical,0.009,"derived via ARC ERA journal crosswalk: 1021 shared-journal vote(s) over 560 FOR2008-classified journal(s), 9 agreeing"
FOR2008,1117,1117 Public Health and Health Services,FOR,4207,Sports science and exercise,group,False,derived_empirical,0.009,"derived via ARC ERA journal crosswalk: 1021 shared-journal vote(s) over 560 FOR2008-classified journal(s), 9 agreeing"
FOR2008,1117,1117 Public Health and Health Services,FOR,3209,Neurosciences,group,False,derived_empirical,0.008,"derived via ARC ERA journal crosswalk: 1021 shared-journal vote(s) over 560 FOR2008-classified journal(s), 8 agreeing"
FOR2008,1117,1117 Public Health and Health Services,FOR,3210,Nutrition and dietetics,group,False,derived_empirical,0.007,"derived via ARC ERA journal crosswalk: 1021 shared-journal vote(s) over 560 FOR2008-classified journal(s), 7 agreeing"
FOR2008,1117,1117 Public Health and Health Services,FOR,4905,Statistics,group,False,derived_empirical,0.006,"derived via ARC ERA journal crosswalk: 1021 shared-journal vote(s) over 560 FOR2008-classified journal(s), 6 agreeing"
FOR2008,1117,1117 Public Health and Health Services,FOR,5001,Applied ethics,group,False,derived_empirical,0.004,"derived via ARC ERA journal crosswalk: 1021 shared-journal vote(s) over 560 FOR2008-classified journal(s), 4 agreeing"
FOR2008,1117,1117 Public Health and Health Services,FOR,3103,Ecology,group,False,derived_empirical,0.001,"derived via ARC ERA journal crosswalk: 1021 shared-journal vote(s) over 560 FOR2008-classified journal(s), 1 agreeing"
FOR2008,1117,1117 Public Health and Health Services,FOR,4003,Biomedical engineering,group,False,derived_empirical,0.001,"derived via ARC ERA journal crosswalk: 1021 shared-journal vote(s) over 560 FOR2008-classified journal(s), 1 agreeing"
FOR2008,1117,1117 Public Health and Health Services,FOR,4005,Civil engineering,group,False,derived_empirical,0.001,"derived via ARC ERA journal crosswalk: 1021 shared-journal vote(s) over 560 FOR2008-classified journal(s), 1 agreeing"
FOR2008,1117,1117 Public Health and Health Services,FOR,4702,Cultural studies,group,False,derived_empirical,0.001,"derived via ARC ERA journal crosswalk: 1021 shared-journal vote(s) over 560 FOR2008-classified journal(s), 1 agreeing"
FOR2008,1117,1117 Public Health and Health Services,FOR,3702,Climate change science,group,False,derived_empirical,0.001,"derived via ARC ERA journal crosswalk: 1021 shared-journal vote(s) over 560 FOR2008-classified journal(s), 1 agreeing"
FOR2008,1117,1117 Public Health and Health Services,FOR,4609,Information systems,group,False,derived_empirical,0.001,"derived via ARC ERA journal crosswalk: 1021 shared-journal vote(s) over 560 FOR2008-classified journal(s), 1 agreeing"
FOR2008,1117,1117 Public Health and Health Services,FOR,4601,Applied computing,group,False,derived_empirical,0.001,"derived via ARC ERA journal crosswalk: 1021 shared-journal vote(s) over 560 FOR2008-classified journal(s), 1 agreeing"
FOR2008,1117,1117 Public Health and Health Services,FOR,3105,Genetics,group,False,derived_empirical,0.001,"derived via ARC ERA journal crosswalk: 1021 shared-journal vote(s) over 560 FOR2008-classified journal(s), 1 agreeing"
FOR2008,1117,1117 Public Health and Health Services,FOR,3404,Medicinal and biomolecular chemistry,group,False,derived_empirical,0.001,"derived via ARC ERA journal crosswalk: 1021 shared-journal vote(s) over 560 FOR2008-classified journal(s), 1 agreeing"
FOR2008,1117,1117 Public Health and Health Services,FOR,4499,Other human society,group,False,derived_empirical,0.001,"derived via ARC ERA journal crosswalk: 1021 shared-journal vote(s) over 560 FOR2008-classified journal(s), 1 agreeing"
FOR2008,1117,1117 Public Health and Health Services,FOR,4004,Chemical engineering,group,False,derived_empirical,0.001,"derived via ARC ERA journal crosswalk: 1021 shared-journal vote(s) over 560 FOR2008-classified journal(s), 1 agreeing"
FOR2008,1117,1117 Public Health and Health Services,FOR,3205,Medical biochemistry and metabolomics,group,False,derived_empirical,0.001,"derived via ARC ERA journal crosswalk: 1021 shared-journal vote(s) over 560 FOR2008-classified journal(s), 1 agreeing"
FOR2008,1117,1117 Public Health and Health Services,FOR,4208,"Traditional, complementary and integrative medicine",group,False,derived_empirical,0.001,"derived via ARC ERA journal crosswalk: 1021 shared-journal vote(s) over 560 FOR2008-classified journal(s), 1 agreeing"
FOR2008,1117,1117 Public Health and Health Services,FOR,5106,Nuclear and plasma physics,group,False,derived_empirical,0.001,"derived via ARC ERA journal crosswalk: 1021 shared-journal vote(s) over 560 FOR2008-classified journal(s), 1 agreeing"
FOR2008,1117,1117 Public Health and Health Services,FOR,4804,Law in context,group,False,derived_empirical,0.001,"derived via ARC ERA journal crosswalk: 1021 shared-journal vote(s) over 560 FOR2008-classified journal(s), 1 agreeing"
FOR2008,1117,1117 Public Health and Health Services,FOR,4605,Data management and data science,group,False,derived_empirical,0.001,"derived via ARC ERA journal crosswalk: 1021 shared-journal vote(s) over 560 FOR2008-classified journal(s), 1 agreeing"
FOR2008,1117,1117 Public Health and Health Services,FOR,3109,Zoology,group,False,derived_empirical,0.001,"derived via ARC ERA journal crosswalk: 1021 shared-journal vote(s) over 560 FOR2008-classified journal(s), 1 agreeing"
FOR2008,1117,1117 Public Health and Health Services,FOR,4013,Geomatic engineering,group,False,derived_empirical,0.001,"derived via ARC ERA journal crosswalk: 1021 shared-journal vote(s) over 560 FOR2008-classified journal(s), 1 agreeing"
FOR2008,1117,1117 Public Health and Health Services,FOR,3304,Urban and regional planning,group,False,derived_empirical,0.001,"derived via ARC ERA journal crosswalk: 1021 shared-journal vote(s) over 560 FOR2008-classified journal(s), 1 agreeing"
FOR2008,1199,1199 Other Medical and Health Sciences,FOR,4701,Communication and media studies,group,False,derived_empirical,0.015,"derived via ARC ERA journal crosswalk: 66 shared-journal vote(s) over 47 FOR2008-classified journal(s), 1 agreeing"
FOR2008,1199,1199 Other Medical and Health Sciences,FOR,3105,Genetics,group,False,derived_empirical,0.03,"derived via ARC ERA journal crosswalk: 66 shared-journal vote(s) over 47 FOR2008-classified journal(s), 2 agreeing"
FOR2008,1199,1199 Other Medical and Health Sciences,FOR,5001,Applied ethics,group,False,derived_empirical,0.03,"derived via ARC ERA journal crosswalk: 66 shared-journal vote(s) over 47 FOR2008-classified journal(s), 2 agreeing"
FOR2008,1199,1199 Other Medical and Health Sciences,FOR,3212,Ophthalmology and optometry,group,False,derived_empirical,0.03,"derived via ARC ERA journal crosswalk: 66 shared-journal vote(s) over 47 FOR2008-classified journal(s), 2 agreeing"
FOR2008,1199,1199 Other Medical and Health Sciences,FOR,3214,Pharmacology and pharmaceutical sciences,group,False,derived_empirical,0.03,"derived via ARC ERA journal crosswalk: 66 shared-journal vote(s) over 47 FOR2008-classified journal(s), 2 agreeing"
FOR2008,1199,1199 Other Medical and Health Sciences,FOR,4410,Sociology,group,False,derived_empirical,0.015,"derived via ARC ERA journal crosswalk: 66 shared-journal vote(s) over 47 FOR2008-classified journal(s), 1 agreeing"
FOR2008,1199,1199 Other Medical and Health Sciences,FOR,5205,Social and personality psychology,group,False,derived_empirical,0.015,"derived via ARC ERA journal crosswalk: 66 shared-journal vote(s) over 47 FOR2008-classified journal(s), 1 agreeing"
FOR2008,1199,1199 Other Medical and Health Sciences,FOR,3213,Paediatrics,group,False,derived_empirical,0.015,"derived via ARC ERA journal crosswalk: 66 shared-journal vote(s) over 47 FOR2008-classified journal(s), 1 agreeing"
FOR2008,1199,1199 Other Medical and Health Sciences,FOR,4408,Political science,group,False,derived_empirical,0.015,"derived via ARC ERA journal crosswalk: 66 shared-journal vote(s) over 47 FOR2008-classified journal(s), 1 agreeing"
FOR2008,1199,1199 Other Medical and Health Sciences,FOR,3203,Dentistry,group,False,derived_empirical,0.015,"derived via ARC ERA journal crosswalk: 66 shared-journal vote(s) over 47 FOR2008-classified journal(s), 1 agreeing"
FOR2008,1199,1199 Other Medical and Health Sciences,FOR,3505,Human resources and industrial relations,group,False,derived_empirical,0.015,"derived via ARC ERA journal crosswalk: 66 shared-journal vote(s) over 47 FOR2008-classified journal(s), 1 agreeing"
FOR2008,1199,1199 Other Medical and Health Sciences,FOR,3102,Bioinformatics and computational biology,group,False,derived_empirical,0.015,"derived via ARC ERA journal crosswalk: 66 shared-journal vote(s) over 47 FOR2008-classified journal(s), 1 agreeing"
FOR2008,1199,1199 Other Medical and Health Sciences,FOR,3205,Medical biochemistry and metabolomics,group,False,derived_empirical,0.015,"derived via ARC ERA journal crosswalk: 66 shared-journal vote(s) over 47 FOR2008-classified journal(s), 1 agreeing"
FOR2008,1199,1199 Other Medical and Health Sciences,FOR,3206,Medical biotechnology,group,False,derived_empirical,0.015,"derived via ARC ERA journal crosswalk: 66 shared-journal vote(s) over 47 FOR2008-classified journal(s), 1 agreeing"
FOR2008,1199,1199 Other Medical and Health Sciences,FOR,3404,Medicinal and biomolecular chemistry,group,False,derived_empirical,0.015,"derived via ARC ERA journal crosswalk: 66 shared-journal vote(s) over 47 FOR2008-classified journal(s), 1 agreeing"
FOR2008,1199,1199 Other Medical and Health Sciences,FOR,5203,Clinical and health psychology,group,False,derived_empirical,0.03,"derived via ARC ERA journal crosswalk: 66 shared-journal vote(s) over 47 FOR2008-classified journal(s), 2 agreeing"
FOR2008,1199,1199 Other Medical and Health Sciences,FOR,4205,Nursing,group,False,derived_empirical,0.015,"derived via ARC ERA journal crosswalk: 66 shared-journal vote(s) over 47 FOR2008-classified journal(s), 1 agreeing"
FOR2008,1199,1199 Other Medical and Health Sciences,FOR,3209,Neurosciences,group,False,derived_empirical,0.03,"derived via ARC ERA journal crosswalk: 66 shared-journal vote(s) over 47 FOR2008-classified journal(s), 2 agreeing"
FOR2008,1199,1199 Other Medical and Health Sciences,FOR,3101,Biochemistry and cell biology,group,False,derived_empirical,0.045,"derived via ARC ERA journal crosswalk: 66 shared-journal vote(s) over 47 FOR2008-classified journal(s), 3 agreeing"
FOR2008,1199,1199 Other Medical and Health Sciences,FOR,5202,Biological psychology,group,False,derived_empirical,0.03,"derived via ARC ERA journal crosswalk: 66 shared-journal vote(s) over 47 FOR2008-classified journal(s), 2 agreeing"
FOR2008,1199,1199 Other Medical and Health Sciences,FOR,4206,Public health,group,False,derived_empirical,0.091,"derived via ARC ERA journal crosswalk: 66 shared-journal vote(s) over 47 FOR2008-classified journal(s), 6 agreeing"
FOR2008,1199,1199 Other Medical and Health Sciences,FOR,4203,Health services and systems,group,False,derived_empirical,0.091,"derived via ARC ERA journal crosswalk: 66 shared-journal vote(s) over 47 FOR2008-classified journal(s), 6 agreeing"
FOR2008,1199,1199 Other Medical and Health Sciences,FOR,3202,Clinical sciences,group,True,derived_empirical,0.212,"derived via ARC ERA journal crosswalk: 66 shared-journal vote(s) over 47 FOR2008-classified journal(s), 14 agreeing"
FOR2008,1199,1199 Other Medical and Health Sciences,FOR,3201,Cardiovascular medicine and haematology,group,False,derived_empirical,0.061,"derived via ARC ERA journal crosswalk: 66 shared-journal vote(s) over 47 FOR2008-classified journal(s), 4 agreeing"
FOR2008,1199,1199 Other Medical and Health Sciences,FOR,4201,Allied health and rehabilitation science,group,False,derived_empirical,0.045,"derived via ARC ERA journal crosswalk: 66 shared-journal vote(s) over 47 FOR2008-classified journal(s), 3 agreeing"
FOR2008,1199,1199 Other Medical and Health Sciences,FOR,4202,Epidemiology,group,False,derived_empirical,0.061,"derived via ARC ERA journal crosswalk: 66 shared-journal vote(s) over 47 FOR2008-classified journal(s), 4 agreeing"
FOR2008,12,12 Built Environment and Design,FOR,33,BUILT ENVIRONMENT AND DESIGN,division,True,derived_empirical,0.357,"derived via ARC ERA journal crosswalk: 56 shared-journal vote(s) over 174 FOR2008-classified journal(s), 20 agreeing"
FOR2008,12,12 Built Environment and Design,FOR,44,HUMAN SOCIETY,division,False,derived_empirical,0.143,"derived via ARC ERA journal crosswalk: 56 shared-journal vote(s) over 174 FOR2008-classified journal(s), 8 agreeing"
FOR2008,12,12 Built Environment and Design,FOR,41,ENVIRONMENTAL SCIENCES,division,False,derived_empirical,0.107,"derived via ARC ERA journal crosswalk: 56 shared-journal vote(s) over 174 FOR2008-classified journal(s), 6 agreeing"
FOR2008,12,12 Built Environment and Design,FOR,38,ECONOMICS,division,False,derived_empirical,0.054,"derived via ARC ERA journal crosswalk: 56 shared-journal vote(s) over 174 FOR2008-classified journal(s), 3 agreeing"
FOR2008,12,12 Built Environment and Design,FOR,52,PSYCHOLOGY,division,False,derived_empirical,0.036,"derived via ARC ERA journal crosswalk: 56 shared-journal vote(s) over 174 FOR2008-classified journal(s), 2 agreeing"
FOR2008,12,12 Built Environment and Design,FOR,46,INFORMATION AND COMPUTING SCIENCES,division,False,derived_empirical,0.036,"derived via ARC ERA journal crosswalk: 56 shared-journal vote(s) over 174 FOR2008-classified journal(s), 2 agreeing"
FOR2008,12,12 Built Environment and Design,FOR,47,"LANGUAGE, COMMUNICATION AND CULTURE",division,False,derived_empirical,0.018,"derived via ARC ERA journal crosswalk: 56 shared-journal vote(s) over 174 FOR2008-classified journal(s), 1 agreeing"
FOR2008,12,12 Built Environment and Design,FOR,36,CREATIVE ARTS AND WRITING,division,False,derived_empirical,0.018,"derived via ARC ERA journal crosswalk: 56 shared-journal vote(s) over 174 FOR2008-classified journal(s), 1 agreeing"
FOR2008,12,12 Built Environment and Design,FOR,39,EDUCATION,division,False,derived_empirical,0.018,"derived via ARC ERA journal crosswalk: 56 shared-journal vote(s) over 174 FOR2008-classified journal(s), 1 agreeing"
FOR2008,12,12 Built Environment and Design,FOR,43,"HISTORY, HERITAGE AND ARCHAEOLOGY",division,False,derived_empirical,0.018,"derived via ARC ERA journal crosswalk: 56 shared-journal vote(s) over 174 FOR2008-classified journal(s), 1 agreeing"
FOR2008,12,12 Built Environment and Design,FOR,35,"COMMERCE, MANAGEMENT, TOURISM AND SERVICES",division,False,derived_empirical,0.054,"derived via ARC ERA journal crosswalk: 56 shared-journal vote(s) over 174 FOR2008-classified journal(s), 3 agreeing"
FOR2008,12,12 Built Environment and Design,FOR,40,ENGINEERING,division,False,derived_empirical,0.143,"derived via ARC ERA journal crosswalk: 56 shared-journal vote(s) over 174 FOR2008-classified journal(s), 8 agreeing"
FOR2008,1201,1201 Architecture,FOR,4302,"Heritage, archive and museum studies",group,False,derived_empirical,0.031,"derived via ARC ERA journal crosswalk: 32 shared-journal vote(s) over 19 FOR2008-classified journal(s), 1 agreeing"
FOR2008,1201,1201 Architecture,FOR,3301,Architecture,group,True,derived_empirical,0.375,"derived via ARC ERA journal crosswalk: 32 shared-journal vote(s) over 19 FOR2008-classified journal(s), 12 agreeing"
FOR2008,1201,1201 Architecture,FOR,3302,Building,group,False,derived_empirical,0.25,"derived via ARC ERA journal crosswalk: 32 shared-journal vote(s) over 19 FOR2008-classified journal(s), 8 agreeing"
FOR2008,1201,1201 Architecture,FOR,4005,Civil engineering,group,False,derived_empirical,0.156,"derived via ARC ERA journal crosswalk: 32 shared-journal vote(s) over 19 FOR2008-classified journal(s), 5 agreeing"
FOR2008,1201,1201 Architecture,FOR,3303,Design,group,False,derived_empirical,0.062,"derived via ARC ERA journal crosswalk: 32 shared-journal vote(s) over 19 FOR2008-classified journal(s), 2 agreeing"
FOR2008,1201,1201 Architecture,FOR,3304,Urban and regional planning,group,False,derived_empirical,0.031,"derived via ARC ERA journal crosswalk: 32 shared-journal vote(s) over 19 FOR2008-classified journal(s), 1 agreeing"
FOR2008,1201,1201 Architecture,FOR,3606,Visual arts,group,False,derived_empirical,0.031,"derived via ARC ERA journal crosswalk: 32 shared-journal vote(s) over 19 FOR2008-classified journal(s), 1 agreeing"
FOR2008,1201,1201 Architecture,FOR,4303,Historical studies,group,False,derived_empirical,0.031,"derived via ARC ERA journal crosswalk: 32 shared-journal vote(s) over 19 FOR2008-classified journal(s), 1 agreeing"
FOR2008,1201,1201 Architecture,FOR,4406,Human geography,group,False,derived_empirical,0.031,"derived via ARC ERA journal crosswalk: 32 shared-journal vote(s) over 19 FOR2008-classified journal(s), 1 agreeing"
FOR2008,1202,1202 Building,FOR,4206,Public health,group,False,derived_empirical,0.016,"derived via ARC ERA journal crosswalk: 62 shared-journal vote(s) over 35 FOR2008-classified journal(s), 1 agreeing"
FOR2008,1202,1202 Building,FOR,4404,Development studies,group,False,derived_empirical,0.016,"derived via ARC ERA journal crosswalk: 62 shared-journal vote(s) over 35 FOR2008-classified journal(s), 1 agreeing"
FOR2008,1202,1202 Building,FOR,4011,Environmental engineering,group,False,derived_empirical,0.016,"derived via ARC ERA journal crosswalk: 62 shared-journal vote(s) over 35 FOR2008-classified journal(s), 1 agreeing"
FOR2008,1202,1202 Building,FOR,4202,Epidemiology,group,False,derived_empirical,0.016,"derived via ARC ERA journal crosswalk: 62 shared-journal vote(s) over 35 FOR2008-classified journal(s), 1 agreeing"
FOR2008,1202,1202 Building,FOR,3302,Building,group,False,derived_empirical,0.306,"derived via ARC ERA journal crosswalk: 62 shared-journal vote(s) over 35 FOR2008-classified journal(s), 19 agreeing"
FOR2008,1202,1202 Building,FOR,4016,Materials engineering,group,False,derived_empirical,0.081,"derived via ARC ERA journal crosswalk: 62 shared-journal vote(s) over 35 FOR2008-classified journal(s), 5 agreeing"
FOR2008,1202,1202 Building,FOR,3301,Architecture,group,False,derived_empirical,0.081,"derived via ARC ERA journal crosswalk: 62 shared-journal vote(s) over 35 FOR2008-classified journal(s), 5 agreeing"
FOR2008,1202,1202 Building,FOR,3507,"Strategy, management and organisational behaviour",group,False,derived_empirical,0.032,"derived via ARC ERA journal crosswalk: 62 shared-journal vote(s) over 35 FOR2008-classified journal(s), 2 agreeing"
FOR2008,1202,1202 Building,FOR,3304,Urban and regional planning,group,False,derived_empirical,0.032,"derived via ARC ERA journal crosswalk: 62 shared-journal vote(s) over 35 FOR2008-classified journal(s), 2 agreeing"
FOR2008,1202,1202 Building,FOR,4406,Human geography,group,False,derived_empirical,0.032,"derived via ARC ERA journal crosswalk: 62 shared-journal vote(s) over 35 FOR2008-classified journal(s), 2 agreeing"
FOR2008,1202,1202 Building,FOR,4302,"Heritage, archive and museum studies",group,False,derived_empirical,0.016,"derived via ARC ERA journal crosswalk: 62 shared-journal vote(s) over 35 FOR2008-classified journal(s), 1 agreeing"
FOR2008,1202,1202 Building,FOR,4010,Engineering practice and education,group,False,derived_empirical,0.016,"derived via ARC ERA journal crosswalk: 62 shared-journal vote(s) over 35 FOR2008-classified journal(s), 1 agreeing"
FOR2008,1202,1202 Building,FOR,3007,Forestry sciences,group,False,derived_empirical,0.016,"derived via ARC ERA journal crosswalk: 62 shared-journal vote(s) over 35 FOR2008-classified journal(s), 1 agreeing"
FOR2008,1202,1202 Building,FOR,4005,Civil engineering,group,True,derived_empirical,0.306,"derived via ARC ERA journal crosswalk: 62 shared-journal vote(s) over 35 FOR2008-classified journal(s), 19 agreeing"
FOR2008,1202,1202 Building,FOR,3505,Human resources and industrial relations,group,False,derived_empirical,0.016,"derived via ARC ERA journal crosswalk: 62 shared-journal vote(s) over 35 FOR2008-classified journal(s), 1 agreeing"
FOR2008,1203,1203 Design Practice and Management,FOR,3901,Curriculum and pedagogy,group,False,derived_empirical,0.021,"derived via ARC ERA journal crosswalk: 47 shared-journal vote(s) over 28 FOR2008-classified journal(s), 1 agreeing"
FOR2008,1203,1203 Design Practice and Management,FOR,4407,Policy and administration,group,False,derived_empirical,0.021,"derived via ARC ERA journal crosswalk: 47 shared-journal vote(s) over 28 FOR2008-classified journal(s), 1 agreeing"
FOR2008,1203,1203 Design Practice and Management,FOR,4014,Manufacturing engineering,group,False,derived_empirical,0.021,"derived via ARC ERA journal crosswalk: 47 shared-journal vote(s) over 28 FOR2008-classified journal(s), 1 agreeing"
FOR2008,1203,1203 Design Practice and Management,FOR,4207,Sports science and exercise,group,False,derived_empirical,0.021,"derived via ARC ERA journal crosswalk: 47 shared-journal vote(s) over 28 FOR2008-classified journal(s), 1 agreeing"
FOR2008,1203,1203 Design Practice and Management,FOR,4602,Artificial intelligence,group,False,derived_empirical,0.021,"derived via ARC ERA journal crosswalk: 47 shared-journal vote(s) over 28 FOR2008-classified journal(s), 1 agreeing"
FOR2008,1203,1203 Design Practice and Management,FOR,4007,"Control engineering, mechatronics and robotics",group,False,derived_empirical,0.021,"derived via ARC ERA journal crosswalk: 47 shared-journal vote(s) over 28 FOR2008-classified journal(s), 1 agreeing"
FOR2008,1203,1203 Design Practice and Management,FOR,4701,Communication and media studies,group,False,derived_empirical,0.021,"derived via ARC ERA journal crosswalk: 47 shared-journal vote(s) over 28 FOR2008-classified journal(s), 1 agreeing"
FOR2008,1203,1203 Design Practice and Management,FOR,3507,"Strategy, management and organisational behaviour",group,False,derived_empirical,0.021,"derived via ARC ERA journal crosswalk: 47 shared-journal vote(s) over 28 FOR2008-classified journal(s), 1 agreeing"
FOR2008,1203,1203 Design Practice and Management,FOR,3903,Education systems,group,False,derived_empirical,0.021,"derived via ARC ERA journal crosswalk: 47 shared-journal vote(s) over 28 FOR2008-classified journal(s), 1 agreeing"
FOR2008,1203,1203 Design Practice and Management,FOR,4603,Computer vision and multimedia computation,group,False,derived_empirical,0.021,"derived via ARC ERA journal crosswalk: 47 shared-journal vote(s) over 28 FOR2008-classified journal(s), 1 agreeing"
FOR2008,1203,1203 Design Practice and Management,FOR,3605,Screen and digital media,group,False,derived_empirical,0.021,"derived via ARC ERA journal crosswalk: 47 shared-journal vote(s) over 28 FOR2008-classified journal(s), 1 agreeing"
FOR2008,1203,1203 Design Practice and Management,FOR,4010,Engineering practice and education,group,False,derived_empirical,0.043,"derived via ARC ERA journal crosswalk: 47 shared-journal vote(s) over 28 FOR2008-classified journal(s), 2 agreeing"
FOR2008,1203,1203 Design Practice and Management,FOR,3303,Design,group,True,derived_empirical,0.191,"derived via ARC ERA journal crosswalk: 47 shared-journal vote(s) over 28 FOR2008-classified journal(s), 9 agreeing"
FOR2008,1203,1203 Design Practice and Management,FOR,4017,Mechanical engineering,group,False,derived_empirical,0.085,"derived via ARC ERA journal crosswalk: 47 shared-journal vote(s) over 28 FOR2008-classified journal(s), 4 agreeing"
FOR2008,1203,1203 Design Practice and Management,FOR,3301,Architecture,group,False,derived_empirical,0.064,"derived via ARC ERA journal crosswalk: 47 shared-journal vote(s) over 28 FOR2008-classified journal(s), 3 agreeing"
FOR2008,1203,1203 Design Practice and Management,FOR,4608,Human-centred computing,group,False,derived_empirical,0.064,"derived via ARC ERA journal crosswalk: 47 shared-journal vote(s) over 28 FOR2008-classified journal(s), 3 agreeing"
FOR2008,1203,1203 Design Practice and Management,FOR,3505,Human resources and industrial relations,group,False,derived_empirical,0.043,"derived via ARC ERA journal crosswalk: 47 shared-journal vote(s) over 28 FOR2008-classified journal(s), 2 agreeing"
FOR2008,1203,1203 Design Practice and Management,FOR,3202,Clinical sciences,group,False,derived_empirical,0.021,"derived via ARC ERA journal crosswalk: 47 shared-journal vote(s) over 28 FOR2008-classified journal(s), 1 agreeing"
FOR2008,1203,1203 Design Practice and Management,FOR,5201,Applied and developmental psychology,group,False,derived_empirical,0.043,"derived via ARC ERA journal crosswalk: 47 shared-journal vote(s) over 28 FOR2008-classified journal(s), 2 agreeing"
FOR2008,1203,1203 Design Practice and Management,FOR,3606,Visual arts,group,False,derived_empirical,0.043,"derived via ARC ERA journal crosswalk: 47 shared-journal vote(s) over 28 FOR2008-classified journal(s), 2 agreeing"
FOR2008,1203,1203 Design Practice and Management,FOR,4607,"Graphics, augmented reality and games",group,False,derived_empirical,0.043,"derived via ARC ERA journal crosswalk: 47 shared-journal vote(s) over 28 FOR2008-classified journal(s), 2 agreeing"
FOR2008,1203,1203 Design Practice and Management,FOR,4016,Materials engineering,group,False,derived_empirical,0.043,"derived via ARC ERA journal crosswalk: 47 shared-journal vote(s) over 28 FOR2008-classified journal(s), 2 agreeing"
FOR2008,1203,1203 Design Practice and Management,FOR,4005,Civil engineering,group,False,derived_empirical,0.043,"derived via ARC ERA journal crosswalk: 47 shared-journal vote(s) over 28 FOR2008-classified journal(s), 2 agreeing"
FOR2008,1203,1203 Design Practice and Management,FOR,4201,Allied health and rehabilitation science,group,False,derived_empirical,0.043,"derived via ARC ERA journal crosswalk: 47 shared-journal vote(s) over 28 FOR2008-classified journal(s), 2 agreeing"
FOR2008,1205,1205 Urban and Regional Planning,FOR,4206,Public health,group,False,derived_empirical,0.005,"derived via ARC ERA journal crosswalk: 182 shared-journal vote(s) over 86 FOR2008-classified journal(s), 1 agreeing"
FOR2008,1205,1205 Urban and Regional Planning,FOR,3002,"Agriculture, land and farm management",group,False,derived_empirical,0.005,"derived via ARC ERA journal crosswalk: 182 shared-journal vote(s) over 86 FOR2008-classified journal(s), 1 agreeing"
FOR2008,1205,1205 Urban and Regional Planning,FOR,4101,Climate change impacts and adaptation,group,False,derived_empirical,0.005,"derived via ARC ERA journal crosswalk: 182 shared-journal vote(s) over 86 FOR2008-classified journal(s), 1 agreeing"
FOR2008,1205,1205 Urban and Regional Planning,FOR,4105,Pollution and contamination,group,False,derived_empirical,0.005,"derived via ARC ERA journal crosswalk: 182 shared-journal vote(s) over 86 FOR2008-classified journal(s), 1 agreeing"
FOR2008,1205,1205 Urban and Regional Planning,FOR,4901,Applied mathematics,group,False,derived_empirical,0.005,"derived via ARC ERA journal crosswalk: 182 shared-journal vote(s) over 86 FOR2008-classified journal(s), 1 agreeing"
FOR2008,1205,1205 Urban and Regional Planning,FOR,3901,Curriculum and pedagogy,group,False,derived_empirical,0.005,"derived via ARC ERA journal crosswalk: 182 shared-journal vote(s) over 86 FOR2008-classified journal(s), 1 agreeing"
FOR2008,1205,1205 Urban and Regional Planning,FOR,4013,Geomatic engineering,group,False,derived_empirical,0.005,"derived via ARC ERA journal crosswalk: 182 shared-journal vote(s) over 86 FOR2008-classified journal(s), 1 agreeing"
FOR2008,1205,1205 Urban and Regional Planning,FOR,4601,Applied computing,group,False,derived_empirical,0.005,"derived via ARC ERA journal crosswalk: 182 shared-journal vote(s) over 86 FOR2008-classified journal(s), 1 agreeing"
FOR2008,1205,1205 Urban and Regional Planning,FOR,3507,"Strategy, management and organisational behaviour",group,False,derived_empirical,0.005,"derived via ARC ERA journal crosswalk: 182 shared-journal vote(s) over 86 FOR2008-classified journal(s), 1 agreeing"
FOR2008,1205,1205 Urban and Regional Planning,FOR,3903,Education systems,group,False,derived_empirical,0.005,"derived via ARC ERA journal crosswalk: 182 shared-journal vote(s) over 86 FOR2008-classified journal(s), 1 agreeing"
FOR2008,1205,1205 Urban and Regional Planning,FOR,3709,Physical geography and environmental geoscience,group,False,derived_empirical,0.005,"derived via ARC ERA journal crosswalk: 182 shared-journal vote(s) over 86 FOR2008-classified journal(s), 1 agreeing"
FOR2008,1205,1205 Urban and Regional Planning,FOR,4011,Environmental engineering,group,False,derived_empirical,0.005,"derived via ARC ERA journal crosswalk: 182 shared-journal vote(s) over 86 FOR2008-classified journal(s), 1 agreeing"
FOR2008,1205,1205 Urban and Regional Planning,FOR,4303,Historical studies,group,False,derived_empirical,0.011,"derived via ARC ERA journal crosswalk: 182 shared-journal vote(s) over 86 FOR2008-classified journal(s), 2 agreeing"
FOR2008,1205,1205 Urban and Regional Planning,FOR,3304,Urban and regional planning,group,True,derived_empirical,0.297,"derived via ARC ERA journal crosswalk: 182 shared-journal vote(s) over 86 FOR2008-classified journal(s), 54 agreeing"
FOR2008,1205,1205 Urban and Regional Planning,FOR,4406,Human geography,group,False,derived_empirical,0.159,"derived via ARC ERA journal crosswalk: 182 shared-journal vote(s) over 86 FOR2008-classified journal(s), 29 agreeing"
FOR2008,1205,1205 Urban and Regional Planning,FOR,3509,"Transportation, logistics and supply chains",group,False,derived_empirical,0.104,"derived via ARC ERA journal crosswalk: 182 shared-journal vote(s) over 86 FOR2008-classified journal(s), 19 agreeing"
FOR2008,1205,1205 Urban and Regional Planning,FOR,4404,Development studies,group,False,derived_empirical,0.06,"derived via ARC ERA journal crosswalk: 182 shared-journal vote(s) over 86 FOR2008-classified journal(s), 11 agreeing"
FOR2008,1205,1205 Urban and Regional Planning,FOR,4005,Civil engineering,group,False,derived_empirical,0.049,"derived via ARC ERA journal crosswalk: 182 shared-journal vote(s) over 86 FOR2008-classified journal(s), 9 agreeing"
FOR2008,1205,1205 Urban and Regional Planning,FOR,4407,Policy and administration,group,False,derived_empirical,0.049,"derived via ARC ERA journal crosswalk: 182 shared-journal vote(s) over 86 FOR2008-classified journal(s), 9 agreeing"
FOR2008,1205,1205 Urban and Regional Planning,FOR,4410,Sociology,group,False,derived_empirical,0.027,"derived via ARC ERA journal crosswalk: 182 shared-journal vote(s) over 86 FOR2008-classified journal(s), 5 agreeing"
FOR2008,1205,1205 Urban and Regional Planning,FOR,4104,Environmental management,group,False,derived_empirical,0.027,"derived via ARC ERA journal crosswalk: 182 shared-journal vote(s) over 86 FOR2008-classified journal(s), 5 agreeing"
FOR2008,1205,1205 Urban and Regional Planning,FOR,4408,Political science,group,False,derived_empirical,0.022,"derived via ARC ERA journal crosswalk: 182 shared-journal vote(s) over 86 FOR2008-classified journal(s), 4 agreeing"
FOR2008,1205,1205 Urban and Regional Planning,FOR,3302,Building,group,False,derived_empirical,0.011,"derived via ARC ERA journal crosswalk: 182 shared-journal vote(s) over 86 FOR2008-classified journal(s), 2 agreeing"
FOR2008,1205,1205 Urban and Regional Planning,FOR,3801,Applied economics,group,False,derived_empirical,0.082,"derived via ARC ERA journal crosswalk: 182 shared-journal vote(s) over 86 FOR2008-classified journal(s), 15 agreeing"
FOR2008,1205,1205 Urban and Regional Planning,FOR,3301,Architecture,group,False,derived_empirical,0.016,"derived via ARC ERA journal crosswalk: 182 shared-journal vote(s) over 86 FOR2008-classified journal(s), 3 agreeing"
FOR2008,1205,1205 Urban and Regional Planning,FOR,3502,"Banking, finance and investment",group,False,derived_empirical,0.016,"derived via ARC ERA journal crosswalk: 182 shared-journal vote(s) over 86 FOR2008-classified journal(s), 3 agreeing"
FOR2008,13,13 Education,FOR,42,HEALTH SCIENCES,division,False,derived_empirical,0.075,"derived via ARC ERA journal crosswalk: 228 shared-journal vote(s) over 497 FOR2008-classified journal(s), 17 agreeing"
FOR2008,13,13 Education,FOR,32,BIOMEDICAL AND CLINICAL SCIENCES,division,False,derived_empirical,0.057,"derived via ARC ERA journal crosswalk: 228 shared-journal vote(s) over 497 FOR2008-classified journal(s), 13 agreeing"
FOR2008,13,13 Education,FOR,39,EDUCATION,division,True,derived_empirical,0.544,"derived via ARC ERA journal crosswalk: 228 shared-journal vote(s) over 497 FOR2008-classified journal(s), 124 agreeing"
FOR2008,13,13 Education,FOR,40,ENGINEERING,division,False,derived_empirical,0.053,"derived via ARC ERA journal crosswalk: 228 shared-journal vote(s) over 497 FOR2008-classified journal(s), 12 agreeing"
FOR2008,13,13 Education,FOR,47,"LANGUAGE, COMMUNICATION AND CULTURE",division,False,derived_empirical,0.039,"derived via ARC ERA journal crosswalk: 228 shared-journal vote(s) over 497 FOR2008-classified journal(s), 9 agreeing"
FOR2008,13,13 Education,FOR,41,ENVIRONMENTAL SCIENCES,division,False,derived_empirical,0.018,"derived via ARC ERA journal crosswalk: 228 shared-journal vote(s) over 497 FOR2008-classified journal(s), 4 agreeing"
FOR2008,13,13 Education,FOR,46,INFORMATION AND COMPUTING SCIENCES,division,False,derived_empirical,0.009,"derived via ARC ERA journal crosswalk: 228 shared-journal vote(s) over 497 FOR2008-classified journal(s), 2 agreeing"
FOR2008,13,13 Education,FOR,50,PHILOSOPHY AND RELIGIOUS STUDIES,division,False,derived_empirical,0.009,"derived via ARC ERA journal crosswalk: 228 shared-journal vote(s) over 497 FOR2008-classified journal(s), 2 agreeing"
FOR2008,13,13 Education,FOR,34,CHEMICAL SCIENCES,division,False,derived_empirical,0.009,"derived via ARC ERA journal crosswalk: 228 shared-journal vote(s) over 497 FOR2008-classified journal(s), 2 agreeing"
FOR2008,13,13 Education,FOR,33,BUILT ENVIRONMENT AND DESIGN,division,False,derived_empirical,0.009,"derived via ARC ERA journal crosswalk: 228 shared-journal vote(s) over 497 FOR2008-classified journal(s), 2 agreeing"
FOR2008,13,13 Education,FOR,44,HUMAN SOCIETY,division,False,derived_empirical,0.066,"derived via ARC ERA journal crosswalk: 228 shared-journal vote(s) over 497 FOR2008-classified journal(s), 15 agreeing"
FOR2008,13,13 Education,FOR,52,PSYCHOLOGY,division,False,derived_empirical,0.114,"derived via ARC ERA journal crosswalk: 228 shared-journal vote(s) over 497 FOR2008-classified journal(s), 26 agreeing"
FOR2008,1301,1301 Education Systems,FOR,3903,Education systems,group,True,derived_empirical,0.358,"derived via ARC ERA journal crosswalk: 106 shared-journal vote(s) over 56 FOR2008-classified journal(s), 38 agreeing"
FOR2008,1301,1301 Education Systems,FOR,3901,Curriculum and pedagogy,group,False,derived_empirical,0.104,"derived via ARC ERA journal crosswalk: 106 shared-journal vote(s) over 56 FOR2008-classified journal(s), 11 agreeing"
FOR2008,1301,1301 Education Systems,FOR,5201,Applied and developmental psychology,group,False,derived_empirical,0.066,"derived via ARC ERA journal crosswalk: 106 shared-journal vote(s) over 56 FOR2008-classified journal(s), 7 agreeing"
FOR2008,1301,1301 Education Systems,FOR,3904,Specialist studies in education,group,False,derived_empirical,0.208,"derived via ARC ERA journal crosswalk: 106 shared-journal vote(s) over 56 FOR2008-classified journal(s), 22 agreeing"
FOR2008,1301,1301 Education Systems,FOR,4405,Gender studies,group,False,derived_empirical,0.009,"derived via ARC ERA journal crosswalk: 106 shared-journal vote(s) over 56 FOR2008-classified journal(s), 1 agreeing"
FOR2008,1301,1301 Education Systems,FOR,4409,Social work,group,False,derived_empirical,0.009,"derived via ARC ERA journal crosswalk: 106 shared-journal vote(s) over 56 FOR2008-classified journal(s), 1 agreeing"
FOR2008,1301,1301 Education Systems,FOR,4703,Language studies,group,False,derived_empirical,0.009,"derived via ARC ERA journal crosswalk: 106 shared-journal vote(s) over 56 FOR2008-classified journal(s), 1 agreeing"
FOR2008,1301,1301 Education Systems,FOR,3605,Screen and digital media,group,False,derived_empirical,0.009,"derived via ARC ERA journal crosswalk: 106 shared-journal vote(s) over 56 FOR2008-classified journal(s), 1 agreeing"
FOR2008,1301,1301 Education Systems,FOR,4206,Public health,group,False,derived_empirical,0.009,"derived via ARC ERA journal crosswalk: 106 shared-journal vote(s) over 56 FOR2008-classified journal(s), 1 agreeing"
FOR2008,1301,1301 Education Systems,FOR,4804,Law in context,group,False,derived_empirical,0.009,"derived via ARC ERA journal crosswalk: 106 shared-journal vote(s) over 56 FOR2008-classified journal(s), 1 agreeing"
FOR2008,1301,1301 Education Systems,FOR,4803,International and comparative law,group,False,derived_empirical,0.009,"derived via ARC ERA journal crosswalk: 106 shared-journal vote(s) over 56 FOR2008-classified journal(s), 1 agreeing"
FOR2008,1301,1301 Education Systems,FOR,5004,Religious studies,group,False,derived_empirical,0.009,"derived via ARC ERA journal crosswalk: 106 shared-journal vote(s) over 56 FOR2008-classified journal(s), 1 agreeing"
FOR2008,1301,1301 Education Systems,FOR,4205,Nursing,group,False,derived_empirical,0.009,"derived via ARC ERA journal crosswalk: 106 shared-journal vote(s) over 56 FOR2008-classified journal(s), 1 agreeing"
FOR2008,1301,1301 Education Systems,FOR,4410,Sociology,group,False,derived_empirical,0.009,"derived via ARC ERA journal crosswalk: 106 shared-journal vote(s) over 56 FOR2008-classified journal(s), 1 agreeing"
FOR2008,1301,1301 Education Systems,FOR,5205,Social and personality psychology,group,False,derived_empirical,0.009,"derived via ARC ERA journal crosswalk: 106 shared-journal vote(s) over 56 FOR2008-classified journal(s), 1 agreeing"
FOR2008,1301,1301 Education Systems,FOR,4207,Sports science and exercise,group,False,derived_empirical,0.009,"derived via ARC ERA journal crosswalk: 106 shared-journal vote(s) over 56 FOR2008-classified journal(s), 1 agreeing"
FOR2008,1301,1301 Education Systems,FOR,3202,Clinical sciences,group,False,derived_empirical,0.009,"derived via ARC ERA journal crosswalk: 106 shared-journal vote(s) over 56 FOR2008-classified journal(s), 1 agreeing"
FOR2008,1301,1301 Education Systems,FOR,4010,Engineering practice and education,group,False,derived_empirical,0.009,"derived via ARC ERA journal crosswalk: 106 shared-journal vote(s) over 56 FOR2008-classified journal(s), 1 agreeing"
FOR2008,1301,1301 Education Systems,FOR,4601,Applied computing,group,False,derived_empirical,0.009,"derived via ARC ERA journal crosswalk: 106 shared-journal vote(s) over 56 FOR2008-classified journal(s), 1 agreeing"
FOR2008,1301,1301 Education Systems,FOR,4610,Library and information studies,group,False,derived_empirical,0.019,"derived via ARC ERA journal crosswalk: 106 shared-journal vote(s) over 56 FOR2008-classified journal(s), 2 agreeing"
FOR2008,1301,1301 Education Systems,FOR,4203,Health services and systems,group,False,derived_empirical,0.019,"derived via ARC ERA journal crosswalk: 106 shared-journal vote(s) over 56 FOR2008-classified journal(s), 2 agreeing"
FOR2008,1301,1301 Education Systems,FOR,4407,Policy and administration,group,False,derived_empirical,0.019,"derived via ARC ERA journal crosswalk: 106 shared-journal vote(s) over 56 FOR2008-classified journal(s), 2 agreeing"
FOR2008,1301,1301 Education Systems,FOR,4204,Midwifery,group,False,derived_empirical,0.009,"derived via ARC ERA journal crosswalk: 106 shared-journal vote(s) over 56 FOR2008-classified journal(s), 1 agreeing"
FOR2008,1301,1301 Education Systems,FOR,3902,"Education policy, sociology and philosophy",group,False,derived_empirical,0.057,"derived via ARC ERA journal crosswalk: 106 shared-journal vote(s) over 56 FOR2008-classified journal(s), 6 agreeing"
FOR2008,1302,1302 Curriculum and Pedagogy,FOR,4803,International and comparative law,group,False,derived_empirical,0.004,"derived via ARC ERA journal crosswalk: 238 shared-journal vote(s) over 137 FOR2008-classified journal(s), 1 agreeing"
FOR2008,1302,1302 Curriculum and Pedagogy,FOR,3009,Veterinary sciences,group,False,derived_empirical,0.004,"derived via ARC ERA journal crosswalk: 238 shared-journal vote(s) over 137 FOR2008-classified journal(s), 1 agreeing"
FOR2008,1302,1302 Curriculum and Pedagogy,FOR,3213,Paediatrics,group,False,derived_empirical,0.004,"derived via ARC ERA journal crosswalk: 238 shared-journal vote(s) over 137 FOR2008-classified journal(s), 1 agreeing"
FOR2008,1302,1302 Curriculum and Pedagogy,FOR,4104,Environmental management,group,False,derived_empirical,0.004,"derived via ARC ERA journal crosswalk: 238 shared-journal vote(s) over 137 FOR2008-classified journal(s), 1 agreeing"
FOR2008,1302,1302 Curriculum and Pedagogy,FOR,3104,Evolutionary biology,group,False,derived_empirical,0.004,"derived via ARC ERA journal crosswalk: 238 shared-journal vote(s) over 137 FOR2008-classified journal(s), 1 agreeing"
FOR2008,1302,1302 Curriculum and Pedagogy,FOR,4804,Law in context,group,False,derived_empirical,0.004,"derived via ARC ERA journal crosswalk: 238 shared-journal vote(s) over 137 FOR2008-classified journal(s), 1 agreeing"
FOR2008,1302,1302 Curriculum and Pedagogy,FOR,3507,"Strategy, management and organisational behaviour",group,False,derived_empirical,0.004,"derived via ARC ERA journal crosswalk: 238 shared-journal vote(s) over 137 FOR2008-classified journal(s), 1 agreeing"
FOR2008,1302,1302 Curriculum and Pedagogy,FOR,4410,Sociology,group,False,derived_empirical,0.004,"derived via ARC ERA journal crosswalk: 238 shared-journal vote(s) over 137 FOR2008-classified journal(s), 1 agreeing"
FOR2008,1302,1302 Curriculum and Pedagogy,FOR,4408,Political science,group,False,derived_empirical,0.004,"derived via ARC ERA journal crosswalk: 238 shared-journal vote(s) over 137 FOR2008-classified journal(s), 1 agreeing"
FOR2008,1302,1302 Curriculum and Pedagogy,FOR,3101,Biochemistry and cell biology,group,False,derived_empirical,0.004,"derived via ARC ERA journal crosswalk: 238 shared-journal vote(s) over 137 FOR2008-classified journal(s), 1 agreeing"
FOR2008,1302,1302 Curriculum and Pedagogy,FOR,4701,Communication and media studies,group,False,derived_empirical,0.004,"derived via ARC ERA journal crosswalk: 238 shared-journal vote(s) over 137 FOR2008-classified journal(s), 1 agreeing"
FOR2008,1302,1302 Curriculum and Pedagogy,FOR,5005,Theology,group,False,derived_empirical,0.004,"derived via ARC ERA journal crosswalk: 238 shared-journal vote(s) over 137 FOR2008-classified journal(s), 1 agreeing"
FOR2008,1302,1302 Curriculum and Pedagogy,FOR,5002,History and philosophy of specific fields,group,False,derived_empirical,0.004,"derived via ARC ERA journal crosswalk: 238 shared-journal vote(s) over 137 FOR2008-classified journal(s), 1 agreeing"
FOR2008,1302,1302 Curriculum and Pedagogy,FOR,4202,Epidemiology,group,False,derived_empirical,0.004,"derived via ARC ERA journal crosswalk: 238 shared-journal vote(s) over 137 FOR2008-classified journal(s), 1 agreeing"
FOR2008,1302,1302 Curriculum and Pedagogy,FOR,4409,Social work,group,False,derived_empirical,0.004,"derived via ARC ERA journal crosswalk: 238 shared-journal vote(s) over 137 FOR2008-classified journal(s), 1 agreeing"
FOR2008,1302,1302 Curriculum and Pedagogy,FOR,4407,Policy and administration,group,False,derived_empirical,0.004,"derived via ARC ERA journal crosswalk: 238 shared-journal vote(s) over 137 FOR2008-classified journal(s), 1 agreeing"
FOR2008,1302,1302 Curriculum and Pedagogy,FOR,4203,Health services and systems,group,False,derived_empirical,0.004,"derived via ARC ERA journal crosswalk: 238 shared-journal vote(s) over 137 FOR2008-classified journal(s), 1 agreeing"
FOR2008,1302,1302 Curriculum and Pedagogy,FOR,3505,Human resources and industrial relations,group,False,derived_empirical,0.004,"derived via ARC ERA journal crosswalk: 238 shared-journal vote(s) over 137 FOR2008-classified journal(s), 1 agreeing"
FOR2008,1302,1302 Curriculum and Pedagogy,FOR,5003,Philosophy,group,False,derived_empirical,0.004,"derived via ARC ERA journal crosswalk: 238 shared-journal vote(s) over 137 FOR2008-classified journal(s), 1 agreeing"
FOR2008,1302,1302 Curriculum and Pedagogy,FOR,3203,Dentistry,group,False,derived_empirical,0.008,"derived via ARC ERA journal crosswalk: 238 shared-journal vote(s) over 137 FOR2008-classified journal(s), 2 agreeing"
FOR2008,1302,1302 Curriculum and Pedagogy,FOR,5204,Cognitive and computational psychology,group,False,derived_empirical,0.004,"derived via ARC ERA journal crosswalk: 238 shared-journal vote(s) over 137 FOR2008-classified journal(s), 1 agreeing"
FOR2008,1302,1302 Curriculum and Pedagogy,FOR,3214,Pharmacology and pharmaceutical sciences,group,False,derived_empirical,0.008,"derived via ARC ERA journal crosswalk: 238 shared-journal vote(s) over 137 FOR2008-classified journal(s), 2 agreeing"
FOR2008,1302,1302 Curriculum and Pedagogy,FOR,5004,Religious studies,group,False,derived_empirical,0.008,"derived via ARC ERA journal crosswalk: 238 shared-journal vote(s) over 137 FOR2008-classified journal(s), 2 agreeing"
FOR2008,1302,1302 Curriculum and Pedagogy,FOR,3901,Curriculum and pedagogy,group,True,derived_empirical,0.294,"derived via ARC ERA journal crosswalk: 238 shared-journal vote(s) over 137 FOR2008-classified journal(s), 70 agreeing"
FOR2008,1302,1302 Curriculum and Pedagogy,FOR,3903,Education systems,group,False,derived_empirical,0.101,"derived via ARC ERA journal crosswalk: 238 shared-journal vote(s) over 137 FOR2008-classified journal(s), 24 agreeing"
FOR2008,1302,1302 Curriculum and Pedagogy,FOR,3904,Specialist studies in education,group,False,derived_empirical,0.097,"derived via ARC ERA journal crosswalk: 238 shared-journal vote(s) over 137 FOR2008-classified journal(s), 23 agreeing"
FOR2008,1302,1302 Curriculum and Pedagogy,FOR,4704,Linguistics,group,False,derived_empirical,0.063,"derived via ARC ERA journal crosswalk: 238 shared-journal vote(s) over 137 FOR2008-classified journal(s), 15 agreeing"
FOR2008,1302,1302 Curriculum and Pedagogy,FOR,4206,Public health,group,False,derived_empirical,0.05,"derived via ARC ERA journal crosswalk: 238 shared-journal vote(s) over 137 FOR2008-classified journal(s), 12 agreeing"
FOR2008,1302,1302 Curriculum and Pedagogy,FOR,4703,Language studies,group,False,derived_empirical,0.046,"derived via ARC ERA journal crosswalk: 238 shared-journal vote(s) over 137 FOR2008-classified journal(s), 11 agreeing"
FOR2008,1302,1302 Curriculum and Pedagogy,FOR,5201,Applied and developmental psychology,group,False,derived_empirical,0.042,"derived via ARC ERA journal crosswalk: 238 shared-journal vote(s) over 137 FOR2008-classified journal(s), 10 agreeing"
FOR2008,1302,1302 Curriculum and Pedagogy,FOR,4207,Sports science and exercise,group,False,derived_empirical,0.034,"derived via ARC ERA journal crosswalk: 238 shared-journal vote(s) over 137 FOR2008-classified journal(s), 8 agreeing"
FOR2008,1302,1302 Curriculum and Pedagogy,FOR,3902,"Education policy, sociology and philosophy",group,False,derived_empirical,0.021,"derived via ARC ERA journal crosswalk: 238 shared-journal vote(s) over 137 FOR2008-classified journal(s), 5 agreeing"
FOR2008,1302,1302 Curriculum and Pedagogy,FOR,3508,Tourism,group,False,derived_empirical,0.004,"derived via ARC ERA journal crosswalk: 238 shared-journal vote(s) over 137 FOR2008-classified journal(s), 1 agreeing"
FOR2008,1302,1302 Curriculum and Pedagogy,FOR,3202,Clinical sciences,group,False,derived_empirical,0.017,"derived via ARC ERA journal crosswalk: 238 shared-journal vote(s) over 137 FOR2008-classified journal(s), 4 agreeing"
FOR2008,1302,1302 Curriculum and Pedagogy,FOR,4601,Applied computing,group,False,derived_empirical,0.008,"derived via ARC ERA journal crosswalk: 238 shared-journal vote(s) over 137 FOR2008-classified journal(s), 2 agreeing"
FOR2008,1302,1302 Curriculum and Pedagogy,FOR,4406,Human geography,group,False,derived_empirical,0.008,"derived via ARC ERA journal crosswalk: 238 shared-journal vote(s) over 137 FOR2008-classified journal(s), 2 agreeing"
FOR2008,1302,1302 Curriculum and Pedagogy,FOR,3709,Physical geography and environmental geoscience,group,False,derived_empirical,0.008,"derived via ARC ERA journal crosswalk: 238 shared-journal vote(s) over 137 FOR2008-classified journal(s), 2 agreeing"
FOR2008,1302,1302 Curriculum and Pedagogy,FOR,3603,Music,group,False,derived_empirical,0.013,"derived via ARC ERA journal crosswalk: 238 shared-journal vote(s) over 137 FOR2008-classified journal(s), 3 agreeing"
FOR2008,1302,1302 Curriculum and Pedagogy,FOR,4010,Engineering practice and education,group,False,derived_empirical,0.017,"derived via ARC ERA journal crosswalk: 238 shared-journal vote(s) over 137 FOR2008-classified journal(s), 4 agreeing"
FOR2008,1302,1302 Curriculum and Pedagogy,FOR,4201,Allied health and rehabilitation science,group,False,derived_empirical,0.013,"derived via ARC ERA journal crosswalk: 238 shared-journal vote(s) over 137 FOR2008-classified journal(s), 3 agreeing"
FOR2008,1302,1302 Curriculum and Pedagogy,FOR,4205,Nursing,group,False,derived_empirical,0.013,"derived via ARC ERA journal crosswalk: 238 shared-journal vote(s) over 137 FOR2008-classified journal(s), 3 agreeing"
FOR2008,1302,1302 Curriculum and Pedagogy,FOR,4204,Midwifery,group,False,derived_empirical,0.013,"derived via ARC ERA journal crosswalk: 238 shared-journal vote(s) over 137 FOR2008-classified journal(s), 3 agreeing"
FOR2008,1302,1302 Curriculum and Pedagogy,FOR,5203,Clinical and health psychology,group,False,derived_empirical,0.017,"derived via ARC ERA journal crosswalk: 238 shared-journal vote(s) over 137 FOR2008-classified journal(s), 4 agreeing"
FOR2008,1302,1302 Curriculum and Pedagogy,FOR,5205,Social and personality psychology,group,False,derived_empirical,0.013,"derived via ARC ERA journal crosswalk: 238 shared-journal vote(s) over 137 FOR2008-classified journal(s), 3 agreeing"
FOR2008,1303,1303 Specialist Studies in Education,FOR,4701,Communication and media studies,group,False,derived_empirical,0.005,"derived via ARC ERA journal crosswalk: 417 shared-journal vote(s) over 198 FOR2008-classified journal(s), 2 agreeing"
FOR2008,1303,1303 Specialist Studies in Education,FOR,3605,Screen and digital media,group,False,derived_empirical,0.005,"derived via ARC ERA journal crosswalk: 417 shared-journal vote(s) over 198 FOR2008-classified journal(s), 2 agreeing"
FOR2008,1303,1303 Specialist Studies in Education,FOR,4408,Political science,group,False,derived_empirical,0.005,"derived via ARC ERA journal crosswalk: 417 shared-journal vote(s) over 198 FOR2008-classified journal(s), 2 agreeing"
FOR2008,1303,1303 Specialist Studies in Education,FOR,4205,Nursing,group,False,derived_empirical,0.005,"derived via ARC ERA journal crosswalk: 417 shared-journal vote(s) over 198 FOR2008-classified journal(s), 2 agreeing"
FOR2008,1303,1303 Specialist Studies in Education,FOR,4303,Historical studies,group,False,derived_empirical,0.005,"derived via ARC ERA journal crosswalk: 417 shared-journal vote(s) over 198 FOR2008-classified journal(s), 2 agreeing"
FOR2008,1303,1303 Specialist Studies in Education,FOR,4104,Environmental management,group,False,derived_empirical,0.002,"derived via ARC ERA journal crosswalk: 417 shared-journal vote(s) over 198 FOR2008-classified journal(s), 1 agreeing"
FOR2008,1303,1303 Specialist Studies in Education,FOR,3209,Neurosciences,group,False,derived_empirical,0.002,"derived via ARC ERA journal crosswalk: 417 shared-journal vote(s) over 198 FOR2008-classified journal(s), 1 agreeing"
FOR2008,1303,1303 Specialist Studies in Education,FOR,3009,Veterinary sciences,group,False,derived_empirical,0.002,"derived via ARC ERA journal crosswalk: 417 shared-journal vote(s) over 198 FOR2008-classified journal(s), 1 agreeing"
FOR2008,1303,1303 Specialist Studies in Education,FOR,4206,Public health,group,False,derived_empirical,0.002,"derived via ARC ERA journal crosswalk: 417 shared-journal vote(s) over 198 FOR2008-classified journal(s), 1 agreeing"
FOR2008,1303,1303 Specialist Studies in Education,FOR,4608,Human-centred computing,group,False,derived_empirical,0.002,"derived via ARC ERA journal crosswalk: 417 shared-journal vote(s) over 198 FOR2008-classified journal(s), 1 agreeing"
FOR2008,1303,1303 Specialist Studies in Education,FOR,5001,Applied ethics,group,False,derived_empirical,0.002,"derived via ARC ERA journal crosswalk: 417 shared-journal vote(s) over 198 FOR2008-classified journal(s), 1 agreeing"
FOR2008,1303,1303 Specialist Studies in Education,FOR,3202,Clinical sciences,group,False,derived_empirical,0.002,"derived via ARC ERA journal crosswalk: 417 shared-journal vote(s) over 198 FOR2008-classified journal(s), 1 agreeing"
FOR2008,1303,1303 Specialist Studies in Education,FOR,4905,Statistics,group,False,derived_empirical,0.005,"derived via ARC ERA journal crosswalk: 417 shared-journal vote(s) over 198 FOR2008-classified journal(s), 2 agreeing"
FOR2008,1303,1303 Specialist Studies in Education,FOR,3102,Bioinformatics and computational biology,group,False,derived_empirical,0.002,"derived via ARC ERA journal crosswalk: 417 shared-journal vote(s) over 198 FOR2008-classified journal(s), 1 agreeing"
FOR2008,1303,1303 Specialist Studies in Education,FOR,4605,Data management and data science,group,False,derived_empirical,0.002,"derived via ARC ERA journal crosswalk: 417 shared-journal vote(s) over 198 FOR2008-classified journal(s), 1 agreeing"
FOR2008,1303,1303 Specialist Studies in Education,FOR,4607,"Graphics, augmented reality and games",group,False,derived_empirical,0.002,"derived via ARC ERA journal crosswalk: 417 shared-journal vote(s) over 198 FOR2008-classified journal(s), 1 agreeing"
FOR2008,1303,1303 Specialist Studies in Education,FOR,3604,Performing arts,group,False,derived_empirical,0.002,"derived via ARC ERA journal crosswalk: 417 shared-journal vote(s) over 198 FOR2008-classified journal(s), 1 agreeing"
FOR2008,1303,1303 Specialist Studies in Education,FOR,5003,Philosophy,group,False,derived_empirical,0.002,"derived via ARC ERA journal crosswalk: 417 shared-journal vote(s) over 198 FOR2008-classified journal(s), 1 agreeing"
FOR2008,1303,1303 Specialist Studies in Education,FOR,4609,Information systems,group,False,derived_empirical,0.002,"derived via ARC ERA journal crosswalk: 417 shared-journal vote(s) over 198 FOR2008-classified journal(s), 1 agreeing"
FOR2008,1303,1303 Specialist Studies in Education,FOR,4202,Epidemiology,group,False,derived_empirical,0.002,"derived via ARC ERA journal crosswalk: 417 shared-journal vote(s) over 198 FOR2008-classified journal(s), 1 agreeing"
FOR2008,1303,1303 Specialist Studies in Education,FOR,4401,Anthropology,group,False,derived_empirical,0.002,"derived via ARC ERA journal crosswalk: 417 shared-journal vote(s) over 198 FOR2008-classified journal(s), 1 agreeing"
FOR2008,1303,1303 Specialist Studies in Education,FOR,4407,Policy and administration,group,False,derived_empirical,0.007,"derived via ARC ERA journal crosswalk: 417 shared-journal vote(s) over 198 FOR2008-classified journal(s), 3 agreeing"
FOR2008,1303,1303 Specialist Studies in Education,FOR,4703,Language studies,group,False,derived_empirical,0.007,"derived via ARC ERA journal crosswalk: 417 shared-journal vote(s) over 198 FOR2008-classified journal(s), 3 agreeing"
FOR2008,1303,1303 Specialist Studies in Education,FOR,3904,Specialist studies in education,group,True,derived_empirical,0.24,"derived via ARC ERA journal crosswalk: 417 shared-journal vote(s) over 198 FOR2008-classified journal(s), 100 agreeing"
FOR2008,1303,1303 Specialist Studies in Education,FOR,3903,Education systems,group,False,derived_empirical,0.218,"derived via ARC ERA journal crosswalk: 417 shared-journal vote(s) over 198 FOR2008-classified journal(s), 91 agreeing"
FOR2008,1303,1303 Specialist Studies in Education,FOR,5201,Applied and developmental psychology,group,False,derived_empirical,0.125,"derived via ARC ERA journal crosswalk: 417 shared-journal vote(s) over 198 FOR2008-classified journal(s), 52 agreeing"
FOR2008,1303,1303 Specialist Studies in Education,FOR,3901,Curriculum and pedagogy,group,False,derived_empirical,0.067,"derived via ARC ERA journal crosswalk: 417 shared-journal vote(s) over 198 FOR2008-classified journal(s), 28 agreeing"
FOR2008,1303,1303 Specialist Studies in Education,FOR,4405,Gender studies,group,False,derived_empirical,0.007,"derived via ARC ERA journal crosswalk: 417 shared-journal vote(s) over 198 FOR2008-classified journal(s), 3 agreeing"
FOR2008,1303,1303 Specialist Studies in Education,FOR,5203,Clinical and health psychology,group,False,derived_empirical,0.036,"derived via ARC ERA journal crosswalk: 417 shared-journal vote(s) over 198 FOR2008-classified journal(s), 15 agreeing"
FOR2008,1303,1303 Specialist Studies in Education,FOR,5205,Social and personality psychology,group,False,derived_empirical,0.024,"derived via ARC ERA journal crosswalk: 417 shared-journal vote(s) over 198 FOR2008-classified journal(s), 10 agreeing"
FOR2008,1303,1303 Specialist Studies in Education,FOR,3507,"Strategy, management and organisational behaviour",group,False,derived_empirical,0.014,"derived via ARC ERA journal crosswalk: 417 shared-journal vote(s) over 198 FOR2008-classified journal(s), 6 agreeing"
FOR2008,1303,1303 Specialist Studies in Education,FOR,4410,Sociology,group,False,derived_empirical,0.014,"derived via ARC ERA journal crosswalk: 417 shared-journal vote(s) over 198 FOR2008-classified journal(s), 6 agreeing"
FOR2008,1303,1303 Specialist Studies in Education,FOR,3902,"Education policy, sociology and philosophy",group,False,derived_empirical,0.055,"derived via ARC ERA journal crosswalk: 417 shared-journal vote(s) over 198 FOR2008-classified journal(s), 23 agreeing"
FOR2008,1303,1303 Specialist Studies in Education,FOR,4704,Linguistics,group,False,derived_empirical,0.012,"derived via ARC ERA journal crosswalk: 417 shared-journal vote(s) over 198 FOR2008-classified journal(s), 5 agreeing"
FOR2008,1303,1303 Specialist Studies in Education,FOR,5204,Cognitive and computational psychology,group,False,derived_empirical,0.014,"derived via ARC ERA journal crosswalk: 417 shared-journal vote(s) over 198 FOR2008-classified journal(s), 6 agreeing"
FOR2008,1303,1303 Specialist Studies in Education,FOR,4409,Social work,group,False,derived_empirical,0.007,"derived via ARC ERA journal crosswalk: 417 shared-journal vote(s) over 198 FOR2008-classified journal(s), 3 agreeing"
FOR2008,1303,1303 Specialist Studies in Education,FOR,4601,Applied computing,group,False,derived_empirical,0.01,"derived via ARC ERA journal crosswalk: 417 shared-journal vote(s) over 198 FOR2008-classified journal(s), 4 agreeing"
FOR2008,1303,1303 Specialist Studies in Education,FOR,4207,Sports science and exercise,group,False,derived_empirical,0.01,"derived via ARC ERA journal crosswalk: 417 shared-journal vote(s) over 198 FOR2008-classified journal(s), 4 agreeing"
FOR2008,1303,1303 Specialist Studies in Education,FOR,4201,Allied health and rehabilitation science,group,False,derived_empirical,0.01,"derived via ARC ERA journal crosswalk: 417 shared-journal vote(s) over 198 FOR2008-classified journal(s), 4 agreeing"
FOR2008,1303,1303 Specialist Studies in Education,FOR,3603,Music,group,False,derived_empirical,0.012,"derived via ARC ERA journal crosswalk: 417 shared-journal vote(s) over 198 FOR2008-classified journal(s), 5 agreeing"
FOR2008,1303,1303 Specialist Studies in Education,FOR,4203,Health services and systems,group,False,derived_empirical,0.012,"derived via ARC ERA journal crosswalk: 417 shared-journal vote(s) over 198 FOR2008-classified journal(s), 5 agreeing"
FOR2008,1303,1303 Specialist Studies in Education,FOR,5002,History and philosophy of specific fields,group,False,derived_empirical,0.012,"derived via ARC ERA journal crosswalk: 417 shared-journal vote(s) over 198 FOR2008-classified journal(s), 5 agreeing"
FOR2008,1303,1303 Specialist Studies in Education,FOR,5202,Biological psychology,group,False,derived_empirical,0.012,"derived via ARC ERA journal crosswalk: 417 shared-journal vote(s) over 198 FOR2008-classified journal(s), 5 agreeing"
FOR2008,1303,1303 Specialist Studies in Education,FOR,3505,Human resources and industrial relations,group,False,derived_empirical,0.01,"derived via ARC ERA journal crosswalk: 417 shared-journal vote(s) over 198 FOR2008-classified journal(s), 4 agreeing"
FOR2008,1399,1399 Other Education,FOR,3901,Curriculum and pedagogy,group,False,derived_empirical,0.071,"derived via ARC ERA journal crosswalk: 14 shared-journal vote(s) over 9 FOR2008-classified journal(s), 1 agreeing"
FOR2008,1399,1399 Other Education,FOR,3902,"Education policy, sociology and philosophy",group,False,derived_empirical,0.071,"derived via ARC ERA journal crosswalk: 14 shared-journal vote(s) over 9 FOR2008-classified journal(s), 1 agreeing"
FOR2008,1399,1399 Other Education,FOR,4008,Electrical engineering,group,False,derived_empirical,0.071,"derived via ARC ERA journal crosswalk: 14 shared-journal vote(s) over 9 FOR2008-classified journal(s), 1 agreeing"
FOR2008,1399,1399 Other Education,FOR,4009,"Electronics, sensors and digital hardware",group,False,derived_empirical,0.071,"derived via ARC ERA journal crosswalk: 14 shared-journal vote(s) over 9 FOR2008-classified journal(s), 1 agreeing"
FOR2008,1399,1399 Other Education,FOR,4010,Engineering practice and education,group,False,derived_empirical,0.071,"derived via ARC ERA journal crosswalk: 14 shared-journal vote(s) over 9 FOR2008-classified journal(s), 1 agreeing"
FOR2008,1399,1399 Other Education,FOR,3904,Specialist studies in education,group,False,derived_empirical,0.071,"derived via ARC ERA journal crosswalk: 14 shared-journal vote(s) over 9 FOR2008-classified journal(s), 1 agreeing"
FOR2008,1399,1399 Other Education,FOR,4701,Communication and media studies,group,False,derived_empirical,0.071,"derived via ARC ERA journal crosswalk: 14 shared-journal vote(s) over 9 FOR2008-classified journal(s), 1 agreeing"
FOR2008,1399,1399 Other Education,FOR,4704,Linguistics,group,False,derived_empirical,0.071,"derived via ARC ERA journal crosswalk: 14 shared-journal vote(s) over 9 FOR2008-classified journal(s), 1 agreeing"
FOR2008,1399,1399 Other Education,FOR,3903,Education systems,group,True,derived_empirical,0.357,"derived via ARC ERA journal crosswalk: 14 shared-journal vote(s) over 9 FOR2008-classified journal(s), 5 agreeing"
FOR2008,1399,1399 Other Education,FOR,3506,Marketing,group,False,derived_empirical,0.071,"derived via ARC ERA journal crosswalk: 14 shared-journal vote(s) over 9 FOR2008-classified journal(s), 1 agreeing"
FOR2008,14,14 Economics,FOR,38,ECONOMICS,division,True,derived_empirical,0.412,"derived via ARC ERA journal crosswalk: 119 shared-journal vote(s) over 459 FOR2008-classified journal(s), 49 agreeing"
FOR2008,14,14 Economics,FOR,43,"HISTORY, HERITAGE AND ARCHAEOLOGY",division,False,derived_empirical,0.008,"derived via ARC ERA journal crosswalk: 119 shared-journal vote(s) over 459 FOR2008-classified journal(s), 1 agreeing"
FOR2008,14,14 Economics,FOR,42,HEALTH SCIENCES,division,False,derived_empirical,0.008,"derived via ARC ERA journal crosswalk: 119 shared-journal vote(s) over 459 FOR2008-classified journal(s), 1 agreeing"
FOR2008,14,14 Economics,FOR,52,PSYCHOLOGY,division,False,derived_empirical,0.008,"derived via ARC ERA journal crosswalk: 119 shared-journal vote(s) over 459 FOR2008-classified journal(s), 1 agreeing"
FOR2008,14,14 Economics,FOR,41,ENVIRONMENTAL SCIENCES,division,False,derived_empirical,0.008,"derived via ARC ERA journal crosswalk: 119 shared-journal vote(s) over 459 FOR2008-classified journal(s), 1 agreeing"
FOR2008,14,14 Economics,FOR,48,LAW AND LEGAL STUDIES,division,False,derived_empirical,0.017,"derived via ARC ERA journal crosswalk: 119 shared-journal vote(s) over 459 FOR2008-classified journal(s), 2 agreeing"
FOR2008,14,14 Economics,FOR,46,INFORMATION AND COMPUTING SCIENCES,division,False,derived_empirical,0.008,"derived via ARC ERA journal crosswalk: 119 shared-journal vote(s) over 459 FOR2008-classified journal(s), 1 agreeing"
FOR2008,14,14 Economics,FOR,33,BUILT ENVIRONMENT AND DESIGN,division,False,derived_empirical,0.025,"derived via ARC ERA journal crosswalk: 119 shared-journal vote(s) over 459 FOR2008-classified journal(s), 3 agreeing"
FOR2008,14,14 Economics,FOR,50,PHILOSOPHY AND RELIGIOUS STUDIES,division,False,derived_empirical,0.042,"derived via ARC ERA journal crosswalk: 119 shared-journal vote(s) over 459 FOR2008-classified journal(s), 5 agreeing"
FOR2008,14,14 Economics,FOR,49,MATHEMATICAL SCIENCES,division,False,derived_empirical,0.059,"derived via ARC ERA journal crosswalk: 119 shared-journal vote(s) over 459 FOR2008-classified journal(s), 7 agreeing"
FOR2008,14,14 Economics,FOR,35,"COMMERCE, MANAGEMENT, TOURISM AND SERVICES",division,False,derived_empirical,0.176,"derived via ARC ERA journal crosswalk: 119 shared-journal vote(s) over 459 FOR2008-classified journal(s), 21 agreeing"
FOR2008,14,14 Economics,FOR,44,HUMAN SOCIETY,division,False,derived_empirical,0.21,"derived via ARC ERA journal crosswalk: 119 shared-journal vote(s) over 459 FOR2008-classified journal(s), 25 agreeing"
FOR2008,14,14 Economics,FOR,40,ENGINEERING,division,False,derived_empirical,0.017,"derived via ARC ERA journal crosswalk: 119 shared-journal vote(s) over 459 FOR2008-classified journal(s), 2 agreeing"
FOR2008,1401,1401 Economic Theory,FOR,4404,Development studies,group,False,derived_empirical,0.023,"derived via ARC ERA journal crosswalk: 131 shared-journal vote(s) over 61 FOR2008-classified journal(s), 3 agreeing"
FOR2008,1401,1401 Economic Theory,FOR,3801,Applied economics,group,True,derived_empirical,0.382,"derived via ARC ERA journal crosswalk: 131 shared-journal vote(s) over 61 FOR2008-classified journal(s), 50 agreeing"
FOR2008,1401,1401 Economic Theory,FOR,3803,Economic theory,group,False,derived_empirical,0.252,"derived via ARC ERA journal crosswalk: 131 shared-journal vote(s) over 61 FOR2008-classified journal(s), 33 agreeing"
FOR2008,1401,1401 Economic Theory,FOR,3502,"Banking, finance and investment",group,False,derived_empirical,0.183,"derived via ARC ERA journal crosswalk: 131 shared-journal vote(s) over 61 FOR2008-classified journal(s), 24 agreeing"
FOR2008,1401,1401 Economic Theory,FOR,3802,Econometrics,group,False,derived_empirical,0.038,"derived via ARC ERA journal crosswalk: 131 shared-journal vote(s) over 61 FOR2008-classified journal(s), 5 agreeing"
FOR2008,1401,1401 Economic Theory,FOR,4901,Applied mathematics,group,False,derived_empirical,0.023,"derived via ARC ERA journal crosswalk: 131 shared-journal vote(s) over 61 FOR2008-classified journal(s), 3 agreeing"
FOR2008,1401,1401 Economic Theory,FOR,4407,Policy and administration,group,False,derived_empirical,0.015,"derived via ARC ERA journal crosswalk: 131 shared-journal vote(s) over 61 FOR2008-classified journal(s), 2 agreeing"
FOR2008,1401,1401 Economic Theory,FOR,4303,Historical studies,group,False,derived_empirical,0.023,"derived via ARC ERA journal crosswalk: 131 shared-journal vote(s) over 61 FOR2008-classified journal(s), 3 agreeing"
FOR2008,1401,1401 Economic Theory,FOR,4410,Sociology,group,False,derived_empirical,0.008,"derived via ARC ERA journal crosswalk: 131 shared-journal vote(s) over 61 FOR2008-classified journal(s), 1 agreeing"
FOR2008,1401,1401 Economic Theory,FOR,3501,"Accounting, auditing and accountability",group,False,derived_empirical,0.008,"derived via ARC ERA journal crosswalk: 131 shared-journal vote(s) over 61 FOR2008-classified journal(s), 1 agreeing"
FOR2008,1401,1401 Economic Theory,FOR,5003,Philosophy,group,False,derived_empirical,0.008,"derived via ARC ERA journal crosswalk: 131 shared-journal vote(s) over 61 FOR2008-classified journal(s), 1 agreeing"
FOR2008,1401,1401 Economic Theory,FOR,4904,Pure mathematics,group,False,derived_empirical,0.008,"derived via ARC ERA journal crosswalk: 131 shared-journal vote(s) over 61 FOR2008-classified journal(s), 1 agreeing"
FOR2008,1401,1401 Economic Theory,FOR,4408,Political science,group,False,derived_empirical,0.008,"derived via ARC ERA journal crosswalk: 131 shared-journal vote(s) over 61 FOR2008-classified journal(s), 1 agreeing"
FOR2008,1401,1401 Economic Theory,FOR,4905,Statistics,group,False,derived_empirical,0.008,"derived via ARC ERA journal crosswalk: 131 shared-journal vote(s) over 61 FOR2008-classified journal(s), 1 agreeing"
FOR2008,1401,1401 Economic Theory,FOR,5002,History and philosophy of specific fields,group,False,derived_empirical,0.008,"derived via ARC ERA journal crosswalk: 131 shared-journal vote(s) over 61 FOR2008-classified journal(s), 1 agreeing"
FOR2008,1401,1401 Economic Theory,FOR,3507,"Strategy, management and organisational behaviour",group,False,derived_empirical,0.008,"derived via ARC ERA journal crosswalk: 131 shared-journal vote(s) over 61 FOR2008-classified journal(s), 1 agreeing"
FOR2008,1402,1402 Applied Economics,FOR,3002,"Agriculture, land and farm management",group,False,derived_empirical,0.003,"derived via ARC ERA journal crosswalk: 572 shared-journal vote(s) over 282 FOR2008-classified journal(s), 2 agreeing"
FOR2008,1402,1402 Applied Economics,FOR,3005,Fisheries sciences,group,False,derived_empirical,0.003,"derived via ARC ERA journal crosswalk: 572 shared-journal vote(s) over 282 FOR2008-classified journal(s), 2 agreeing"
FOR2008,1402,1402 Applied Economics,FOR,4901,Applied mathematics,group,False,derived_empirical,0.003,"derived via ARC ERA journal crosswalk: 572 shared-journal vote(s) over 282 FOR2008-classified journal(s), 2 agreeing"
FOR2008,1402,1402 Applied Economics,FOR,3007,Forestry sciences,group,False,derived_empirical,0.005,"derived via ARC ERA journal crosswalk: 572 shared-journal vote(s) over 282 FOR2008-classified journal(s), 3 agreeing"
FOR2008,1402,1402 Applied Economics,FOR,4202,Epidemiology,group,False,derived_empirical,0.003,"derived via ARC ERA journal crosswalk: 572 shared-journal vote(s) over 282 FOR2008-classified journal(s), 2 agreeing"
FOR2008,1402,1402 Applied Economics,FOR,3506,Marketing,group,False,derived_empirical,0.003,"derived via ARC ERA journal crosswalk: 572 shared-journal vote(s) over 282 FOR2008-classified journal(s), 2 agreeing"
FOR2008,1402,1402 Applied Economics,FOR,3103,Ecology,group,False,derived_empirical,0.005,"derived via ARC ERA journal crosswalk: 572 shared-journal vote(s) over 282 FOR2008-classified journal(s), 3 agreeing"
FOR2008,1402,1402 Applied Economics,FOR,4012,Fluid mechanics and thermal engineering,group,False,derived_empirical,0.003,"derived via ARC ERA journal crosswalk: 572 shared-journal vote(s) over 282 FOR2008-classified journal(s), 2 agreeing"
FOR2008,1402,1402 Applied Economics,FOR,3707,Hydrology,group,False,derived_empirical,0.003,"derived via ARC ERA journal crosswalk: 572 shared-journal vote(s) over 282 FOR2008-classified journal(s), 2 agreeing"
FOR2008,1402,1402 Applied Economics,FOR,4101,Climate change impacts and adaptation,group,False,derived_empirical,0.002,"derived via ARC ERA journal crosswalk: 572 shared-journal vote(s) over 282 FOR2008-classified journal(s), 1 agreeing"
FOR2008,1402,1402 Applied Economics,FOR,4801,Commercial law,group,False,derived_empirical,0.002,"derived via ARC ERA journal crosswalk: 572 shared-journal vote(s) over 282 FOR2008-classified journal(s), 1 agreeing"
FOR2008,1402,1402 Applied Economics,FOR,3702,Climate change science,group,False,derived_empirical,0.002,"derived via ARC ERA journal crosswalk: 572 shared-journal vote(s) over 282 FOR2008-classified journal(s), 1 agreeing"
FOR2008,1402,1402 Applied Economics,FOR,4802,Environmental and resources law,group,False,derived_empirical,0.002,"derived via ARC ERA journal crosswalk: 572 shared-journal vote(s) over 282 FOR2008-classified journal(s), 1 agreeing"
FOR2008,1402,1402 Applied Economics,FOR,4205,Nursing,group,False,derived_empirical,0.002,"derived via ARC ERA journal crosswalk: 572 shared-journal vote(s) over 282 FOR2008-classified journal(s), 1 agreeing"
FOR2008,1402,1402 Applied Economics,FOR,4401,Anthropology,group,False,derived_empirical,0.002,"derived via ARC ERA journal crosswalk: 572 shared-journal vote(s) over 282 FOR2008-classified journal(s), 1 agreeing"
FOR2008,1402,1402 Applied Economics,FOR,3209,Neurosciences,group,False,derived_empirical,0.002,"derived via ARC ERA journal crosswalk: 572 shared-journal vote(s) over 282 FOR2008-classified journal(s), 1 agreeing"
FOR2008,1402,1402 Applied Economics,FOR,5202,Biological psychology,group,False,derived_empirical,0.002,"derived via ARC ERA journal crosswalk: 572 shared-journal vote(s) over 282 FOR2008-classified journal(s), 1 agreeing"
FOR2008,1402,1402 Applied Economics,FOR,3901,Curriculum and pedagogy,group,False,derived_empirical,0.002,"derived via ARC ERA journal crosswalk: 572 shared-journal vote(s) over 282 FOR2008-classified journal(s), 1 agreeing"
FOR2008,1402,1402 Applied Economics,FOR,3509,"Transportation, logistics and supply chains",group,False,derived_empirical,0.005,"derived via ARC ERA journal crosswalk: 572 shared-journal vote(s) over 282 FOR2008-classified journal(s), 3 agreeing"
FOR2008,1402,1402 Applied Economics,FOR,3503,Business systems in context,group,False,derived_empirical,0.003,"derived via ARC ERA journal crosswalk: 572 shared-journal vote(s) over 282 FOR2008-classified journal(s), 2 agreeing"
FOR2008,1402,1402 Applied Economics,FOR,4005,Civil engineering,group,False,derived_empirical,0.005,"derived via ARC ERA journal crosswalk: 572 shared-journal vote(s) over 282 FOR2008-classified journal(s), 3 agreeing"
FOR2008,1402,1402 Applied Economics,FOR,3899,Other economics,group,False,derived_empirical,0.017,"derived via ARC ERA journal crosswalk: 572 shared-journal vote(s) over 282 FOR2008-classified journal(s), 10 agreeing"
FOR2008,1402,1402 Applied Economics,FOR,4008,Electrical engineering,group,False,derived_empirical,0.005,"derived via ARC ERA journal crosswalk: 572 shared-journal vote(s) over 282 FOR2008-classified journal(s), 3 agreeing"
FOR2008,1402,1402 Applied Economics,FOR,4407,Policy and administration,group,False,derived_empirical,0.066,"derived via ARC ERA journal crosswalk: 572 shared-journal vote(s) over 282 FOR2008-classified journal(s), 38 agreeing"
FOR2008,1402,1402 Applied Economics,FOR,4404,Development studies,group,False,derived_empirical,0.054,"derived via ARC ERA journal crosswalk: 572 shared-journal vote(s) over 282 FOR2008-classified journal(s), 31 agreeing"
FOR2008,1402,1402 Applied Economics,FOR,3803,Economic theory,group,False,derived_empirical,0.037,"derived via ARC ERA journal crosswalk: 572 shared-journal vote(s) over 282 FOR2008-classified journal(s), 21 agreeing"
FOR2008,1402,1402 Applied Economics,FOR,3505,Human resources and industrial relations,group,False,derived_empirical,0.024,"derived via ARC ERA journal crosswalk: 572 shared-journal vote(s) over 282 FOR2008-classified journal(s), 14 agreeing"
FOR2008,1402,1402 Applied Economics,FOR,3802,Econometrics,group,False,derived_empirical,0.023,"derived via ARC ERA journal crosswalk: 572 shared-journal vote(s) over 282 FOR2008-classified journal(s), 13 agreeing"
FOR2008,1402,1402 Applied Economics,FOR,3507,"Strategy, management and organisational behaviour",group,False,derived_empirical,0.021,"derived via ARC ERA journal crosswalk: 572 shared-journal vote(s) over 282 FOR2008-classified journal(s), 12 agreeing"
FOR2008,1402,1402 Applied Economics,FOR,4408,Political science,group,False,derived_empirical,0.021,"derived via ARC ERA journal crosswalk: 572 shared-journal vote(s) over 282 FOR2008-classified journal(s), 12 agreeing"
FOR2008,1402,1402 Applied Economics,FOR,4102,Ecological applications,group,False,derived_empirical,0.002,"derived via ARC ERA journal crosswalk: 572 shared-journal vote(s) over 282 FOR2008-classified journal(s), 1 agreeing"
FOR2008,1402,1402 Applied Economics,FOR,3304,Urban and regional planning,group,False,derived_empirical,0.016,"derived via ARC ERA journal crosswalk: 572 shared-journal vote(s) over 282 FOR2008-classified journal(s), 9 agreeing"
FOR2008,1402,1402 Applied Economics,FOR,4203,Health services and systems,group,False,derived_empirical,0.016,"derived via ARC ERA journal crosswalk: 572 shared-journal vote(s) over 282 FOR2008-classified journal(s), 9 agreeing"
FOR2008,1402,1402 Applied Economics,FOR,4406,Human geography,group,False,derived_empirical,0.016,"derived via ARC ERA journal crosswalk: 572 shared-journal vote(s) over 282 FOR2008-classified journal(s), 9 agreeing"
FOR2008,1402,1402 Applied Economics,FOR,5002,History and philosophy of specific fields,group,False,derived_empirical,0.014,"derived via ARC ERA journal crosswalk: 572 shared-journal vote(s) over 282 FOR2008-classified journal(s), 8 agreeing"
FOR2008,1402,1402 Applied Economics,FOR,4410,Sociology,group,False,derived_empirical,0.012,"derived via ARC ERA journal crosswalk: 572 shared-journal vote(s) over 282 FOR2008-classified journal(s), 7 agreeing"
FOR2008,1402,1402 Applied Economics,FOR,3501,"Accounting, auditing and accountability",group,False,derived_empirical,0.009,"derived via ARC ERA journal crosswalk: 572 shared-journal vote(s) over 282 FOR2008-classified journal(s), 5 agreeing"
FOR2008,1402,1402 Applied Economics,FOR,4303,Historical studies,group,False,derived_empirical,0.009,"derived via ARC ERA journal crosswalk: 572 shared-journal vote(s) over 282 FOR2008-classified journal(s), 5 agreeing"
FOR2008,1402,1402 Applied Economics,FOR,4803,International and comparative law,group,False,derived_empirical,0.007,"derived via ARC ERA journal crosswalk: 572 shared-journal vote(s) over 282 FOR2008-classified journal(s), 4 agreeing"
FOR2008,1402,1402 Applied Economics,FOR,4206,Public health,group,False,derived_empirical,0.007,"derived via ARC ERA journal crosswalk: 572 shared-journal vote(s) over 282 FOR2008-classified journal(s), 4 agreeing"
FOR2008,1402,1402 Applied Economics,FOR,4104,Environmental management,group,False,derived_empirical,0.007,"derived via ARC ERA journal crosswalk: 572 shared-journal vote(s) over 282 FOR2008-classified journal(s), 4 agreeing"
FOR2008,1402,1402 Applied Economics,FOR,4004,Chemical engineering,group,False,derived_empirical,0.005,"derived via ARC ERA journal crosswalk: 572 shared-journal vote(s) over 282 FOR2008-classified journal(s), 3 agreeing"
FOR2008,1402,1402 Applied Economics,FOR,4905,Statistics,group,False,derived_empirical,0.005,"derived via ARC ERA journal crosswalk: 572 shared-journal vote(s) over 282 FOR2008-classified journal(s), 3 agreeing"
FOR2008,1402,1402 Applied Economics,FOR,3708,Oceanography,group,False,derived_empirical,0.002,"derived via ARC ERA journal crosswalk: 572 shared-journal vote(s) over 282 FOR2008-classified journal(s), 1 agreeing"
FOR2008,1402,1402 Applied Economics,FOR,3508,Tourism,group,False,derived_empirical,0.002,"derived via ARC ERA journal crosswalk: 572 shared-journal vote(s) over 282 FOR2008-classified journal(s), 1 agreeing"
FOR2008,1402,1402 Applied Economics,FOR,4705,Literary studies,group,False,derived_empirical,0.002,"derived via ARC ERA journal crosswalk: 572 shared-journal vote(s) over 282 FOR2008-classified journal(s), 1 agreeing"
FOR2008,1402,1402 Applied Economics,FOR,3709,Physical geography and environmental geoscience,group,False,derived_empirical,0.002,"derived via ARC ERA journal crosswalk: 572 shared-journal vote(s) over 282 FOR2008-classified journal(s), 1 agreeing"
FOR2008,1402,1402 Applied Economics,FOR,4409,Social work,group,False,derived_empirical,0.002,"derived via ARC ERA journal crosswalk: 572 shared-journal vote(s) over 282 FOR2008-classified journal(s), 1 agreeing"
FOR2008,1402,1402 Applied Economics,FOR,3214,Pharmacology and pharmaceutical sciences,group,False,derived_empirical,0.002,"derived via ARC ERA journal crosswalk: 572 shared-journal vote(s) over 282 FOR2008-classified journal(s), 1 agreeing"
FOR2008,1402,1402 Applied Economics,FOR,4610,Library and information studies,group,False,derived_empirical,0.002,"derived via ARC ERA journal crosswalk: 572 shared-journal vote(s) over 282 FOR2008-classified journal(s), 1 agreeing"
FOR2008,1402,1402 Applied Economics,FOR,3502,"Banking, finance and investment",group,False,derived_empirical,0.157,"derived via ARC ERA journal crosswalk: 572 shared-journal vote(s) over 282 FOR2008-classified journal(s), 90 agreeing"
FOR2008,1402,1402 Applied Economics,FOR,4608,Human-centred computing,group,False,derived_empirical,0.002,"derived via ARC ERA journal crosswalk: 572 shared-journal vote(s) over 282 FOR2008-classified journal(s), 1 agreeing"
FOR2008,1402,1402 Applied Economics,FOR,3801,Applied economics,group,True,derived_empirical,0.365,"derived via ARC ERA journal crosswalk: 572 shared-journal vote(s) over 282 FOR2008-classified journal(s), 209 agreeing"
FOR2008,1402,1402 Applied Economics,FOR,4403,Demography,group,False,derived_empirical,0.002,"derived via ARC ERA journal crosswalk: 572 shared-journal vote(s) over 282 FOR2008-classified journal(s), 1 agreeing"
FOR2008,1402,1402 Applied Economics,FOR,4609,Information systems,group,False,derived_empirical,0.002,"derived via ARC ERA journal crosswalk: 572 shared-journal vote(s) over 282 FOR2008-classified journal(s), 1 agreeing"
FOR2008,1402,1402 Applied Economics,FOR,4701,Communication and media studies,group,False,derived_empirical,0.002,"derived via ARC ERA journal crosswalk: 572 shared-journal vote(s) over 282 FOR2008-classified journal(s), 1 agreeing"
FOR2008,1403,1403 Econometrics,FOR,3801,Applied economics,group,True,derived_empirical,0.289,"derived via ARC ERA journal crosswalk: 142 shared-journal vote(s) over 68 FOR2008-classified journal(s), 41 agreeing"
FOR2008,1403,1403 Econometrics,FOR,4408,Political science,group,False,derived_empirical,0.007,"derived via ARC ERA journal crosswalk: 142 shared-journal vote(s) over 68 FOR2008-classified journal(s), 1 agreeing"
FOR2008,1403,1403 Econometrics,FOR,3304,Urban and regional planning,group,False,derived_empirical,0.007,"derived via ARC ERA journal crosswalk: 142 shared-journal vote(s) over 68 FOR2008-classified journal(s), 1 agreeing"
FOR2008,1403,1403 Econometrics,FOR,4303,Historical studies,group,False,derived_empirical,0.007,"derived via ARC ERA journal crosswalk: 142 shared-journal vote(s) over 68 FOR2008-classified journal(s), 1 agreeing"
FOR2008,1403,1403 Econometrics,FOR,4404,Development studies,group,False,derived_empirical,0.007,"derived via ARC ERA journal crosswalk: 142 shared-journal vote(s) over 68 FOR2008-classified journal(s), 1 agreeing"
FOR2008,1403,1403 Econometrics,FOR,5002,History and philosophy of specific fields,group,False,derived_empirical,0.021,"derived via ARC ERA journal crosswalk: 142 shared-journal vote(s) over 68 FOR2008-classified journal(s), 3 agreeing"
FOR2008,1403,1403 Econometrics,FOR,3803,Economic theory,group,False,derived_empirical,0.07,"derived via ARC ERA journal crosswalk: 142 shared-journal vote(s) over 68 FOR2008-classified journal(s), 10 agreeing"
FOR2008,1403,1403 Econometrics,FOR,3502,"Banking, finance and investment",group,False,derived_empirical,0.148,"derived via ARC ERA journal crosswalk: 142 shared-journal vote(s) over 68 FOR2008-classified journal(s), 21 agreeing"
FOR2008,1403,1403 Econometrics,FOR,4905,Statistics,group,False,derived_empirical,0.19,"derived via ARC ERA journal crosswalk: 142 shared-journal vote(s) over 68 FOR2008-classified journal(s), 27 agreeing"
FOR2008,1403,1403 Econometrics,FOR,3802,Econometrics,group,False,derived_empirical,0.225,"derived via ARC ERA journal crosswalk: 142 shared-journal vote(s) over 68 FOR2008-classified journal(s), 32 agreeing"
FOR2008,1403,1403 Econometrics,FOR,4407,Policy and administration,group,False,derived_empirical,0.021,"derived via ARC ERA journal crosswalk: 142 shared-journal vote(s) over 68 FOR2008-classified journal(s), 3 agreeing"
FOR2008,1403,1403 Econometrics,FOR,3507,"Strategy, management and organisational behaviour",group,False,derived_empirical,0.007,"derived via ARC ERA journal crosswalk: 142 shared-journal vote(s) over 68 FOR2008-classified journal(s), 1 agreeing"
FOR2008,1499,1499 Other Economics,FOR,3509,"Transportation, logistics and supply chains",group,False,derived_empirical,0.017,"derived via ARC ERA journal crosswalk: 58 shared-journal vote(s) over 32 FOR2008-classified journal(s), 1 agreeing"
FOR2008,1499,1499 Other Economics,FOR,3501,"Accounting, auditing and accountability",group,False,derived_empirical,0.017,"derived via ARC ERA journal crosswalk: 58 shared-journal vote(s) over 32 FOR2008-classified journal(s), 1 agreeing"
FOR2008,1499,1499 Other Economics,FOR,3507,"Strategy, management and organisational behaviour",group,False,derived_empirical,0.017,"derived via ARC ERA journal crosswalk: 58 shared-journal vote(s) over 32 FOR2008-classified journal(s), 1 agreeing"
FOR2008,1499,1499 Other Economics,FOR,3505,Human resources and industrial relations,group,False,derived_empirical,0.017,"derived via ARC ERA journal crosswalk: 58 shared-journal vote(s) over 32 FOR2008-classified journal(s), 1 agreeing"
FOR2008,1499,1499 Other Economics,FOR,4104,Environmental management,group,False,derived_empirical,0.017,"derived via ARC ERA journal crosswalk: 58 shared-journal vote(s) over 32 FOR2008-classified journal(s), 1 agreeing"
FOR2008,1499,1499 Other Economics,FOR,3304,Urban and regional planning,group,False,derived_empirical,0.017,"derived via ARC ERA journal crosswalk: 58 shared-journal vote(s) over 32 FOR2008-classified journal(s), 1 agreeing"
FOR2008,1499,1499 Other Economics,FOR,4102,Ecological applications,group,False,derived_empirical,0.017,"derived via ARC ERA journal crosswalk: 58 shared-journal vote(s) over 32 FOR2008-classified journal(s), 1 agreeing"
FOR2008,1499,1499 Other Economics,FOR,3007,Forestry sciences,group,False,derived_empirical,0.017,"derived via ARC ERA journal crosswalk: 58 shared-journal vote(s) over 32 FOR2008-classified journal(s), 1 agreeing"
FOR2008,1499,1499 Other Economics,FOR,4408,Political science,group,False,derived_empirical,0.017,"derived via ARC ERA journal crosswalk: 58 shared-journal vote(s) over 32 FOR2008-classified journal(s), 1 agreeing"
FOR2008,1499,1499 Other Economics,FOR,3801,Applied economics,group,True,derived_empirical,0.379,"derived via ARC ERA journal crosswalk: 58 shared-journal vote(s) over 32 FOR2008-classified journal(s), 22 agreeing"
FOR2008,1499,1499 Other Economics,FOR,3899,Other economics,group,False,derived_empirical,0.172,"derived via ARC ERA journal crosswalk: 58 shared-journal vote(s) over 32 FOR2008-classified journal(s), 10 agreeing"
FOR2008,1499,1499 Other Economics,FOR,3502,"Banking, finance and investment",group,False,derived_empirical,0.138,"derived via ARC ERA journal crosswalk: 58 shared-journal vote(s) over 32 FOR2008-classified journal(s), 8 agreeing"
FOR2008,1499,1499 Other Economics,FOR,5003,Philosophy,group,False,derived_empirical,0.017,"derived via ARC ERA journal crosswalk: 58 shared-journal vote(s) over 32 FOR2008-classified journal(s), 1 agreeing"
FOR2008,1499,1499 Other Economics,FOR,3103,Ecology,group,False,derived_empirical,0.034,"derived via ARC ERA journal crosswalk: 58 shared-journal vote(s) over 32 FOR2008-classified journal(s), 2 agreeing"
FOR2008,1499,1499 Other Economics,FOR,4406,Human geography,group,False,derived_empirical,0.034,"derived via ARC ERA journal crosswalk: 58 shared-journal vote(s) over 32 FOR2008-classified journal(s), 2 agreeing"
FOR2008,1499,1499 Other Economics,FOR,4404,Development studies,group,False,derived_empirical,0.017,"derived via ARC ERA journal crosswalk: 58 shared-journal vote(s) over 32 FOR2008-classified journal(s), 1 agreeing"
FOR2008,1499,1499 Other Economics,FOR,3803,Economic theory,group,False,derived_empirical,0.052,"derived via ARC ERA journal crosswalk: 58 shared-journal vote(s) over 32 FOR2008-classified journal(s), 3 agreeing"
FOR2008,15,"15 Commerce, Management, Tourism and Services",FOR,35,"COMMERCE, MANAGEMENT, TOURISM AND SERVICES",division,True,derived_empirical,0.425,"derived via ARC ERA journal crosswalk: 181 shared-journal vote(s) over 624 FOR2008-classified journal(s), 77 agreeing"
FOR2008,15,"15 Commerce, Management, Tourism and Services",FOR,38,ECONOMICS,division,False,derived_empirical,0.116,"derived via ARC ERA journal crosswalk: 181 shared-journal vote(s) over 624 FOR2008-classified journal(s), 21 agreeing"
FOR2008,15,"15 Commerce, Management, Tourism and Services",FOR,52,PSYCHOLOGY,division,False,derived_empirical,0.105,"derived via ARC ERA journal crosswalk: 181 shared-journal vote(s) over 624 FOR2008-classified journal(s), 19 agreeing"
FOR2008,15,"15 Commerce, Management, Tourism and Services",FOR,46,INFORMATION AND COMPUTING SCIENCES,division,False,derived_empirical,0.083,"derived via ARC ERA journal crosswalk: 181 shared-journal vote(s) over 624 FOR2008-classified journal(s), 15 agreeing"
FOR2008,15,"15 Commerce, Management, Tourism and Services",FOR,49,MATHEMATICAL SCIENCES,division,False,derived_empirical,0.077,"derived via ARC ERA journal crosswalk: 181 shared-journal vote(s) over 624 FOR2008-classified journal(s), 14 agreeing"
FOR2008,15,"15 Commerce, Management, Tourism and Services",FOR,44,HUMAN SOCIETY,division,False,derived_empirical,0.05,"derived via ARC ERA journal crosswalk: 181 shared-journal vote(s) over 624 FOR2008-classified journal(s), 9 agreeing"
FOR2008,15,"15 Commerce, Management, Tourism and Services",FOR,40,ENGINEERING,division,False,derived_empirical,0.044,"derived via ARC ERA journal crosswalk: 181 shared-journal vote(s) over 624 FOR2008-classified journal(s), 8 agreeing"
FOR2008,15,"15 Commerce, Management, Tourism and Services",FOR,47,"LANGUAGE, COMMUNICATION AND CULTURE",division,False,derived_empirical,0.017,"derived via ARC ERA journal crosswalk: 181 shared-journal vote(s) over 624 FOR2008-classified journal(s), 3 agreeing"
FOR2008,15,"15 Commerce, Management, Tourism and Services",FOR,36,CREATIVE ARTS AND WRITING,division,False,derived_empirical,0.017,"derived via ARC ERA journal crosswalk: 181 shared-journal vote(s) over 624 FOR2008-classified journal(s), 3 agreeing"
FOR2008,15,"15 Commerce, Management, Tourism and Services",FOR,33,BUILT ENVIRONMENT AND DESIGN,division,False,derived_empirical,0.017,"derived via ARC ERA journal crosswalk: 181 shared-journal vote(s) over 624 FOR2008-classified journal(s), 3 agreeing"
FOR2008,15,"15 Commerce, Management, Tourism and Services",FOR,32,BIOMEDICAL AND CLINICAL SCIENCES,division,False,derived_empirical,0.011,"derived via ARC ERA journal crosswalk: 181 shared-journal vote(s) over 624 FOR2008-classified journal(s), 2 agreeing"
FOR2008,15,"15 Commerce, Management, Tourism and Services",FOR,50,PHILOSOPHY AND RELIGIOUS STUDIES,division,False,derived_empirical,0.011,"derived via ARC ERA journal crosswalk: 181 shared-journal vote(s) over 624 FOR2008-classified journal(s), 2 agreeing"
FOR2008,15,"15 Commerce, Management, Tourism and Services",FOR,41,ENVIRONMENTAL SCIENCES,division,False,derived_empirical,0.011,"derived via ARC ERA journal crosswalk: 181 shared-journal vote(s) over 624 FOR2008-classified journal(s), 2 agreeing"
FOR2008,15,"15 Commerce, Management, Tourism and Services",FOR,48,LAW AND LEGAL STUDIES,division,False,derived_empirical,0.011,"derived via ARC ERA journal crosswalk: 181 shared-journal vote(s) over 624 FOR2008-classified journal(s), 2 agreeing"
FOR2008,15,"15 Commerce, Management, Tourism and Services",FOR,42,HEALTH SCIENCES,division,False,derived_empirical,0.006,"derived via ARC ERA journal crosswalk: 181 shared-journal vote(s) over 624 FOR2008-classified journal(s), 1 agreeing"
FOR2008,1501,"1501 Accounting, Auditing and Accountability",FOR,5001,Applied ethics,group,False,derived_empirical,0.014,"derived via ARC ERA journal crosswalk: 73 shared-journal vote(s) over 50 FOR2008-classified journal(s), 1 agreeing"
FOR2008,1501,"1501 Accounting, Auditing and Accountability",FOR,4609,Information systems,group,False,derived_empirical,0.014,"derived via ARC ERA journal crosswalk: 73 shared-journal vote(s) over 50 FOR2008-classified journal(s), 1 agreeing"
FOR2008,1501,"1501 Accounting, Auditing and Accountability",FOR,4407,Policy and administration,group,False,derived_empirical,0.041,"derived via ARC ERA journal crosswalk: 73 shared-journal vote(s) over 50 FOR2008-classified journal(s), 3 agreeing"
FOR2008,1501,"1501 Accounting, Auditing and Accountability",FOR,3801,Applied economics,group,False,derived_empirical,0.082,"derived via ARC ERA journal crosswalk: 73 shared-journal vote(s) over 50 FOR2008-classified journal(s), 6 agreeing"
FOR2008,1501,"1501 Accounting, Auditing and Accountability",FOR,3507,"Strategy, management and organisational behaviour",group,False,derived_empirical,0.096,"derived via ARC ERA journal crosswalk: 73 shared-journal vote(s) over 50 FOR2008-classified journal(s), 7 agreeing"
FOR2008,1501,"1501 Accounting, Auditing and Accountability",FOR,3502,"Banking, finance and investment",group,False,derived_empirical,0.301,"derived via ARC ERA journal crosswalk: 73 shared-journal vote(s) over 50 FOR2008-classified journal(s), 22 agreeing"
FOR2008,1501,"1501 Accounting, Auditing and Accountability",FOR,3501,"Accounting, auditing and accountability",group,True,derived_empirical,0.425,"derived via ARC ERA journal crosswalk: 73 shared-journal vote(s) over 50 FOR2008-classified journal(s), 31 agreeing"
FOR2008,1501,"1501 Accounting, Auditing and Accountability",FOR,4701,Communication and media studies,group,False,derived_empirical,0.027,"derived via ARC ERA journal crosswalk: 73 shared-journal vote(s) over 50 FOR2008-classified journal(s), 2 agreeing"
FOR2008,1502,"1502 Banking, Finance and Investment",FOR,3502,"Banking, finance and investment",group,True,derived_empirical,0.442,"derived via ARC ERA journal crosswalk: 190 shared-journal vote(s) over 103 FOR2008-classified journal(s), 84 agreeing"
FOR2008,1502,"1502 Banking, Finance and Investment",FOR,3899,Other economics,group,False,derived_empirical,0.005,"derived via ARC ERA journal crosswalk: 190 shared-journal vote(s) over 103 FOR2008-classified journal(s), 1 agreeing"
FOR2008,1502,"1502 Banking, Finance and Investment",FOR,4904,Pure mathematics,group,False,derived_empirical,0.005,"derived via ARC ERA journal crosswalk: 190 shared-journal vote(s) over 103 FOR2008-classified journal(s), 1 agreeing"
FOR2008,1502,"1502 Banking, Finance and Investment",FOR,3505,Human resources and industrial relations,group,False,derived_empirical,0.005,"derived via ARC ERA journal crosswalk: 190 shared-journal vote(s) over 103 FOR2008-classified journal(s), 1 agreeing"
FOR2008,1502,"1502 Banking, Finance and Investment",FOR,4404,Development studies,group,False,derived_empirical,0.016,"derived via ARC ERA journal crosswalk: 190 shared-journal vote(s) over 103 FOR2008-classified journal(s), 3 agreeing"
FOR2008,1502,"1502 Banking, Finance and Investment",FOR,3803,Economic theory,group,False,derived_empirical,0.016,"derived via ARC ERA journal crosswalk: 190 shared-journal vote(s) over 103 FOR2008-classified journal(s), 3 agreeing"
FOR2008,1502,"1502 Banking, Finance and Investment",FOR,3801,Applied economics,group,False,derived_empirical,0.247,"derived via ARC ERA journal crosswalk: 190 shared-journal vote(s) over 103 FOR2008-classified journal(s), 47 agreeing"
FOR2008,1502,"1502 Banking, Finance and Investment",FOR,3802,Econometrics,group,False,derived_empirical,0.026,"derived via ARC ERA journal crosswalk: 190 shared-journal vote(s) over 103 FOR2008-classified journal(s), 5 agreeing"
FOR2008,1502,"1502 Banking, Finance and Investment",FOR,4905,Statistics,group,False,derived_empirical,0.032,"derived via ARC ERA journal crosswalk: 190 shared-journal vote(s) over 103 FOR2008-classified journal(s), 6 agreeing"
FOR2008,1502,"1502 Banking, Finance and Investment",FOR,4901,Applied mathematics,group,False,derived_empirical,0.068,"derived via ARC ERA journal crosswalk: 190 shared-journal vote(s) over 103 FOR2008-classified journal(s), 13 agreeing"
FOR2008,1502,"1502 Banking, Finance and Investment",FOR,3501,"Accounting, auditing and accountability",group,False,derived_empirical,0.121,"derived via ARC ERA journal crosswalk: 190 shared-journal vote(s) over 103 FOR2008-classified journal(s), 23 agreeing"
FOR2008,1502,"1502 Banking, Finance and Investment",FOR,3507,"Strategy, management and organisational behaviour",group,False,derived_empirical,0.016,"derived via ARC ERA journal crosswalk: 190 shared-journal vote(s) over 103 FOR2008-classified journal(s), 3 agreeing"
FOR2008,1503,1503 Business and Management,FOR,5204,Cognitive and computational psychology,group,False,derived_empirical,0.007,"derived via ARC ERA journal crosswalk: 581 shared-journal vote(s) over 297 FOR2008-classified journal(s), 4 agreeing"
FOR2008,1503,1503 Business and Management,FOR,4206,Public health,group,False,derived_empirical,0.007,"derived via ARC ERA journal crosswalk: 581 shared-journal vote(s) over 297 FOR2008-classified journal(s), 4 agreeing"
FOR2008,1503,1503 Business and Management,FOR,3508,Tourism,group,False,derived_empirical,0.009,"derived via ARC ERA journal crosswalk: 581 shared-journal vote(s) over 297 FOR2008-classified journal(s), 5 agreeing"
FOR2008,1503,1503 Business and Management,FOR,4410,Sociology,group,False,derived_empirical,0.01,"derived via ARC ERA journal crosswalk: 581 shared-journal vote(s) over 297 FOR2008-classified journal(s), 6 agreeing"
FOR2008,1503,1503 Business and Management,FOR,4404,Development studies,group,False,derived_empirical,0.01,"derived via ARC ERA journal crosswalk: 581 shared-journal vote(s) over 297 FOR2008-classified journal(s), 6 agreeing"
FOR2008,1503,1503 Business and Management,FOR,3504,Commercial services,group,False,derived_empirical,0.012,"derived via ARC ERA journal crosswalk: 581 shared-journal vote(s) over 297 FOR2008-classified journal(s), 7 agreeing"
FOR2008,1503,1503 Business and Management,FOR,5203,Clinical and health psychology,group,False,derived_empirical,0.017,"derived via ARC ERA journal crosswalk: 581 shared-journal vote(s) over 297 FOR2008-classified journal(s), 10 agreeing"
FOR2008,1503,1503 Business and Management,FOR,4408,Political science,group,False,derived_empirical,0.017,"derived via ARC ERA journal crosswalk: 581 shared-journal vote(s) over 297 FOR2008-classified journal(s), 10 agreeing"
FOR2008,1503,1503 Business and Management,FOR,3502,"Banking, finance and investment",group,False,derived_empirical,0.019,"derived via ARC ERA journal crosswalk: 581 shared-journal vote(s) over 297 FOR2008-classified journal(s), 11 agreeing"
FOR2008,1503,1503 Business and Management,FOR,3801,Applied economics,group,False,derived_empirical,0.031,"derived via ARC ERA journal crosswalk: 581 shared-journal vote(s) over 297 FOR2008-classified journal(s), 18 agreeing"
FOR2008,1503,1503 Business and Management,FOR,5205,Social and personality psychology,group,False,derived_empirical,0.026,"derived via ARC ERA journal crosswalk: 581 shared-journal vote(s) over 297 FOR2008-classified journal(s), 15 agreeing"
FOR2008,1503,1503 Business and Management,FOR,3509,"Transportation, logistics and supply chains",group,False,derived_empirical,0.031,"derived via ARC ERA journal crosswalk: 581 shared-journal vote(s) over 297 FOR2008-classified journal(s), 18 agreeing"
FOR2008,1503,1503 Business and Management,FOR,4609,Information systems,group,False,derived_empirical,0.036,"derived via ARC ERA journal crosswalk: 581 shared-journal vote(s) over 297 FOR2008-classified journal(s), 21 agreeing"
FOR2008,1503,1503 Business and Management,FOR,5001,Applied ethics,group,False,derived_empirical,0.005,"derived via ARC ERA journal crosswalk: 581 shared-journal vote(s) over 297 FOR2008-classified journal(s), 3 agreeing"
FOR2008,1503,1503 Business and Management,FOR,3503,Business systems in context,group,False,derived_empirical,0.045,"derived via ARC ERA journal crosswalk: 581 shared-journal vote(s) over 297 FOR2008-classified journal(s), 26 agreeing"
FOR2008,1503,1503 Business and Management,FOR,3506,Marketing,group,False,derived_empirical,0.045,"derived via ARC ERA journal crosswalk: 581 shared-journal vote(s) over 297 FOR2008-classified journal(s), 26 agreeing"
FOR2008,1503,1503 Business and Management,FOR,5201,Applied and developmental psychology,group,False,derived_empirical,0.071,"derived via ARC ERA journal crosswalk: 581 shared-journal vote(s) over 297 FOR2008-classified journal(s), 41 agreeing"
FOR2008,1503,1503 Business and Management,FOR,3505,Human resources and industrial relations,group,False,derived_empirical,0.176,"derived via ARC ERA journal crosswalk: 581 shared-journal vote(s) over 297 FOR2008-classified journal(s), 102 agreeing"
FOR2008,1503,1503 Business and Management,FOR,3507,"Strategy, management and organisational behaviour",group,True,derived_empirical,0.303,"derived via ARC ERA journal crosswalk: 581 shared-journal vote(s) over 297 FOR2008-classified journal(s), 176 agreeing"
FOR2008,1503,1503 Business and Management,FOR,4901,Applied mathematics,group,False,derived_empirical,0.021,"derived via ARC ERA journal crosswalk: 581 shared-journal vote(s) over 297 FOR2008-classified journal(s), 12 agreeing"
FOR2008,1503,1503 Business and Management,FOR,4407,Policy and administration,group,False,derived_empirical,0.036,"derived via ARC ERA journal crosswalk: 581 shared-journal vote(s) over 297 FOR2008-classified journal(s), 21 agreeing"
FOR2008,1503,1503 Business and Management,FOR,4701,Communication and media studies,group,False,derived_empirical,0.007,"derived via ARC ERA journal crosswalk: 581 shared-journal vote(s) over 297 FOR2008-classified journal(s), 4 agreeing"
FOR2008,1503,1503 Business and Management,FOR,5002,History and philosophy of specific fields,group,False,derived_empirical,0.005,"derived via ARC ERA journal crosswalk: 581 shared-journal vote(s) over 297 FOR2008-classified journal(s), 3 agreeing"
FOR2008,1503,1503 Business and Management,FOR,3202,Clinical sciences,group,False,derived_empirical,0.002,"derived via ARC ERA journal crosswalk: 581 shared-journal vote(s) over 297 FOR2008-classified journal(s), 1 agreeing"
FOR2008,1503,1503 Business and Management,FOR,3501,"Accounting, auditing and accountability",group,False,derived_empirical,0.005,"derived via ARC ERA journal crosswalk: 581 shared-journal vote(s) over 297 FOR2008-classified journal(s), 3 agreeing"
FOR2008,1503,1503 Business and Management,FOR,4802,Environmental and resources law,group,False,derived_empirical,0.002,"derived via ARC ERA journal crosswalk: 581 shared-journal vote(s) over 297 FOR2008-classified journal(s), 1 agreeing"
FOR2008,1503,1503 Business and Management,FOR,4805,Legal systems,group,False,derived_empirical,0.002,"derived via ARC ERA journal crosswalk: 581 shared-journal vote(s) over 297 FOR2008-classified journal(s), 1 agreeing"
FOR2008,1503,1503 Business and Management,FOR,4804,Law in context,group,False,derived_empirical,0.002,"derived via ARC ERA journal crosswalk: 581 shared-journal vote(s) over 297 FOR2008-classified journal(s), 1 agreeing"
FOR2008,1503,1503 Business and Management,FOR,4005,Civil engineering,group,False,derived_empirical,0.002,"derived via ARC ERA journal crosswalk: 581 shared-journal vote(s) over 297 FOR2008-classified journal(s), 1 agreeing"
FOR2008,1503,1503 Business and Management,FOR,3301,Architecture,group,False,derived_empirical,0.002,"derived via ARC ERA journal crosswalk: 581 shared-journal vote(s) over 297 FOR2008-classified journal(s), 1 agreeing"
FOR2008,1503,1503 Business and Management,FOR,5003,Philosophy,group,False,derived_empirical,0.002,"derived via ARC ERA journal crosswalk: 581 shared-journal vote(s) over 297 FOR2008-classified journal(s), 1 agreeing"
FOR2008,1503,1503 Business and Management,FOR,4803,International and comparative law,group,False,derived_empirical,0.002,"derived via ARC ERA journal crosswalk: 581 shared-journal vote(s) over 297 FOR2008-classified journal(s), 1 agreeing"
FOR2008,1503,1503 Business and Management,FOR,4104,Environmental management,group,False,derived_empirical,0.002,"derived via ARC ERA journal crosswalk: 581 shared-journal vote(s) over 297 FOR2008-classified journal(s), 1 agreeing"
FOR2008,1503,1503 Business and Management,FOR,4610,Library and information studies,group,False,derived_empirical,0.002,"derived via ARC ERA journal crosswalk: 581 shared-journal vote(s) over 297 FOR2008-classified journal(s), 1 agreeing"
FOR2008,1503,1503 Business and Management,FOR,4014,Manufacturing engineering,group,False,derived_empirical,0.005,"derived via ARC ERA journal crosswalk: 581 shared-journal vote(s) over 297 FOR2008-classified journal(s), 3 agreeing"
FOR2008,1503,1503 Business and Management,FOR,4303,Historical studies,group,False,derived_empirical,0.005,"derived via ARC ERA journal crosswalk: 581 shared-journal vote(s) over 297 FOR2008-classified journal(s), 3 agreeing"
FOR2008,1503,1503 Business and Management,FOR,4203,Health services and systems,group,False,derived_empirical,0.003,"derived via ARC ERA journal crosswalk: 581 shared-journal vote(s) over 297 FOR2008-classified journal(s), 2 agreeing"
FOR2008,1503,1503 Business and Management,FOR,4406,Human geography,group,False,derived_empirical,0.005,"derived via ARC ERA journal crosswalk: 581 shared-journal vote(s) over 297 FOR2008-classified journal(s), 3 agreeing"
FOR2008,1503,1503 Business and Management,FOR,4801,Commercial law,group,False,derived_empirical,0.003,"derived via ARC ERA journal crosswalk: 581 shared-journal vote(s) over 297 FOR2008-classified journal(s), 2 agreeing"
FOR2008,1503,1503 Business and Management,FOR,3302,Building,group,False,derived_empirical,0.003,"derived via ARC ERA journal crosswalk: 581 shared-journal vote(s) over 297 FOR2008-classified journal(s), 2 agreeing"
FOR2008,1503,1503 Business and Management,FOR,4405,Gender studies,group,False,derived_empirical,0.003,"derived via ARC ERA journal crosswalk: 581 shared-journal vote(s) over 297 FOR2008-classified journal(s), 2 agreeing"
FOR2008,1503,1503 Business and Management,FOR,4905,Statistics,group,False,derived_empirical,0.003,"derived via ARC ERA journal crosswalk: 581 shared-journal vote(s) over 297 FOR2008-classified journal(s), 2 agreeing"
FOR2008,1504,1504 Commercial Services,FOR,4401,Anthropology,group,False,derived_empirical,0.012,"derived via ARC ERA journal crosswalk: 84 shared-journal vote(s) over 38 FOR2008-classified journal(s), 1 agreeing"
FOR2008,1504,1504 Commercial Services,FOR,4702,Cultural studies,group,False,derived_empirical,0.024,"derived via ARC ERA journal crosswalk: 84 shared-journal vote(s) over 38 FOR2008-classified journal(s), 2 agreeing"
FOR2008,1504,1504 Commercial Services,FOR,4207,Sports science and exercise,group,False,derived_empirical,0.024,"derived via ARC ERA journal crosswalk: 84 shared-journal vote(s) over 38 FOR2008-classified journal(s), 2 agreeing"
FOR2008,1504,1504 Commercial Services,FOR,4005,Civil engineering,group,False,derived_empirical,0.024,"derived via ARC ERA journal crosswalk: 84 shared-journal vote(s) over 38 FOR2008-classified journal(s), 2 agreeing"
FOR2008,1504,1504 Commercial Services,FOR,3302,Building,group,False,derived_empirical,0.024,"derived via ARC ERA journal crosswalk: 84 shared-journal vote(s) over 38 FOR2008-classified journal(s), 2 agreeing"
FOR2008,1504,1504 Commercial Services,FOR,4410,Sociology,group,False,derived_empirical,0.036,"derived via ARC ERA journal crosswalk: 84 shared-journal vote(s) over 38 FOR2008-classified journal(s), 3 agreeing"
FOR2008,1504,1504 Commercial Services,FOR,3801,Applied economics,group,False,derived_empirical,0.036,"derived via ARC ERA journal crosswalk: 84 shared-journal vote(s) over 38 FOR2008-classified journal(s), 3 agreeing"
FOR2008,1504,1504 Commercial Services,FOR,3502,"Banking, finance and investment",group,False,derived_empirical,0.036,"derived via ARC ERA journal crosswalk: 84 shared-journal vote(s) over 38 FOR2008-classified journal(s), 3 agreeing"
FOR2008,1504,1504 Commercial Services,FOR,3508,Tourism,group,False,derived_empirical,0.167,"derived via ARC ERA journal crosswalk: 84 shared-journal vote(s) over 38 FOR2008-classified journal(s), 14 agreeing"
FOR2008,1504,1504 Commercial Services,FOR,3506,Marketing,group,False,derived_empirical,0.19,"derived via ARC ERA journal crosswalk: 84 shared-journal vote(s) over 38 FOR2008-classified journal(s), 16 agreeing"
FOR2008,1504,1504 Commercial Services,FOR,3504,Commercial services,group,True,derived_empirical,0.25,"derived via ARC ERA journal crosswalk: 84 shared-journal vote(s) over 38 FOR2008-classified journal(s), 21 agreeing"
FOR2008,1504,1504 Commercial Services,FOR,4406,Human geography,group,False,derived_empirical,0.036,"derived via ARC ERA journal crosswalk: 84 shared-journal vote(s) over 38 FOR2008-classified journal(s), 3 agreeing"
FOR2008,1504,1504 Commercial Services,FOR,3507,"Strategy, management and organisational behaviour",group,False,derived_empirical,0.119,"derived via ARC ERA journal crosswalk: 84 shared-journal vote(s) over 38 FOR2008-classified journal(s), 10 agreeing"
FOR2008,1504,1504 Commercial Services,FOR,4405,Gender studies,group,False,derived_empirical,0.024,"derived via ARC ERA journal crosswalk: 84 shared-journal vote(s) over 38 FOR2008-classified journal(s), 2 agreeing"
FOR2008,1505,1505 Marketing,FOR,5205,Social and personality psychology,group,False,derived_empirical,0.016,"derived via ARC ERA journal crosswalk: 246 shared-journal vote(s) over 135 FOR2008-classified journal(s), 4 agreeing"
FOR2008,1505,1505 Marketing,FOR,3202,Clinical sciences,group,False,derived_empirical,0.004,"derived via ARC ERA journal crosswalk: 246 shared-journal vote(s) over 135 FOR2008-classified journal(s), 1 agreeing"
FOR2008,1505,1505 Marketing,FOR,3210,Nutrition and dietetics,group,False,derived_empirical,0.004,"derived via ARC ERA journal crosswalk: 246 shared-journal vote(s) over 135 FOR2008-classified journal(s), 1 agreeing"
FOR2008,1505,1505 Marketing,FOR,3006,Food sciences,group,False,derived_empirical,0.004,"derived via ARC ERA journal crosswalk: 246 shared-journal vote(s) over 135 FOR2008-classified journal(s), 1 agreeing"
FOR2008,1505,1505 Marketing,FOR,4601,Applied computing,group,False,derived_empirical,0.004,"derived via ARC ERA journal crosswalk: 246 shared-journal vote(s) over 135 FOR2008-classified journal(s), 1 agreeing"
FOR2008,1505,1505 Marketing,FOR,3605,Screen and digital media,group,False,derived_empirical,0.004,"derived via ARC ERA journal crosswalk: 246 shared-journal vote(s) over 135 FOR2008-classified journal(s), 1 agreeing"
FOR2008,1505,1505 Marketing,FOR,4404,Development studies,group,False,derived_empirical,0.004,"derived via ARC ERA journal crosswalk: 246 shared-journal vote(s) over 135 FOR2008-classified journal(s), 1 agreeing"
FOR2008,1505,1505 Marketing,FOR,5003,Philosophy,group,False,derived_empirical,0.004,"derived via ARC ERA journal crosswalk: 246 shared-journal vote(s) over 135 FOR2008-classified journal(s), 1 agreeing"
FOR2008,1505,1505 Marketing,FOR,5001,Applied ethics,group,False,derived_empirical,0.004,"derived via ARC ERA journal crosswalk: 246 shared-journal vote(s) over 135 FOR2008-classified journal(s), 1 agreeing"
FOR2008,1505,1505 Marketing,FOR,4901,Applied mathematics,group,False,derived_empirical,0.004,"derived via ARC ERA journal crosswalk: 246 shared-journal vote(s) over 135 FOR2008-classified journal(s), 1 agreeing"
FOR2008,1505,1505 Marketing,FOR,4202,Epidemiology,group,False,derived_empirical,0.004,"derived via ARC ERA journal crosswalk: 246 shared-journal vote(s) over 135 FOR2008-classified journal(s), 1 agreeing"
FOR2008,1505,1505 Marketing,FOR,4905,Statistics,group,False,derived_empirical,0.004,"derived via ARC ERA journal crosswalk: 246 shared-journal vote(s) over 135 FOR2008-classified journal(s), 1 agreeing"
FOR2008,1505,1505 Marketing,FOR,3802,Econometrics,group,False,derived_empirical,0.004,"derived via ARC ERA journal crosswalk: 246 shared-journal vote(s) over 135 FOR2008-classified journal(s), 1 agreeing"
FOR2008,1505,1505 Marketing,FOR,4407,Policy and administration,group,False,derived_empirical,0.008,"derived via ARC ERA journal crosswalk: 246 shared-journal vote(s) over 135 FOR2008-classified journal(s), 2 agreeing"
FOR2008,1505,1505 Marketing,FOR,4408,Political science,group,False,derived_empirical,0.008,"derived via ARC ERA journal crosswalk: 246 shared-journal vote(s) over 135 FOR2008-classified journal(s), 2 agreeing"
FOR2008,1505,1505 Marketing,FOR,3904,Specialist studies in education,group,False,derived_empirical,0.004,"derived via ARC ERA journal crosswalk: 246 shared-journal vote(s) over 135 FOR2008-classified journal(s), 1 agreeing"
FOR2008,1505,1505 Marketing,FOR,4701,Communication and media studies,group,False,derived_empirical,0.012,"derived via ARC ERA journal crosswalk: 246 shared-journal vote(s) over 135 FOR2008-classified journal(s), 3 agreeing"
FOR2008,1505,1505 Marketing,FOR,4410,Sociology,group,False,derived_empirical,0.008,"derived via ARC ERA journal crosswalk: 246 shared-journal vote(s) over 135 FOR2008-classified journal(s), 2 agreeing"
FOR2008,1505,1505 Marketing,FOR,3502,"Banking, finance and investment",group,False,derived_empirical,0.016,"derived via ARC ERA journal crosswalk: 246 shared-journal vote(s) over 135 FOR2008-classified journal(s), 4 agreeing"
FOR2008,1505,1505 Marketing,FOR,4609,Information systems,group,False,derived_empirical,0.02,"derived via ARC ERA journal crosswalk: 246 shared-journal vote(s) over 135 FOR2008-classified journal(s), 5 agreeing"
FOR2008,1505,1505 Marketing,FOR,3509,"Transportation, logistics and supply chains",group,False,derived_empirical,0.024,"derived via ARC ERA journal crosswalk: 246 shared-journal vote(s) over 135 FOR2008-classified journal(s), 6 agreeing"
FOR2008,1505,1505 Marketing,FOR,3503,Business systems in context,group,False,derived_empirical,0.028,"derived via ARC ERA journal crosswalk: 246 shared-journal vote(s) over 135 FOR2008-classified journal(s), 7 agreeing"
FOR2008,1505,1505 Marketing,FOR,3801,Applied economics,group,False,derived_empirical,0.033,"derived via ARC ERA journal crosswalk: 246 shared-journal vote(s) over 135 FOR2008-classified journal(s), 8 agreeing"
FOR2008,1505,1505 Marketing,FOR,3508,Tourism,group,False,derived_empirical,0.053,"derived via ARC ERA journal crosswalk: 246 shared-journal vote(s) over 135 FOR2008-classified journal(s), 13 agreeing"
FOR2008,1505,1505 Marketing,FOR,5201,Applied and developmental psychology,group,False,derived_empirical,0.016,"derived via ARC ERA journal crosswalk: 246 shared-journal vote(s) over 135 FOR2008-classified journal(s), 4 agreeing"
FOR2008,1505,1505 Marketing,FOR,3505,Human resources and industrial relations,group,False,derived_empirical,0.085,"derived via ARC ERA journal crosswalk: 246 shared-journal vote(s) over 135 FOR2008-classified journal(s), 21 agreeing"
FOR2008,1505,1505 Marketing,FOR,3507,"Strategy, management and organisational behaviour",group,False,derived_empirical,0.248,"derived via ARC ERA journal crosswalk: 246 shared-journal vote(s) over 135 FOR2008-classified journal(s), 61 agreeing"
FOR2008,1505,1505 Marketing,FOR,3506,Marketing,group,True,derived_empirical,0.272,"derived via ARC ERA journal crosswalk: 246 shared-journal vote(s) over 135 FOR2008-classified journal(s), 67 agreeing"
FOR2008,1505,1505 Marketing,FOR,4406,Human geography,group,False,derived_empirical,0.012,"derived via ARC ERA journal crosswalk: 246 shared-journal vote(s) over 135 FOR2008-classified journal(s), 3 agreeing"
FOR2008,1505,1505 Marketing,FOR,4206,Public health,group,False,derived_empirical,0.012,"derived via ARC ERA journal crosswalk: 246 shared-journal vote(s) over 135 FOR2008-classified journal(s), 3 agreeing"
FOR2008,1505,1505 Marketing,FOR,5204,Cognitive and computational psychology,group,False,derived_empirical,0.012,"derived via ARC ERA journal crosswalk: 246 shared-journal vote(s) over 135 FOR2008-classified journal(s), 3 agreeing"
FOR2008,1505,1505 Marketing,FOR,3504,Commercial services,group,False,derived_empirical,0.061,"derived via ARC ERA journal crosswalk: 246 shared-journal vote(s) over 135 FOR2008-classified journal(s), 15 agreeing"
FOR2008,1506,1506 Tourism,FOR,3202,Clinical sciences,group,False,derived_empirical,0.011,"derived via ARC ERA journal crosswalk: 89 shared-journal vote(s) over 43 FOR2008-classified journal(s), 1 agreeing"
FOR2008,1506,1506 Tourism,FOR,3801,Applied economics,group,False,derived_empirical,0.011,"derived via ARC ERA journal crosswalk: 89 shared-journal vote(s) over 43 FOR2008-classified journal(s), 1 agreeing"
FOR2008,1506,1506 Tourism,FOR,4401,Anthropology,group,False,derived_empirical,0.011,"derived via ARC ERA journal crosswalk: 89 shared-journal vote(s) over 43 FOR2008-classified journal(s), 1 agreeing"
FOR2008,1506,1506 Tourism,FOR,5205,Social and personality psychology,group,False,derived_empirical,0.011,"derived via ARC ERA journal crosswalk: 89 shared-journal vote(s) over 43 FOR2008-classified journal(s), 1 agreeing"
FOR2008,1506,1506 Tourism,FOR,5203,Clinical and health psychology,group,False,derived_empirical,0.011,"derived via ARC ERA journal crosswalk: 89 shared-journal vote(s) over 43 FOR2008-classified journal(s), 1 agreeing"
FOR2008,1506,1506 Tourism,FOR,4404,Development studies,group,False,derived_empirical,0.011,"derived via ARC ERA journal crosswalk: 89 shared-journal vote(s) over 43 FOR2008-classified journal(s), 1 agreeing"
FOR2008,1506,1506 Tourism,FOR,3304,Urban and regional planning,group,False,derived_empirical,0.011,"derived via ARC ERA journal crosswalk: 89 shared-journal vote(s) over 43 FOR2008-classified journal(s), 1 agreeing"
FOR2008,1506,1506 Tourism,FOR,3504,Commercial services,group,False,derived_empirical,0.146,"derived via ARC ERA journal crosswalk: 89 shared-journal vote(s) over 43 FOR2008-classified journal(s), 13 agreeing"
FOR2008,1506,1506 Tourism,FOR,4202,Epidemiology,group,False,derived_empirical,0.011,"derived via ARC ERA journal crosswalk: 89 shared-journal vote(s) over 43 FOR2008-classified journal(s), 1 agreeing"
FOR2008,1506,1506 Tourism,FOR,4410,Sociology,group,False,derived_empirical,0.011,"derived via ARC ERA journal crosswalk: 89 shared-journal vote(s) over 43 FOR2008-classified journal(s), 1 agreeing"
FOR2008,1506,1506 Tourism,FOR,3507,"Strategy, management and organisational behaviour",group,False,derived_empirical,0.09,"derived via ARC ERA journal crosswalk: 89 shared-journal vote(s) over 43 FOR2008-classified journal(s), 8 agreeing"
FOR2008,1506,1506 Tourism,FOR,4406,Human geography,group,False,derived_empirical,0.112,"derived via ARC ERA journal crosswalk: 89 shared-journal vote(s) over 43 FOR2008-classified journal(s), 10 agreeing"
FOR2008,1506,1506 Tourism,FOR,3506,Marketing,group,False,derived_empirical,0.213,"derived via ARC ERA journal crosswalk: 89 shared-journal vote(s) over 43 FOR2008-classified journal(s), 19 agreeing"
FOR2008,1506,1506 Tourism,FOR,3508,Tourism,group,True,derived_empirical,0.326,"derived via ARC ERA journal crosswalk: 89 shared-journal vote(s) over 43 FOR2008-classified journal(s), 29 agreeing"
FOR2008,1506,1506 Tourism,FOR,3509,"Transportation, logistics and supply chains",group,False,derived_empirical,0.011,"derived via ARC ERA journal crosswalk: 89 shared-journal vote(s) over 43 FOR2008-classified journal(s), 1 agreeing"
FOR2008,1507,1507 Transportation and Freight Services,FOR,3509,"Transportation, logistics and supply chains",group,True,derived_empirical,0.5,"derived via ARC ERA journal crosswalk: 82 shared-journal vote(s) over 46 FOR2008-classified journal(s), 41 agreeing"
FOR2008,1507,1507 Transportation and Freight Services,FOR,4005,Civil engineering,group,False,derived_empirical,0.159,"derived via ARC ERA journal crosswalk: 82 shared-journal vote(s) over 46 FOR2008-classified journal(s), 13 agreeing"
FOR2008,1507,1507 Transportation and Freight Services,FOR,3304,Urban and regional planning,group,False,derived_empirical,0.134,"derived via ARC ERA journal crosswalk: 82 shared-journal vote(s) over 46 FOR2008-classified journal(s), 11 agreeing"
FOR2008,1507,1507 Transportation and Freight Services,FOR,3507,"Strategy, management and organisational behaviour",group,False,derived_empirical,0.049,"derived via ARC ERA journal crosswalk: 82 shared-journal vote(s) over 46 FOR2008-classified journal(s), 4 agreeing"
FOR2008,1507,1507 Transportation and Freight Services,FOR,4406,Human geography,group,False,derived_empirical,0.037,"derived via ARC ERA journal crosswalk: 82 shared-journal vote(s) over 46 FOR2008-classified journal(s), 3 agreeing"
FOR2008,1507,1507 Transportation and Freight Services,FOR,4602,Artificial intelligence,group,False,derived_empirical,0.012,"derived via ARC ERA journal crosswalk: 82 shared-journal vote(s) over 46 FOR2008-classified journal(s), 1 agreeing"
FOR2008,1507,1507 Transportation and Freight Services,FOR,4603,Computer vision and multimedia computation,group,False,derived_empirical,0.012,"derived via ARC ERA journal crosswalk: 82 shared-journal vote(s) over 46 FOR2008-classified journal(s), 1 agreeing"
FOR2008,1507,1507 Transportation and Freight Services,FOR,3801,Applied economics,group,False,derived_empirical,0.012,"derived via ARC ERA journal crosswalk: 82 shared-journal vote(s) over 46 FOR2008-classified journal(s), 1 agreeing"
FOR2008,1507,1507 Transportation and Freight Services,FOR,3506,Marketing,group,False,derived_empirical,0.012,"derived via ARC ERA journal crosswalk: 82 shared-journal vote(s) over 46 FOR2008-classified journal(s), 1 agreeing"
FOR2008,1507,1507 Transportation and Freight Services,FOR,3508,Tourism,group,False,derived_empirical,0.012,"derived via ARC ERA journal crosswalk: 82 shared-journal vote(s) over 46 FOR2008-classified journal(s), 1 agreeing"
FOR2008,1507,1507 Transportation and Freight Services,FOR,4206,Public health,group,False,derived_empirical,0.012,"derived via ARC ERA journal crosswalk: 82 shared-journal vote(s) over 46 FOR2008-classified journal(s), 1 agreeing"
FOR2008,1507,1507 Transportation and Freight Services,FOR,5205,Social and personality psychology,group,False,derived_empirical,0.012,"derived via ARC ERA journal crosswalk: 82 shared-journal vote(s) over 46 FOR2008-classified journal(s), 1 agreeing"
FOR2008,1507,1507 Transportation and Freight Services,FOR,4901,Applied mathematics,group,False,derived_empirical,0.037,"derived via ARC ERA journal crosswalk: 82 shared-journal vote(s) over 46 FOR2008-classified journal(s), 3 agreeing"
FOR2008,1599,"1599 Other Commerce, Management, Tourism and Services",FOR,4202,Epidemiology,group,False,derived_empirical,0.111,"derived via ARC ERA journal crosswalk: 9 shared-journal vote(s) over 4 FOR2008-classified journal(s), 1 agreeing"
FOR2008,1599,"1599 Other Commerce, Management, Tourism and Services",FOR,3505,Human resources and industrial relations,group,False,derived_empirical,0.111,"derived via ARC ERA journal crosswalk: 9 shared-journal vote(s) over 4 FOR2008-classified journal(s), 1 agreeing"
FOR2008,1599,"1599 Other Commerce, Management, Tourism and Services",FOR,3509,"Transportation, logistics and supply chains",group,False,derived_empirical,0.111,"derived via ARC ERA journal crosswalk: 9 shared-journal vote(s) over 4 FOR2008-classified journal(s), 1 agreeing"
FOR2008,1599,"1599 Other Commerce, Management, Tourism and Services",FOR,4206,Public health,group,False,derived_empirical,0.111,"derived via ARC ERA journal crosswalk: 9 shared-journal vote(s) over 4 FOR2008-classified journal(s), 1 agreeing"
FOR2008,1599,"1599 Other Commerce, Management, Tourism and Services",FOR,4806,Private law and civil obligations,group,False,derived_empirical,0.111,"derived via ARC ERA journal crosswalk: 9 shared-journal vote(s) over 4 FOR2008-classified journal(s), 1 agreeing"
FOR2008,1599,"1599 Other Commerce, Management, Tourism and Services",FOR,4410,Sociology,group,False,derived_empirical,0.111,"derived via ARC ERA journal crosswalk: 9 shared-journal vote(s) over 4 FOR2008-classified journal(s), 1 agreeing"
FOR2008,1599,"1599 Other Commerce, Management, Tourism and Services",FOR,4409,Social work,group,False,derived_empirical,0.111,"derived via ARC ERA journal crosswalk: 9 shared-journal vote(s) over 4 FOR2008-classified journal(s), 1 agreeing"
FOR2008,1599,"1599 Other Commerce, Management, Tourism and Services",FOR,4404,Development studies,group,True,derived_empirical,0.111,"derived via ARC ERA journal crosswalk: 9 shared-journal vote(s) over 4 FOR2008-classified journal(s), 1 agreeing"
FOR2008,1599,"1599 Other Commerce, Management, Tourism and Services",FOR,3507,"Strategy, management and organisational behaviour",group,False,derived_empirical,0.111,"derived via ARC ERA journal crosswalk: 9 shared-journal vote(s) over 4 FOR2008-classified journal(s), 1 agreeing"
FOR2008,16,16 Studies in Human Society,FOR,33,BUILT ENVIRONMENT AND DESIGN,division,False,derived_empirical,0.028,"derived via ARC ERA journal crosswalk: 254 shared-journal vote(s) over 987 FOR2008-classified journal(s), 7 agreeing"
FOR2008,16,16 Studies in Human Society,FOR,43,"HISTORY, HERITAGE AND ARCHAEOLOGY",division,False,derived_empirical,0.028,"derived via ARC ERA journal crosswalk: 254 shared-journal vote(s) over 987 FOR2008-classified journal(s), 7 agreeing"
FOR2008,16,16 Studies in Human Society,FOR,39,EDUCATION,division,False,derived_empirical,0.024,"derived via ARC ERA journal crosswalk: 254 shared-journal vote(s) over 987 FOR2008-classified journal(s), 6 agreeing"
FOR2008,16,16 Studies in Human Society,FOR,50,PHILOSOPHY AND RELIGIOUS STUDIES,division,False,derived_empirical,0.024,"derived via ARC ERA journal crosswalk: 254 shared-journal vote(s) over 987 FOR2008-classified journal(s), 6 agreeing"
FOR2008,16,16 Studies in Human Society,FOR,32,BIOMEDICAL AND CLINICAL SCIENCES,division,False,derived_empirical,0.024,"derived via ARC ERA journal crosswalk: 254 shared-journal vote(s) over 987 FOR2008-classified journal(s), 6 agreeing"
FOR2008,16,16 Studies in Human Society,FOR,48,LAW AND LEGAL STUDIES,division,False,derived_empirical,0.02,"derived via ARC ERA journal crosswalk: 254 shared-journal vote(s) over 987 FOR2008-classified journal(s), 5 agreeing"
FOR2008,16,16 Studies in Human Society,FOR,49,MATHEMATICAL SCIENCES,division,False,derived_empirical,0.012,"derived via ARC ERA journal crosswalk: 254 shared-journal vote(s) over 987 FOR2008-classified journal(s), 3 agreeing"
FOR2008,16,16 Studies in Human Society,FOR,31,BIOLOGICAL SCIENCES,division,False,derived_empirical,0.012,"derived via ARC ERA journal crosswalk: 254 shared-journal vote(s) over 987 FOR2008-classified journal(s), 3 agreeing"
FOR2008,16,16 Studies in Human Society,FOR,46,INFORMATION AND COMPUTING SCIENCES,division,False,derived_empirical,0.008,"derived via ARC ERA journal crosswalk: 254 shared-journal vote(s) over 987 FOR2008-classified journal(s), 2 agreeing"
FOR2008,16,16 Studies in Human Society,FOR,40,ENGINEERING,division,False,derived_empirical,0.008,"derived via ARC ERA journal crosswalk: 254 shared-journal vote(s) over 987 FOR2008-classified journal(s), 2 agreeing"
FOR2008,16,16 Studies in Human Society,FOR,45,INDIGENOUS STUDIES,division,False,derived_empirical,0.004,"derived via ARC ERA journal crosswalk: 254 shared-journal vote(s) over 987 FOR2008-classified journal(s), 1 agreeing"
FOR2008,16,16 Studies in Human Society,FOR,36,CREATIVE ARTS AND WRITING,division,False,derived_empirical,0.004,"derived via ARC ERA journal crosswalk: 254 shared-journal vote(s) over 987 FOR2008-classified journal(s), 1 agreeing"
FOR2008,16,16 Studies in Human Society,FOR,35,"COMMERCE, MANAGEMENT, TOURISM AND SERVICES",division,False,derived_empirical,0.039,"derived via ARC ERA journal crosswalk: 254 shared-journal vote(s) over 987 FOR2008-classified journal(s), 10 agreeing"
FOR2008,16,16 Studies in Human Society,FOR,30,"AGRICULTURAL, VETERINARY AND FOOD SCIENCES",division,False,derived_empirical,0.016,"derived via ARC ERA journal crosswalk: 254 shared-journal vote(s) over 987 FOR2008-classified journal(s), 4 agreeing"
FOR2008,16,16 Studies in Human Society,FOR,42,HEALTH SCIENCES,division,False,derived_empirical,0.055,"derived via ARC ERA journal crosswalk: 254 shared-journal vote(s) over 987 FOR2008-classified journal(s), 14 agreeing"
FOR2008,16,16 Studies in Human Society,FOR,37,EARTH SCIENCES,division,False,derived_empirical,0.004,"derived via ARC ERA journal crosswalk: 254 shared-journal vote(s) over 987 FOR2008-classified journal(s), 1 agreeing"
FOR2008,16,16 Studies in Human Society,FOR,47,"LANGUAGE, COMMUNICATION AND CULTURE",division,False,derived_empirical,0.063,"derived via ARC ERA journal crosswalk: 254 shared-journal vote(s) over 987 FOR2008-classified journal(s), 16 agreeing"
FOR2008,16,16 Studies in Human Society,FOR,52,PSYCHOLOGY,division,False,derived_empirical,0.063,"derived via ARC ERA journal crosswalk: 254 shared-journal vote(s) over 987 FOR2008-classified journal(s), 16 agreeing"
FOR2008,16,16 Studies in Human Society,FOR,38,ECONOMICS,division,False,derived_empirical,0.094,"derived via ARC ERA journal crosswalk: 254 shared-journal vote(s) over 987 FOR2008-classified journal(s), 24 agreeing"
FOR2008,16,16 Studies in Human Society,FOR,44,HUMAN SOCIETY,division,True,derived_empirical,0.417,"derived via ARC ERA journal crosswalk: 254 shared-journal vote(s) over 987 FOR2008-classified journal(s), 106 agreeing"
FOR2008,16,16 Studies in Human Society,FOR,41,ENVIRONMENTAL SCIENCES,division,False,derived_empirical,0.055,"derived via ARC ERA journal crosswalk: 254 shared-journal vote(s) over 987 FOR2008-classified journal(s), 14 agreeing"
FOR2008,1601,1601 Anthropology,FOR,4401,Anthropology,group,True,derived_empirical,0.411,"derived via ARC ERA journal crosswalk: 151 shared-journal vote(s) over 89 FOR2008-classified journal(s), 62 agreeing"
FOR2008,1601,1601 Anthropology,FOR,4301,Archaeology,group,False,derived_empirical,0.099,"derived via ARC ERA journal crosswalk: 151 shared-journal vote(s) over 89 FOR2008-classified journal(s), 15 agreeing"
FOR2008,1601,1601 Anthropology,FOR,4410,Sociology,group,False,derived_empirical,0.093,"derived via ARC ERA journal crosswalk: 151 shared-journal vote(s) over 89 FOR2008-classified journal(s), 14 agreeing"
FOR2008,1601,1601 Anthropology,FOR,4404,Development studies,group,False,derived_empirical,0.073,"derived via ARC ERA journal crosswalk: 151 shared-journal vote(s) over 89 FOR2008-classified journal(s), 11 agreeing"
FOR2008,1601,1601 Anthropology,FOR,4303,Historical studies,group,False,derived_empirical,0.026,"derived via ARC ERA journal crosswalk: 151 shared-journal vote(s) over 89 FOR2008-classified journal(s), 4 agreeing"
FOR2008,1601,1601 Anthropology,FOR,4406,Human geography,group,False,derived_empirical,0.026,"derived via ARC ERA journal crosswalk: 151 shared-journal vote(s) over 89 FOR2008-classified journal(s), 4 agreeing"
FOR2008,1601,1601 Anthropology,FOR,3103,Ecology,group,False,derived_empirical,0.026,"derived via ARC ERA journal crosswalk: 151 shared-journal vote(s) over 89 FOR2008-classified journal(s), 4 agreeing"
FOR2008,1601,1601 Anthropology,FOR,5204,Cognitive and computational psychology,group,False,derived_empirical,0.02,"derived via ARC ERA journal crosswalk: 151 shared-journal vote(s) over 89 FOR2008-classified journal(s), 3 agreeing"
FOR2008,1601,1601 Anthropology,FOR,3210,Nutrition and dietetics,group,False,derived_empirical,0.013,"derived via ARC ERA journal crosswalk: 151 shared-journal vote(s) over 89 FOR2008-classified journal(s), 2 agreeing"
FOR2008,1601,1601 Anthropology,FOR,3801,Applied economics,group,False,derived_empirical,0.013,"derived via ARC ERA journal crosswalk: 151 shared-journal vote(s) over 89 FOR2008-classified journal(s), 2 agreeing"
FOR2008,1601,1601 Anthropology,FOR,4408,Political science,group,False,derived_empirical,0.026,"derived via ARC ERA journal crosswalk: 151 shared-journal vote(s) over 89 FOR2008-classified journal(s), 4 agreeing"
FOR2008,1601,1601 Anthropology,FOR,4702,Cultural studies,group,False,derived_empirical,0.02,"derived via ARC ERA journal crosswalk: 151 shared-journal vote(s) over 89 FOR2008-classified journal(s), 3 agreeing"
FOR2008,1601,1601 Anthropology,FOR,4405,Gender studies,group,False,derived_empirical,0.013,"derived via ARC ERA journal crosswalk: 151 shared-journal vote(s) over 89 FOR2008-classified journal(s), 2 agreeing"
FOR2008,1601,1601 Anthropology,FOR,4804,Law in context,group,False,derived_empirical,0.007,"derived via ARC ERA journal crosswalk: 151 shared-journal vote(s) over 89 FOR2008-classified journal(s), 1 agreeing"
FOR2008,1601,1601 Anthropology,FOR,4704,Linguistics,group,False,derived_empirical,0.013,"derived via ARC ERA journal crosswalk: 151 shared-journal vote(s) over 89 FOR2008-classified journal(s), 2 agreeing"
FOR2008,1601,1601 Anthropology,FOR,3508,Tourism,group,False,derived_empirical,0.007,"derived via ARC ERA journal crosswalk: 151 shared-journal vote(s) over 89 FOR2008-classified journal(s), 1 agreeing"
FOR2008,1601,1601 Anthropology,FOR,5202,Biological psychology,group,False,derived_empirical,0.007,"derived via ARC ERA journal crosswalk: 151 shared-journal vote(s) over 89 FOR2008-classified journal(s), 1 agreeing"
FOR2008,1601,1601 Anthropology,FOR,3903,Education systems,group,False,derived_empirical,0.007,"derived via ARC ERA journal crosswalk: 151 shared-journal vote(s) over 89 FOR2008-classified journal(s), 1 agreeing"
FOR2008,1601,1601 Anthropology,FOR,5002,History and philosophy of specific fields,group,False,derived_empirical,0.007,"derived via ARC ERA journal crosswalk: 151 shared-journal vote(s) over 89 FOR2008-classified journal(s), 1 agreeing"
FOR2008,1601,1601 Anthropology,FOR,3104,Evolutionary biology,group,False,derived_empirical,0.007,"derived via ARC ERA journal crosswalk: 151 shared-journal vote(s) over 89 FOR2008-classified journal(s), 1 agreeing"
FOR2008,1601,1601 Anthropology,FOR,3109,Zoology,group,False,derived_empirical,0.007,"derived via ARC ERA journal crosswalk: 151 shared-journal vote(s) over 89 FOR2008-classified journal(s), 1 agreeing"
FOR2008,1601,1601 Anthropology,FOR,5203,Clinical and health psychology,group,False,derived_empirical,0.007,"derived via ARC ERA journal crosswalk: 151 shared-journal vote(s) over 89 FOR2008-classified journal(s), 1 agreeing"
FOR2008,1601,1601 Anthropology,FOR,4803,International and comparative law,group,False,derived_empirical,0.007,"derived via ARC ERA journal crosswalk: 151 shared-journal vote(s) over 89 FOR2008-classified journal(s), 1 agreeing"
FOR2008,1601,1601 Anthropology,FOR,3502,"Banking, finance and investment",group,False,derived_empirical,0.007,"derived via ARC ERA journal crosswalk: 151 shared-journal vote(s) over 89 FOR2008-classified journal(s), 1 agreeing"
FOR2008,1601,1601 Anthropology,FOR,4206,Public health,group,False,derived_empirical,0.007,"derived via ARC ERA journal crosswalk: 151 shared-journal vote(s) over 89 FOR2008-classified journal(s), 1 agreeing"
FOR2008,1601,1601 Anthropology,FOR,4203,Health services and systems,group,False,derived_empirical,0.007,"derived via ARC ERA journal crosswalk: 151 shared-journal vote(s) over 89 FOR2008-classified journal(s), 1 agreeing"
FOR2008,1601,1601 Anthropology,FOR,4104,Environmental management,group,False,derived_empirical,0.007,"derived via ARC ERA journal crosswalk: 151 shared-journal vote(s) over 89 FOR2008-classified journal(s), 1 agreeing"
FOR2008,1601,1601 Anthropology,FOR,4703,Language studies,group,False,derived_empirical,0.007,"derived via ARC ERA journal crosswalk: 151 shared-journal vote(s) over 89 FOR2008-classified journal(s), 1 agreeing"
FOR2008,1601,1601 Anthropology,FOR,3202,Clinical sciences,group,False,derived_empirical,0.007,"derived via ARC ERA journal crosswalk: 151 shared-journal vote(s) over 89 FOR2008-classified journal(s), 1 agreeing"
FOR2008,1601,1601 Anthropology,FOR,5205,Social and personality psychology,group,False,derived_empirical,0.013,"derived via ARC ERA journal crosswalk: 151 shared-journal vote(s) over 89 FOR2008-classified journal(s), 2 agreeing"
FOR2008,1601,1601 Anthropology,FOR,3603,Music,group,False,derived_empirical,0.007,"derived via ARC ERA journal crosswalk: 151 shared-journal vote(s) over 89 FOR2008-classified journal(s), 1 agreeing"
FOR2008,1601,1601 Anthropology,FOR,4302,"Heritage, archive and museum studies",group,False,derived_empirical,0.007,"derived via ARC ERA journal crosswalk: 151 shared-journal vote(s) over 89 FOR2008-classified journal(s), 1 agreeing"
FOR2008,1602,1602 Criminology,FOR,5202,Biological psychology,group,False,derived_empirical,0.008,"derived via ARC ERA journal crosswalk: 133 shared-journal vote(s) over 63 FOR2008-classified journal(s), 1 agreeing"
FOR2008,1602,1602 Criminology,FOR,4404,Development studies,group,False,derived_empirical,0.008,"derived via ARC ERA journal crosswalk: 133 shared-journal vote(s) over 63 FOR2008-classified journal(s), 1 agreeing"
FOR2008,1602,1602 Criminology,FOR,5204,Cognitive and computational psychology,group,False,derived_empirical,0.015,"derived via ARC ERA journal crosswalk: 133 shared-journal vote(s) over 63 FOR2008-classified journal(s), 2 agreeing"
FOR2008,1602,1602 Criminology,FOR,4405,Gender studies,group,False,derived_empirical,0.015,"derived via ARC ERA journal crosswalk: 133 shared-journal vote(s) over 63 FOR2008-classified journal(s), 2 agreeing"
FOR2008,1602,1602 Criminology,FOR,4803,International and comparative law,group,False,derived_empirical,0.023,"derived via ARC ERA journal crosswalk: 133 shared-journal vote(s) over 63 FOR2008-classified journal(s), 3 agreeing"
FOR2008,1602,1602 Criminology,FOR,4407,Policy and administration,group,False,derived_empirical,0.023,"derived via ARC ERA journal crosswalk: 133 shared-journal vote(s) over 63 FOR2008-classified journal(s), 3 agreeing"
FOR2008,1602,1602 Criminology,FOR,4409,Social work,group,False,derived_empirical,0.03,"derived via ARC ERA journal crosswalk: 133 shared-journal vote(s) over 63 FOR2008-classified journal(s), 4 agreeing"
FOR2008,1602,1602 Criminology,FOR,4408,Political science,group,False,derived_empirical,0.03,"derived via ARC ERA journal crosswalk: 133 shared-journal vote(s) over 63 FOR2008-classified journal(s), 4 agreeing"
FOR2008,1602,1602 Criminology,FOR,5203,Clinical and health psychology,group,False,derived_empirical,0.045,"derived via ARC ERA journal crosswalk: 133 shared-journal vote(s) over 63 FOR2008-classified journal(s), 6 agreeing"
FOR2008,1602,1602 Criminology,FOR,5205,Social and personality psychology,group,False,derived_empirical,0.053,"derived via ARC ERA journal crosswalk: 133 shared-journal vote(s) over 63 FOR2008-classified journal(s), 7 agreeing"
FOR2008,1602,1602 Criminology,FOR,5201,Applied and developmental psychology,group,False,derived_empirical,0.083,"derived via ARC ERA journal crosswalk: 133 shared-journal vote(s) over 63 FOR2008-classified journal(s), 11 agreeing"
FOR2008,1602,1602 Criminology,FOR,4805,Legal systems,group,False,derived_empirical,0.113,"derived via ARC ERA journal crosswalk: 133 shared-journal vote(s) over 63 FOR2008-classified journal(s), 15 agreeing"
FOR2008,1602,1602 Criminology,FOR,5001,Applied ethics,group,False,derived_empirical,0.008,"derived via ARC ERA journal crosswalk: 133 shared-journal vote(s) over 63 FOR2008-classified journal(s), 1 agreeing"
FOR2008,1602,1602 Criminology,FOR,4402,Criminology,group,True,derived_empirical,0.406,"derived via ARC ERA journal crosswalk: 133 shared-journal vote(s) over 63 FOR2008-classified journal(s), 54 agreeing"
FOR2008,1602,1602 Criminology,FOR,4410,Sociology,group,False,derived_empirical,0.023,"derived via ARC ERA journal crosswalk: 133 shared-journal vote(s) over 63 FOR2008-classified journal(s), 3 agreeing"
FOR2008,1602,1602 Criminology,FOR,4804,Law in context,group,False,derived_empirical,0.12,"derived via ARC ERA journal crosswalk: 133 shared-journal vote(s) over 63 FOR2008-classified journal(s), 16 agreeing"
FOR2008,1603,1603 Demography,FOR,4403,Demography,group,True,derived_empirical,0.313,"derived via ARC ERA journal crosswalk: 67 shared-journal vote(s) over 43 FOR2008-classified journal(s), 21 agreeing"
FOR2008,1603,1603 Demography,FOR,4206,Public health,group,False,derived_empirical,0.104,"derived via ARC ERA journal crosswalk: 67 shared-journal vote(s) over 43 FOR2008-classified journal(s), 7 agreeing"
FOR2008,1603,1603 Demography,FOR,4901,Applied mathematics,group,False,derived_empirical,0.015,"derived via ARC ERA journal crosswalk: 67 shared-journal vote(s) over 43 FOR2008-classified journal(s), 1 agreeing"
FOR2008,1603,1603 Demography,FOR,4408,Political science,group,False,derived_empirical,0.015,"derived via ARC ERA journal crosswalk: 67 shared-journal vote(s) over 43 FOR2008-classified journal(s), 1 agreeing"
FOR2008,1603,1603 Demography,FOR,4407,Policy and administration,group,False,derived_empirical,0.015,"derived via ARC ERA journal crosswalk: 67 shared-journal vote(s) over 43 FOR2008-classified journal(s), 1 agreeing"
FOR2008,1603,1603 Demography,FOR,4303,Historical studies,group,False,derived_empirical,0.015,"derived via ARC ERA journal crosswalk: 67 shared-journal vote(s) over 43 FOR2008-classified journal(s), 1 agreeing"
FOR2008,1603,1603 Demography,FOR,3801,Applied economics,group,False,derived_empirical,0.015,"derived via ARC ERA journal crosswalk: 67 shared-journal vote(s) over 43 FOR2008-classified journal(s), 1 agreeing"
FOR2008,1603,1603 Demography,FOR,4203,Health services and systems,group,False,derived_empirical,0.015,"derived via ARC ERA journal crosswalk: 67 shared-journal vote(s) over 43 FOR2008-classified journal(s), 1 agreeing"
FOR2008,1603,1603 Demography,FOR,5203,Clinical and health psychology,group,False,derived_empirical,0.015,"derived via ARC ERA journal crosswalk: 67 shared-journal vote(s) over 43 FOR2008-classified journal(s), 1 agreeing"
FOR2008,1603,1603 Demography,FOR,5201,Applied and developmental psychology,group,False,derived_empirical,0.015,"derived via ARC ERA journal crosswalk: 67 shared-journal vote(s) over 43 FOR2008-classified journal(s), 1 agreeing"
FOR2008,1603,1603 Demography,FOR,4409,Social work,group,False,derived_empirical,0.015,"derived via ARC ERA journal crosswalk: 67 shared-journal vote(s) over 43 FOR2008-classified journal(s), 1 agreeing"
FOR2008,1603,1603 Demography,FOR,3210,Nutrition and dietetics,group,False,derived_empirical,0.015,"derived via ARC ERA journal crosswalk: 67 shared-journal vote(s) over 43 FOR2008-classified journal(s), 1 agreeing"
FOR2008,1603,1603 Demography,FOR,4405,Gender studies,group,False,derived_empirical,0.03,"derived via ARC ERA journal crosswalk: 67 shared-journal vote(s) over 43 FOR2008-classified journal(s), 2 agreeing"
FOR2008,1603,1603 Demography,FOR,3802,Econometrics,group,False,derived_empirical,0.045,"derived via ARC ERA journal crosswalk: 67 shared-journal vote(s) over 43 FOR2008-classified journal(s), 3 agreeing"
FOR2008,1603,1603 Demography,FOR,4406,Human geography,group,False,derived_empirical,0.075,"derived via ARC ERA journal crosswalk: 67 shared-journal vote(s) over 43 FOR2008-classified journal(s), 5 agreeing"
FOR2008,1603,1603 Demography,FOR,4404,Development studies,group,False,derived_empirical,0.075,"derived via ARC ERA journal crosswalk: 67 shared-journal vote(s) over 43 FOR2008-classified journal(s), 5 agreeing"
FOR2008,1603,1603 Demography,FOR,4905,Statistics,group,False,derived_empirical,0.09,"derived via ARC ERA journal crosswalk: 67 shared-journal vote(s) over 43 FOR2008-classified journal(s), 6 agreeing"
FOR2008,1603,1603 Demography,FOR,4410,Sociology,group,False,derived_empirical,0.104,"derived via ARC ERA journal crosswalk: 67 shared-journal vote(s) over 43 FOR2008-classified journal(s), 7 agreeing"
FOR2008,1603,1603 Demography,FOR,3505,Human resources and industrial relations,group,False,derived_empirical,0.015,"derived via ARC ERA journal crosswalk: 67 shared-journal vote(s) over 43 FOR2008-classified journal(s), 1 agreeing"
FOR2008,1604,1604 Human Geography,FOR,3705,Geology,group,False,derived_empirical,0.009,"derived via ARC ERA journal crosswalk: 235 shared-journal vote(s) over 116 FOR2008-classified journal(s), 2 agreeing"
FOR2008,1604,1604 Human Geography,FOR,4406,Human geography,group,True,derived_empirical,0.306,"derived via ARC ERA journal crosswalk: 235 shared-journal vote(s) over 116 FOR2008-classified journal(s), 72 agreeing"
FOR2008,1604,1604 Human Geography,FOR,3709,Physical geography and environmental geoscience,group,False,derived_empirical,0.119,"derived via ARC ERA journal crosswalk: 235 shared-journal vote(s) over 116 FOR2008-classified journal(s), 28 agreeing"
FOR2008,1604,1604 Human Geography,FOR,3304,Urban and regional planning,group,False,derived_empirical,0.115,"derived via ARC ERA journal crosswalk: 235 shared-journal vote(s) over 116 FOR2008-classified journal(s), 27 agreeing"
FOR2008,1604,1604 Human Geography,FOR,4404,Development studies,group,False,derived_empirical,0.098,"derived via ARC ERA journal crosswalk: 235 shared-journal vote(s) over 116 FOR2008-classified journal(s), 23 agreeing"
FOR2008,1604,1604 Human Geography,FOR,3801,Applied economics,group,False,derived_empirical,0.064,"derived via ARC ERA journal crosswalk: 235 shared-journal vote(s) over 116 FOR2008-classified journal(s), 15 agreeing"
FOR2008,1604,1604 Human Geography,FOR,4407,Policy and administration,group,False,derived_empirical,0.047,"derived via ARC ERA journal crosswalk: 235 shared-journal vote(s) over 116 FOR2008-classified journal(s), 11 agreeing"
FOR2008,1604,1604 Human Geography,FOR,4408,Political science,group,False,derived_empirical,0.03,"derived via ARC ERA journal crosswalk: 235 shared-journal vote(s) over 116 FOR2008-classified journal(s), 7 agreeing"
FOR2008,1604,1604 Human Geography,FOR,4410,Sociology,group,False,derived_empirical,0.026,"derived via ARC ERA journal crosswalk: 235 shared-journal vote(s) over 116 FOR2008-classified journal(s), 6 agreeing"
FOR2008,1604,1604 Human Geography,FOR,4104,Environmental management,group,False,derived_empirical,0.021,"derived via ARC ERA journal crosswalk: 235 shared-journal vote(s) over 116 FOR2008-classified journal(s), 5 agreeing"
FOR2008,1604,1604 Human Geography,FOR,3509,"Transportation, logistics and supply chains",group,False,derived_empirical,0.017,"derived via ARC ERA journal crosswalk: 235 shared-journal vote(s) over 116 FOR2008-classified journal(s), 4 agreeing"
FOR2008,1604,1604 Human Geography,FOR,3502,"Banking, finance and investment",group,False,derived_empirical,0.017,"derived via ARC ERA journal crosswalk: 235 shared-journal vote(s) over 116 FOR2008-classified journal(s), 4 agreeing"
FOR2008,1604,1604 Human Geography,FOR,3508,Tourism,group,False,derived_empirical,0.013,"derived via ARC ERA journal crosswalk: 235 shared-journal vote(s) over 116 FOR2008-classified journal(s), 3 agreeing"
FOR2008,1604,1604 Human Geography,FOR,4403,Demography,group,False,derived_empirical,0.013,"derived via ARC ERA journal crosswalk: 235 shared-journal vote(s) over 116 FOR2008-classified journal(s), 3 agreeing"
FOR2008,1604,1604 Human Geography,FOR,4202,Epidemiology,group,False,derived_empirical,0.009,"derived via ARC ERA journal crosswalk: 235 shared-journal vote(s) over 116 FOR2008-classified journal(s), 2 agreeing"
FOR2008,1604,1604 Human Geography,FOR,4005,Civil engineering,group,False,derived_empirical,0.009,"derived via ARC ERA journal crosswalk: 235 shared-journal vote(s) over 116 FOR2008-classified journal(s), 2 agreeing"
FOR2008,1604,1604 Human Geography,FOR,3002,"Agriculture, land and farm management",group,False,derived_empirical,0.004,"derived via ARC ERA journal crosswalk: 235 shared-journal vote(s) over 116 FOR2008-classified journal(s), 1 agreeing"
FOR2008,1604,1604 Human Geography,FOR,4206,Public health,group,False,derived_empirical,0.009,"derived via ARC ERA journal crosswalk: 235 shared-journal vote(s) over 116 FOR2008-classified journal(s), 2 agreeing"
FOR2008,1604,1604 Human Geography,FOR,5205,Social and personality psychology,group,False,derived_empirical,0.004,"derived via ARC ERA journal crosswalk: 235 shared-journal vote(s) over 116 FOR2008-classified journal(s), 1 agreeing"
FOR2008,1604,1604 Human Geography,FOR,5201,Applied and developmental psychology,group,False,derived_empirical,0.004,"derived via ARC ERA journal crosswalk: 235 shared-journal vote(s) over 116 FOR2008-classified journal(s), 1 agreeing"
FOR2008,1604,1604 Human Geography,FOR,3704,Geoinformatics,group,False,derived_empirical,0.004,"derived via ARC ERA journal crosswalk: 235 shared-journal vote(s) over 116 FOR2008-classified journal(s), 1 agreeing"
FOR2008,1604,1604 Human Geography,FOR,4303,Historical studies,group,False,derived_empirical,0.004,"derived via ARC ERA journal crosswalk: 235 shared-journal vote(s) over 116 FOR2008-classified journal(s), 1 agreeing"
FOR2008,1604,1604 Human Geography,FOR,3301,Architecture,group,False,derived_empirical,0.004,"derived via ARC ERA journal crosswalk: 235 shared-journal vote(s) over 116 FOR2008-classified journal(s), 1 agreeing"
FOR2008,1604,1604 Human Geography,FOR,3707,Hydrology,group,False,derived_empirical,0.004,"derived via ARC ERA journal crosswalk: 235 shared-journal vote(s) over 116 FOR2008-classified journal(s), 1 agreeing"
FOR2008,1604,1604 Human Geography,FOR,4405,Gender studies,group,False,derived_empirical,0.004,"derived via ARC ERA journal crosswalk: 235 shared-journal vote(s) over 116 FOR2008-classified journal(s), 1 agreeing"
FOR2008,1604,1604 Human Geography,FOR,4203,Health services and systems,group,False,derived_empirical,0.004,"derived via ARC ERA journal crosswalk: 235 shared-journal vote(s) over 116 FOR2008-classified journal(s), 1 agreeing"
FOR2008,1604,1604 Human Geography,FOR,5003,Philosophy,group,False,derived_empirical,0.004,"derived via ARC ERA journal crosswalk: 235 shared-journal vote(s) over 116 FOR2008-classified journal(s), 1 agreeing"
FOR2008,1604,1604 Human Geography,FOR,5001,Applied ethics,group,False,derived_empirical,0.004,"derived via ARC ERA journal crosswalk: 235 shared-journal vote(s) over 116 FOR2008-classified journal(s), 1 agreeing"
FOR2008,1604,1604 Human Geography,FOR,3505,Human resources and industrial relations,group,False,derived_empirical,0.004,"derived via ARC ERA journal crosswalk: 235 shared-journal vote(s) over 116 FOR2008-classified journal(s), 1 agreeing"
FOR2008,1604,1604 Human Geography,FOR,3708,Oceanography,group,False,derived_empirical,0.004,"derived via ARC ERA journal crosswalk: 235 shared-journal vote(s) over 116 FOR2008-classified journal(s), 1 agreeing"
FOR2008,1604,1604 Human Geography,FOR,5002,History and philosophy of specific fields,group,False,derived_empirical,0.004,"derived via ARC ERA journal crosswalk: 235 shared-journal vote(s) over 116 FOR2008-classified journal(s), 1 agreeing"
FOR2008,1604,1604 Human Geography,FOR,4013,Geomatic engineering,group,False,derived_empirical,0.004,"derived via ARC ERA journal crosswalk: 235 shared-journal vote(s) over 116 FOR2008-classified journal(s), 1 agreeing"
FOR2008,1604,1604 Human Geography,FOR,3903,Education systems,group,False,derived_empirical,0.004,"derived via ARC ERA journal crosswalk: 235 shared-journal vote(s) over 116 FOR2008-classified journal(s), 1 agreeing"
FOR2008,1604,1604 Human Geography,FOR,4702,Cultural studies,group,False,derived_empirical,0.004,"derived via ARC ERA journal crosswalk: 235 shared-journal vote(s) over 116 FOR2008-classified journal(s), 1 agreeing"
FOR2008,1604,1604 Human Geography,FOR,3901,Curriculum and pedagogy,group,False,derived_empirical,0.009,"derived via ARC ERA journal crosswalk: 235 shared-journal vote(s) over 116 FOR2008-classified journal(s), 2 agreeing"
FOR2008,1605,1605 Policy and Administration,FOR,4403,Demography,group,False,derived_empirical,0.002,"derived via ARC ERA journal crosswalk: 404 shared-journal vote(s) over 187 FOR2008-classified journal(s), 1 agreeing"
FOR2008,1605,1605 Policy and Administration,FOR,4203,Health services and systems,group,False,derived_empirical,0.027,"derived via ARC ERA journal crosswalk: 404 shared-journal vote(s) over 187 FOR2008-classified journal(s), 11 agreeing"
FOR2008,1605,1605 Policy and Administration,FOR,4206,Public health,group,False,derived_empirical,0.035,"derived via ARC ERA journal crosswalk: 404 shared-journal vote(s) over 187 FOR2008-classified journal(s), 14 agreeing"
FOR2008,1605,1605 Policy and Administration,FOR,3507,"Strategy, management and organisational behaviour",group,False,derived_empirical,0.04,"derived via ARC ERA journal crosswalk: 404 shared-journal vote(s) over 187 FOR2008-classified journal(s), 16 agreeing"
FOR2008,1605,1605 Policy and Administration,FOR,4404,Development studies,group,False,derived_empirical,0.045,"derived via ARC ERA journal crosswalk: 404 shared-journal vote(s) over 187 FOR2008-classified journal(s), 18 agreeing"
FOR2008,1605,1605 Policy and Administration,FOR,3801,Applied economics,group,False,derived_empirical,0.05,"derived via ARC ERA journal crosswalk: 404 shared-journal vote(s) over 187 FOR2008-classified journal(s), 20 agreeing"
FOR2008,1605,1605 Policy and Administration,FOR,4408,Political science,group,False,derived_empirical,0.205,"derived via ARC ERA journal crosswalk: 404 shared-journal vote(s) over 187 FOR2008-classified journal(s), 83 agreeing"
FOR2008,1605,1605 Policy and Administration,FOR,4407,Policy and administration,group,True,derived_empirical,0.312,"derived via ARC ERA journal crosswalk: 404 shared-journal vote(s) over 187 FOR2008-classified journal(s), 126 agreeing"
FOR2008,1605,1605 Policy and Administration,FOR,4901,Applied mathematics,group,False,derived_empirical,0.002,"derived via ARC ERA journal crosswalk: 404 shared-journal vote(s) over 187 FOR2008-classified journal(s), 1 agreeing"
FOR2008,1605,1605 Policy and Administration,FOR,4205,Nursing,group,False,derived_empirical,0.002,"derived via ARC ERA journal crosswalk: 404 shared-journal vote(s) over 187 FOR2008-classified journal(s), 1 agreeing"
FOR2008,1605,1605 Policy and Administration,FOR,3702,Climate change science,group,False,derived_empirical,0.002,"derived via ARC ERA journal crosswalk: 404 shared-journal vote(s) over 187 FOR2008-classified journal(s), 1 agreeing"
FOR2008,1605,1605 Policy and Administration,FOR,4410,Sociology,group,False,derived_empirical,0.022,"derived via ARC ERA journal crosswalk: 404 shared-journal vote(s) over 187 FOR2008-classified journal(s), 9 agreeing"
FOR2008,1605,1605 Policy and Administration,FOR,4101,Climate change impacts and adaptation,group,False,derived_empirical,0.002,"derived via ARC ERA journal crosswalk: 404 shared-journal vote(s) over 187 FOR2008-classified journal(s), 1 agreeing"
FOR2008,1605,1605 Policy and Administration,FOR,3501,"Accounting, auditing and accountability",group,False,derived_empirical,0.002,"derived via ARC ERA journal crosswalk: 404 shared-journal vote(s) over 187 FOR2008-classified journal(s), 1 agreeing"
FOR2008,1605,1605 Policy and Administration,FOR,5203,Clinical and health psychology,group,False,derived_empirical,0.002,"derived via ARC ERA journal crosswalk: 404 shared-journal vote(s) over 187 FOR2008-classified journal(s), 1 agreeing"
FOR2008,1605,1605 Policy and Administration,FOR,5101,Astronomical sciences,group,False,derived_empirical,0.002,"derived via ARC ERA journal crosswalk: 404 shared-journal vote(s) over 187 FOR2008-classified journal(s), 1 agreeing"
FOR2008,1605,1605 Policy and Administration,FOR,3303,Design,group,False,derived_empirical,0.002,"derived via ARC ERA journal crosswalk: 404 shared-journal vote(s) over 187 FOR2008-classified journal(s), 1 agreeing"
FOR2008,1605,1605 Policy and Administration,FOR,4005,Civil engineering,group,False,derived_empirical,0.002,"derived via ARC ERA journal crosswalk: 404 shared-journal vote(s) over 187 FOR2008-classified journal(s), 1 agreeing"
FOR2008,1605,1605 Policy and Administration,FOR,4019,Resources engineering and extractive metallurgy,group,False,derived_empirical,0.002,"derived via ARC ERA journal crosswalk: 404 shared-journal vote(s) over 187 FOR2008-classified journal(s), 1 agreeing"
FOR2008,1605,1605 Policy and Administration,FOR,4801,Commercial law,group,False,derived_empirical,0.002,"derived via ARC ERA journal crosswalk: 404 shared-journal vote(s) over 187 FOR2008-classified journal(s), 1 agreeing"
FOR2008,1605,1605 Policy and Administration,FOR,4807,Public law,group,False,derived_empirical,0.002,"derived via ARC ERA journal crosswalk: 404 shared-journal vote(s) over 187 FOR2008-classified journal(s), 1 agreeing"
FOR2008,1605,1605 Policy and Administration,FOR,3005,Fisheries sciences,group,False,derived_empirical,0.002,"derived via ARC ERA journal crosswalk: 404 shared-journal vote(s) over 187 FOR2008-classified journal(s), 1 agreeing"
FOR2008,1605,1605 Policy and Administration,FOR,3103,Ecology,group,False,derived_empirical,0.002,"derived via ARC ERA journal crosswalk: 404 shared-journal vote(s) over 187 FOR2008-classified journal(s), 1 agreeing"
FOR2008,1605,1605 Policy and Administration,FOR,3904,Specialist studies in education,group,False,derived_empirical,0.002,"derived via ARC ERA journal crosswalk: 404 shared-journal vote(s) over 187 FOR2008-classified journal(s), 1 agreeing"
FOR2008,1605,1605 Policy and Administration,FOR,3505,Human resources and industrial relations,group,False,derived_empirical,0.02,"derived via ARC ERA journal crosswalk: 404 shared-journal vote(s) over 187 FOR2008-classified journal(s), 8 agreeing"
FOR2008,1605,1605 Policy and Administration,FOR,4406,Human geography,group,False,derived_empirical,0.02,"derived via ARC ERA journal crosswalk: 404 shared-journal vote(s) over 187 FOR2008-classified journal(s), 8 agreeing"
FOR2008,1605,1605 Policy and Administration,FOR,3502,"Banking, finance and investment",group,False,derived_empirical,0.015,"derived via ARC ERA journal crosswalk: 404 shared-journal vote(s) over 187 FOR2008-classified journal(s), 6 agreeing"
FOR2008,1605,1605 Policy and Administration,FOR,4011,Environmental engineering,group,False,derived_empirical,0.002,"derived via ARC ERA journal crosswalk: 404 shared-journal vote(s) over 187 FOR2008-classified journal(s), 1 agreeing"
FOR2008,1605,1605 Policy and Administration,FOR,3006,Food sciences,group,False,derived_empirical,0.002,"derived via ARC ERA journal crosswalk: 404 shared-journal vote(s) over 187 FOR2008-classified journal(s), 1 agreeing"
FOR2008,1605,1605 Policy and Administration,FOR,5002,History and philosophy of specific fields,group,False,derived_empirical,0.002,"derived via ARC ERA journal crosswalk: 404 shared-journal vote(s) over 187 FOR2008-classified journal(s), 1 agreeing"
FOR2008,1605,1605 Policy and Administration,FOR,4401,Anthropology,group,False,derived_empirical,0.002,"derived via ARC ERA journal crosswalk: 404 shared-journal vote(s) over 187 FOR2008-classified journal(s), 1 agreeing"
FOR2008,1605,1605 Policy and Administration,FOR,4804,Law in context,group,False,derived_empirical,0.005,"derived via ARC ERA journal crosswalk: 404 shared-journal vote(s) over 187 FOR2008-classified journal(s), 2 agreeing"
FOR2008,1605,1605 Policy and Administration,FOR,5205,Social and personality psychology,group,False,derived_empirical,0.005,"derived via ARC ERA journal crosswalk: 404 shared-journal vote(s) over 187 FOR2008-classified journal(s), 2 agreeing"
FOR2008,1605,1605 Policy and Administration,FOR,3109,Zoology,group,False,derived_empirical,0.005,"derived via ARC ERA journal crosswalk: 404 shared-journal vote(s) over 187 FOR2008-classified journal(s), 2 agreeing"
FOR2008,1605,1605 Policy and Administration,FOR,4610,Library and information studies,group,False,derived_empirical,0.005,"derived via ARC ERA journal crosswalk: 404 shared-journal vote(s) over 187 FOR2008-classified journal(s), 2 agreeing"
FOR2008,1605,1605 Policy and Administration,FOR,4405,Gender studies,group,False,derived_empirical,0.005,"derived via ARC ERA journal crosswalk: 404 shared-journal vote(s) over 187 FOR2008-classified journal(s), 2 agreeing"
FOR2008,1605,1605 Policy and Administration,FOR,5001,Applied ethics,group,False,derived_empirical,0.005,"derived via ARC ERA journal crosswalk: 404 shared-journal vote(s) over 187 FOR2008-classified journal(s), 2 agreeing"
FOR2008,1605,1605 Policy and Administration,FOR,5003,Philosophy,group,False,derived_empirical,0.005,"derived via ARC ERA journal crosswalk: 404 shared-journal vote(s) over 187 FOR2008-classified journal(s), 2 agreeing"
FOR2008,1605,1605 Policy and Administration,FOR,3902,"Education policy, sociology and philosophy",group,False,derived_empirical,0.007,"derived via ARC ERA journal crosswalk: 404 shared-journal vote(s) over 187 FOR2008-classified journal(s), 3 agreeing"
FOR2008,1605,1605 Policy and Administration,FOR,4803,International and comparative law,group,False,derived_empirical,0.007,"derived via ARC ERA journal crosswalk: 404 shared-journal vote(s) over 187 FOR2008-classified journal(s), 3 agreeing"
FOR2008,1605,1605 Policy and Administration,FOR,4802,Environmental and resources law,group,False,derived_empirical,0.007,"derived via ARC ERA journal crosswalk: 404 shared-journal vote(s) over 187 FOR2008-classified journal(s), 3 agreeing"
FOR2008,1605,1605 Policy and Administration,FOR,4303,Historical studies,group,False,derived_empirical,0.007,"derived via ARC ERA journal crosswalk: 404 shared-journal vote(s) over 187 FOR2008-classified journal(s), 3 agreeing"
FOR2008,1605,1605 Policy and Administration,FOR,3508,Tourism,group,False,derived_empirical,0.002,"derived via ARC ERA journal crosswalk: 404 shared-journal vote(s) over 187 FOR2008-classified journal(s), 1 agreeing"
FOR2008,1605,1605 Policy and Administration,FOR,4402,Criminology,group,False,derived_empirical,0.01,"derived via ARC ERA journal crosswalk: 404 shared-journal vote(s) over 187 FOR2008-classified journal(s), 4 agreeing"
FOR2008,1605,1605 Policy and Administration,FOR,3903,Education systems,group,False,derived_empirical,0.01,"derived via ARC ERA journal crosswalk: 404 shared-journal vote(s) over 187 FOR2008-classified journal(s), 4 agreeing"
FOR2008,1605,1605 Policy and Administration,FOR,3007,Forestry sciences,group,False,derived_empirical,0.01,"derived via ARC ERA journal crosswalk: 404 shared-journal vote(s) over 187 FOR2008-classified journal(s), 4 agreeing"
FOR2008,1605,1605 Policy and Administration,FOR,4409,Social work,group,False,derived_empirical,0.012,"derived via ARC ERA journal crosswalk: 404 shared-journal vote(s) over 187 FOR2008-classified journal(s), 5 agreeing"
FOR2008,1605,1605 Policy and Administration,FOR,5201,Applied and developmental psychology,group,False,derived_empirical,0.012,"derived via ARC ERA journal crosswalk: 404 shared-journal vote(s) over 187 FOR2008-classified journal(s), 5 agreeing"
FOR2008,1605,1605 Policy and Administration,FOR,3304,Urban and regional planning,group,False,derived_empirical,0.012,"derived via ARC ERA journal crosswalk: 404 shared-journal vote(s) over 187 FOR2008-classified journal(s), 5 agreeing"
FOR2008,1605,1605 Policy and Administration,FOR,4104,Environmental management,group,False,derived_empirical,0.015,"derived via ARC ERA journal crosswalk: 404 shared-journal vote(s) over 187 FOR2008-classified journal(s), 6 agreeing"
FOR2008,1605,1605 Policy and Administration,FOR,3506,Marketing,group,False,derived_empirical,0.002,"derived via ARC ERA journal crosswalk: 404 shared-journal vote(s) over 187 FOR2008-classified journal(s), 1 agreeing"
FOR2008,1605,1605 Policy and Administration,FOR,4202,Epidemiology,group,False,derived_empirical,0.007,"derived via ARC ERA journal crosswalk: 404 shared-journal vote(s) over 187 FOR2008-classified journal(s), 3 agreeing"
FOR2008,1605,1605 Policy and Administration,FOR,3202,Clinical sciences,group,False,derived_empirical,0.002,"derived via ARC ERA journal crosswalk: 404 shared-journal vote(s) over 187 FOR2008-classified journal(s), 1 agreeing"
FOR2008,1606,1606 Political Science,FOR,3502,"Banking, finance and investment",group,False,derived_empirical,0.012,"derived via ARC ERA journal crosswalk: 403 shared-journal vote(s) over 243 FOR2008-classified journal(s), 5 agreeing"
FOR2008,1606,1606 Political Science,FOR,4804,Law in context,group,False,derived_empirical,0.007,"derived via ARC ERA journal crosswalk: 403 shared-journal vote(s) over 243 FOR2008-classified journal(s), 3 agreeing"
FOR2008,1606,1606 Political Science,FOR,4409,Social work,group,False,derived_empirical,0.01,"derived via ARC ERA journal crosswalk: 403 shared-journal vote(s) over 243 FOR2008-classified journal(s), 4 agreeing"
FOR2008,1606,1606 Political Science,FOR,3803,Economic theory,group,False,derived_empirical,0.01,"derived via ARC ERA journal crosswalk: 403 shared-journal vote(s) over 243 FOR2008-classified journal(s), 4 agreeing"
FOR2008,1606,1606 Political Science,FOR,4405,Gender studies,group,False,derived_empirical,0.01,"derived via ARC ERA journal crosswalk: 403 shared-journal vote(s) over 243 FOR2008-classified journal(s), 4 agreeing"
FOR2008,1606,1606 Political Science,FOR,4402,Criminology,group,False,derived_empirical,0.012,"derived via ARC ERA journal crosswalk: 403 shared-journal vote(s) over 243 FOR2008-classified journal(s), 5 agreeing"
FOR2008,1606,1606 Political Science,FOR,5001,Applied ethics,group,False,derived_empirical,0.012,"derived via ARC ERA journal crosswalk: 403 shared-journal vote(s) over 243 FOR2008-classified journal(s), 5 agreeing"
FOR2008,1606,1606 Political Science,FOR,4406,Human geography,group,False,derived_empirical,0.012,"derived via ARC ERA journal crosswalk: 403 shared-journal vote(s) over 243 FOR2008-classified journal(s), 5 agreeing"
FOR2008,1606,1606 Political Science,FOR,3507,"Strategy, management and organisational behaviour",group,False,derived_empirical,0.007,"derived via ARC ERA journal crosswalk: 403 shared-journal vote(s) over 243 FOR2008-classified journal(s), 3 agreeing"
FOR2008,1606,1606 Political Science,FOR,4807,Public law,group,False,derived_empirical,0.015,"derived via ARC ERA journal crosswalk: 403 shared-journal vote(s) over 243 FOR2008-classified journal(s), 6 agreeing"
FOR2008,1606,1606 Political Science,FOR,4303,Historical studies,group,False,derived_empirical,0.025,"derived via ARC ERA journal crosswalk: 403 shared-journal vote(s) over 243 FOR2008-classified journal(s), 10 agreeing"
FOR2008,1606,1606 Political Science,FOR,4410,Sociology,group,False,derived_empirical,0.03,"derived via ARC ERA journal crosswalk: 403 shared-journal vote(s) over 243 FOR2008-classified journal(s), 12 agreeing"
FOR2008,1606,1606 Political Science,FOR,3801,Applied economics,group,False,derived_empirical,0.03,"derived via ARC ERA journal crosswalk: 403 shared-journal vote(s) over 243 FOR2008-classified journal(s), 12 agreeing"
FOR2008,1606,1606 Political Science,FOR,5003,Philosophy,group,False,derived_empirical,0.032,"derived via ARC ERA journal crosswalk: 403 shared-journal vote(s) over 243 FOR2008-classified journal(s), 13 agreeing"
FOR2008,1606,1606 Political Science,FOR,4404,Development studies,group,False,derived_empirical,0.055,"derived via ARC ERA journal crosswalk: 403 shared-journal vote(s) over 243 FOR2008-classified journal(s), 22 agreeing"
FOR2008,1606,1606 Political Science,FOR,4407,Policy and administration,group,False,derived_empirical,0.159,"derived via ARC ERA journal crosswalk: 403 shared-journal vote(s) over 243 FOR2008-classified journal(s), 64 agreeing"
FOR2008,1606,1606 Political Science,FOR,4408,Political science,group,True,derived_empirical,0.471,"derived via ARC ERA journal crosswalk: 403 shared-journal vote(s) over 243 FOR2008-classified journal(s), 190 agreeing"
FOR2008,1606,1606 Political Science,FOR,4803,International and comparative law,group,False,derived_empirical,0.022,"derived via ARC ERA journal crosswalk: 403 shared-journal vote(s) over 243 FOR2008-classified journal(s), 9 agreeing"
FOR2008,1606,1606 Political Science,FOR,4702,Cultural studies,group,False,derived_empirical,0.005,"derived via ARC ERA journal crosswalk: 403 shared-journal vote(s) over 243 FOR2008-classified journal(s), 2 agreeing"
FOR2008,1606,1606 Political Science,FOR,4701,Communication and media studies,group,False,derived_empirical,0.007,"derived via ARC ERA journal crosswalk: 403 shared-journal vote(s) over 243 FOR2008-classified journal(s), 3 agreeing"
FOR2008,1606,1606 Political Science,FOR,5002,History and philosophy of specific fields,group,False,derived_empirical,0.005,"derived via ARC ERA journal crosswalk: 403 shared-journal vote(s) over 243 FOR2008-classified journal(s), 2 agreeing"
FOR2008,1606,1606 Political Science,FOR,4206,Public health,group,False,derived_empirical,0.002,"derived via ARC ERA journal crosswalk: 403 shared-journal vote(s) over 243 FOR2008-classified journal(s), 1 agreeing"
FOR2008,1606,1606 Political Science,FOR,4203,Health services and systems,group,False,derived_empirical,0.002,"derived via ARC ERA journal crosswalk: 403 shared-journal vote(s) over 243 FOR2008-classified journal(s), 1 agreeing"
FOR2008,1606,1606 Political Science,FOR,3904,Specialist studies in education,group,False,derived_empirical,0.002,"derived via ARC ERA journal crosswalk: 403 shared-journal vote(s) over 243 FOR2008-classified journal(s), 1 agreeing"
FOR2008,1606,1606 Political Science,FOR,4802,Environmental and resources law,group,False,derived_empirical,0.002,"derived via ARC ERA journal crosswalk: 403 shared-journal vote(s) over 243 FOR2008-classified journal(s), 1 agreeing"
FOR2008,1606,1606 Political Science,FOR,3002,"Agriculture, land and farm management",group,False,derived_empirical,0.002,"derived via ARC ERA journal crosswalk: 403 shared-journal vote(s) over 243 FOR2008-classified journal(s), 1 agreeing"
FOR2008,1606,1606 Political Science,FOR,4401,Anthropology,group,False,derived_empirical,0.002,"derived via ARC ERA journal crosswalk: 403 shared-journal vote(s) over 243 FOR2008-classified journal(s), 1 agreeing"
FOR2008,1606,1606 Political Science,FOR,3903,Education systems,group,False,derived_empirical,0.005,"derived via ARC ERA journal crosswalk: 403 shared-journal vote(s) over 243 FOR2008-classified journal(s), 2 agreeing"
FOR2008,1606,1606 Political Science,FOR,5203,Clinical and health psychology,group,False,derived_empirical,0.002,"derived via ARC ERA journal crosswalk: 403 shared-journal vote(s) over 243 FOR2008-classified journal(s), 1 agreeing"
FOR2008,1606,1606 Political Science,FOR,4805,Legal systems,group,False,derived_empirical,0.002,"derived via ARC ERA journal crosswalk: 403 shared-journal vote(s) over 243 FOR2008-classified journal(s), 1 agreeing"
FOR2008,1606,1606 Political Science,FOR,5004,Religious studies,group,False,derived_empirical,0.002,"derived via ARC ERA journal crosswalk: 403 shared-journal vote(s) over 243 FOR2008-classified journal(s), 1 agreeing"
FOR2008,1606,1606 Political Science,FOR,3902,"Education policy, sociology and philosophy",group,False,derived_empirical,0.002,"derived via ARC ERA journal crosswalk: 403 shared-journal vote(s) over 243 FOR2008-classified journal(s), 1 agreeing"
FOR2008,1606,1606 Political Science,FOR,3505,Human resources and industrial relations,group,False,derived_empirical,0.002,"derived via ARC ERA journal crosswalk: 403 shared-journal vote(s) over 243 FOR2008-classified journal(s), 1 agreeing"
FOR2008,1606,1606 Political Science,FOR,4104,Environmental management,group,False,derived_empirical,0.005,"derived via ARC ERA journal crosswalk: 403 shared-journal vote(s) over 243 FOR2008-classified journal(s), 2 agreeing"
FOR2008,1606,1606 Political Science,FOR,3304,Urban and regional planning,group,False,derived_empirical,0.005,"derived via ARC ERA journal crosswalk: 403 shared-journal vote(s) over 243 FOR2008-classified journal(s), 2 agreeing"
FOR2008,1606,1606 Political Science,FOR,4403,Demography,group,False,derived_empirical,0.005,"derived via ARC ERA journal crosswalk: 403 shared-journal vote(s) over 243 FOR2008-classified journal(s), 2 agreeing"
FOR2008,1606,1606 Political Science,FOR,5204,Cognitive and computational psychology,group,False,derived_empirical,0.002,"derived via ARC ERA journal crosswalk: 403 shared-journal vote(s) over 243 FOR2008-classified journal(s), 1 agreeing"
FOR2008,1607,1607 Social Work,FOR,4405,Gender studies,group,False,derived_empirical,0.007,"derived via ARC ERA journal crosswalk: 139 shared-journal vote(s) over 72 FOR2008-classified journal(s), 1 agreeing"
FOR2008,1607,1607 Social Work,FOR,4408,Political science,group,False,derived_empirical,0.014,"derived via ARC ERA journal crosswalk: 139 shared-journal vote(s) over 72 FOR2008-classified journal(s), 2 agreeing"
FOR2008,1607,1607 Social Work,FOR,3101,Biochemistry and cell biology,group,False,derived_empirical,0.007,"derived via ARC ERA journal crosswalk: 139 shared-journal vote(s) over 72 FOR2008-classified journal(s), 1 agreeing"
FOR2008,1607,1607 Social Work,FOR,4406,Human geography,group,False,derived_empirical,0.014,"derived via ARC ERA journal crosswalk: 139 shared-journal vote(s) over 72 FOR2008-classified journal(s), 2 agreeing"
FOR2008,1607,1607 Social Work,FOR,3507,"Strategy, management and organisational behaviour",group,False,derived_empirical,0.014,"derived via ARC ERA journal crosswalk: 139 shared-journal vote(s) over 72 FOR2008-classified journal(s), 2 agreeing"
FOR2008,1607,1607 Social Work,FOR,3202,Clinical sciences,group,False,derived_empirical,0.014,"derived via ARC ERA journal crosswalk: 139 shared-journal vote(s) over 72 FOR2008-classified journal(s), 2 agreeing"
FOR2008,1607,1607 Social Work,FOR,4206,Public health,group,False,derived_empirical,0.029,"derived via ARC ERA journal crosswalk: 139 shared-journal vote(s) over 72 FOR2008-classified journal(s), 4 agreeing"
FOR2008,1607,1607 Social Work,FOR,5201,Applied and developmental psychology,group,False,derived_empirical,0.115,"derived via ARC ERA journal crosswalk: 139 shared-journal vote(s) over 72 FOR2008-classified journal(s), 16 agreeing"
FOR2008,1607,1607 Social Work,FOR,3904,Specialist studies in education,group,False,derived_empirical,0.029,"derived via ARC ERA journal crosswalk: 139 shared-journal vote(s) over 72 FOR2008-classified journal(s), 4 agreeing"
FOR2008,1607,1607 Social Work,FOR,5205,Social and personality psychology,group,False,derived_empirical,0.036,"derived via ARC ERA journal crosswalk: 139 shared-journal vote(s) over 72 FOR2008-classified journal(s), 5 agreeing"
FOR2008,1607,1607 Social Work,FOR,4402,Criminology,group,False,derived_empirical,0.036,"derived via ARC ERA journal crosswalk: 139 shared-journal vote(s) over 72 FOR2008-classified journal(s), 5 agreeing"
FOR2008,1607,1607 Social Work,FOR,4203,Health services and systems,group,False,derived_empirical,0.043,"derived via ARC ERA journal crosswalk: 139 shared-journal vote(s) over 72 FOR2008-classified journal(s), 6 agreeing"
FOR2008,1607,1607 Social Work,FOR,4410,Sociology,group,False,derived_empirical,0.065,"derived via ARC ERA journal crosswalk: 139 shared-journal vote(s) over 72 FOR2008-classified journal(s), 9 agreeing"
FOR2008,1607,1607 Social Work,FOR,3209,Neurosciences,group,False,derived_empirical,0.007,"derived via ARC ERA journal crosswalk: 139 shared-journal vote(s) over 72 FOR2008-classified journal(s), 1 agreeing"
FOR2008,1607,1607 Social Work,FOR,4409,Social work,group,True,derived_empirical,0.338,"derived via ARC ERA journal crosswalk: 139 shared-journal vote(s) over 72 FOR2008-classified journal(s), 47 agreeing"
FOR2008,1607,1607 Social Work,FOR,3903,Education systems,group,False,derived_empirical,0.029,"derived via ARC ERA journal crosswalk: 139 shared-journal vote(s) over 72 FOR2008-classified journal(s), 4 agreeing"
FOR2008,1607,1607 Social Work,FOR,5203,Clinical and health psychology,group,False,derived_empirical,0.115,"derived via ARC ERA journal crosswalk: 139 shared-journal vote(s) over 72 FOR2008-classified journal(s), 16 agreeing"
FOR2008,1607,1607 Social Work,FOR,3304,Urban and regional planning,group,False,derived_empirical,0.007,"derived via ARC ERA journal crosswalk: 139 shared-journal vote(s) over 72 FOR2008-classified journal(s), 1 agreeing"
FOR2008,1607,1607 Social Work,FOR,4407,Policy and administration,group,False,derived_empirical,0.072,"derived via ARC ERA journal crosswalk: 139 shared-journal vote(s) over 72 FOR2008-classified journal(s), 10 agreeing"
FOR2008,1607,1607 Social Work,FOR,4404,Development studies,group,False,derived_empirical,0.007,"derived via ARC ERA journal crosswalk: 139 shared-journal vote(s) over 72 FOR2008-classified journal(s), 1 agreeing"
FOR2008,1608,1608 Sociology,FOR,4806,Private law and civil obligations,group,False,derived_empirical,0.002,"derived via ARC ERA journal crosswalk: 446 shared-journal vote(s) over 244 FOR2008-classified journal(s), 1 agreeing"
FOR2008,1608,1608 Sociology,FOR,3901,Curriculum and pedagogy,group,False,derived_empirical,0.007,"derived via ARC ERA journal crosswalk: 446 shared-journal vote(s) over 244 FOR2008-classified journal(s), 3 agreeing"
FOR2008,1608,1608 Sociology,FOR,4207,Sports science and exercise,group,False,derived_empirical,0.007,"derived via ARC ERA journal crosswalk: 446 shared-journal vote(s) over 244 FOR2008-classified journal(s), 3 agreeing"
FOR2008,1608,1608 Sociology,FOR,3508,Tourism,group,False,derived_empirical,0.004,"derived via ARC ERA journal crosswalk: 446 shared-journal vote(s) over 244 FOR2008-classified journal(s), 2 agreeing"
FOR2008,1608,1608 Sociology,FOR,4705,Literary studies,group,False,derived_empirical,0.004,"derived via ARC ERA journal crosswalk: 446 shared-journal vote(s) over 244 FOR2008-classified journal(s), 2 agreeing"
FOR2008,1608,1608 Sociology,FOR,3506,Marketing,group,False,derived_empirical,0.004,"derived via ARC ERA journal crosswalk: 446 shared-journal vote(s) over 244 FOR2008-classified journal(s), 2 agreeing"
FOR2008,1608,1608 Sociology,FOR,3304,Urban and regional planning,group,False,derived_empirical,0.004,"derived via ARC ERA journal crosswalk: 446 shared-journal vote(s) over 244 FOR2008-classified journal(s), 2 agreeing"
FOR2008,1608,1608 Sociology,FOR,4803,International and comparative law,group,False,derived_empirical,0.004,"derived via ARC ERA journal crosswalk: 446 shared-journal vote(s) over 244 FOR2008-classified journal(s), 2 agreeing"
FOR2008,1608,1608 Sociology,FOR,4602,Artificial intelligence,group,False,derived_empirical,0.004,"derived via ARC ERA journal crosswalk: 446 shared-journal vote(s) over 244 FOR2008-classified journal(s), 2 agreeing"
FOR2008,1608,1608 Sociology,FOR,3501,"Accounting, auditing and accountability",group,False,derived_empirical,0.002,"derived via ARC ERA journal crosswalk: 446 shared-journal vote(s) over 244 FOR2008-classified journal(s), 1 agreeing"
FOR2008,1608,1608 Sociology,FOR,5001,Applied ethics,group,False,derived_empirical,0.002,"derived via ARC ERA journal crosswalk: 446 shared-journal vote(s) over 244 FOR2008-classified journal(s), 1 agreeing"
FOR2008,1608,1608 Sociology,FOR,3605,Screen and digital media,group,False,derived_empirical,0.002,"derived via ARC ERA journal crosswalk: 446 shared-journal vote(s) over 244 FOR2008-classified journal(s), 1 agreeing"
FOR2008,1608,1608 Sociology,FOR,5204,Cognitive and computational psychology,group,False,derived_empirical,0.002,"derived via ARC ERA journal crosswalk: 446 shared-journal vote(s) over 244 FOR2008-classified journal(s), 1 agreeing"
FOR2008,1608,1608 Sociology,FOR,4202,Epidemiology,group,False,derived_empirical,0.002,"derived via ARC ERA journal crosswalk: 446 shared-journal vote(s) over 244 FOR2008-classified journal(s), 1 agreeing"
FOR2008,1608,1608 Sociology,FOR,4201,Allied health and rehabilitation science,group,False,derived_empirical,0.002,"derived via ARC ERA journal crosswalk: 446 shared-journal vote(s) over 244 FOR2008-classified journal(s), 1 agreeing"
FOR2008,1608,1608 Sociology,FOR,4805,Legal systems,group,False,derived_empirical,0.002,"derived via ARC ERA journal crosswalk: 446 shared-journal vote(s) over 244 FOR2008-classified journal(s), 1 agreeing"
FOR2008,1608,1608 Sociology,FOR,4807,Public law,group,False,derived_empirical,0.002,"derived via ARC ERA journal crosswalk: 446 shared-journal vote(s) over 244 FOR2008-classified journal(s), 1 agreeing"
FOR2008,1608,1608 Sociology,FOR,3202,Clinical sciences,group,False,derived_empirical,0.002,"derived via ARC ERA journal crosswalk: 446 shared-journal vote(s) over 244 FOR2008-classified journal(s), 1 agreeing"
FOR2008,1608,1608 Sociology,FOR,5202,Biological psychology,group,False,derived_empirical,0.002,"derived via ARC ERA journal crosswalk: 446 shared-journal vote(s) over 244 FOR2008-classified journal(s), 1 agreeing"
FOR2008,1608,1608 Sociology,FOR,4010,Engineering practice and education,group,False,derived_empirical,0.002,"derived via ARC ERA journal crosswalk: 446 shared-journal vote(s) over 244 FOR2008-classified journal(s), 1 agreeing"
FOR2008,1608,1608 Sociology,FOR,4704,Linguistics,group,False,derived_empirical,0.002,"derived via ARC ERA journal crosswalk: 446 shared-journal vote(s) over 244 FOR2008-classified journal(s), 1 agreeing"
FOR2008,1608,1608 Sociology,FOR,3007,Forestry sciences,group,False,derived_empirical,0.002,"derived via ARC ERA journal crosswalk: 446 shared-journal vote(s) over 244 FOR2008-classified journal(s), 1 agreeing"
FOR2008,1608,1608 Sociology,FOR,4208,"Traditional, complementary and integrative medicine",group,False,derived_empirical,0.002,"derived via ARC ERA journal crosswalk: 446 shared-journal vote(s) over 244 FOR2008-classified journal(s), 1 agreeing"
FOR2008,1608,1608 Sociology,FOR,3903,Education systems,group,False,derived_empirical,0.007,"derived via ARC ERA journal crosswalk: 446 shared-journal vote(s) over 244 FOR2008-classified journal(s), 3 agreeing"
FOR2008,1608,1608 Sociology,FOR,3504,Commercial services,group,False,derived_empirical,0.002,"derived via ARC ERA journal crosswalk: 446 shared-journal vote(s) over 244 FOR2008-classified journal(s), 1 agreeing"
FOR2008,1608,1608 Sociology,FOR,4410,Sociology,group,True,derived_empirical,0.325,"derived via ARC ERA journal crosswalk: 446 shared-journal vote(s) over 244 FOR2008-classified journal(s), 145 agreeing"
FOR2008,1608,1608 Sociology,FOR,5003,Philosophy,group,False,derived_empirical,0.009,"derived via ARC ERA journal crosswalk: 446 shared-journal vote(s) over 244 FOR2008-classified journal(s), 4 agreeing"
FOR2008,1608,1608 Sociology,FOR,4405,Gender studies,group,False,derived_empirical,0.049,"derived via ARC ERA journal crosswalk: 446 shared-journal vote(s) over 244 FOR2008-classified journal(s), 22 agreeing"
FOR2008,1608,1608 Sociology,FOR,4401,Anthropology,group,False,derived_empirical,0.045,"derived via ARC ERA journal crosswalk: 446 shared-journal vote(s) over 244 FOR2008-classified journal(s), 20 agreeing"
FOR2008,1608,1608 Sociology,FOR,4408,Political science,group,False,derived_empirical,0.038,"derived via ARC ERA journal crosswalk: 446 shared-journal vote(s) over 244 FOR2008-classified journal(s), 17 agreeing"
FOR2008,1608,1608 Sociology,FOR,5205,Social and personality psychology,group,False,derived_empirical,0.038,"derived via ARC ERA journal crosswalk: 446 shared-journal vote(s) over 244 FOR2008-classified journal(s), 17 agreeing"
FOR2008,1608,1608 Sociology,FOR,4404,Development studies,group,False,derived_empirical,0.038,"derived via ARC ERA journal crosswalk: 446 shared-journal vote(s) over 244 FOR2008-classified journal(s), 17 agreeing"
FOR2008,1608,1608 Sociology,FOR,4702,Cultural studies,group,False,derived_empirical,0.036,"derived via ARC ERA journal crosswalk: 446 shared-journal vote(s) over 244 FOR2008-classified journal(s), 16 agreeing"
FOR2008,1608,1608 Sociology,FOR,5201,Applied and developmental psychology,group,False,derived_empirical,0.031,"derived via ARC ERA journal crosswalk: 446 shared-journal vote(s) over 244 FOR2008-classified journal(s), 14 agreeing"
FOR2008,1608,1608 Sociology,FOR,4407,Policy and administration,group,False,derived_empirical,0.029,"derived via ARC ERA journal crosswalk: 446 shared-journal vote(s) over 244 FOR2008-classified journal(s), 13 agreeing"
FOR2008,1608,1608 Sociology,FOR,4206,Public health,group,False,derived_empirical,0.029,"derived via ARC ERA journal crosswalk: 446 shared-journal vote(s) over 244 FOR2008-classified journal(s), 13 agreeing"
FOR2008,1608,1608 Sociology,FOR,4406,Human geography,group,False,derived_empirical,0.025,"derived via ARC ERA journal crosswalk: 446 shared-journal vote(s) over 244 FOR2008-classified journal(s), 11 agreeing"
FOR2008,1608,1608 Sociology,FOR,4409,Social work,group,False,derived_empirical,0.02,"derived via ARC ERA journal crosswalk: 446 shared-journal vote(s) over 244 FOR2008-classified journal(s), 9 agreeing"
FOR2008,1608,1608 Sociology,FOR,4403,Demography,group,False,derived_empirical,0.018,"derived via ARC ERA journal crosswalk: 446 shared-journal vote(s) over 244 FOR2008-classified journal(s), 8 agreeing"
FOR2008,1608,1608 Sociology,FOR,4303,Historical studies,group,False,derived_empirical,0.018,"derived via ARC ERA journal crosswalk: 446 shared-journal vote(s) over 244 FOR2008-classified journal(s), 8 agreeing"
FOR2008,1608,1608 Sociology,FOR,3904,Specialist studies in education,group,False,derived_empirical,0.016,"derived via ARC ERA journal crosswalk: 446 shared-journal vote(s) over 244 FOR2008-classified journal(s), 7 agreeing"
FOR2008,1608,1608 Sociology,FOR,3505,Human resources and industrial relations,group,False,derived_empirical,0.016,"derived via ARC ERA journal crosswalk: 446 shared-journal vote(s) over 244 FOR2008-classified journal(s), 7 agreeing"
FOR2008,1608,1608 Sociology,FOR,3801,Applied economics,group,False,derived_empirical,0.013,"derived via ARC ERA journal crosswalk: 446 shared-journal vote(s) over 244 FOR2008-classified journal(s), 6 agreeing"
FOR2008,1608,1608 Sociology,FOR,4402,Criminology,group,False,derived_empirical,0.013,"derived via ARC ERA journal crosswalk: 446 shared-journal vote(s) over 244 FOR2008-classified journal(s), 6 agreeing"
FOR2008,1608,1608 Sociology,FOR,3507,"Strategy, management and organisational behaviour",group,False,derived_empirical,0.013,"derived via ARC ERA journal crosswalk: 446 shared-journal vote(s) over 244 FOR2008-classified journal(s), 6 agreeing"
FOR2008,1608,1608 Sociology,FOR,5004,Religious studies,group,False,derived_empirical,0.011,"derived via ARC ERA journal crosswalk: 446 shared-journal vote(s) over 244 FOR2008-classified journal(s), 5 agreeing"
FOR2008,1608,1608 Sociology,FOR,4203,Health services and systems,group,False,derived_empirical,0.011,"derived via ARC ERA journal crosswalk: 446 shared-journal vote(s) over 244 FOR2008-classified journal(s), 5 agreeing"
FOR2008,1608,1608 Sociology,FOR,4804,Law in context,group,False,derived_empirical,0.011,"derived via ARC ERA journal crosswalk: 446 shared-journal vote(s) over 244 FOR2008-classified journal(s), 5 agreeing"
FOR2008,1608,1608 Sociology,FOR,4701,Communication and media studies,group,False,derived_empirical,0.011,"derived via ARC ERA journal crosswalk: 446 shared-journal vote(s) over 244 FOR2008-classified journal(s), 5 agreeing"
FOR2008,1608,1608 Sociology,FOR,3902,"Education policy, sociology and philosophy",group,False,derived_empirical,0.009,"derived via ARC ERA journal crosswalk: 446 shared-journal vote(s) over 244 FOR2008-classified journal(s), 4 agreeing"
FOR2008,1608,1608 Sociology,FOR,5002,History and philosophy of specific fields,group,False,derived_empirical,0.009,"derived via ARC ERA journal crosswalk: 446 shared-journal vote(s) over 244 FOR2008-classified journal(s), 4 agreeing"
FOR2008,1608,1608 Sociology,FOR,4905,Statistics,group,False,derived_empirical,0.009,"derived via ARC ERA journal crosswalk: 446 shared-journal vote(s) over 244 FOR2008-classified journal(s), 4 agreeing"
FOR2008,1608,1608 Sociology,FOR,5203,Clinical and health psychology,group,False,derived_empirical,0.025,"derived via ARC ERA journal crosswalk: 446 shared-journal vote(s) over 244 FOR2008-classified journal(s), 11 agreeing"
FOR2008,1699,1699 Other Studies in Human Society,FOR,3605,Screen and digital media,group,False,derived_empirical,0.009,"derived via ARC ERA journal crosswalk: 112 shared-journal vote(s) over 58 FOR2008-classified journal(s), 1 agreeing"
FOR2008,1699,1699 Other Studies in Human Society,FOR,4701,Communication and media studies,group,False,derived_empirical,0.009,"derived via ARC ERA journal crosswalk: 112 shared-journal vote(s) over 58 FOR2008-classified journal(s), 1 agreeing"
FOR2008,1699,1699 Other Studies in Human Society,FOR,4301,Archaeology,group,False,derived_empirical,0.009,"derived via ARC ERA journal crosswalk: 112 shared-journal vote(s) over 58 FOR2008-classified journal(s), 1 agreeing"
FOR2008,1699,1699 Other Studies in Human Society,FOR,3901,Curriculum and pedagogy,group,False,derived_empirical,0.009,"derived via ARC ERA journal crosswalk: 112 shared-journal vote(s) over 58 FOR2008-classified journal(s), 1 agreeing"
FOR2008,1699,1699 Other Studies in Human Society,FOR,3904,Specialist studies in education,group,False,derived_empirical,0.009,"derived via ARC ERA journal crosswalk: 112 shared-journal vote(s) over 58 FOR2008-classified journal(s), 1 agreeing"
FOR2008,1699,1699 Other Studies in Human Society,FOR,3007,Forestry sciences,group,False,derived_empirical,0.009,"derived via ARC ERA journal crosswalk: 112 shared-journal vote(s) over 58 FOR2008-classified journal(s), 1 agreeing"
FOR2008,1699,1699 Other Studies in Human Society,FOR,4202,Epidemiology,group,False,derived_empirical,0.009,"derived via ARC ERA journal crosswalk: 112 shared-journal vote(s) over 58 FOR2008-classified journal(s), 1 agreeing"
FOR2008,1699,1699 Other Studies in Human Society,FOR,4499,Other human society,group,False,derived_empirical,0.009,"derived via ARC ERA journal crosswalk: 112 shared-journal vote(s) over 58 FOR2008-classified journal(s), 1 agreeing"
FOR2008,1699,1699 Other Studies in Human Society,FOR,4804,Law in context,group,False,derived_empirical,0.009,"derived via ARC ERA journal crosswalk: 112 shared-journal vote(s) over 58 FOR2008-classified journal(s), 1 agreeing"
FOR2008,1699,1699 Other Studies in Human Society,FOR,3508,Tourism,group,False,derived_empirical,0.009,"derived via ARC ERA journal crosswalk: 112 shared-journal vote(s) over 58 FOR2008-classified journal(s), 1 agreeing"
FOR2008,1699,1699 Other Studies in Human Society,FOR,4608,Human-centred computing,group,False,derived_empirical,0.009,"derived via ARC ERA journal crosswalk: 112 shared-journal vote(s) over 58 FOR2008-classified journal(s), 1 agreeing"
FOR2008,1699,1699 Other Studies in Human Society,FOR,3505,Human resources and industrial relations,group,False,derived_empirical,0.009,"derived via ARC ERA journal crosswalk: 112 shared-journal vote(s) over 58 FOR2008-classified journal(s), 1 agreeing"
FOR2008,1699,1699 Other Studies in Human Society,FOR,5003,Philosophy,group,False,derived_empirical,0.009,"derived via ARC ERA journal crosswalk: 112 shared-journal vote(s) over 58 FOR2008-classified journal(s), 1 agreeing"
FOR2008,1699,1699 Other Studies in Human Society,FOR,5002,History and philosophy of specific fields,group,False,derived_empirical,0.009,"derived via ARC ERA journal crosswalk: 112 shared-journal vote(s) over 58 FOR2008-classified journal(s), 1 agreeing"
FOR2008,1699,1699 Other Studies in Human Society,FOR,4609,Information systems,group,False,derived_empirical,0.009,"derived via ARC ERA journal crosswalk: 112 shared-journal vote(s) over 58 FOR2008-classified journal(s), 1 agreeing"
FOR2008,1699,1699 Other Studies in Human Society,FOR,3215,Reproductive medicine,group,False,derived_empirical,0.009,"derived via ARC ERA journal crosswalk: 112 shared-journal vote(s) over 58 FOR2008-classified journal(s), 1 agreeing"
FOR2008,1699,1699 Other Studies in Human Society,FOR,4206,Public health,group,False,derived_empirical,0.018,"derived via ARC ERA journal crosswalk: 112 shared-journal vote(s) over 58 FOR2008-classified journal(s), 2 agreeing"
FOR2008,1699,1699 Other Studies in Human Society,FOR,4705,Literary studies,group,False,derived_empirical,0.018,"derived via ARC ERA journal crosswalk: 112 shared-journal vote(s) over 58 FOR2008-classified journal(s), 2 agreeing"
FOR2008,1699,1699 Other Studies in Human Society,FOR,4407,Policy and administration,group,False,derived_empirical,0.027,"derived via ARC ERA journal crosswalk: 112 shared-journal vote(s) over 58 FOR2008-classified journal(s), 3 agreeing"
FOR2008,1699,1699 Other Studies in Human Society,FOR,4303,Historical studies,group,False,derived_empirical,0.027,"derived via ARC ERA journal crosswalk: 112 shared-journal vote(s) over 58 FOR2008-classified journal(s), 3 agreeing"
FOR2008,1699,1699 Other Studies in Human Society,FOR,4702,Cultural studies,group,False,derived_empirical,0.045,"derived via ARC ERA journal crosswalk: 112 shared-journal vote(s) over 58 FOR2008-classified journal(s), 5 agreeing"
FOR2008,1699,1699 Other Studies in Human Society,FOR,5201,Applied and developmental psychology,group,False,derived_empirical,0.045,"derived via ARC ERA journal crosswalk: 112 shared-journal vote(s) over 58 FOR2008-classified journal(s), 5 agreeing"
FOR2008,1699,1699 Other Studies in Human Society,FOR,5203,Clinical and health psychology,group,False,derived_empirical,0.045,"derived via ARC ERA journal crosswalk: 112 shared-journal vote(s) over 58 FOR2008-classified journal(s), 5 agreeing"
FOR2008,1699,1699 Other Studies in Human Society,FOR,4410,Sociology,group,False,derived_empirical,0.054,"derived via ARC ERA journal crosswalk: 112 shared-journal vote(s) over 58 FOR2008-classified journal(s), 6 agreeing"
FOR2008,1699,1699 Other Studies in Human Society,FOR,4401,Anthropology,group,False,derived_empirical,0.054,"derived via ARC ERA journal crosswalk: 112 shared-journal vote(s) over 58 FOR2008-classified journal(s), 6 agreeing"
FOR2008,1699,1699 Other Studies in Human Society,FOR,5205,Social and personality psychology,group,False,derived_empirical,0.062,"derived via ARC ERA journal crosswalk: 112 shared-journal vote(s) over 58 FOR2008-classified journal(s), 7 agreeing"
FOR2008,1699,1699 Other Studies in Human Society,FOR,4404,Development studies,group,False,derived_empirical,0.071,"derived via ARC ERA journal crosswalk: 112 shared-journal vote(s) over 58 FOR2008-classified journal(s), 8 agreeing"
FOR2008,1699,1699 Other Studies in Human Society,FOR,4408,Political science,group,False,derived_empirical,0.08,"derived via ARC ERA journal crosswalk: 112 shared-journal vote(s) over 58 FOR2008-classified journal(s), 9 agreeing"
FOR2008,1699,1699 Other Studies in Human Society,FOR,4405,Gender studies,group,True,derived_empirical,0.295,"derived via ARC ERA journal crosswalk: 112 shared-journal vote(s) over 58 FOR2008-classified journal(s), 33 agreeing"
FOR2008,1699,1699 Other Studies in Human Society,FOR,3213,Paediatrics,group,False,derived_empirical,0.009,"derived via ARC ERA journal crosswalk: 112 shared-journal vote(s) over 58 FOR2008-classified journal(s), 1 agreeing"
FOR2008,1699,1699 Other Studies in Human Society,FOR,4402,Criminology,group,False,derived_empirical,0.009,"derived via ARC ERA journal crosswalk: 112 shared-journal vote(s) over 58 FOR2008-classified journal(s), 1 agreeing"
FOR2008,17,17 Psychology and Cognitive Sciences,FOR,52,PSYCHOLOGY,division,True,derived_empirical,0.384,"derived via ARC ERA journal crosswalk: 372 shared-journal vote(s) over 1172 FOR2008-classified journal(s), 143 agreeing"
FOR2008,17,17 Psychology and Cognitive Sciences,FOR,44,HUMAN SOCIETY,division,False,derived_empirical,0.038,"derived via ARC ERA journal crosswalk: 372 shared-journal vote(s) over 1172 FOR2008-classified journal(s), 14 agreeing"
FOR2008,17,17 Psychology and Cognitive Sciences,FOR,42,HEALTH SCIENCES,division,False,derived_empirical,0.134,"derived via ARC ERA journal crosswalk: 372 shared-journal vote(s) over 1172 FOR2008-classified journal(s), 50 agreeing"
FOR2008,17,17 Psychology and Cognitive Sciences,FOR,46,INFORMATION AND COMPUTING SCIENCES,division,False,derived_empirical,0.083,"derived via ARC ERA journal crosswalk: 372 shared-journal vote(s) over 1172 FOR2008-classified journal(s), 31 agreeing"
FOR2008,17,17 Psychology and Cognitive Sciences,FOR,35,"COMMERCE, MANAGEMENT, TOURISM AND SERVICES",division,False,derived_empirical,0.04,"derived via ARC ERA journal crosswalk: 372 shared-journal vote(s) over 1172 FOR2008-classified journal(s), 15 agreeing"
FOR2008,17,17 Psychology and Cognitive Sciences,FOR,31,BIOLOGICAL SCIENCES,division,False,derived_empirical,0.038,"derived via ARC ERA journal crosswalk: 372 shared-journal vote(s) over 1172 FOR2008-classified journal(s), 14 agreeing"
FOR2008,17,17 Psychology and Cognitive Sciences,FOR,40,ENGINEERING,division,False,derived_empirical,0.032,"derived via ARC ERA journal crosswalk: 372 shared-journal vote(s) over 1172 FOR2008-classified journal(s), 12 agreeing"
FOR2008,17,17 Psychology and Cognitive Sciences,FOR,39,EDUCATION,division,False,derived_empirical,0.03,"derived via ARC ERA journal crosswalk: 372 shared-journal vote(s) over 1172 FOR2008-classified journal(s), 11 agreeing"
FOR2008,17,17 Psychology and Cognitive Sciences,FOR,47,"LANGUAGE, COMMUNICATION AND CULTURE",division,False,derived_empirical,0.032,"derived via ARC ERA journal crosswalk: 372 shared-journal vote(s) over 1172 FOR2008-classified journal(s), 12 agreeing"
FOR2008,17,17 Psychology and Cognitive Sciences,FOR,33,BUILT ENVIRONMENT AND DESIGN,division,False,derived_empirical,0.008,"derived via ARC ERA journal crosswalk: 372 shared-journal vote(s) over 1172 FOR2008-classified journal(s), 3 agreeing"
FOR2008,17,17 Psychology and Cognitive Sciences,FOR,49,MATHEMATICAL SCIENCES,division,False,derived_empirical,0.008,"derived via ARC ERA journal crosswalk: 372 shared-journal vote(s) over 1172 FOR2008-classified journal(s), 3 agreeing"
FOR2008,17,17 Psychology and Cognitive Sciences,FOR,30,"AGRICULTURAL, VETERINARY AND FOOD SCIENCES",division,False,derived_empirical,0.005,"derived via ARC ERA journal crosswalk: 372 shared-journal vote(s) over 1172 FOR2008-classified journal(s), 2 agreeing"
FOR2008,17,17 Psychology and Cognitive Sciences,FOR,38,ECONOMICS,division,False,derived_empirical,0.003,"derived via ARC ERA journal crosswalk: 372 shared-journal vote(s) over 1172 FOR2008-classified journal(s), 1 agreeing"
FOR2008,17,17 Psychology and Cognitive Sciences,FOR,50,PHILOSOPHY AND RELIGIOUS STUDIES,division,False,derived_empirical,0.011,"derived via ARC ERA journal crosswalk: 372 shared-journal vote(s) over 1172 FOR2008-classified journal(s), 4 agreeing"
FOR2008,17,17 Psychology and Cognitive Sciences,FOR,32,BIOMEDICAL AND CLINICAL SCIENCES,division,False,derived_empirical,0.153,"derived via ARC ERA journal crosswalk: 372 shared-journal vote(s) over 1172 FOR2008-classified journal(s), 57 agreeing"
FOR2008,1701,1701 Psychology,FOR,3204,Immunology,group,False,derived_empirical,0.001,"derived via ARC ERA journal crosswalk: 1553 shared-journal vote(s) over 752 FOR2008-classified journal(s), 1 agreeing"
FOR2008,1701,1701 Psychology,FOR,3604,Performing arts,group,False,derived_empirical,0.001,"derived via ARC ERA journal crosswalk: 1553 shared-journal vote(s) over 752 FOR2008-classified journal(s), 1 agreeing"
FOR2008,1701,1701 Psychology,FOR,3215,Reproductive medicine,group,False,derived_empirical,0.001,"derived via ARC ERA journal crosswalk: 1553 shared-journal vote(s) over 752 FOR2008-classified journal(s), 1 agreeing"
FOR2008,1701,1701 Psychology,FOR,4608,Human-centred computing,group,False,derived_empirical,0.001,"derived via ARC ERA journal crosswalk: 1553 shared-journal vote(s) over 752 FOR2008-classified journal(s), 1 agreeing"
FOR2008,1701,1701 Psychology,FOR,4805,Legal systems,group,False,derived_empirical,0.001,"derived via ARC ERA journal crosswalk: 1553 shared-journal vote(s) over 752 FOR2008-classified journal(s), 1 agreeing"
FOR2008,1701,1701 Psychology,FOR,5201,Applied and developmental psychology,group,True,derived_empirical,0.208,"derived via ARC ERA journal crosswalk: 1553 shared-journal vote(s) over 752 FOR2008-classified journal(s), 323 agreeing"
FOR2008,1701,1701 Psychology,FOR,5204,Cognitive and computational psychology,group,False,derived_empirical,0.073,"derived via ARC ERA journal crosswalk: 1553 shared-journal vote(s) over 752 FOR2008-classified journal(s), 113 agreeing"
FOR2008,1701,1701 Psychology,FOR,4208,"Traditional, complementary and integrative medicine",group,False,derived_empirical,0.001,"derived via ARC ERA journal crosswalk: 1553 shared-journal vote(s) over 752 FOR2008-classified journal(s), 1 agreeing"
FOR2008,1701,1701 Psychology,FOR,5202,Biological psychology,group,False,derived_empirical,0.095,"derived via ARC ERA journal crosswalk: 1553 shared-journal vote(s) over 752 FOR2008-classified journal(s), 148 agreeing"
FOR2008,1701,1701 Psychology,FOR,5205,Social and personality psychology,group,False,derived_empirical,0.118,"derived via ARC ERA journal crosswalk: 1553 shared-journal vote(s) over 752 FOR2008-classified journal(s), 184 agreeing"
FOR2008,1701,1701 Psychology,FOR,5203,Clinical and health psychology,group,False,derived_empirical,0.178,"derived via ARC ERA journal crosswalk: 1553 shared-journal vote(s) over 752 FOR2008-classified journal(s), 276 agreeing"
FOR2008,1701,1701 Psychology,FOR,3902,"Education policy, sociology and philosophy",group,False,derived_empirical,0.001,"derived via ARC ERA journal crosswalk: 1553 shared-journal vote(s) over 752 FOR2008-classified journal(s), 1 agreeing"
FOR2008,1701,1701 Psychology,FOR,3103,Ecology,group,False,derived_empirical,0.001,"derived via ARC ERA journal crosswalk: 1553 shared-journal vote(s) over 752 FOR2008-classified journal(s), 1 agreeing"
FOR2008,1701,1701 Psychology,FOR,4404,Development studies,group,False,derived_empirical,0.001,"derived via ARC ERA journal crosswalk: 1553 shared-journal vote(s) over 752 FOR2008-classified journal(s), 1 agreeing"
FOR2008,1701,1701 Psychology,FOR,3203,Dentistry,group,False,derived_empirical,0.001,"derived via ARC ERA journal crosswalk: 1553 shared-journal vote(s) over 752 FOR2008-classified journal(s), 1 agreeing"
FOR2008,1701,1701 Psychology,FOR,4202,Epidemiology,group,False,derived_empirical,0.003,"derived via ARC ERA journal crosswalk: 1553 shared-journal vote(s) over 752 FOR2008-classified journal(s), 5 agreeing"
FOR2008,1701,1701 Psychology,FOR,3901,Curriculum and pedagogy,group,False,derived_empirical,0.003,"derived via ARC ERA journal crosswalk: 1553 shared-journal vote(s) over 752 FOR2008-classified journal(s), 5 agreeing"
FOR2008,1701,1701 Psychology,FOR,3213,Paediatrics,group,False,derived_empirical,0.003,"derived via ARC ERA journal crosswalk: 1553 shared-journal vote(s) over 752 FOR2008-classified journal(s), 5 agreeing"
FOR2008,1701,1701 Psychology,FOR,4205,Nursing,group,False,derived_empirical,0.003,"derived via ARC ERA journal crosswalk: 1553 shared-journal vote(s) over 752 FOR2008-classified journal(s), 5 agreeing"
FOR2008,1701,1701 Psychology,FOR,4201,Allied health and rehabilitation science,group,False,derived_empirical,0.004,"derived via ARC ERA journal crosswalk: 1553 shared-journal vote(s) over 752 FOR2008-classified journal(s), 6 agreeing"
FOR2008,1701,1701 Psychology,FOR,4905,Statistics,group,False,derived_empirical,0.004,"derived via ARC ERA journal crosswalk: 1553 shared-journal vote(s) over 752 FOR2008-classified journal(s), 6 agreeing"
FOR2008,1701,1701 Psychology,FOR,4405,Gender studies,group,False,derived_empirical,0.005,"derived via ARC ERA journal crosswalk: 1553 shared-journal vote(s) over 752 FOR2008-classified journal(s), 7 agreeing"
FOR2008,1701,1701 Psychology,FOR,5003,Philosophy,group,False,derived_empirical,0.005,"derived via ARC ERA journal crosswalk: 1553 shared-journal vote(s) over 752 FOR2008-classified journal(s), 7 agreeing"
FOR2008,1701,1701 Psychology,FOR,4206,Public health,group,False,derived_empirical,0.028,"derived via ARC ERA journal crosswalk: 1553 shared-journal vote(s) over 752 FOR2008-classified journal(s), 43 agreeing"
FOR2008,1701,1701 Psychology,FOR,4804,Law in context,group,False,derived_empirical,0.003,"derived via ARC ERA journal crosswalk: 1553 shared-journal vote(s) over 752 FOR2008-classified journal(s), 5 agreeing"
FOR2008,1701,1701 Psychology,FOR,3101,Biochemistry and cell biology,group,False,derived_empirical,0.006,"derived via ARC ERA journal crosswalk: 1553 shared-journal vote(s) over 752 FOR2008-classified journal(s), 10 agreeing"
FOR2008,1701,1701 Psychology,FOR,4207,Sports science and exercise,group,False,derived_empirical,0.007,"derived via ARC ERA journal crosswalk: 1553 shared-journal vote(s) over 752 FOR2008-classified journal(s), 11 agreeing"
FOR2008,1701,1701 Psychology,FOR,3903,Education systems,group,False,derived_empirical,0.008,"derived via ARC ERA journal crosswalk: 1553 shared-journal vote(s) over 752 FOR2008-classified journal(s), 13 agreeing"
FOR2008,1701,1701 Psychology,FOR,4409,Social work,group,False,derived_empirical,0.01,"derived via ARC ERA journal crosswalk: 1553 shared-journal vote(s) over 752 FOR2008-classified journal(s), 15 agreeing"
FOR2008,1701,1701 Psychology,FOR,4410,Sociology,group,False,derived_empirical,0.01,"derived via ARC ERA journal crosswalk: 1553 shared-journal vote(s) over 752 FOR2008-classified journal(s), 16 agreeing"
FOR2008,1701,1701 Psychology,FOR,4203,Health services and systems,group,False,derived_empirical,0.012,"derived via ARC ERA journal crosswalk: 1553 shared-journal vote(s) over 752 FOR2008-classified journal(s), 19 agreeing"
FOR2008,1701,1701 Psychology,FOR,4402,Criminology,group,False,derived_empirical,0.016,"derived via ARC ERA journal crosswalk: 1553 shared-journal vote(s) over 752 FOR2008-classified journal(s), 25 agreeing"
FOR2008,1701,1701 Psychology,FOR,3505,Human resources and industrial relations,group,False,derived_empirical,0.017,"derived via ARC ERA journal crosswalk: 1553 shared-journal vote(s) over 752 FOR2008-classified journal(s), 26 agreeing"
FOR2008,1701,1701 Psychology,FOR,3507,"Strategy, management and organisational behaviour",group,False,derived_empirical,0.022,"derived via ARC ERA journal crosswalk: 1553 shared-journal vote(s) over 752 FOR2008-classified journal(s), 34 agreeing"
FOR2008,1701,1701 Psychology,FOR,3904,Specialist studies in education,group,False,derived_empirical,0.024,"derived via ARC ERA journal crosswalk: 1553 shared-journal vote(s) over 752 FOR2008-classified journal(s), 37 agreeing"
FOR2008,1701,1701 Psychology,FOR,4704,Linguistics,group,False,derived_empirical,0.007,"derived via ARC ERA journal crosswalk: 1553 shared-journal vote(s) over 752 FOR2008-classified journal(s), 11 agreeing"
FOR2008,1701,1701 Psychology,FOR,4901,Applied mathematics,group,False,derived_empirical,0.001,"derived via ARC ERA journal crosswalk: 1553 shared-journal vote(s) over 752 FOR2008-classified journal(s), 1 agreeing"
FOR2008,1701,1701 Psychology,FOR,3214,Pharmacology and pharmaceutical sciences,group,False,derived_empirical,0.003,"derived via ARC ERA journal crosswalk: 1553 shared-journal vote(s) over 752 FOR2008-classified journal(s), 5 agreeing"
FOR2008,1701,1701 Psychology,FOR,3603,Music,group,False,derived_empirical,0.002,"derived via ARC ERA journal crosswalk: 1553 shared-journal vote(s) over 752 FOR2008-classified journal(s), 3 agreeing"
FOR2008,1701,1701 Psychology,FOR,3304,Urban and regional planning,group,False,derived_empirical,0.001,"derived via ARC ERA journal crosswalk: 1553 shared-journal vote(s) over 752 FOR2008-classified journal(s), 1 agreeing"
FOR2008,1701,1701 Psychology,FOR,3709,Physical geography and environmental geoscience,group,False,derived_empirical,0.001,"derived via ARC ERA journal crosswalk: 1553 shared-journal vote(s) over 752 FOR2008-classified journal(s), 1 agreeing"
FOR2008,1701,1701 Psychology,FOR,4303,Historical studies,group,False,derived_empirical,0.001,"derived via ARC ERA journal crosswalk: 1553 shared-journal vote(s) over 752 FOR2008-classified journal(s), 1 agreeing"
FOR2008,1701,1701 Psychology,FOR,4702,Cultural studies,group,False,derived_empirical,0.001,"derived via ARC ERA journal crosswalk: 1553 shared-journal vote(s) over 752 FOR2008-classified journal(s), 1 agreeing"
FOR2008,1701,1701 Psychology,FOR,3202,Clinical sciences,group,False,derived_empirical,0.048,"derived via ARC ERA journal crosswalk: 1553 shared-journal vote(s) over 752 FOR2008-classified journal(s), 74 agreeing"
FOR2008,1701,1701 Psychology,FOR,4408,Political science,group,False,derived_empirical,0.001,"derived via ARC ERA journal crosswalk: 1553 shared-journal vote(s) over 752 FOR2008-classified journal(s), 1 agreeing"
FOR2008,1701,1701 Psychology,FOR,4609,Information systems,group,False,derived_empirical,0.001,"derived via ARC ERA journal crosswalk: 1553 shared-journal vote(s) over 752 FOR2008-classified journal(s), 1 agreeing"
FOR2008,1701,1701 Psychology,FOR,5005,Theology,group,False,derived_empirical,0.001,"derived via ARC ERA journal crosswalk: 1553 shared-journal vote(s) over 752 FOR2008-classified journal(s), 1 agreeing"
FOR2008,1701,1701 Psychology,FOR,3506,Marketing,group,False,derived_empirical,0.003,"derived via ARC ERA journal crosswalk: 1553 shared-journal vote(s) over 752 FOR2008-classified journal(s), 4 agreeing"
FOR2008,1701,1701 Psychology,FOR,3208,Medical physiology,group,False,derived_empirical,0.001,"derived via ARC ERA journal crosswalk: 1553 shared-journal vote(s) over 752 FOR2008-classified journal(s), 2 agreeing"
FOR2008,1701,1701 Psychology,FOR,4204,Midwifery,group,False,derived_empirical,0.001,"derived via ARC ERA journal crosswalk: 1553 shared-journal vote(s) over 752 FOR2008-classified journal(s), 2 agreeing"
FOR2008,1701,1701 Psychology,FOR,3801,Applied economics,group,False,derived_empirical,0.001,"derived via ARC ERA journal crosswalk: 1553 shared-journal vote(s) over 752 FOR2008-classified journal(s), 2 agreeing"
FOR2008,1701,1701 Psychology,FOR,5001,Applied ethics,group,False,derived_empirical,0.001,"derived via ARC ERA journal crosswalk: 1553 shared-journal vote(s) over 752 FOR2008-classified journal(s), 2 agreeing"
FOR2008,1701,1701 Psychology,FOR,3211,Oncology and carcinogenesis,group,False,derived_empirical,0.001,"derived via ARC ERA journal crosswalk: 1553 shared-journal vote(s) over 752 FOR2008-classified journal(s), 2 agreeing"
FOR2008,1701,1701 Psychology,FOR,5002,History and philosophy of specific fields,group,False,derived_empirical,0.001,"derived via ARC ERA journal crosswalk: 1553 shared-journal vote(s) over 752 FOR2008-classified journal(s), 2 agreeing"
FOR2008,1701,1701 Psychology,FOR,4407,Policy and administration,group,False,derived_empirical,0.001,"derived via ARC ERA journal crosswalk: 1553 shared-journal vote(s) over 752 FOR2008-classified journal(s), 2 agreeing"
FOR2008,1701,1701 Psychology,FOR,3509,"Transportation, logistics and supply chains",group,False,derived_empirical,0.001,"derived via ARC ERA journal crosswalk: 1553 shared-journal vote(s) over 752 FOR2008-classified journal(s), 2 agreeing"
FOR2008,1701,1701 Psychology,FOR,4902,Mathematical physics,group,False,derived_empirical,0.001,"derived via ARC ERA journal crosswalk: 1553 shared-journal vote(s) over 752 FOR2008-classified journal(s), 2 agreeing"
FOR2008,1701,1701 Psychology,FOR,3109,Zoology,group,False,derived_empirical,0.001,"derived via ARC ERA journal crosswalk: 1553 shared-journal vote(s) over 752 FOR2008-classified journal(s), 2 agreeing"
FOR2008,1701,1701 Psychology,FOR,3210,Nutrition and dietetics,group,False,derived_empirical,0.001,"derived via ARC ERA journal crosswalk: 1553 shared-journal vote(s) over 752 FOR2008-classified journal(s), 2 agreeing"
FOR2008,1701,1701 Psychology,FOR,3209,Neurosciences,group,False,derived_empirical,0.046,"derived via ARC ERA journal crosswalk: 1553 shared-journal vote(s) over 752 FOR2008-classified journal(s), 72 agreeing"
FOR2008,1702,1702 Cognitive Sciences,FOR,4704,Linguistics,group,False,derived_empirical,0.071,"derived via ARC ERA journal crosswalk: 996 shared-journal vote(s) over 535 FOR2008-classified journal(s), 71 agreeing"
FOR2008,1702,1702 Cognitive Sciences,FOR,4203,Health services and systems,group,False,derived_empirical,0.006,"derived via ARC ERA journal crosswalk: 996 shared-journal vote(s) over 535 FOR2008-classified journal(s), 6 agreeing"
FOR2008,1702,1702 Cognitive Sciences,FOR,3202,Clinical sciences,group,False,derived_empirical,0.06,"derived via ARC ERA journal crosswalk: 996 shared-journal vote(s) over 535 FOR2008-classified journal(s), 60 agreeing"
FOR2008,1702,1702 Cognitive Sciences,FOR,4410,Sociology,group,False,derived_empirical,0.002,"derived via ARC ERA journal crosswalk: 996 shared-journal vote(s) over 535 FOR2008-classified journal(s), 2 agreeing"
FOR2008,1702,1702 Cognitive Sciences,FOR,3603,Music,group,False,derived_empirical,0.002,"derived via ARC ERA journal crosswalk: 996 shared-journal vote(s) over 535 FOR2008-classified journal(s), 2 agreeing"
FOR2008,1702,1702 Cognitive Sciences,FOR,3215,Reproductive medicine,group,False,derived_empirical,0.002,"derived via ARC ERA journal crosswalk: 996 shared-journal vote(s) over 535 FOR2008-classified journal(s), 2 agreeing"
FOR2008,1702,1702 Cognitive Sciences,FOR,4009,"Electronics, sensors and digital hardware",group,False,derived_empirical,0.002,"derived via ARC ERA journal crosswalk: 996 shared-journal vote(s) over 535 FOR2008-classified journal(s), 2 agreeing"
FOR2008,1702,1702 Cognitive Sciences,FOR,4605,Data management and data science,group,False,derived_empirical,0.002,"derived via ARC ERA journal crosswalk: 996 shared-journal vote(s) over 535 FOR2008-classified journal(s), 2 agreeing"
FOR2008,1702,1702 Cognitive Sciences,FOR,4204,Midwifery,group,False,derived_empirical,0.001,"derived via ARC ERA journal crosswalk: 996 shared-journal vote(s) over 535 FOR2008-classified journal(s), 1 agreeing"
FOR2008,1702,1702 Cognitive Sciences,FOR,4401,Anthropology,group,False,derived_empirical,0.001,"derived via ARC ERA journal crosswalk: 996 shared-journal vote(s) over 535 FOR2008-classified journal(s), 1 agreeing"
FOR2008,1702,1702 Cognitive Sciences,FOR,3211,Oncology and carcinogenesis,group,False,derived_empirical,0.001,"derived via ARC ERA journal crosswalk: 996 shared-journal vote(s) over 535 FOR2008-classified journal(s), 1 agreeing"
FOR2008,1702,1702 Cognitive Sciences,FOR,3902,"Education policy, sociology and philosophy",group,False,derived_empirical,0.001,"derived via ARC ERA journal crosswalk: 996 shared-journal vote(s) over 535 FOR2008-classified journal(s), 1 agreeing"
FOR2008,1702,1702 Cognitive Sciences,FOR,3503,Business systems in context,group,False,derived_empirical,0.001,"derived via ARC ERA journal crosswalk: 996 shared-journal vote(s) over 535 FOR2008-classified journal(s), 1 agreeing"
FOR2008,1702,1702 Cognitive Sciences,FOR,4806,Private law and civil obligations,group,False,derived_empirical,0.001,"derived via ARC ERA journal crosswalk: 996 shared-journal vote(s) over 535 FOR2008-classified journal(s), 1 agreeing"
FOR2008,1702,1702 Cognitive Sciences,FOR,4202,Epidemiology,group,False,derived_empirical,0.002,"derived via ARC ERA journal crosswalk: 996 shared-journal vote(s) over 535 FOR2008-classified journal(s), 2 agreeing"
FOR2008,1702,1702 Cognitive Sciences,FOR,4207,Sports science and exercise,group,False,derived_empirical,0.001,"derived via ARC ERA journal crosswalk: 996 shared-journal vote(s) over 535 FOR2008-classified journal(s), 1 agreeing"
FOR2008,1702,1702 Cognitive Sciences,FOR,3102,Bioinformatics and computational biology,group,False,derived_empirical,0.001,"derived via ARC ERA journal crosswalk: 996 shared-journal vote(s) over 535 FOR2008-classified journal(s), 1 agreeing"
FOR2008,1702,1702 Cognitive Sciences,FOR,3205,Medical biochemistry and metabolomics,group,False,derived_empirical,0.001,"derived via ARC ERA journal crosswalk: 996 shared-journal vote(s) over 535 FOR2008-classified journal(s), 1 agreeing"
FOR2008,1702,1702 Cognitive Sciences,FOR,3505,Human resources and industrial relations,group,False,derived_empirical,0.001,"derived via ARC ERA journal crosswalk: 996 shared-journal vote(s) over 535 FOR2008-classified journal(s), 1 agreeing"
FOR2008,1702,1702 Cognitive Sciences,FOR,4014,Manufacturing engineering,group,False,derived_empirical,0.001,"derived via ARC ERA journal crosswalk: 996 shared-journal vote(s) over 535 FOR2008-classified journal(s), 1 agreeing"
FOR2008,1702,1702 Cognitive Sciences,FOR,3214,Pharmacology and pharmaceutical sciences,group,False,derived_empirical,0.001,"derived via ARC ERA journal crosswalk: 996 shared-journal vote(s) over 535 FOR2008-classified journal(s), 1 agreeing"
FOR2008,1702,1702 Cognitive Sciences,FOR,5001,Applied ethics,group,False,derived_empirical,0.001,"derived via ARC ERA journal crosswalk: 996 shared-journal vote(s) over 535 FOR2008-classified journal(s), 1 agreeing"
FOR2008,1702,1702 Cognitive Sciences,FOR,3208,Medical physiology,group,False,derived_empirical,0.001,"derived via ARC ERA journal crosswalk: 996 shared-journal vote(s) over 535 FOR2008-classified journal(s), 1 agreeing"
FOR2008,1702,1702 Cognitive Sciences,FOR,4205,Nursing,group,False,derived_empirical,0.001,"derived via ARC ERA journal crosswalk: 996 shared-journal vote(s) over 535 FOR2008-classified journal(s), 1 agreeing"
FOR2008,1702,1702 Cognitive Sciences,FOR,5102,"Atomic, molecular and optical physics",group,False,derived_empirical,0.001,"derived via ARC ERA journal crosswalk: 996 shared-journal vote(s) over 535 FOR2008-classified journal(s), 1 agreeing"
FOR2008,1702,1702 Cognitive Sciences,FOR,3109,Zoology,group,False,derived_empirical,0.001,"derived via ARC ERA journal crosswalk: 996 shared-journal vote(s) over 535 FOR2008-classified journal(s), 1 agreeing"
FOR2008,1702,1702 Cognitive Sciences,FOR,4905,Statistics,group,False,derived_empirical,0.001,"derived via ARC ERA journal crosswalk: 996 shared-journal vote(s) over 535 FOR2008-classified journal(s), 1 agreeing"
FOR2008,1702,1702 Cognitive Sciences,FOR,3105,Genetics,group,False,derived_empirical,0.001,"derived via ARC ERA journal crosswalk: 996 shared-journal vote(s) over 535 FOR2008-classified journal(s), 1 agreeing"
FOR2008,1702,1702 Cognitive Sciences,FOR,5203,Clinical and health psychology,group,False,derived_empirical,0.083,"derived via ARC ERA journal crosswalk: 996 shared-journal vote(s) over 535 FOR2008-classified journal(s), 83 agreeing"
FOR2008,1702,1702 Cognitive Sciences,FOR,4402,Criminology,group,False,derived_empirical,0.002,"derived via ARC ERA journal crosswalk: 996 shared-journal vote(s) over 535 FOR2008-classified journal(s), 2 agreeing"
FOR2008,1702,1702 Cognitive Sciences,FOR,3901,Curriculum and pedagogy,group,False,derived_empirical,0.003,"derived via ARC ERA journal crosswalk: 996 shared-journal vote(s) over 535 FOR2008-classified journal(s), 3 agreeing"
FOR2008,1702,1702 Cognitive Sciences,FOR,4602,Artificial intelligence,group,False,derived_empirical,0.026,"derived via ARC ERA journal crosswalk: 996 shared-journal vote(s) over 535 FOR2008-classified journal(s), 26 agreeing"
FOR2008,1702,1702 Cognitive Sciences,FOR,5003,Philosophy,group,False,derived_empirical,0.017,"derived via ARC ERA journal crosswalk: 996 shared-journal vote(s) over 535 FOR2008-classified journal(s), 17 agreeing"
FOR2008,1702,1702 Cognitive Sciences,FOR,4703,Language studies,group,False,derived_empirical,0.017,"derived via ARC ERA journal crosswalk: 996 shared-journal vote(s) over 535 FOR2008-classified journal(s), 17 agreeing"
FOR2008,1702,1702 Cognitive Sciences,FOR,4611,Machine learning,group,False,derived_empirical,0.015,"derived via ARC ERA journal crosswalk: 996 shared-journal vote(s) over 535 FOR2008-classified journal(s), 15 agreeing"
FOR2008,1702,1702 Cognitive Sciences,FOR,4603,Computer vision and multimedia computation,group,False,derived_empirical,0.012,"derived via ARC ERA journal crosswalk: 996 shared-journal vote(s) over 535 FOR2008-classified journal(s), 12 agreeing"
FOR2008,1702,1702 Cognitive Sciences,FOR,4201,Allied health and rehabilitation science,group,False,derived_empirical,0.01,"derived via ARC ERA journal crosswalk: 996 shared-journal vote(s) over 535 FOR2008-classified journal(s), 10 agreeing"
FOR2008,1702,1702 Cognitive Sciences,FOR,3903,Education systems,group,False,derived_empirical,0.007,"derived via ARC ERA journal crosswalk: 996 shared-journal vote(s) over 535 FOR2008-classified journal(s), 7 agreeing"
FOR2008,1702,1702 Cognitive Sciences,FOR,3101,Biochemistry and cell biology,group,False,derived_empirical,0.007,"derived via ARC ERA journal crosswalk: 996 shared-journal vote(s) over 535 FOR2008-classified journal(s), 7 agreeing"
FOR2008,1702,1702 Cognitive Sciences,FOR,4206,Public health,group,False,derived_empirical,0.007,"derived via ARC ERA journal crosswalk: 996 shared-journal vote(s) over 535 FOR2008-classified journal(s), 7 agreeing"
FOR2008,1702,1702 Cognitive Sciences,FOR,4613,Theory of computation,group,False,derived_empirical,0.006,"derived via ARC ERA journal crosswalk: 996 shared-journal vote(s) over 535 FOR2008-classified journal(s), 6 agreeing"
FOR2008,1702,1702 Cognitive Sciences,FOR,4608,Human-centred computing,group,False,derived_empirical,0.006,"derived via ARC ERA journal crosswalk: 996 shared-journal vote(s) over 535 FOR2008-classified journal(s), 6 agreeing"
FOR2008,1702,1702 Cognitive Sciences,FOR,4007,"Control engineering, mechatronics and robotics",group,False,derived_empirical,0.003,"derived via ARC ERA journal crosswalk: 996 shared-journal vote(s) over 535 FOR2008-classified journal(s), 3 agreeing"
FOR2008,1702,1702 Cognitive Sciences,FOR,4607,"Graphics, augmented reality and games",group,False,derived_empirical,0.006,"derived via ARC ERA journal crosswalk: 996 shared-journal vote(s) over 535 FOR2008-classified journal(s), 6 agreeing"
FOR2008,1702,1702 Cognitive Sciences,FOR,4601,Applied computing,group,False,derived_empirical,0.005,"derived via ARC ERA journal crosswalk: 996 shared-journal vote(s) over 535 FOR2008-classified journal(s), 5 agreeing"
FOR2008,1702,1702 Cognitive Sciences,FOR,4606,Distributed computing and systems software,group,False,derived_empirical,0.004,"derived via ARC ERA journal crosswalk: 996 shared-journal vote(s) over 535 FOR2008-classified journal(s), 4 agreeing"
FOR2008,1702,1702 Cognitive Sciences,FOR,4609,Information systems,group,False,derived_empirical,0.004,"derived via ARC ERA journal crosswalk: 996 shared-journal vote(s) over 535 FOR2008-classified journal(s), 4 agreeing"
FOR2008,1702,1702 Cognitive Sciences,FOR,4901,Applied mathematics,group,False,derived_empirical,0.004,"derived via ARC ERA journal crosswalk: 996 shared-journal vote(s) over 535 FOR2008-classified journal(s), 4 agreeing"
FOR2008,1702,1702 Cognitive Sciences,FOR,4804,Law in context,group,False,derived_empirical,0.004,"derived via ARC ERA journal crosswalk: 996 shared-journal vote(s) over 535 FOR2008-classified journal(s), 4 agreeing"
FOR2008,1702,1702 Cognitive Sciences,FOR,4006,Communications engineering,group,False,derived_empirical,0.003,"derived via ARC ERA journal crosswalk: 996 shared-journal vote(s) over 535 FOR2008-classified journal(s), 3 agreeing"
FOR2008,1702,1702 Cognitive Sciences,FOR,4408,Political science,group,False,derived_empirical,0.003,"derived via ARC ERA journal crosswalk: 996 shared-journal vote(s) over 535 FOR2008-classified journal(s), 3 agreeing"
FOR2008,1702,1702 Cognitive Sciences,FOR,3507,"Strategy, management and organisational behaviour",group,False,derived_empirical,0.003,"derived via ARC ERA journal crosswalk: 996 shared-journal vote(s) over 535 FOR2008-classified journal(s), 3 agreeing"
FOR2008,1702,1702 Cognitive Sciences,FOR,4701,Communication and media studies,group,False,derived_empirical,0.003,"derived via ARC ERA journal crosswalk: 996 shared-journal vote(s) over 535 FOR2008-classified journal(s), 3 agreeing"
FOR2008,1702,1702 Cognitive Sciences,FOR,4612,Software engineering,group,False,derived_empirical,0.003,"derived via ARC ERA journal crosswalk: 996 shared-journal vote(s) over 535 FOR2008-classified journal(s), 3 agreeing"
FOR2008,1702,1702 Cognitive Sciences,FOR,3213,Paediatrics,group,False,derived_empirical,0.003,"derived via ARC ERA journal crosswalk: 996 shared-journal vote(s) over 535 FOR2008-classified journal(s), 3 agreeing"
FOR2008,1702,1702 Cognitive Sciences,FOR,5002,History and philosophy of specific fields,group,False,derived_empirical,0.005,"derived via ARC ERA journal crosswalk: 996 shared-journal vote(s) over 535 FOR2008-classified journal(s), 5 agreeing"
FOR2008,1702,1702 Cognitive Sciences,FOR,5205,Social and personality psychology,group,False,derived_empirical,0.084,"derived via ARC ERA journal crosswalk: 996 shared-journal vote(s) over 535 FOR2008-classified journal(s), 84 agreeing"
FOR2008,1702,1702 Cognitive Sciences,FOR,3904,Specialist studies in education,group,False,derived_empirical,0.013,"derived via ARC ERA journal crosswalk: 996 shared-journal vote(s) over 535 FOR2008-classified journal(s), 13 agreeing"
FOR2008,1702,1702 Cognitive Sciences,FOR,5201,Applied and developmental psychology,group,False,derived_empirical,0.109,"derived via ARC ERA journal crosswalk: 996 shared-journal vote(s) over 535 FOR2008-classified journal(s), 109 agreeing"
FOR2008,1702,1702 Cognitive Sciences,FOR,5204,Cognitive and computational psychology,group,False,derived_empirical,0.121,"derived via ARC ERA journal crosswalk: 996 shared-journal vote(s) over 535 FOR2008-classified journal(s), 121 agreeing"
FOR2008,1702,1702 Cognitive Sciences,FOR,5202,Biological psychology,group,True,derived_empirical,0.132,"derived via ARC ERA journal crosswalk: 996 shared-journal vote(s) over 535 FOR2008-classified journal(s), 131 agreeing"
FOR2008,1702,1702 Cognitive Sciences,FOR,3209,Neurosciences,group,False,derived_empirical,0.099,"derived via ARC ERA journal crosswalk: 996 shared-journal vote(s) over 535 FOR2008-classified journal(s), 99 agreeing"
FOR2008,1799,1799 Other Psychology and Cognitive Sciences,FOR,5202,Biological psychology,group,False,derived_empirical,0.2,"derived via ARC ERA journal crosswalk: 5 shared-journal vote(s) over 3 FOR2008-classified journal(s), 1 agreeing"
FOR2008,1799,1799 Other Psychology and Cognitive Sciences,FOR,5001,Applied ethics,group,False,derived_empirical,0.2,"derived via ARC ERA journal crosswalk: 5 shared-journal vote(s) over 3 FOR2008-classified journal(s), 1 agreeing"
FOR2008,1799,1799 Other Psychology and Cognitive Sciences,FOR,5201,Applied and developmental psychology,group,False,derived_empirical,0.2,"derived via ARC ERA journal crosswalk: 5 shared-journal vote(s) over 3 FOR2008-classified journal(s), 1 agreeing"
FOR2008,1799,1799 Other Psychology and Cognitive Sciences,FOR,5203,Clinical and health psychology,group,True,derived_empirical,0.4,"derived via ARC ERA journal crosswalk: 5 shared-journal vote(s) over 3 FOR2008-classified journal(s), 2 agreeing"
FOR2008,18,18 Law and Legal Studies,FOR,31,BIOLOGICAL SCIENCES,division,False,derived_empirical,0.016,"derived via ARC ERA journal crosswalk: 64 shared-journal vote(s) over 244 FOR2008-classified journal(s), 1 agreeing"
FOR2008,18,18 Law and Legal Studies,FOR,35,"COMMERCE, MANAGEMENT, TOURISM AND SERVICES",division,False,derived_empirical,0.031,"derived via ARC ERA journal crosswalk: 64 shared-journal vote(s) over 244 FOR2008-classified journal(s), 2 agreeing"
FOR2008,18,18 Law and Legal Studies,FOR,46,INFORMATION AND COMPUTING SCIENCES,division,False,derived_empirical,0.016,"derived via ARC ERA journal crosswalk: 64 shared-journal vote(s) over 244 FOR2008-classified journal(s), 1 agreeing"
FOR2008,18,18 Law and Legal Studies,FOR,42,HEALTH SCIENCES,division,False,derived_empirical,0.016,"derived via ARC ERA journal crosswalk: 64 shared-journal vote(s) over 244 FOR2008-classified journal(s), 1 agreeing"
FOR2008,18,18 Law and Legal Studies,FOR,50,PHILOSOPHY AND RELIGIOUS STUDIES,division,False,derived_empirical,0.016,"derived via ARC ERA journal crosswalk: 64 shared-journal vote(s) over 244 FOR2008-classified journal(s), 1 agreeing"
FOR2008,18,18 Law and Legal Studies,FOR,49,MATHEMATICAL SCIENCES,division,False,derived_empirical,0.016,"derived via ARC ERA journal crosswalk: 64 shared-journal vote(s) over 244 FOR2008-classified journal(s), 1 agreeing"
FOR2008,18,18 Law and Legal Studies,FOR,44,HUMAN SOCIETY,division,False,derived_empirical,0.062,"derived via ARC ERA journal crosswalk: 64 shared-journal vote(s) over 244 FOR2008-classified journal(s), 4 agreeing"
FOR2008,18,18 Law and Legal Studies,FOR,43,"HISTORY, HERITAGE AND ARCHAEOLOGY",division,False,derived_empirical,0.016,"derived via ARC ERA journal crosswalk: 64 shared-journal vote(s) over 244 FOR2008-classified journal(s), 1 agreeing"
FOR2008,18,18 Law and Legal Studies,FOR,48,LAW AND LEGAL STUDIES,division,True,derived_empirical,0.781,"derived via ARC ERA journal crosswalk: 64 shared-journal vote(s) over 244 FOR2008-classified journal(s), 50 agreeing"
FOR2008,18,18 Law and Legal Studies,FOR,38,ECONOMICS,division,False,derived_empirical,0.031,"derived via ARC ERA journal crosswalk: 64 shared-journal vote(s) over 244 FOR2008-classified journal(s), 2 agreeing"
FOR2008,1801,1801 Law,FOR,5003,Philosophy,group,False,derived_empirical,0.005,"derived via ARC ERA journal crosswalk: 411 shared-journal vote(s) over 236 FOR2008-classified journal(s), 2 agreeing"
FOR2008,1801,1801 Law,FOR,5001,Applied ethics,group,False,derived_empirical,0.012,"derived via ARC ERA journal crosswalk: 411 shared-journal vote(s) over 236 FOR2008-classified journal(s), 5 agreeing"
FOR2008,1801,1801 Law,FOR,3502,"Banking, finance and investment",group,False,derived_empirical,0.01,"derived via ARC ERA journal crosswalk: 411 shared-journal vote(s) over 236 FOR2008-classified journal(s), 4 agreeing"
FOR2008,1801,1801 Law,FOR,4405,Gender studies,group,False,derived_empirical,0.01,"derived via ARC ERA journal crosswalk: 411 shared-journal vote(s) over 236 FOR2008-classified journal(s), 4 agreeing"
FOR2008,1801,1801 Law,FOR,4409,Social work,group,False,derived_empirical,0.005,"derived via ARC ERA journal crosswalk: 411 shared-journal vote(s) over 236 FOR2008-classified journal(s), 2 agreeing"
FOR2008,1801,1801 Law,FOR,3507,"Strategy, management and organisational behaviour",group,False,derived_empirical,0.007,"derived via ARC ERA journal crosswalk: 411 shared-journal vote(s) over 236 FOR2008-classified journal(s), 3 agreeing"
FOR2008,1801,1801 Law,FOR,4104,Environmental management,group,False,derived_empirical,0.007,"derived via ARC ERA journal crosswalk: 411 shared-journal vote(s) over 236 FOR2008-classified journal(s), 3 agreeing"
FOR2008,1801,1801 Law,FOR,4406,Human geography,group,False,derived_empirical,0.007,"derived via ARC ERA journal crosswalk: 411 shared-journal vote(s) over 236 FOR2008-classified journal(s), 3 agreeing"
FOR2008,1801,1801 Law,FOR,4410,Sociology,group,False,derived_empirical,0.007,"derived via ARC ERA journal crosswalk: 411 shared-journal vote(s) over 236 FOR2008-classified journal(s), 3 agreeing"
FOR2008,1801,1801 Law,FOR,4401,Anthropology,group,False,derived_empirical,0.005,"derived via ARC ERA journal crosswalk: 411 shared-journal vote(s) over 236 FOR2008-classified journal(s), 2 agreeing"
FOR2008,1801,1801 Law,FOR,3501,"Accounting, auditing and accountability",group,False,derived_empirical,0.007,"derived via ARC ERA journal crosswalk: 411 shared-journal vote(s) over 236 FOR2008-classified journal(s), 3 agreeing"
FOR2008,1801,1801 Law,FOR,5205,Social and personality psychology,group,False,derived_empirical,0.007,"derived via ARC ERA journal crosswalk: 411 shared-journal vote(s) over 236 FOR2008-classified journal(s), 3 agreeing"
FOR2008,1801,1801 Law,FOR,4805,Legal systems,group,False,derived_empirical,0.068,"derived via ARC ERA journal crosswalk: 411 shared-journal vote(s) over 236 FOR2008-classified journal(s), 28 agreeing"
FOR2008,1801,1801 Law,FOR,4803,International and comparative law,group,False,derived_empirical,0.153,"derived via ARC ERA journal crosswalk: 411 shared-journal vote(s) over 236 FOR2008-classified journal(s), 63 agreeing"
FOR2008,1801,1801 Law,FOR,4807,Public law,group,False,derived_empirical,0.117,"derived via ARC ERA journal crosswalk: 411 shared-journal vote(s) over 236 FOR2008-classified journal(s), 48 agreeing"
FOR2008,1801,1801 Law,FOR,4402,Criminology,group,False,derived_empirical,0.073,"derived via ARC ERA journal crosswalk: 411 shared-journal vote(s) over 236 FOR2008-classified journal(s), 30 agreeing"
FOR2008,1801,1801 Law,FOR,4303,Historical studies,group,False,derived_empirical,0.005,"derived via ARC ERA journal crosswalk: 411 shared-journal vote(s) over 236 FOR2008-classified journal(s), 2 agreeing"
FOR2008,1801,1801 Law,FOR,4801,Commercial law,group,False,derived_empirical,0.039,"derived via ARC ERA journal crosswalk: 411 shared-journal vote(s) over 236 FOR2008-classified journal(s), 16 agreeing"
FOR2008,1801,1801 Law,FOR,4806,Private law and civil obligations,group,False,derived_empirical,0.039,"derived via ARC ERA journal crosswalk: 411 shared-journal vote(s) over 236 FOR2008-classified journal(s), 16 agreeing"
FOR2008,1801,1801 Law,FOR,4408,Political science,group,False,derived_empirical,0.039,"derived via ARC ERA journal crosswalk: 411 shared-journal vote(s) over 236 FOR2008-classified journal(s), 16 agreeing"
FOR2008,1801,1801 Law,FOR,3801,Applied economics,group,False,derived_empirical,0.036,"derived via ARC ERA journal crosswalk: 411 shared-journal vote(s) over 236 FOR2008-classified journal(s), 15 agreeing"
FOR2008,1801,1801 Law,FOR,4407,Policy and administration,group,False,derived_empirical,0.029,"derived via ARC ERA journal crosswalk: 411 shared-journal vote(s) over 236 FOR2008-classified journal(s), 12 agreeing"
FOR2008,1801,1801 Law,FOR,4802,Environmental and resources law,group,False,derived_empirical,0.024,"derived via ARC ERA journal crosswalk: 411 shared-journal vote(s) over 236 FOR2008-classified journal(s), 10 agreeing"
FOR2008,1801,1801 Law,FOR,5201,Applied and developmental psychology,group,False,derived_empirical,0.024,"derived via ARC ERA journal crosswalk: 411 shared-journal vote(s) over 236 FOR2008-classified journal(s), 10 agreeing"
FOR2008,1801,1801 Law,FOR,4804,Law in context,group,True,derived_empirical,0.185,"derived via ARC ERA journal crosswalk: 411 shared-journal vote(s) over 236 FOR2008-classified journal(s), 76 agreeing"
FOR2008,1801,1801 Law,FOR,3105,Genetics,group,False,derived_empirical,0.005,"derived via ARC ERA journal crosswalk: 411 shared-journal vote(s) over 236 FOR2008-classified journal(s), 2 agreeing"
FOR2008,1801,1801 Law,FOR,3499,Other chemical sciences,group,False,derived_empirical,0.002,"derived via ARC ERA journal crosswalk: 411 shared-journal vote(s) over 236 FOR2008-classified journal(s), 1 agreeing"
FOR2008,1801,1801 Law,FOR,5204,Cognitive and computational psychology,group,False,derived_empirical,0.005,"derived via ARC ERA journal crosswalk: 411 shared-journal vote(s) over 236 FOR2008-classified journal(s), 2 agreeing"
FOR2008,1801,1801 Law,FOR,5203,Clinical and health psychology,group,False,derived_empirical,0.005,"derived via ARC ERA journal crosswalk: 411 shared-journal vote(s) over 236 FOR2008-classified journal(s), 2 agreeing"
FOR2008,1801,1801 Law,FOR,4701,Communication and media studies,group,False,derived_empirical,0.002,"derived via ARC ERA journal crosswalk: 411 shared-journal vote(s) over 236 FOR2008-classified journal(s), 1 agreeing"
FOR2008,1801,1801 Law,FOR,4610,Library and information studies,group,False,derived_empirical,0.002,"derived via ARC ERA journal crosswalk: 411 shared-journal vote(s) over 236 FOR2008-classified journal(s), 1 agreeing"
FOR2008,1801,1801 Law,FOR,4101,Climate change impacts and adaptation,group,False,derived_empirical,0.002,"derived via ARC ERA journal crosswalk: 411 shared-journal vote(s) over 236 FOR2008-classified journal(s), 1 agreeing"
FOR2008,1801,1801 Law,FOR,3702,Climate change science,group,False,derived_empirical,0.002,"derived via ARC ERA journal crosswalk: 411 shared-journal vote(s) over 236 FOR2008-classified journal(s), 1 agreeing"
FOR2008,1801,1801 Law,FOR,4403,Demography,group,False,derived_empirical,0.002,"derived via ARC ERA journal crosswalk: 411 shared-journal vote(s) over 236 FOR2008-classified journal(s), 1 agreeing"
FOR2008,1801,1801 Law,FOR,3505,Human resources and industrial relations,group,False,derived_empirical,0.015,"derived via ARC ERA journal crosswalk: 411 shared-journal vote(s) over 236 FOR2008-classified journal(s), 6 agreeing"
FOR2008,1801,1801 Law,FOR,4404,Development studies,group,False,derived_empirical,0.022,"derived via ARC ERA journal crosswalk: 411 shared-journal vote(s) over 236 FOR2008-classified journal(s), 9 agreeing"
FOR2008,1801,1801 Law,FOR,3202,Clinical sciences,group,False,derived_empirical,0.002,"derived via ARC ERA journal crosswalk: 411 shared-journal vote(s) over 236 FOR2008-classified journal(s), 1 agreeing"
FOR2008,1801,1801 Law,FOR,3199,Other biological sciences,group,False,derived_empirical,0.002,"derived via ARC ERA journal crosswalk: 411 shared-journal vote(s) over 236 FOR2008-classified journal(s), 1 agreeing"
FOR2008,1801,1801 Law,FOR,3709,Physical geography and environmental geoscience,group,False,derived_empirical,0.002,"derived via ARC ERA journal crosswalk: 411 shared-journal vote(s) over 236 FOR2008-classified journal(s), 1 agreeing"
FOR2008,1801,1801 Law,FOR,4301,Archaeology,group,False,derived_empirical,0.002,"derived via ARC ERA journal crosswalk: 411 shared-journal vote(s) over 236 FOR2008-classified journal(s), 1 agreeing"
FOR2008,1801,1801 Law,FOR,5002,History and philosophy of specific fields,group,False,derived_empirical,0.002,"derived via ARC ERA journal crosswalk: 411 shared-journal vote(s) over 236 FOR2008-classified journal(s), 1 agreeing"
FOR2008,1899,1899 Other Law and Legal Studies,FOR,4407,Policy and administration,group,True,derived_empirical,0.5,"derived via ARC ERA journal crosswalk: 2 shared-journal vote(s) over 1 FOR2008-classified journal(s), 1 agreeing"
FOR2008,1899,1899 Other Law and Legal Studies,FOR,4408,Political science,group,False,derived_empirical,0.5,"derived via ARC ERA journal crosswalk: 2 shared-journal vote(s) over 1 FOR2008-classified journal(s), 1 agreeing"
FOR2008,19,19 Studies in Creative Arts and Writing,FOR,36,CREATIVE ARTS AND WRITING,division,True,derived_empirical,0.36,"derived via ARC ERA journal crosswalk: 25 shared-journal vote(s) over 71 FOR2008-classified journal(s), 9 agreeing"
FOR2008,19,19 Studies in Creative Arts and Writing,FOR,47,"LANGUAGE, COMMUNICATION AND CULTURE",division,False,derived_empirical,0.2,"derived via ARC ERA journal crosswalk: 25 shared-journal vote(s) over 71 FOR2008-classified journal(s), 5 agreeing"
FOR2008,19,19 Studies in Creative Arts and Writing,FOR,35,"COMMERCE, MANAGEMENT, TOURISM AND SERVICES",division,False,derived_empirical,0.12,"derived via ARC ERA journal crosswalk: 25 shared-journal vote(s) over 71 FOR2008-classified journal(s), 3 agreeing"
FOR2008,19,19 Studies in Creative Arts and Writing,FOR,43,"HISTORY, HERITAGE AND ARCHAEOLOGY",division,False,derived_empirical,0.08,"derived via ARC ERA journal crosswalk: 25 shared-journal vote(s) over 71 FOR2008-classified journal(s), 2 agreeing"
FOR2008,19,19 Studies in Creative Arts and Writing,FOR,52,PSYCHOLOGY,division,False,derived_empirical,0.04,"derived via ARC ERA journal crosswalk: 25 shared-journal vote(s) over 71 FOR2008-classified journal(s), 1 agreeing"
FOR2008,19,19 Studies in Creative Arts and Writing,FOR,42,HEALTH SCIENCES,division,False,derived_empirical,0.04,"derived via ARC ERA journal crosswalk: 25 shared-journal vote(s) over 71 FOR2008-classified journal(s), 1 agreeing"
FOR2008,19,19 Studies in Creative Arts and Writing,FOR,33,BUILT ENVIRONMENT AND DESIGN,division,False,derived_empirical,0.04,"derived via ARC ERA journal crosswalk: 25 shared-journal vote(s) over 71 FOR2008-classified journal(s), 1 agreeing"
FOR2008,19,19 Studies in Creative Arts and Writing,FOR,40,ENGINEERING,division,False,derived_empirical,0.04,"derived via ARC ERA journal crosswalk: 25 shared-journal vote(s) over 71 FOR2008-classified journal(s), 1 agreeing"
FOR2008,19,19 Studies in Creative Arts and Writing,FOR,34,CHEMICAL SCIENCES,division,False,derived_empirical,0.04,"derived via ARC ERA journal crosswalk: 25 shared-journal vote(s) over 71 FOR2008-classified journal(s), 1 agreeing"
FOR2008,19,19 Studies in Creative Arts and Writing,FOR,44,HUMAN SOCIETY,division,False,derived_empirical,0.04,"derived via ARC ERA journal crosswalk: 25 shared-journal vote(s) over 71 FOR2008-classified journal(s), 1 agreeing"
FOR2008,1901,1901 Art Theory and Criticism,FOR,3303,Design,group,False,derived_empirical,0.2,"derived via ARC ERA journal crosswalk: 5 shared-journal vote(s) over 3 FOR2008-classified journal(s), 1 agreeing"
FOR2008,1901,1901 Art Theory and Criticism,FOR,5204,Cognitive and computational psychology,group,True,derived_empirical,0.2,"derived via ARC ERA journal crosswalk: 5 shared-journal vote(s) over 3 FOR2008-classified journal(s), 1 agreeing"
FOR2008,1901,1901 Art Theory and Criticism,FOR,3601,"Art history, theory and criticism",group,False,derived_empirical,0.2,"derived via ARC ERA journal crosswalk: 5 shared-journal vote(s) over 3 FOR2008-classified journal(s), 1 agreeing"
FOR2008,1901,1901 Art Theory and Criticism,FOR,4303,Historical studies,group,False,derived_empirical,0.2,"derived via ARC ERA journal crosswalk: 5 shared-journal vote(s) over 3 FOR2008-classified journal(s), 1 agreeing"
FOR2008,1901,1901 Art Theory and Criticism,FOR,5205,Social and personality psychology,group,False,derived_empirical,0.2,"derived via ARC ERA journal crosswalk: 5 shared-journal vote(s) over 3 FOR2008-classified journal(s), 1 agreeing"
FOR2008,1902,"1902 Film, Television and Digital Media",FOR,5201,Applied and developmental psychology,group,False,derived_empirical,0.051,"derived via ARC ERA journal crosswalk: 39 shared-journal vote(s) over 17 FOR2008-classified journal(s), 2 agreeing"
FOR2008,1902,"1902 Film, Television and Digital Media",FOR,4607,"Graphics, augmented reality and games",group,False,derived_empirical,0.051,"derived via ARC ERA journal crosswalk: 39 shared-journal vote(s) over 17 FOR2008-classified journal(s), 2 agreeing"
FOR2008,1902,"1902 Film, Television and Digital Media",FOR,4702,Cultural studies,group,False,derived_empirical,0.128,"derived via ARC ERA journal crosswalk: 39 shared-journal vote(s) over 17 FOR2008-classified journal(s), 5 agreeing"
FOR2008,1902,"1902 Film, Television and Digital Media",FOR,3603,Music,group,False,derived_empirical,0.026,"derived via ARC ERA journal crosswalk: 39 shared-journal vote(s) over 17 FOR2008-classified journal(s), 1 agreeing"
FOR2008,1902,"1902 Film, Television and Digital Media",FOR,4705,Literary studies,group,False,derived_empirical,0.026,"derived via ARC ERA journal crosswalk: 39 shared-journal vote(s) over 17 FOR2008-classified journal(s), 1 agreeing"
FOR2008,1902,"1902 Film, Television and Digital Media",FOR,4608,Human-centred computing,group,False,derived_empirical,0.026,"derived via ARC ERA journal crosswalk: 39 shared-journal vote(s) over 17 FOR2008-classified journal(s), 1 agreeing"
FOR2008,1902,"1902 Film, Television and Digital Media",FOR,3605,Screen and digital media,group,False,derived_empirical,0.282,"derived via ARC ERA journal crosswalk: 39 shared-journal vote(s) over 17 FOR2008-classified journal(s), 11 agreeing"
FOR2008,1902,"1902 Film, Television and Digital Media",FOR,4410,Sociology,group,False,derived_empirical,0.026,"derived via ARC ERA journal crosswalk: 39 shared-journal vote(s) over 17 FOR2008-classified journal(s), 1 agreeing"
FOR2008,1902,"1902 Film, Television and Digital Media",FOR,5205,Social and personality psychology,group,False,derived_empirical,0.026,"derived via ARC ERA journal crosswalk: 39 shared-journal vote(s) over 17 FOR2008-classified journal(s), 1 agreeing"
FOR2008,1902,"1902 Film, Television and Digital Media",FOR,5204,Cognitive and computational psychology,group,False,derived_empirical,0.026,"derived via ARC ERA journal crosswalk: 39 shared-journal vote(s) over 17 FOR2008-classified journal(s), 1 agreeing"
FOR2008,1902,"1902 Film, Television and Digital Media",FOR,4603,Computer vision and multimedia computation,group,False,derived_empirical,0.026,"derived via ARC ERA journal crosswalk: 39 shared-journal vote(s) over 17 FOR2008-classified journal(s), 1 agreeing"
FOR2008,1902,"1902 Film, Television and Digital Media",FOR,4701,Communication and media studies,group,True,derived_empirical,0.308,"derived via ARC ERA journal crosswalk: 39 shared-journal vote(s) over 17 FOR2008-classified journal(s), 12 agreeing"
FOR2008,1903,1903 Journalism and Professional Writing,FOR,4704,Linguistics,group,False,derived_empirical,0.037,"derived via ARC ERA journal crosswalk: 27 shared-journal vote(s) over 21 FOR2008-classified journal(s), 1 agreeing"
FOR2008,1903,1903 Journalism and Professional Writing,FOR,4702,Cultural studies,group,False,derived_empirical,0.037,"derived via ARC ERA journal crosswalk: 27 shared-journal vote(s) over 21 FOR2008-classified journal(s), 1 agreeing"
FOR2008,1903,1903 Journalism and Professional Writing,FOR,4408,Political science,group,False,derived_empirical,0.037,"derived via ARC ERA journal crosswalk: 27 shared-journal vote(s) over 21 FOR2008-classified journal(s), 1 agreeing"
FOR2008,1903,1903 Journalism and Professional Writing,FOR,3605,Screen and digital media,group,False,derived_empirical,0.037,"derived via ARC ERA journal crosswalk: 27 shared-journal vote(s) over 21 FOR2008-classified journal(s), 1 agreeing"
FOR2008,1903,1903 Journalism and Professional Writing,FOR,3602,Creative and professional writing,group,False,derived_empirical,0.148,"derived via ARC ERA journal crosswalk: 27 shared-journal vote(s) over 21 FOR2008-classified journal(s), 4 agreeing"
FOR2008,1903,1903 Journalism and Professional Writing,FOR,4701,Communication and media studies,group,True,derived_empirical,0.667,"derived via ARC ERA journal crosswalk: 27 shared-journal vote(s) over 21 FOR2008-classified journal(s), 18 agreeing"
FOR2008,1903,1903 Journalism and Professional Writing,FOR,4410,Sociology,group,False,derived_empirical,0.037,"derived via ARC ERA journal crosswalk: 27 shared-journal vote(s) over 21 FOR2008-classified journal(s), 1 agreeing"
FOR2008,1904,1904 Performing Arts and Creative Writing,FOR,4401,Anthropology,group,False,derived_empirical,0.03,"derived via ARC ERA journal crosswalk: 33 shared-journal vote(s) over 21 FOR2008-classified journal(s), 1 agreeing"
FOR2008,1904,1904 Performing Arts and Creative Writing,FOR,4207,Sports science and exercise,group,False,derived_empirical,0.03,"derived via ARC ERA journal crosswalk: 33 shared-journal vote(s) over 21 FOR2008-classified journal(s), 1 agreeing"
FOR2008,1904,1904 Performing Arts and Creative Writing,FOR,5205,Social and personality psychology,group,False,derived_empirical,0.03,"derived via ARC ERA journal crosswalk: 33 shared-journal vote(s) over 21 FOR2008-classified journal(s), 1 agreeing"
FOR2008,1904,1904 Performing Arts and Creative Writing,FOR,5204,Cognitive and computational psychology,group,False,derived_empirical,0.03,"derived via ARC ERA journal crosswalk: 33 shared-journal vote(s) over 21 FOR2008-classified journal(s), 1 agreeing"
FOR2008,1904,1904 Performing Arts and Creative Writing,FOR,4704,Linguistics,group,False,derived_empirical,0.03,"derived via ARC ERA journal crosswalk: 33 shared-journal vote(s) over 21 FOR2008-classified journal(s), 1 agreeing"
FOR2008,1904,1904 Performing Arts and Creative Writing,FOR,5203,Clinical and health psychology,group,False,derived_empirical,0.061,"derived via ARC ERA journal crosswalk: 33 shared-journal vote(s) over 21 FOR2008-classified journal(s), 2 agreeing"
FOR2008,1904,1904 Performing Arts and Creative Writing,FOR,4901,Applied mathematics,group,False,derived_empirical,0.03,"derived via ARC ERA journal crosswalk: 33 shared-journal vote(s) over 21 FOR2008-classified journal(s), 1 agreeing"
FOR2008,1904,1904 Performing Arts and Creative Writing,FOR,3604,Performing arts,group,False,derived_empirical,0.061,"derived via ARC ERA journal crosswalk: 33 shared-journal vote(s) over 21 FOR2008-classified journal(s), 2 agreeing"
FOR2008,1904,1904 Performing Arts and Creative Writing,FOR,3901,Curriculum and pedagogy,group,False,derived_empirical,0.121,"derived via ARC ERA journal crosswalk: 33 shared-journal vote(s) over 21 FOR2008-classified journal(s), 4 agreeing"
FOR2008,1904,1904 Performing Arts and Creative Writing,FOR,3603,Music,group,True,derived_empirical,0.394,"derived via ARC ERA journal crosswalk: 33 shared-journal vote(s) over 21 FOR2008-classified journal(s), 13 agreeing"
FOR2008,1904,1904 Performing Arts and Creative Writing,FOR,5201,Applied and developmental psychology,group,False,derived_empirical,0.03,"derived via ARC ERA journal crosswalk: 33 shared-journal vote(s) over 21 FOR2008-classified journal(s), 1 agreeing"
FOR2008,1904,1904 Performing Arts and Creative Writing,FOR,4201,Allied health and rehabilitation science,group,False,derived_empirical,0.152,"derived via ARC ERA journal crosswalk: 33 shared-journal vote(s) over 21 FOR2008-classified journal(s), 5 agreeing"
FOR2008,1905,1905 Visual Arts and Crafts,FOR,3606,Visual arts,group,True,derived_empirical,0.286,"derived via ARC ERA journal crosswalk: 7 shared-journal vote(s) over 5 FOR2008-classified journal(s), 2 agreeing"
FOR2008,1905,1905 Visual Arts and Crafts,FOR,4603,Computer vision and multimedia computation,group,False,derived_empirical,0.143,"derived via ARC ERA journal crosswalk: 7 shared-journal vote(s) over 5 FOR2008-classified journal(s), 1 agreeing"
FOR2008,1905,1905 Visual Arts and Crafts,FOR,4607,"Graphics, augmented reality and games",group,False,derived_empirical,0.143,"derived via ARC ERA journal crosswalk: 7 shared-journal vote(s) over 5 FOR2008-classified journal(s), 1 agreeing"
FOR2008,1905,1905 Visual Arts and Crafts,FOR,3901,Curriculum and pedagogy,group,False,derived_empirical,0.143,"derived via ARC ERA journal crosswalk: 7 shared-journal vote(s) over 5 FOR2008-classified journal(s), 1 agreeing"
FOR2008,1905,1905 Visual Arts and Crafts,FOR,3303,Design,group,False,derived_empirical,0.143,"derived via ARC ERA journal crosswalk: 7 shared-journal vote(s) over 5 FOR2008-classified journal(s), 1 agreeing"
FOR2008,1905,1905 Visual Arts and Crafts,FOR,3301,Architecture,group,False,derived_empirical,0.143,"derived via ARC ERA journal crosswalk: 7 shared-journal vote(s) over 5 FOR2008-classified journal(s), 1 agreeing"
FOR2008,20,"20 Language, Communication and Culture",FOR,42,HEALTH SCIENCES,division,False,derived_empirical,0.023,"derived via ARC ERA journal crosswalk: 87 shared-journal vote(s) over 365 FOR2008-classified journal(s), 2 agreeing"
FOR2008,20,"20 Language, Communication and Culture",FOR,39,EDUCATION,division,False,derived_empirical,0.046,"derived via ARC ERA journal crosswalk: 87 shared-journal vote(s) over 365 FOR2008-classified journal(s), 4 agreeing"
FOR2008,20,"20 Language, Communication and Culture",FOR,35,"COMMERCE, MANAGEMENT, TOURISM AND SERVICES",division,False,derived_empirical,0.034,"derived via ARC ERA journal crosswalk: 87 shared-journal vote(s) over 365 FOR2008-classified journal(s), 3 agreeing"
FOR2008,20,"20 Language, Communication and Culture",FOR,52,PSYCHOLOGY,division,False,derived_empirical,0.161,"derived via ARC ERA journal crosswalk: 87 shared-journal vote(s) over 365 FOR2008-classified journal(s), 14 agreeing"
FOR2008,20,"20 Language, Communication and Culture",FOR,32,BIOMEDICAL AND CLINICAL SCIENCES,division,False,derived_empirical,0.023,"derived via ARC ERA journal crosswalk: 87 shared-journal vote(s) over 365 FOR2008-classified journal(s), 2 agreeing"
FOR2008,20,"20 Language, Communication and Culture",FOR,46,INFORMATION AND COMPUTING SCIENCES,division,False,derived_empirical,0.011,"derived via ARC ERA journal crosswalk: 87 shared-journal vote(s) over 365 FOR2008-classified journal(s), 1 agreeing"
FOR2008,20,"20 Language, Communication and Culture",FOR,40,ENGINEERING,division,False,derived_empirical,0.011,"derived via ARC ERA journal crosswalk: 87 shared-journal vote(s) over 365 FOR2008-classified journal(s), 1 agreeing"
FOR2008,20,"20 Language, Communication and Culture",FOR,48,LAW AND LEGAL STUDIES,division,False,derived_empirical,0.011,"derived via ARC ERA journal crosswalk: 87 shared-journal vote(s) over 365 FOR2008-classified journal(s), 1 agreeing"
FOR2008,20,"20 Language, Communication and Culture",FOR,33,BUILT ENVIRONMENT AND DESIGN,division,False,derived_empirical,0.011,"derived via ARC ERA journal crosswalk: 87 shared-journal vote(s) over 365 FOR2008-classified journal(s), 1 agreeing"
FOR2008,20,"20 Language, Communication and Culture",FOR,44,HUMAN SOCIETY,division,False,derived_empirical,0.184,"derived via ARC ERA journal crosswalk: 87 shared-journal vote(s) over 365 FOR2008-classified journal(s), 16 agreeing"
FOR2008,20,"20 Language, Communication and Culture",FOR,47,"LANGUAGE, COMMUNICATION AND CULTURE",division,True,derived_empirical,0.368,"derived via ARC ERA journal crosswalk: 87 shared-journal vote(s) over 365 FOR2008-classified journal(s), 32 agreeing"
FOR2008,20,"20 Language, Communication and Culture",FOR,36,CREATIVE ARTS AND WRITING,division,False,derived_empirical,0.057,"derived via ARC ERA journal crosswalk: 87 shared-journal vote(s) over 365 FOR2008-classified journal(s), 5 agreeing"
FOR2008,20,"20 Language, Communication and Culture",FOR,43,"HISTORY, HERITAGE AND ARCHAEOLOGY",division,False,derived_empirical,0.057,"derived via ARC ERA journal crosswalk: 87 shared-journal vote(s) over 365 FOR2008-classified journal(s), 5 agreeing"
FOR2008,2001,2001 Communication and Media Studies,FOR,4607,"Graphics, augmented reality and games",group,False,derived_empirical,0.014,"derived via ARC ERA journal crosswalk: 148 shared-journal vote(s) over 78 FOR2008-classified journal(s), 2 agreeing"
FOR2008,2001,2001 Communication and Media Studies,FOR,4401,Anthropology,group,False,derived_empirical,0.014,"derived via ARC ERA journal crosswalk: 148 shared-journal vote(s) over 78 FOR2008-classified journal(s), 2 agreeing"
FOR2008,2001,2001 Communication and Media Studies,FOR,4705,Literary studies,group,False,derived_empirical,0.014,"derived via ARC ERA journal crosswalk: 148 shared-journal vote(s) over 78 FOR2008-classified journal(s), 2 agreeing"
FOR2008,2001,2001 Communication and Media Studies,FOR,4702,Cultural studies,group,False,derived_empirical,0.081,"derived via ARC ERA journal crosswalk: 148 shared-journal vote(s) over 78 FOR2008-classified journal(s), 12 agreeing"
FOR2008,2001,2001 Communication and Media Studies,FOR,3605,Screen and digital media,group,False,derived_empirical,0.081,"derived via ARC ERA journal crosswalk: 148 shared-journal vote(s) over 78 FOR2008-classified journal(s), 12 agreeing"
FOR2008,2001,2001 Communication and Media Studies,FOR,4704,Linguistics,group,False,derived_empirical,0.041,"derived via ARC ERA journal crosswalk: 148 shared-journal vote(s) over 78 FOR2008-classified journal(s), 6 agreeing"
FOR2008,2001,2001 Communication and Media Studies,FOR,4410,Sociology,group,False,derived_empirical,0.041,"derived via ARC ERA journal crosswalk: 148 shared-journal vote(s) over 78 FOR2008-classified journal(s), 6 agreeing"
FOR2008,2001,2001 Communication and Media Studies,FOR,4408,Political science,group,False,derived_empirical,0.041,"derived via ARC ERA journal crosswalk: 148 shared-journal vote(s) over 78 FOR2008-classified journal(s), 6 agreeing"
FOR2008,2001,2001 Communication and Media Studies,FOR,3507,"Strategy, management and organisational behaviour",group,False,derived_empirical,0.034,"derived via ARC ERA journal crosswalk: 148 shared-journal vote(s) over 78 FOR2008-classified journal(s), 5 agreeing"
FOR2008,2001,2001 Communication and Media Studies,FOR,4405,Gender studies,group,False,derived_empirical,0.034,"derived via ARC ERA journal crosswalk: 148 shared-journal vote(s) over 78 FOR2008-classified journal(s), 5 agreeing"
FOR2008,2001,2001 Communication and Media Studies,FOR,3602,Creative and professional writing,group,False,derived_empirical,0.027,"derived via ARC ERA journal crosswalk: 148 shared-journal vote(s) over 78 FOR2008-classified journal(s), 4 agreeing"
FOR2008,2001,2001 Communication and Media Studies,FOR,4206,Public health,group,False,derived_empirical,0.027,"derived via ARC ERA journal crosswalk: 148 shared-journal vote(s) over 78 FOR2008-classified journal(s), 4 agreeing"
FOR2008,2001,2001 Communication and Media Studies,FOR,4608,Human-centred computing,group,False,derived_empirical,0.014,"derived via ARC ERA journal crosswalk: 148 shared-journal vote(s) over 78 FOR2008-classified journal(s), 2 agreeing"
FOR2008,2001,2001 Communication and Media Studies,FOR,4407,Policy and administration,group,False,derived_empirical,0.014,"derived via ARC ERA journal crosswalk: 148 shared-journal vote(s) over 78 FOR2008-classified journal(s), 2 agreeing"
FOR2008,2001,2001 Communication and Media Studies,FOR,4701,Communication and media studies,group,True,derived_empirical,0.378,"derived via ARC ERA journal crosswalk: 148 shared-journal vote(s) over 78 FOR2008-classified journal(s), 56 agreeing"
FOR2008,2001,2001 Communication and Media Studies,FOR,5204,Cognitive and computational psychology,group,False,derived_empirical,0.014,"derived via ARC ERA journal crosswalk: 148 shared-journal vote(s) over 78 FOR2008-classified journal(s), 2 agreeing"
FOR2008,2001,2001 Communication and Media Studies,FOR,5203,Clinical and health psychology,group,False,derived_empirical,0.007,"derived via ARC ERA journal crosswalk: 148 shared-journal vote(s) over 78 FOR2008-classified journal(s), 1 agreeing"
FOR2008,2001,2001 Communication and Media Studies,FOR,4409,Social work,group,False,derived_empirical,0.007,"derived via ARC ERA journal crosswalk: 148 shared-journal vote(s) over 78 FOR2008-classified journal(s), 1 agreeing"
FOR2008,2001,2001 Communication and Media Studies,FOR,3801,Applied economics,group,False,derived_empirical,0.007,"derived via ARC ERA journal crosswalk: 148 shared-journal vote(s) over 78 FOR2008-classified journal(s), 1 agreeing"
FOR2008,2001,2001 Communication and Media Studies,FOR,3505,Human resources and industrial relations,group,False,derived_empirical,0.007,"derived via ARC ERA journal crosswalk: 148 shared-journal vote(s) over 78 FOR2008-classified journal(s), 1 agreeing"
FOR2008,2001,2001 Communication and Media Studies,FOR,4610,Library and information studies,group,False,derived_empirical,0.007,"derived via ARC ERA journal crosswalk: 148 shared-journal vote(s) over 78 FOR2008-classified journal(s), 1 agreeing"
FOR2008,2001,2001 Communication and Media Studies,FOR,5205,Social and personality psychology,group,False,derived_empirical,0.02,"derived via ARC ERA journal crosswalk: 148 shared-journal vote(s) over 78 FOR2008-classified journal(s), 3 agreeing"
FOR2008,2001,2001 Communication and Media Studies,FOR,3503,Business systems in context,group,False,derived_empirical,0.007,"derived via ARC ERA journal crosswalk: 148 shared-journal vote(s) over 78 FOR2008-classified journal(s), 1 agreeing"
FOR2008,2001,2001 Communication and Media Studies,FOR,3902,"Education policy, sociology and philosophy",group,False,derived_empirical,0.007,"derived via ARC ERA journal crosswalk: 148 shared-journal vote(s) over 78 FOR2008-classified journal(s), 1 agreeing"
FOR2008,2001,2001 Communication and Media Studies,FOR,4609,Information systems,group,False,derived_empirical,0.007,"derived via ARC ERA journal crosswalk: 148 shared-journal vote(s) over 78 FOR2008-classified journal(s), 1 agreeing"
FOR2008,2001,2001 Communication and Media Studies,FOR,3303,Design,group,False,derived_empirical,0.007,"derived via ARC ERA journal crosswalk: 148 shared-journal vote(s) over 78 FOR2008-classified journal(s), 1 agreeing"
FOR2008,2001,2001 Communication and Media Studies,FOR,3506,Marketing,group,False,derived_empirical,0.007,"derived via ARC ERA journal crosswalk: 148 shared-journal vote(s) over 78 FOR2008-classified journal(s), 1 agreeing"
FOR2008,2001,2001 Communication and Media Studies,FOR,4603,Computer vision and multimedia computation,group,False,derived_empirical,0.007,"derived via ARC ERA journal crosswalk: 148 shared-journal vote(s) over 78 FOR2008-classified journal(s), 1 agreeing"
FOR2008,2001,2001 Communication and Media Studies,FOR,3904,Specialist studies in education,group,False,derived_empirical,0.014,"derived via ARC ERA journal crosswalk: 148 shared-journal vote(s) over 78 FOR2008-classified journal(s), 2 agreeing"
FOR2008,2001,2001 Communication and Media Studies,FOR,4201,Allied health and rehabilitation science,group,False,derived_empirical,0.007,"derived via ARC ERA journal crosswalk: 148 shared-journal vote(s) over 78 FOR2008-classified journal(s), 1 agreeing"
FOR2008,2001,2001 Communication and Media Studies,FOR,5201,Applied and developmental psychology,group,False,derived_empirical,0.02,"derived via ARC ERA journal crosswalk: 148 shared-journal vote(s) over 78 FOR2008-classified journal(s), 3 agreeing"
FOR2008,2002,2002 Cultural Studies,FOR,3605,Screen and digital media,group,False,derived_empirical,0.041,"derived via ARC ERA journal crosswalk: 147 shared-journal vote(s) over 77 FOR2008-classified journal(s), 6 agreeing"
FOR2008,2002,2002 Cultural Studies,FOR,4401,Anthropology,group,False,derived_empirical,0.054,"derived via ARC ERA journal crosswalk: 147 shared-journal vote(s) over 77 FOR2008-classified journal(s), 8 agreeing"
FOR2008,2002,2002 Cultural Studies,FOR,4608,Human-centred computing,group,False,derived_empirical,0.007,"derived via ARC ERA journal crosswalk: 147 shared-journal vote(s) over 77 FOR2008-classified journal(s), 1 agreeing"
FOR2008,2002,2002 Cultural Studies,FOR,4408,Political science,group,False,derived_empirical,0.027,"derived via ARC ERA journal crosswalk: 147 shared-journal vote(s) over 77 FOR2008-classified journal(s), 4 agreeing"
FOR2008,2002,2002 Cultural Studies,FOR,4407,Policy and administration,group,False,derived_empirical,0.007,"derived via ARC ERA journal crosswalk: 147 shared-journal vote(s) over 77 FOR2008-classified journal(s), 1 agreeing"
FOR2008,2002,2002 Cultural Studies,FOR,3507,"Strategy, management and organisational behaviour",group,False,derived_empirical,0.007,"derived via ARC ERA journal crosswalk: 147 shared-journal vote(s) over 77 FOR2008-classified journal(s), 1 agreeing"
FOR2008,2002,2002 Cultural Studies,FOR,5203,Clinical and health psychology,group,False,derived_empirical,0.007,"derived via ARC ERA journal crosswalk: 147 shared-journal vote(s) over 77 FOR2008-classified journal(s), 1 agreeing"
FOR2008,2002,2002 Cultural Studies,FOR,5201,Applied and developmental psychology,group,False,derived_empirical,0.007,"derived via ARC ERA journal crosswalk: 147 shared-journal vote(s) over 77 FOR2008-classified journal(s), 1 agreeing"
FOR2008,2002,2002 Cultural Studies,FOR,4704,Linguistics,group,False,derived_empirical,0.007,"derived via ARC ERA journal crosswalk: 147 shared-journal vote(s) over 77 FOR2008-classified journal(s), 1 agreeing"
FOR2008,2002,2002 Cultural Studies,FOR,4602,Artificial intelligence,group,False,derived_empirical,0.007,"derived via ARC ERA journal crosswalk: 147 shared-journal vote(s) over 77 FOR2008-classified journal(s), 1 agreeing"
FOR2008,2002,2002 Cultural Studies,FOR,4807,Public law,group,False,derived_empirical,0.007,"derived via ARC ERA journal crosswalk: 147 shared-journal vote(s) over 77 FOR2008-classified journal(s), 1 agreeing"
FOR2008,2002,2002 Cultural Studies,FOR,4803,International and comparative law,group,False,derived_empirical,0.007,"derived via ARC ERA journal crosswalk: 147 shared-journal vote(s) over 77 FOR2008-classified journal(s), 1 agreeing"
FOR2008,2002,2002 Cultural Studies,FOR,3303,Design,group,False,derived_empirical,0.007,"derived via ARC ERA journal crosswalk: 147 shared-journal vote(s) over 77 FOR2008-classified journal(s), 1 agreeing"
FOR2008,2002,2002 Cultural Studies,FOR,4207,Sports science and exercise,group,False,derived_empirical,0.007,"derived via ARC ERA journal crosswalk: 147 shared-journal vote(s) over 77 FOR2008-classified journal(s), 1 agreeing"
FOR2008,2002,2002 Cultural Studies,FOR,4205,Nursing,group,False,derived_empirical,0.007,"derived via ARC ERA journal crosswalk: 147 shared-journal vote(s) over 77 FOR2008-classified journal(s), 1 agreeing"
FOR2008,2002,2002 Cultural Studies,FOR,4703,Language studies,group,False,derived_empirical,0.007,"derived via ARC ERA journal crosswalk: 147 shared-journal vote(s) over 77 FOR2008-classified journal(s), 1 agreeing"
FOR2008,2002,2002 Cultural Studies,FOR,4804,Law in context,group,False,derived_empirical,0.007,"derived via ARC ERA journal crosswalk: 147 shared-journal vote(s) over 77 FOR2008-classified journal(s), 1 agreeing"
FOR2008,2002,2002 Cultural Studies,FOR,3505,Human resources and industrial relations,group,False,derived_empirical,0.014,"derived via ARC ERA journal crosswalk: 147 shared-journal vote(s) over 77 FOR2008-classified journal(s), 2 agreeing"
FOR2008,2002,2002 Cultural Studies,FOR,4206,Public health,group,False,derived_empirical,0.014,"derived via ARC ERA journal crosswalk: 147 shared-journal vote(s) over 77 FOR2008-classified journal(s), 2 agreeing"
FOR2008,2002,2002 Cultural Studies,FOR,3506,Marketing,group,False,derived_empirical,0.014,"derived via ARC ERA journal crosswalk: 147 shared-journal vote(s) over 77 FOR2008-classified journal(s), 2 agreeing"
FOR2008,2002,2002 Cultural Studies,FOR,5003,Philosophy,group,False,derived_empirical,0.02,"derived via ARC ERA journal crosswalk: 147 shared-journal vote(s) over 77 FOR2008-classified journal(s), 3 agreeing"
FOR2008,2002,2002 Cultural Studies,FOR,4406,Human geography,group,False,derived_empirical,0.027,"derived via ARC ERA journal crosswalk: 147 shared-journal vote(s) over 77 FOR2008-classified journal(s), 4 agreeing"
FOR2008,2002,2002 Cultural Studies,FOR,4404,Development studies,group,False,derived_empirical,0.027,"derived via ARC ERA journal crosswalk: 147 shared-journal vote(s) over 77 FOR2008-classified journal(s), 4 agreeing"
FOR2008,2002,2002 Cultural Studies,FOR,4303,Historical studies,group,False,derived_empirical,0.054,"derived via ARC ERA journal crosswalk: 147 shared-journal vote(s) over 77 FOR2008-classified journal(s), 8 agreeing"
FOR2008,2002,2002 Cultural Studies,FOR,4705,Literary studies,group,False,derived_empirical,0.061,"derived via ARC ERA journal crosswalk: 147 shared-journal vote(s) over 77 FOR2008-classified journal(s), 9 agreeing"
FOR2008,2002,2002 Cultural Studies,FOR,4204,Midwifery,group,False,derived_empirical,0.007,"derived via ARC ERA journal crosswalk: 147 shared-journal vote(s) over 77 FOR2008-classified journal(s), 1 agreeing"
FOR2008,2002,2002 Cultural Studies,FOR,4410,Sociology,group,False,derived_empirical,0.109,"derived via ARC ERA journal crosswalk: 147 shared-journal vote(s) over 77 FOR2008-classified journal(s), 16 agreeing"
FOR2008,2002,2002 Cultural Studies,FOR,4702,Cultural studies,group,True,derived_empirical,0.252,"derived via ARC ERA journal crosswalk: 147 shared-journal vote(s) over 77 FOR2008-classified journal(s), 37 agreeing"
FOR2008,2002,2002 Cultural Studies,FOR,4701,Communication and media studies,group,False,derived_empirical,0.068,"derived via ARC ERA journal crosswalk: 147 shared-journal vote(s) over 77 FOR2008-classified journal(s), 10 agreeing"
FOR2008,2002,2002 Cultural Studies,FOR,4405,Gender studies,group,False,derived_empirical,0.116,"derived via ARC ERA journal crosswalk: 147 shared-journal vote(s) over 77 FOR2008-classified journal(s), 17 agreeing"
FOR2008,2003,2003 Language Studies,FOR,3901,Curriculum and pedagogy,group,False,derived_empirical,0.013,"derived via ARC ERA journal crosswalk: 77 shared-journal vote(s) over 43 FOR2008-classified journal(s), 1 agreeing"
FOR2008,2003,2003 Language Studies,FOR,3904,Specialist studies in education,group,False,derived_empirical,0.013,"derived via ARC ERA journal crosswalk: 77 shared-journal vote(s) over 43 FOR2008-classified journal(s), 1 agreeing"
FOR2008,2003,2003 Language Studies,FOR,4401,Anthropology,group,False,derived_empirical,0.013,"derived via ARC ERA journal crosswalk: 77 shared-journal vote(s) over 43 FOR2008-classified journal(s), 1 agreeing"
FOR2008,2003,2003 Language Studies,FOR,4303,Historical studies,group,False,derived_empirical,0.013,"derived via ARC ERA journal crosswalk: 77 shared-journal vote(s) over 43 FOR2008-classified journal(s), 1 agreeing"
FOR2008,2003,2003 Language Studies,FOR,5204,Cognitive and computational psychology,group,False,derived_empirical,0.039,"derived via ARC ERA journal crosswalk: 77 shared-journal vote(s) over 43 FOR2008-classified journal(s), 3 agreeing"
FOR2008,2003,2003 Language Studies,FOR,4704,Linguistics,group,False,derived_empirical,0.39,"derived via ARC ERA journal crosswalk: 77 shared-journal vote(s) over 43 FOR2008-classified journal(s), 30 agreeing"
FOR2008,2003,2003 Language Studies,FOR,4703,Language studies,group,True,derived_empirical,0.494,"derived via ARC ERA journal crosswalk: 77 shared-journal vote(s) over 43 FOR2008-classified journal(s), 38 agreeing"
FOR2008,2003,2003 Language Studies,FOR,3903,Education systems,group,False,derived_empirical,0.026,"derived via ARC ERA journal crosswalk: 77 shared-journal vote(s) over 43 FOR2008-classified journal(s), 2 agreeing"
FOR2008,2004,2004 Linguistics,FOR,3904,Specialist studies in education,group,False,derived_empirical,0.019,"derived via ARC ERA journal crosswalk: 316 shared-journal vote(s) over 178 FOR2008-classified journal(s), 6 agreeing"
FOR2008,2004,2004 Linguistics,FOR,4401,Anthropology,group,False,derived_empirical,0.016,"derived via ARC ERA journal crosswalk: 316 shared-journal vote(s) over 178 FOR2008-classified journal(s), 5 agreeing"
FOR2008,2004,2004 Linguistics,FOR,5201,Applied and developmental psychology,group,False,derived_empirical,0.009,"derived via ARC ERA journal crosswalk: 316 shared-journal vote(s) over 178 FOR2008-classified journal(s), 3 agreeing"
FOR2008,2004,2004 Linguistics,FOR,5202,Biological psychology,group,False,derived_empirical,0.013,"derived via ARC ERA journal crosswalk: 316 shared-journal vote(s) over 178 FOR2008-classified journal(s), 4 agreeing"
FOR2008,2004,2004 Linguistics,FOR,4705,Literary studies,group,False,derived_empirical,0.013,"derived via ARC ERA journal crosswalk: 316 shared-journal vote(s) over 178 FOR2008-classified journal(s), 4 agreeing"
FOR2008,2004,2004 Linguistics,FOR,4602,Artificial intelligence,group,False,derived_empirical,0.013,"derived via ARC ERA journal crosswalk: 316 shared-journal vote(s) over 178 FOR2008-classified journal(s), 4 agreeing"
FOR2008,2004,2004 Linguistics,FOR,4301,Archaeology,group,False,derived_empirical,0.009,"derived via ARC ERA journal crosswalk: 316 shared-journal vote(s) over 178 FOR2008-classified journal(s), 3 agreeing"
FOR2008,2004,2004 Linguistics,FOR,5003,Philosophy,group,False,derived_empirical,0.009,"derived via ARC ERA journal crosswalk: 316 shared-journal vote(s) over 178 FOR2008-classified journal(s), 3 agreeing"
FOR2008,2004,2004 Linguistics,FOR,4006,Communications engineering,group,False,derived_empirical,0.006,"derived via ARC ERA journal crosswalk: 316 shared-journal vote(s) over 178 FOR2008-classified journal(s), 2 agreeing"
FOR2008,2004,2004 Linguistics,FOR,3209,Neurosciences,group,False,derived_empirical,0.003,"derived via ARC ERA journal crosswalk: 316 shared-journal vote(s) over 178 FOR2008-classified journal(s), 1 agreeing"
FOR2008,2004,2004 Linguistics,FOR,5203,Clinical and health psychology,group,False,derived_empirical,0.003,"derived via ARC ERA journal crosswalk: 316 shared-journal vote(s) over 178 FOR2008-classified journal(s), 1 agreeing"
FOR2008,2004,2004 Linguistics,FOR,4613,Theory of computation,group,False,derived_empirical,0.003,"derived via ARC ERA journal crosswalk: 316 shared-journal vote(s) over 178 FOR2008-classified journal(s), 1 agreeing"
FOR2008,2004,2004 Linguistics,FOR,4611,Machine learning,group,False,derived_empirical,0.003,"derived via ARC ERA journal crosswalk: 316 shared-journal vote(s) over 178 FOR2008-classified journal(s), 1 agreeing"
FOR2008,2004,2004 Linguistics,FOR,4603,Computer vision and multimedia computation,group,False,derived_empirical,0.003,"derived via ARC ERA journal crosswalk: 316 shared-journal vote(s) over 178 FOR2008-classified journal(s), 1 agreeing"
FOR2008,2004,2004 Linguistics,FOR,3507,"Strategy, management and organisational behaviour",group,False,derived_empirical,0.003,"derived via ARC ERA journal crosswalk: 316 shared-journal vote(s) over 178 FOR2008-classified journal(s), 1 agreeing"
FOR2008,2004,2004 Linguistics,FOR,4701,Communication and media studies,group,False,derived_empirical,0.019,"derived via ARC ERA journal crosswalk: 316 shared-journal vote(s) over 178 FOR2008-classified journal(s), 6 agreeing"
FOR2008,2004,2004 Linguistics,FOR,3202,Clinical sciences,group,False,derived_empirical,0.003,"derived via ARC ERA journal crosswalk: 316 shared-journal vote(s) over 178 FOR2008-classified journal(s), 1 agreeing"
FOR2008,2004,2004 Linguistics,FOR,4303,Historical studies,group,False,derived_empirical,0.003,"derived via ARC ERA journal crosswalk: 316 shared-journal vote(s) over 178 FOR2008-classified journal(s), 1 agreeing"
FOR2008,2004,2004 Linguistics,FOR,4408,Political science,group,False,derived_empirical,0.003,"derived via ARC ERA journal crosswalk: 316 shared-journal vote(s) over 178 FOR2008-classified journal(s), 1 agreeing"
FOR2008,2004,2004 Linguistics,FOR,4405,Gender studies,group,False,derived_empirical,0.003,"derived via ARC ERA journal crosswalk: 316 shared-journal vote(s) over 178 FOR2008-classified journal(s), 1 agreeing"
FOR2008,2004,2004 Linguistics,FOR,4806,Private law and civil obligations,group,False,derived_empirical,0.003,"derived via ARC ERA journal crosswalk: 316 shared-journal vote(s) over 178 FOR2008-classified journal(s), 1 agreeing"
FOR2008,2004,2004 Linguistics,FOR,4804,Law in context,group,False,derived_empirical,0.003,"derived via ARC ERA journal crosswalk: 316 shared-journal vote(s) over 178 FOR2008-classified journal(s), 1 agreeing"
FOR2008,2004,2004 Linguistics,FOR,5002,History and philosophy of specific fields,group,False,derived_empirical,0.003,"derived via ARC ERA journal crosswalk: 316 shared-journal vote(s) over 178 FOR2008-classified journal(s), 1 agreeing"
FOR2008,2004,2004 Linguistics,FOR,4605,Data management and data science,group,False,derived_empirical,0.003,"derived via ARC ERA journal crosswalk: 316 shared-journal vote(s) over 178 FOR2008-classified journal(s), 1 agreeing"
FOR2008,2004,2004 Linguistics,FOR,4201,Allied health and rehabilitation science,group,False,derived_empirical,0.025,"derived via ARC ERA journal crosswalk: 316 shared-journal vote(s) over 178 FOR2008-classified journal(s), 8 agreeing"
FOR2008,2004,2004 Linguistics,FOR,5205,Social and personality psychology,group,False,derived_empirical,0.009,"derived via ARC ERA journal crosswalk: 316 shared-journal vote(s) over 178 FOR2008-classified journal(s), 3 agreeing"
FOR2008,2004,2004 Linguistics,FOR,3903,Education systems,group,False,derived_empirical,0.032,"derived via ARC ERA journal crosswalk: 316 shared-journal vote(s) over 178 FOR2008-classified journal(s), 10 agreeing"
FOR2008,2004,2004 Linguistics,FOR,5204,Cognitive and computational psychology,group,False,derived_empirical,0.079,"derived via ARC ERA journal crosswalk: 316 shared-journal vote(s) over 178 FOR2008-classified journal(s), 25 agreeing"
FOR2008,2004,2004 Linguistics,FOR,4703,Language studies,group,False,derived_empirical,0.222,"derived via ARC ERA journal crosswalk: 316 shared-journal vote(s) over 178 FOR2008-classified journal(s), 70 agreeing"
FOR2008,2004,2004 Linguistics,FOR,4704,Linguistics,group,True,derived_empirical,0.434,"derived via ARC ERA journal crosswalk: 316 shared-journal vote(s) over 178 FOR2008-classified journal(s), 137 agreeing"
FOR2008,2004,2004 Linguistics,FOR,3901,Curriculum and pedagogy,group,False,derived_empirical,0.028,"derived via ARC ERA journal crosswalk: 316 shared-journal vote(s) over 178 FOR2008-classified journal(s), 9 agreeing"
FOR2008,2005,2005 Literary Studies,FOR,4703,Language studies,group,False,derived_empirical,0.093,"derived via ARC ERA journal crosswalk: 54 shared-journal vote(s) over 27 FOR2008-classified journal(s), 5 agreeing"
FOR2008,2005,2005 Literary Studies,FOR,4408,Political science,group,False,derived_empirical,0.074,"derived via ARC ERA journal crosswalk: 54 shared-journal vote(s) over 27 FOR2008-classified journal(s), 4 agreeing"
FOR2008,2005,2005 Literary Studies,FOR,5002,History and philosophy of specific fields,group,False,derived_empirical,0.056,"derived via ARC ERA journal crosswalk: 54 shared-journal vote(s) over 27 FOR2008-classified journal(s), 3 agreeing"
FOR2008,2005,2005 Literary Studies,FOR,4704,Linguistics,group,False,derived_empirical,0.037,"derived via ARC ERA journal crosswalk: 54 shared-journal vote(s) over 27 FOR2008-classified journal(s), 2 agreeing"
FOR2008,2005,2005 Literary Studies,FOR,3605,Screen and digital media,group,False,derived_empirical,0.037,"derived via ARC ERA journal crosswalk: 54 shared-journal vote(s) over 27 FOR2008-classified journal(s), 2 agreeing"
FOR2008,2005,2005 Literary Studies,FOR,3601,"Art history, theory and criticism",group,False,derived_empirical,0.019,"derived via ARC ERA journal crosswalk: 54 shared-journal vote(s) over 27 FOR2008-classified journal(s), 1 agreeing"
FOR2008,2005,2005 Literary Studies,FOR,4702,Cultural studies,group,False,derived_empirical,0.185,"derived via ARC ERA journal crosswalk: 54 shared-journal vote(s) over 27 FOR2008-classified journal(s), 10 agreeing"
FOR2008,2005,2005 Literary Studies,FOR,3602,Creative and professional writing,group,False,derived_empirical,0.019,"derived via ARC ERA journal crosswalk: 54 shared-journal vote(s) over 27 FOR2008-classified journal(s), 1 agreeing"
FOR2008,2005,2005 Literary Studies,FOR,5003,Philosophy,group,False,derived_empirical,0.019,"derived via ARC ERA journal crosswalk: 54 shared-journal vote(s) over 27 FOR2008-classified journal(s), 1 agreeing"
FOR2008,2005,2005 Literary Studies,FOR,4405,Gender studies,group,False,derived_empirical,0.019,"derived via ARC ERA journal crosswalk: 54 shared-journal vote(s) over 27 FOR2008-classified journal(s), 1 agreeing"
FOR2008,2005,2005 Literary Studies,FOR,4803,International and comparative law,group,False,derived_empirical,0.019,"derived via ARC ERA journal crosswalk: 54 shared-journal vote(s) over 27 FOR2008-classified journal(s), 1 agreeing"
FOR2008,2005,2005 Literary Studies,FOR,4807,Public law,group,False,derived_empirical,0.019,"derived via ARC ERA journal crosswalk: 54 shared-journal vote(s) over 27 FOR2008-classified journal(s), 1 agreeing"
FOR2008,2005,2005 Literary Studies,FOR,4404,Development studies,group,False,derived_empirical,0.019,"derived via ARC ERA journal crosswalk: 54 shared-journal vote(s) over 27 FOR2008-classified journal(s), 1 agreeing"
FOR2008,2005,2005 Literary Studies,FOR,4705,Literary studies,group,True,derived_empirical,0.259,"derived via ARC ERA journal crosswalk: 54 shared-journal vote(s) over 27 FOR2008-classified journal(s), 14 agreeing"
FOR2008,2005,2005 Literary Studies,FOR,4303,Historical studies,group,False,derived_empirical,0.13,"derived via ARC ERA journal crosswalk: 54 shared-journal vote(s) over 27 FOR2008-classified journal(s), 7 agreeing"
FOR2008,2099,"2099 Other Language, Communication and Culture",FOR,4408,Political science,group,False,derived_empirical,0.111,"derived via ARC ERA journal crosswalk: 9 shared-journal vote(s) over 4 FOR2008-classified journal(s), 1 agreeing"
FOR2008,2099,"2099 Other Language, Communication and Culture",FOR,4404,Development studies,group,False,derived_empirical,0.222,"derived via ARC ERA journal crosswalk: 9 shared-journal vote(s) over 4 FOR2008-classified journal(s), 2 agreeing"
FOR2008,2099,"2099 Other Language, Communication and Culture",FOR,4405,Gender studies,group,True,derived_empirical,0.222,"derived via ARC ERA journal crosswalk: 9 shared-journal vote(s) over 4 FOR2008-classified journal(s), 2 agreeing"
FOR2008,2099,"2099 Other Language, Communication and Culture",FOR,5003,Philosophy,group,False,derived_empirical,0.111,"derived via ARC ERA journal crosswalk: 9 shared-journal vote(s) over 4 FOR2008-classified journal(s), 1 agreeing"
FOR2008,2099,"2099 Other Language, Communication and Culture",FOR,4701,Communication and media studies,group,False,derived_empirical,0.111,"derived via ARC ERA journal crosswalk: 9 shared-journal vote(s) over 4 FOR2008-classified journal(s), 1 agreeing"
FOR2008,2099,"2099 Other Language, Communication and Culture",FOR,4704,Linguistics,group,False,derived_empirical,0.111,"derived via ARC ERA journal crosswalk: 9 shared-journal vote(s) over 4 FOR2008-classified journal(s), 1 agreeing"
FOR2008,2099,"2099 Other Language, Communication and Culture",FOR,4702,Cultural studies,group,False,derived_empirical,0.111,"derived via ARC ERA journal crosswalk: 9 shared-journal vote(s) over 4 FOR2008-classified journal(s), 1 agreeing"
FOR2008,21,21 History and Archaeology,FOR,47,"LANGUAGE, COMMUNICATION AND CULTURE",division,False,derived_empirical,0.158,"derived via ARC ERA journal crosswalk: 38 shared-journal vote(s) over 201 FOR2008-classified journal(s), 6 agreeing"
FOR2008,21,21 History and Archaeology,FOR,45,INDIGENOUS STUDIES,division,False,derived_empirical,0.026,"derived via ARC ERA journal crosswalk: 38 shared-journal vote(s) over 201 FOR2008-classified journal(s), 1 agreeing"
FOR2008,21,21 History and Archaeology,FOR,46,INFORMATION AND COMPUTING SCIENCES,division,False,derived_empirical,0.026,"derived via ARC ERA journal crosswalk: 38 shared-journal vote(s) over 201 FOR2008-classified journal(s), 1 agreeing"
FOR2008,21,21 History and Archaeology,FOR,44,HUMAN SOCIETY,division,False,derived_empirical,0.237,"derived via ARC ERA journal crosswalk: 38 shared-journal vote(s) over 201 FOR2008-classified journal(s), 9 agreeing"
FOR2008,21,21 History and Archaeology,FOR,38,ECONOMICS,division,False,derived_empirical,0.026,"derived via ARC ERA journal crosswalk: 38 shared-journal vote(s) over 201 FOR2008-classified journal(s), 1 agreeing"
FOR2008,21,21 History and Archaeology,FOR,37,EARTH SCIENCES,division,False,derived_empirical,0.053,"derived via ARC ERA journal crosswalk: 38 shared-journal vote(s) over 201 FOR2008-classified journal(s), 2 agreeing"
FOR2008,21,21 History and Archaeology,FOR,36,CREATIVE ARTS AND WRITING,division,False,derived_empirical,0.053,"derived via ARC ERA journal crosswalk: 38 shared-journal vote(s) over 201 FOR2008-classified journal(s), 2 agreeing"
FOR2008,21,21 History and Archaeology,FOR,43,"HISTORY, HERITAGE AND ARCHAEOLOGY",division,True,derived_empirical,0.368,"derived via ARC ERA journal crosswalk: 38 shared-journal vote(s) over 201 FOR2008-classified journal(s), 14 agreeing"
FOR2008,21,21 History and Archaeology,FOR,33,BUILT ENVIRONMENT AND DESIGN,division,False,derived_empirical,0.026,"derived via ARC ERA journal crosswalk: 38 shared-journal vote(s) over 201 FOR2008-classified journal(s), 1 agreeing"
FOR2008,21,21 History and Archaeology,FOR,48,LAW AND LEGAL STUDIES,division,False,derived_empirical,0.026,"derived via ARC ERA journal crosswalk: 38 shared-journal vote(s) over 201 FOR2008-classified journal(s), 1 agreeing"
FOR2008,2101,2101 Archaeology,FOR,3103,Ecology,group,False,derived_empirical,0.068,"derived via ARC ERA journal crosswalk: 88 shared-journal vote(s) over 52 FOR2008-classified journal(s), 6 agreeing"
FOR2008,2101,2101 Archaeology,FOR,3705,Geology,group,False,derived_empirical,0.102,"derived via ARC ERA journal crosswalk: 88 shared-journal vote(s) over 52 FOR2008-classified journal(s), 9 agreeing"
FOR2008,2101,2101 Archaeology,FOR,4401,Anthropology,group,False,derived_empirical,0.148,"derived via ARC ERA journal crosswalk: 88 shared-journal vote(s) over 52 FOR2008-classified journal(s), 13 agreeing"
FOR2008,2101,2101 Archaeology,FOR,4301,Archaeology,group,True,derived_empirical,0.5,"derived via ARC ERA journal crosswalk: 88 shared-journal vote(s) over 52 FOR2008-classified journal(s), 44 agreeing"
FOR2008,2101,2101 Archaeology,FOR,3709,Physical geography and environmental geoscience,group,False,derived_empirical,0.057,"derived via ARC ERA journal crosswalk: 88 shared-journal vote(s) over 52 FOR2008-classified journal(s), 5 agreeing"
FOR2008,2101,2101 Archaeology,FOR,4302,"Heritage, archive and museum studies",group,False,derived_empirical,0.045,"derived via ARC ERA journal crosswalk: 88 shared-journal vote(s) over 52 FOR2008-classified journal(s), 4 agreeing"
FOR2008,2101,2101 Archaeology,FOR,3104,Evolutionary biology,group,False,derived_empirical,0.023,"derived via ARC ERA journal crosswalk: 88 shared-journal vote(s) over 52 FOR2008-classified journal(s), 2 agreeing"
FOR2008,2101,2101 Archaeology,FOR,3109,Zoology,group,False,derived_empirical,0.011,"derived via ARC ERA journal crosswalk: 88 shared-journal vote(s) over 52 FOR2008-classified journal(s), 1 agreeing"
FOR2008,2101,2101 Archaeology,FOR,3706,Geophysics,group,False,derived_empirical,0.011,"derived via ARC ERA journal crosswalk: 88 shared-journal vote(s) over 52 FOR2008-classified journal(s), 1 agreeing"
FOR2008,2101,2101 Archaeology,FOR,3499,Other chemical sciences,group,False,derived_empirical,0.011,"derived via ARC ERA journal crosswalk: 88 shared-journal vote(s) over 52 FOR2008-classified journal(s), 1 agreeing"
FOR2008,2101,2101 Archaeology,FOR,3703,Geochemistry,group,False,derived_empirical,0.011,"derived via ARC ERA journal crosswalk: 88 shared-journal vote(s) over 52 FOR2008-classified journal(s), 1 agreeing"
FOR2008,2101,2101 Archaeology,FOR,4303,Historical studies,group,False,derived_empirical,0.011,"derived via ARC ERA journal crosswalk: 88 shared-journal vote(s) over 52 FOR2008-classified journal(s), 1 agreeing"
FOR2008,2102,2102 Curatorial and Related Studies,FOR,4303,Historical studies,group,False,derived_empirical,0.059,"derived via ARC ERA journal crosswalk: 17 shared-journal vote(s) over 9 FOR2008-classified journal(s), 1 agreeing"
FOR2008,2102,2102 Curatorial and Related Studies,FOR,3109,Zoology,group,False,derived_empirical,0.059,"derived via ARC ERA journal crosswalk: 17 shared-journal vote(s) over 9 FOR2008-classified journal(s), 1 agreeing"
FOR2008,2102,2102 Curatorial and Related Studies,FOR,4005,Civil engineering,group,False,derived_empirical,0.059,"derived via ARC ERA journal crosswalk: 17 shared-journal vote(s) over 9 FOR2008-classified journal(s), 1 agreeing"
FOR2008,2102,2102 Curatorial and Related Studies,FOR,3301,Architecture,group,False,derived_empirical,0.059,"derived via ARC ERA journal crosswalk: 17 shared-journal vote(s) over 9 FOR2008-classified journal(s), 1 agreeing"
FOR2008,2102,2102 Curatorial and Related Studies,FOR,4302,"Heritage, archive and museum studies",group,True,derived_empirical,0.294,"derived via ARC ERA journal crosswalk: 17 shared-journal vote(s) over 9 FOR2008-classified journal(s), 5 agreeing"
FOR2008,2102,2102 Curatorial and Related Studies,FOR,4301,Archaeology,group,False,derived_empirical,0.235,"derived via ARC ERA journal crosswalk: 17 shared-journal vote(s) over 9 FOR2008-classified journal(s), 4 agreeing"
FOR2008,2102,2102 Curatorial and Related Studies,FOR,4401,Anthropology,group,False,derived_empirical,0.176,"derived via ARC ERA journal crosswalk: 17 shared-journal vote(s) over 9 FOR2008-classified journal(s), 3 agreeing"
FOR2008,2102,2102 Curatorial and Related Studies,FOR,3304,Urban and regional planning,group,False,derived_empirical,0.059,"derived via ARC ERA journal crosswalk: 17 shared-journal vote(s) over 9 FOR2008-classified journal(s), 1 agreeing"
FOR2008,2103,2103 Historical Studies,FOR,3505,Human resources and industrial relations,group,False,derived_empirical,0.024,"derived via ARC ERA journal crosswalk: 210 shared-journal vote(s) over 137 FOR2008-classified journal(s), 5 agreeing"
FOR2008,2103,2103 Historical Studies,FOR,4302,"Heritage, archive and museum studies",group,False,derived_empirical,0.01,"derived via ARC ERA journal crosswalk: 210 shared-journal vote(s) over 137 FOR2008-classified journal(s), 2 agreeing"
FOR2008,2103,2103 Historical Studies,FOR,4705,Literary studies,group,False,derived_empirical,0.024,"derived via ARC ERA journal crosswalk: 210 shared-journal vote(s) over 137 FOR2008-classified journal(s), 5 agreeing"
FOR2008,2103,2103 Historical Studies,FOR,4410,Sociology,group,False,derived_empirical,0.019,"derived via ARC ERA journal crosswalk: 210 shared-journal vote(s) over 137 FOR2008-classified journal(s), 4 agreeing"
FOR2008,2103,2103 Historical Studies,FOR,4405,Gender studies,group,False,derived_empirical,0.029,"derived via ARC ERA journal crosswalk: 210 shared-journal vote(s) over 137 FOR2008-classified journal(s), 6 agreeing"
FOR2008,2103,2103 Historical Studies,FOR,4406,Human geography,group,False,derived_empirical,0.024,"derived via ARC ERA journal crosswalk: 210 shared-journal vote(s) over 137 FOR2008-classified journal(s), 5 agreeing"
FOR2008,2103,2103 Historical Studies,FOR,4301,Archaeology,group,False,derived_empirical,0.019,"derived via ARC ERA journal crosswalk: 210 shared-journal vote(s) over 137 FOR2008-classified journal(s), 4 agreeing"
FOR2008,2103,2103 Historical Studies,FOR,4702,Cultural studies,group,False,derived_empirical,0.019,"derived via ARC ERA journal crosswalk: 210 shared-journal vote(s) over 137 FOR2008-classified journal(s), 4 agreeing"
FOR2008,2103,2103 Historical Studies,FOR,3902,"Education policy, sociology and philosophy",group,False,derived_empirical,0.014,"derived via ARC ERA journal crosswalk: 210 shared-journal vote(s) over 137 FOR2008-classified journal(s), 3 agreeing"
FOR2008,2103,2103 Historical Studies,FOR,4403,Demography,group,False,derived_empirical,0.01,"derived via ARC ERA journal crosswalk: 210 shared-journal vote(s) over 137 FOR2008-classified journal(s), 2 agreeing"
FOR2008,2103,2103 Historical Studies,FOR,3304,Urban and regional planning,group,False,derived_empirical,0.01,"derived via ARC ERA journal crosswalk: 210 shared-journal vote(s) over 137 FOR2008-classified journal(s), 2 agreeing"
FOR2008,2103,2103 Historical Studies,FOR,4407,Policy and administration,group,False,derived_empirical,0.01,"derived via ARC ERA journal crosswalk: 210 shared-journal vote(s) over 137 FOR2008-classified journal(s), 2 agreeing"
FOR2008,2103,2103 Historical Studies,FOR,4803,International and comparative law,group,False,derived_empirical,0.01,"derived via ARC ERA journal crosswalk: 210 shared-journal vote(s) over 137 FOR2008-classified journal(s), 2 agreeing"
FOR2008,2103,2103 Historical Studies,FOR,5003,Philosophy,group,False,derived_empirical,0.029,"derived via ARC ERA journal crosswalk: 210 shared-journal vote(s) over 137 FOR2008-classified journal(s), 6 agreeing"
FOR2008,2103,2103 Historical Studies,FOR,3301,Architecture,group,False,derived_empirical,0.005,"derived via ARC ERA journal crosswalk: 210 shared-journal vote(s) over 137 FOR2008-classified journal(s), 1 agreeing"
FOR2008,2103,2103 Historical Studies,FOR,4408,Political science,group,False,derived_empirical,0.062,"derived via ARC ERA journal crosswalk: 210 shared-journal vote(s) over 137 FOR2008-classified journal(s), 13 agreeing"
FOR2008,2103,2103 Historical Studies,FOR,5002,History and philosophy of specific fields,group,False,derived_empirical,0.143,"derived via ARC ERA journal crosswalk: 210 shared-journal vote(s) over 137 FOR2008-classified journal(s), 30 agreeing"
FOR2008,2103,2103 Historical Studies,FOR,4303,Historical studies,group,True,derived_empirical,0.452,"derived via ARC ERA journal crosswalk: 210 shared-journal vote(s) over 137 FOR2008-classified journal(s), 95 agreeing"
FOR2008,2103,2103 Historical Studies,FOR,3506,Marketing,group,False,derived_empirical,0.005,"derived via ARC ERA journal crosswalk: 210 shared-journal vote(s) over 137 FOR2008-classified journal(s), 1 agreeing"
FOR2008,2103,2103 Historical Studies,FOR,4804,Law in context,group,False,derived_empirical,0.01,"derived via ARC ERA journal crosswalk: 210 shared-journal vote(s) over 137 FOR2008-classified journal(s), 2 agreeing"
FOR2008,2103,2103 Historical Studies,FOR,4404,Development studies,group,False,derived_empirical,0.005,"derived via ARC ERA journal crosswalk: 210 shared-journal vote(s) over 137 FOR2008-classified journal(s), 1 agreeing"
FOR2008,2103,2103 Historical Studies,FOR,5203,Clinical and health psychology,group,False,derived_empirical,0.005,"derived via ARC ERA journal crosswalk: 210 shared-journal vote(s) over 137 FOR2008-classified journal(s), 1 agreeing"
FOR2008,2103,2103 Historical Studies,FOR,4104,Environmental management,group,False,derived_empirical,0.005,"derived via ARC ERA journal crosswalk: 210 shared-journal vote(s) over 137 FOR2008-classified journal(s), 1 agreeing"
FOR2008,2103,2103 Historical Studies,FOR,4703,Language studies,group,False,derived_empirical,0.005,"derived via ARC ERA journal crosswalk: 210 shared-journal vote(s) over 137 FOR2008-classified journal(s), 1 agreeing"
FOR2008,2103,2103 Historical Studies,FOR,4704,Linguistics,group,False,derived_empirical,0.005,"derived via ARC ERA journal crosswalk: 210 shared-journal vote(s) over 137 FOR2008-classified journal(s), 1 agreeing"
FOR2008,2103,2103 Historical Studies,FOR,4207,Sports science and exercise,group,False,derived_empirical,0.005,"derived via ARC ERA journal crosswalk: 210 shared-journal vote(s) over 137 FOR2008-classified journal(s), 1 agreeing"
FOR2008,2103,2103 Historical Studies,FOR,4013,Geomatic engineering,group,False,derived_empirical,0.005,"derived via ARC ERA journal crosswalk: 210 shared-journal vote(s) over 137 FOR2008-classified journal(s), 1 agreeing"
FOR2008,2103,2103 Historical Studies,FOR,4806,Private law and civil obligations,group,False,derived_empirical,0.005,"derived via ARC ERA journal crosswalk: 210 shared-journal vote(s) over 137 FOR2008-classified journal(s), 1 agreeing"
FOR2008,2103,2103 Historical Studies,FOR,4401,Anthropology,group,False,derived_empirical,0.033,"derived via ARC ERA journal crosswalk: 210 shared-journal vote(s) over 137 FOR2008-classified journal(s), 7 agreeing"
FOR2008,2103,2103 Historical Studies,FOR,3601,"Art history, theory and criticism",group,False,derived_empirical,0.005,"derived via ARC ERA journal crosswalk: 210 shared-journal vote(s) over 137 FOR2008-classified journal(s), 1 agreeing"
FOR2008,2199,2199 Other History and Archaeology,FOR,4303,Historical studies,group,True,derived_empirical,1.0,"derived via ARC ERA journal crosswalk: 1 shared-journal vote(s) over 1 FOR2008-classified journal(s), 1 agreeing"
FOR2008,22,22 Philosophy and Religious Studies,FOR,39,EDUCATION,division,False,derived_empirical,0.022,"derived via ARC ERA journal crosswalk: 45 shared-journal vote(s) over 228 FOR2008-classified journal(s), 1 agreeing"
FOR2008,22,22 Philosophy and Religious Studies,FOR,35,"COMMERCE, MANAGEMENT, TOURISM AND SERVICES",division,False,derived_empirical,0.044,"derived via ARC ERA journal crosswalk: 45 shared-journal vote(s) over 228 FOR2008-classified journal(s), 2 agreeing"
FOR2008,22,22 Philosophy and Religious Studies,FOR,50,PHILOSOPHY AND RELIGIOUS STUDIES,division,True,derived_empirical,0.333,"derived via ARC ERA journal crosswalk: 45 shared-journal vote(s) over 228 FOR2008-classified journal(s), 15 agreeing"
FOR2008,22,22 Philosophy and Religious Studies,FOR,52,PSYCHOLOGY,division,False,derived_empirical,0.111,"derived via ARC ERA journal crosswalk: 45 shared-journal vote(s) over 228 FOR2008-classified journal(s), 5 agreeing"
FOR2008,22,22 Philosophy and Religious Studies,FOR,44,HUMAN SOCIETY,division,False,derived_empirical,0.111,"derived via ARC ERA journal crosswalk: 45 shared-journal vote(s) over 228 FOR2008-classified journal(s), 5 agreeing"
FOR2008,22,22 Philosophy and Religious Studies,FOR,38,ECONOMICS,division,False,derived_empirical,0.111,"derived via ARC ERA journal crosswalk: 45 shared-journal vote(s) over 228 FOR2008-classified journal(s), 5 agreeing"
FOR2008,22,22 Philosophy and Religious Studies,FOR,46,INFORMATION AND COMPUTING SCIENCES,division,False,derived_empirical,0.089,"derived via ARC ERA journal crosswalk: 45 shared-journal vote(s) over 228 FOR2008-classified journal(s), 4 agreeing"
FOR2008,22,22 Philosophy and Religious Studies,FOR,49,MATHEMATICAL SCIENCES,division,False,derived_empirical,0.067,"derived via ARC ERA journal crosswalk: 45 shared-journal vote(s) over 228 FOR2008-classified journal(s), 3 agreeing"
FOR2008,22,22 Philosophy and Religious Studies,FOR,31,BIOLOGICAL SCIENCES,division,False,derived_empirical,0.044,"derived via ARC ERA journal crosswalk: 45 shared-journal vote(s) over 228 FOR2008-classified journal(s), 2 agreeing"
FOR2008,22,22 Philosophy and Religious Studies,FOR,48,LAW AND LEGAL STUDIES,division,False,derived_empirical,0.044,"derived via ARC ERA journal crosswalk: 45 shared-journal vote(s) over 228 FOR2008-classified journal(s), 2 agreeing"
FOR2008,22,22 Philosophy and Religious Studies,FOR,51,PHYSICAL SCIENCES,division,False,derived_empirical,0.022,"derived via ARC ERA journal crosswalk: 45 shared-journal vote(s) over 228 FOR2008-classified journal(s), 1 agreeing"
FOR2008,2201,2201 Applied Ethics,FOR,4405,Gender studies,group,False,derived_empirical,0.014,"derived via ARC ERA journal crosswalk: 71 shared-journal vote(s) over 40 FOR2008-classified journal(s), 1 agreeing"
FOR2008,2201,2201 Applied Ethics,FOR,5201,Applied and developmental psychology,group,False,derived_empirical,0.014,"derived via ARC ERA journal crosswalk: 71 shared-journal vote(s) over 40 FOR2008-classified journal(s), 1 agreeing"
FOR2008,2201,2201 Applied Ethics,FOR,5203,Clinical and health psychology,group,False,derived_empirical,0.014,"derived via ARC ERA journal crosswalk: 71 shared-journal vote(s) over 40 FOR2008-classified journal(s), 1 agreeing"
FOR2008,2201,2201 Applied Ethics,FOR,4406,Human geography,group,False,derived_empirical,0.014,"derived via ARC ERA journal crosswalk: 71 shared-journal vote(s) over 40 FOR2008-classified journal(s), 1 agreeing"
FOR2008,2201,2201 Applied Ethics,FOR,4205,Nursing,group,False,derived_empirical,0.014,"derived via ARC ERA journal crosswalk: 71 shared-journal vote(s) over 40 FOR2008-classified journal(s), 1 agreeing"
FOR2008,2201,2201 Applied Ethics,FOR,4701,Communication and media studies,group,False,derived_empirical,0.014,"derived via ARC ERA journal crosswalk: 71 shared-journal vote(s) over 40 FOR2008-classified journal(s), 1 agreeing"
FOR2008,2201,2201 Applied Ethics,FOR,4410,Sociology,group,False,derived_empirical,0.014,"derived via ARC ERA journal crosswalk: 71 shared-journal vote(s) over 40 FOR2008-classified journal(s), 1 agreeing"
FOR2008,2201,2201 Applied Ethics,FOR,3507,"Strategy, management and organisational behaviour",group,False,derived_empirical,0.014,"derived via ARC ERA journal crosswalk: 71 shared-journal vote(s) over 40 FOR2008-classified journal(s), 1 agreeing"
FOR2008,2201,2201 Applied Ethics,FOR,5205,Social and personality psychology,group,False,derived_empirical,0.014,"derived via ARC ERA journal crosswalk: 71 shared-journal vote(s) over 40 FOR2008-classified journal(s), 1 agreeing"
FOR2008,2201,2201 Applied Ethics,FOR,3003,Animal production,group,False,derived_empirical,0.014,"derived via ARC ERA journal crosswalk: 71 shared-journal vote(s) over 40 FOR2008-classified journal(s), 1 agreeing"
FOR2008,2201,2201 Applied Ethics,FOR,4806,Private law and civil obligations,group,False,derived_empirical,0.014,"derived via ARC ERA journal crosswalk: 71 shared-journal vote(s) over 40 FOR2008-classified journal(s), 1 agreeing"
FOR2008,2201,2201 Applied Ethics,FOR,4402,Criminology,group,False,derived_empirical,0.014,"derived via ARC ERA journal crosswalk: 71 shared-journal vote(s) over 40 FOR2008-classified journal(s), 1 agreeing"
FOR2008,2201,2201 Applied Ethics,FOR,5002,History and philosophy of specific fields,group,False,derived_empirical,0.028,"derived via ARC ERA journal crosswalk: 71 shared-journal vote(s) over 40 FOR2008-classified journal(s), 2 agreeing"
FOR2008,2201,2201 Applied Ethics,FOR,4408,Political science,group,False,derived_empirical,0.042,"derived via ARC ERA journal crosswalk: 71 shared-journal vote(s) over 40 FOR2008-classified journal(s), 3 agreeing"
FOR2008,2201,2201 Applied Ethics,FOR,4804,Law in context,group,False,derived_empirical,0.042,"derived via ARC ERA journal crosswalk: 71 shared-journal vote(s) over 40 FOR2008-classified journal(s), 3 agreeing"
FOR2008,2201,2201 Applied Ethics,FOR,4206,Public health,group,False,derived_empirical,0.056,"derived via ARC ERA journal crosswalk: 71 shared-journal vote(s) over 40 FOR2008-classified journal(s), 4 agreeing"
FOR2008,2201,2201 Applied Ethics,FOR,5003,Philosophy,group,False,derived_empirical,0.127,"derived via ARC ERA journal crosswalk: 71 shared-journal vote(s) over 40 FOR2008-classified journal(s), 9 agreeing"
FOR2008,2201,2201 Applied Ethics,FOR,5001,Applied ethics,group,True,derived_empirical,0.521,"derived via ARC ERA journal crosswalk: 71 shared-journal vote(s) over 40 FOR2008-classified journal(s), 37 agreeing"
FOR2008,2201,2201 Applied Ethics,FOR,4610,Library and information studies,group,False,derived_empirical,0.014,"derived via ARC ERA journal crosswalk: 71 shared-journal vote(s) over 40 FOR2008-classified journal(s), 1 agreeing"
FOR2008,2202,2202 History and Philosophy of Specific Fields,FOR,4703,Language studies,group,False,derived_empirical,0.005,"derived via ARC ERA journal crosswalk: 196 shared-journal vote(s) over 104 FOR2008-classified journal(s), 1 agreeing"
FOR2008,2202,2202 History and Philosophy of Specific Fields,FOR,4206,Public health,group,False,derived_empirical,0.005,"derived via ARC ERA journal crosswalk: 196 shared-journal vote(s) over 104 FOR2008-classified journal(s), 1 agreeing"
FOR2008,2202,2202 History and Philosophy of Specific Fields,FOR,4804,Law in context,group,False,derived_empirical,0.005,"derived via ARC ERA journal crosswalk: 196 shared-journal vote(s) over 104 FOR2008-classified journal(s), 1 agreeing"
FOR2008,2202,2202 History and Philosophy of Specific Fields,FOR,5205,Social and personality psychology,group,False,derived_empirical,0.005,"derived via ARC ERA journal crosswalk: 196 shared-journal vote(s) over 104 FOR2008-classified journal(s), 1 agreeing"
FOR2008,2202,2202 History and Philosophy of Specific Fields,FOR,4702,Cultural studies,group,False,derived_empirical,0.005,"derived via ARC ERA journal crosswalk: 196 shared-journal vote(s) over 104 FOR2008-classified journal(s), 1 agreeing"
FOR2008,2202,2202 History and Philosophy of Specific Fields,FOR,3705,Geology,group,False,derived_empirical,0.005,"derived via ARC ERA journal crosswalk: 196 shared-journal vote(s) over 104 FOR2008-classified journal(s), 1 agreeing"
FOR2008,2202,2202 History and Philosophy of Specific Fields,FOR,3802,Econometrics,group,False,derived_empirical,0.005,"derived via ARC ERA journal crosswalk: 196 shared-journal vote(s) over 104 FOR2008-classified journal(s), 1 agreeing"
FOR2008,2202,2202 History and Philosophy of Specific Fields,FOR,4406,Human geography,group,False,derived_empirical,0.005,"derived via ARC ERA journal crosswalk: 196 shared-journal vote(s) over 104 FOR2008-classified journal(s), 1 agreeing"
FOR2008,2202,2202 History and Philosophy of Specific Fields,FOR,4704,Linguistics,group,False,derived_empirical,0.005,"derived via ARC ERA journal crosswalk: 196 shared-journal vote(s) over 104 FOR2008-classified journal(s), 1 agreeing"
FOR2008,2202,2202 History and Philosophy of Specific Fields,FOR,4405,Gender studies,group,False,derived_empirical,0.005,"derived via ARC ERA journal crosswalk: 196 shared-journal vote(s) over 104 FOR2008-classified journal(s), 1 agreeing"
FOR2008,2202,2202 History and Philosophy of Specific Fields,FOR,4205,Nursing,group,False,derived_empirical,0.005,"derived via ARC ERA journal crosswalk: 196 shared-journal vote(s) over 104 FOR2008-classified journal(s), 1 agreeing"
FOR2008,2202,2202 History and Philosophy of Specific Fields,FOR,5101,Astronomical sciences,group,False,derived_empirical,0.005,"derived via ARC ERA journal crosswalk: 196 shared-journal vote(s) over 104 FOR2008-classified journal(s), 1 agreeing"
FOR2008,2202,2202 History and Philosophy of Specific Fields,FOR,3109,Zoology,group,False,derived_empirical,0.005,"derived via ARC ERA journal crosswalk: 196 shared-journal vote(s) over 104 FOR2008-classified journal(s), 1 agreeing"
FOR2008,2202,2202 History and Philosophy of Specific Fields,FOR,3508,Tourism,group,False,derived_empirical,0.005,"derived via ARC ERA journal crosswalk: 196 shared-journal vote(s) over 104 FOR2008-classified journal(s), 1 agreeing"
FOR2008,2202,2202 History and Philosophy of Specific Fields,FOR,3108,Plant biology,group,False,derived_empirical,0.005,"derived via ARC ERA journal crosswalk: 196 shared-journal vote(s) over 104 FOR2008-classified journal(s), 1 agreeing"
FOR2008,2202,2202 History and Philosophy of Specific Fields,FOR,4803,International and comparative law,group,False,derived_empirical,0.005,"derived via ARC ERA journal crosswalk: 196 shared-journal vote(s) over 104 FOR2008-classified journal(s), 1 agreeing"
FOR2008,2202,2202 History and Philosophy of Specific Fields,FOR,5203,Clinical and health psychology,group,False,derived_empirical,0.01,"derived via ARC ERA journal crosswalk: 196 shared-journal vote(s) over 104 FOR2008-classified journal(s), 2 agreeing"
FOR2008,2202,2202 History and Philosophy of Specific Fields,FOR,4701,Communication and media studies,group,False,derived_empirical,0.005,"derived via ARC ERA journal crosswalk: 196 shared-journal vote(s) over 104 FOR2008-classified journal(s), 1 agreeing"
FOR2008,2202,2202 History and Philosophy of Specific Fields,FOR,4303,Historical studies,group,False,derived_empirical,0.133,"derived via ARC ERA journal crosswalk: 196 shared-journal vote(s) over 104 FOR2008-classified journal(s), 26 agreeing"
FOR2008,2202,2202 History and Philosophy of Specific Fields,FOR,5003,Philosophy,group,False,derived_empirical,0.112,"derived via ARC ERA journal crosswalk: 196 shared-journal vote(s) over 104 FOR2008-classified journal(s), 22 agreeing"
FOR2008,2202,2202 History and Philosophy of Specific Fields,FOR,3801,Applied economics,group,False,derived_empirical,0.061,"derived via ARC ERA journal crosswalk: 196 shared-journal vote(s) over 104 FOR2008-classified journal(s), 12 agreeing"
FOR2008,2202,2202 History and Philosophy of Specific Fields,FOR,3505,Human resources and industrial relations,group,False,derived_empirical,0.036,"derived via ARC ERA journal crosswalk: 196 shared-journal vote(s) over 104 FOR2008-classified journal(s), 7 agreeing"
FOR2008,2202,2202 History and Philosophy of Specific Fields,FOR,3902,"Education policy, sociology and philosophy",group,False,derived_empirical,0.031,"derived via ARC ERA journal crosswalk: 196 shared-journal vote(s) over 104 FOR2008-classified journal(s), 6 agreeing"
FOR2008,2202,2202 History and Philosophy of Specific Fields,FOR,4410,Sociology,group,False,derived_empirical,0.031,"derived via ARC ERA journal crosswalk: 196 shared-journal vote(s) over 104 FOR2008-classified journal(s), 6 agreeing"
FOR2008,2202,2202 History and Philosophy of Specific Fields,FOR,5002,History and philosophy of specific fields,group,True,derived_empirical,0.393,"derived via ARC ERA journal crosswalk: 196 shared-journal vote(s) over 104 FOR2008-classified journal(s), 77 agreeing"
FOR2008,2202,2202 History and Philosophy of Specific Fields,FOR,3502,"Banking, finance and investment",group,False,derived_empirical,0.02,"derived via ARC ERA journal crosswalk: 196 shared-journal vote(s) over 104 FOR2008-classified journal(s), 4 agreeing"
FOR2008,2202,2202 History and Philosophy of Specific Fields,FOR,3803,Economic theory,group,False,derived_empirical,0.015,"derived via ARC ERA journal crosswalk: 196 shared-journal vote(s) over 104 FOR2008-classified journal(s), 3 agreeing"
FOR2008,2202,2202 History and Philosophy of Specific Fields,FOR,4408,Political science,group,False,derived_empirical,0.015,"derived via ARC ERA journal crosswalk: 196 shared-journal vote(s) over 104 FOR2008-classified journal(s), 3 agreeing"
FOR2008,2202,2202 History and Philosophy of Specific Fields,FOR,3903,Education systems,group,False,derived_empirical,0.01,"derived via ARC ERA journal crosswalk: 196 shared-journal vote(s) over 104 FOR2008-classified journal(s), 2 agreeing"
FOR2008,2202,2202 History and Philosophy of Specific Fields,FOR,5001,Applied ethics,group,False,derived_empirical,0.01,"derived via ARC ERA journal crosswalk: 196 shared-journal vote(s) over 104 FOR2008-classified journal(s), 2 agreeing"
FOR2008,2202,2202 History and Philosophy of Specific Fields,FOR,4705,Literary studies,group,False,derived_empirical,0.01,"derived via ARC ERA journal crosswalk: 196 shared-journal vote(s) over 104 FOR2008-classified journal(s), 2 agreeing"
FOR2008,2202,2202 History and Philosophy of Specific Fields,FOR,4401,Anthropology,group,False,derived_empirical,0.026,"derived via ARC ERA journal crosswalk: 196 shared-journal vote(s) over 104 FOR2008-classified journal(s), 5 agreeing"
FOR2008,2203,2203 Philosophy,FOR,4807,Public law,group,False,derived_empirical,0.012,"derived via ARC ERA journal crosswalk: 161 shared-journal vote(s) over 87 FOR2008-classified journal(s), 2 agreeing"
FOR2008,2203,2203 Philosophy,FOR,3803,Economic theory,group,False,derived_empirical,0.012,"derived via ARC ERA journal crosswalk: 161 shared-journal vote(s) over 87 FOR2008-classified journal(s), 2 agreeing"
FOR2008,2203,2203 Philosophy,FOR,4705,Literary studies,group,False,derived_empirical,0.012,"derived via ARC ERA journal crosswalk: 161 shared-journal vote(s) over 87 FOR2008-classified journal(s), 2 agreeing"
FOR2008,2203,2203 Philosophy,FOR,4901,Applied mathematics,group,False,derived_empirical,0.006,"derived via ARC ERA journal crosswalk: 161 shared-journal vote(s) over 87 FOR2008-classified journal(s), 1 agreeing"
FOR2008,2203,2203 Philosophy,FOR,4409,Social work,group,False,derived_empirical,0.006,"derived via ARC ERA journal crosswalk: 161 shared-journal vote(s) over 87 FOR2008-classified journal(s), 1 agreeing"
FOR2008,2203,2203 Philosophy,FOR,3507,"Strategy, management and organisational behaviour",group,False,derived_empirical,0.006,"derived via ARC ERA journal crosswalk: 161 shared-journal vote(s) over 87 FOR2008-classified journal(s), 1 agreeing"
FOR2008,2203,2203 Philosophy,FOR,3903,Education systems,group,False,derived_empirical,0.006,"derived via ARC ERA journal crosswalk: 161 shared-journal vote(s) over 87 FOR2008-classified journal(s), 1 agreeing"
FOR2008,2203,2203 Philosophy,FOR,4402,Criminology,group,False,derived_empirical,0.006,"derived via ARC ERA journal crosswalk: 161 shared-journal vote(s) over 87 FOR2008-classified journal(s), 1 agreeing"
FOR2008,2203,2203 Philosophy,FOR,4404,Development studies,group,False,derived_empirical,0.006,"derived via ARC ERA journal crosswalk: 161 shared-journal vote(s) over 87 FOR2008-classified journal(s), 1 agreeing"
FOR2008,2203,2203 Philosophy,FOR,3209,Neurosciences,group,False,derived_empirical,0.006,"derived via ARC ERA journal crosswalk: 161 shared-journal vote(s) over 87 FOR2008-classified journal(s), 1 agreeing"
FOR2008,2203,2203 Philosophy,FOR,4406,Human geography,group,False,derived_empirical,0.006,"derived via ARC ERA journal crosswalk: 161 shared-journal vote(s) over 87 FOR2008-classified journal(s), 1 agreeing"
FOR2008,2203,2203 Philosophy,FOR,4803,International and comparative law,group,False,derived_empirical,0.012,"derived via ARC ERA journal crosswalk: 161 shared-journal vote(s) over 87 FOR2008-classified journal(s), 2 agreeing"
FOR2008,2203,2203 Philosophy,FOR,5203,Clinical and health psychology,group,False,derived_empirical,0.006,"derived via ARC ERA journal crosswalk: 161 shared-journal vote(s) over 87 FOR2008-classified journal(s), 1 agreeing"
FOR2008,2203,2203 Philosophy,FOR,4205,Nursing,group,False,derived_empirical,0.006,"derived via ARC ERA journal crosswalk: 161 shared-journal vote(s) over 87 FOR2008-classified journal(s), 1 agreeing"
FOR2008,2203,2203 Philosophy,FOR,5004,Religious studies,group,False,derived_empirical,0.012,"derived via ARC ERA journal crosswalk: 161 shared-journal vote(s) over 87 FOR2008-classified journal(s), 2 agreeing"
FOR2008,2203,2203 Philosophy,FOR,5202,Biological psychology,group,False,derived_empirical,0.025,"derived via ARC ERA journal crosswalk: 161 shared-journal vote(s) over 87 FOR2008-classified journal(s), 4 agreeing"
FOR2008,2203,2203 Philosophy,FOR,4904,Pure mathematics,group,False,derived_empirical,0.012,"derived via ARC ERA journal crosswalk: 161 shared-journal vote(s) over 87 FOR2008-classified journal(s), 2 agreeing"
FOR2008,2203,2203 Philosophy,FOR,5003,Philosophy,group,True,derived_empirical,0.311,"derived via ARC ERA journal crosswalk: 161 shared-journal vote(s) over 87 FOR2008-classified journal(s), 50 agreeing"
FOR2008,2203,2203 Philosophy,FOR,5001,Applied ethics,group,False,derived_empirical,0.149,"derived via ARC ERA journal crosswalk: 161 shared-journal vote(s) over 87 FOR2008-classified journal(s), 24 agreeing"
FOR2008,2203,2203 Philosophy,FOR,4408,Political science,group,False,derived_empirical,0.099,"derived via ARC ERA journal crosswalk: 161 shared-journal vote(s) over 87 FOR2008-classified journal(s), 16 agreeing"
FOR2008,2203,2203 Philosophy,FOR,4206,Public health,group,False,derived_empirical,0.012,"derived via ARC ERA journal crosswalk: 161 shared-journal vote(s) over 87 FOR2008-classified journal(s), 2 agreeing"
FOR2008,2203,2203 Philosophy,FOR,4704,Linguistics,group,False,derived_empirical,0.031,"derived via ARC ERA journal crosswalk: 161 shared-journal vote(s) over 87 FOR2008-classified journal(s), 5 agreeing"
FOR2008,2203,2203 Philosophy,FOR,4410,Sociology,group,False,derived_empirical,0.031,"derived via ARC ERA journal crosswalk: 161 shared-journal vote(s) over 87 FOR2008-classified journal(s), 5 agreeing"
FOR2008,2203,2203 Philosophy,FOR,5002,History and philosophy of specific fields,group,False,derived_empirical,0.068,"derived via ARC ERA journal crosswalk: 161 shared-journal vote(s) over 87 FOR2008-classified journal(s), 11 agreeing"
FOR2008,2203,2203 Philosophy,FOR,4407,Policy and administration,group,False,derived_empirical,0.025,"derived via ARC ERA journal crosswalk: 161 shared-journal vote(s) over 87 FOR2008-classified journal(s), 4 agreeing"
FOR2008,2203,2203 Philosophy,FOR,4702,Cultural studies,group,False,derived_empirical,0.025,"derived via ARC ERA journal crosswalk: 161 shared-journal vote(s) over 87 FOR2008-classified journal(s), 4 agreeing"
FOR2008,2203,2203 Philosophy,FOR,4405,Gender studies,group,False,derived_empirical,0.025,"derived via ARC ERA journal crosswalk: 161 shared-journal vote(s) over 87 FOR2008-classified journal(s), 4 agreeing"
FOR2008,2203,2203 Philosophy,FOR,4804,Law in context,group,False,derived_empirical,0.019,"derived via ARC ERA journal crosswalk: 161 shared-journal vote(s) over 87 FOR2008-classified journal(s), 3 agreeing"
FOR2008,2203,2203 Philosophy,FOR,4613,Theory of computation,group,False,derived_empirical,0.012,"derived via ARC ERA journal crosswalk: 161 shared-journal vote(s) over 87 FOR2008-classified journal(s), 2 agreeing"
FOR2008,2203,2203 Philosophy,FOR,5204,Cognitive and computational psychology,group,False,derived_empirical,0.031,"derived via ARC ERA journal crosswalk: 161 shared-journal vote(s) over 87 FOR2008-classified journal(s), 5 agreeing"
FOR2008,2204,2204 Religion and Religious Studies,FOR,4206,Public health,group,False,derived_empirical,0.03,"derived via ARC ERA journal crosswalk: 33 shared-journal vote(s) over 16 FOR2008-classified journal(s), 1 agreeing"
FOR2008,2204,2204 Religion and Religious Studies,FOR,3901,Curriculum and pedagogy,group,False,derived_empirical,0.03,"derived via ARC ERA journal crosswalk: 33 shared-journal vote(s) over 16 FOR2008-classified journal(s), 1 agreeing"
FOR2008,2204,2204 Religion and Religious Studies,FOR,4401,Anthropology,group,False,derived_empirical,0.03,"derived via ARC ERA journal crosswalk: 33 shared-journal vote(s) over 16 FOR2008-classified journal(s), 1 agreeing"
FOR2008,2204,2204 Religion and Religious Studies,FOR,4408,Political science,group,False,derived_empirical,0.03,"derived via ARC ERA journal crosswalk: 33 shared-journal vote(s) over 16 FOR2008-classified journal(s), 1 agreeing"
FOR2008,2204,2204 Religion and Religious Studies,FOR,4303,Historical studies,group,False,derived_empirical,0.03,"derived via ARC ERA journal crosswalk: 33 shared-journal vote(s) over 16 FOR2008-classified journal(s), 1 agreeing"
FOR2008,2204,2204 Religion and Religious Studies,FOR,4405,Gender studies,group,False,derived_empirical,0.03,"derived via ARC ERA journal crosswalk: 33 shared-journal vote(s) over 16 FOR2008-classified journal(s), 1 agreeing"
FOR2008,2204,2204 Religion and Religious Studies,FOR,3903,Education systems,group,False,derived_empirical,0.03,"derived via ARC ERA journal crosswalk: 33 shared-journal vote(s) over 16 FOR2008-classified journal(s), 1 agreeing"
FOR2008,2204,2204 Religion and Religious Studies,FOR,5001,Applied ethics,group,False,derived_empirical,0.061,"derived via ARC ERA journal crosswalk: 33 shared-journal vote(s) over 16 FOR2008-classified journal(s), 2 agreeing"
FOR2008,2204,2204 Religion and Religious Studies,FOR,5003,Philosophy,group,False,derived_empirical,0.061,"derived via ARC ERA journal crosswalk: 33 shared-journal vote(s) over 16 FOR2008-classified journal(s), 2 agreeing"
FOR2008,2204,2204 Religion and Religious Studies,FOR,5203,Clinical and health psychology,group,False,derived_empirical,0.061,"derived via ARC ERA journal crosswalk: 33 shared-journal vote(s) over 16 FOR2008-classified journal(s), 2 agreeing"
FOR2008,2204,2204 Religion and Religious Studies,FOR,5005,Theology,group,False,derived_empirical,0.091,"derived via ARC ERA journal crosswalk: 33 shared-journal vote(s) over 16 FOR2008-classified journal(s), 3 agreeing"
FOR2008,2204,2204 Religion and Religious Studies,FOR,4410,Sociology,group,False,derived_empirical,0.152,"derived via ARC ERA journal crosswalk: 33 shared-journal vote(s) over 16 FOR2008-classified journal(s), 5 agreeing"
FOR2008,2204,2204 Religion and Religious Studies,FOR,5004,Religious studies,group,True,derived_empirical,0.303,"derived via ARC ERA journal crosswalk: 33 shared-journal vote(s) over 16 FOR2008-classified journal(s), 10 agreeing"
FOR2008,2204,2204 Religion and Religious Studies,FOR,5201,Applied and developmental psychology,group,False,derived_empirical,0.03,"derived via ARC ERA journal crosswalk: 33 shared-journal vote(s) over 16 FOR2008-classified journal(s), 1 agreeing"
FOR2008,2204,2204 Religion and Religious Studies,FOR,5205,Social and personality psychology,group,False,derived_empirical,0.03,"derived via ARC ERA journal crosswalk: 33 shared-journal vote(s) over 16 FOR2008-classified journal(s), 1 agreeing"
