source_system,source_code,source_label,system,canonical_code,canonical_label,canonical_level,is_primary,match_method,confidence,notes
FOR1998,23,MATHEMATICAL SCIENCES,FOR,49,MATHEMATICAL SCIENCES,division,True,derived_empirical,1.0,"rolled up from 30 FOR1998 leaf-level mapping(s), 30 agreeing"
FOR1998,2301,Mathematics,FOR,4904,Pure mathematics,group,True,derived_empirical,0.7,"rolled up from 20 FOR1998 leaf-level mapping(s), 14 agreeing"
FOR1998,2301,Mathematics,FOR,4901,Applied mathematics,group,False,derived_empirical,0.2,"rolled up from 20 FOR1998 leaf-level mapping(s), 4 agreeing"
FOR1998,2301,Mathematics,FOR,4903,Numerical and computational mathematics,group,False,derived_empirical,0.1,"rolled up from 20 FOR1998 leaf-level mapping(s), 2 agreeing"
FOR1998,230101,"Mathematical Logic, Set Theory, Lattices and Combinatorics",FOR,490407,"Mathematical logic, set theory, lattices and universal algebra",field,True,explicit_official_transitive,0.783,FOR1998->010107 (2008)->490407 (2020)
FOR1998,230101,"Mathematical Logic, Set Theory, Lattices and Combinatorics",FOR,490404,Combinatorics and discrete mathematics (excl. physical combinatorics),field,False,explicit_official_transitive,0.409,FOR1998->010104 (2008)->490404 (2020)
FOR1998,230101,"Mathematical Logic, Set Theory, Lattices and Combinatorics",FOR,490206,"Statistical mechanics, physical combinatorics and mathematical aspects of condensed matter",field,False,explicit_official_transitive,0.405,FOR1998->010506 (2008)->490206 (2020)
FOR1998,230102,Number Theory and Field Theory,FOR,490401,Algebra and number theory,field,True,explicit_official_transitive,0.473,FOR1998->010101 (2008)->490401 (2020)
FOR1998,230103,Rings and Algebras,FOR,490401,Algebra and number theory,field,True,explicit_official_transitive,0.326,FOR1998->010101 (2008)->490401 (2020)
FOR1998,230104,"Category Theory, K Theory, Homological Algebra",FOR,490403,"Category theory, k theory, homological algebra",field,True,explicit_official_transitive,0.9,FOR1998->010103 (2008)->490403 (2020)
FOR1998,230105,Group Theory and Generalisations (incl. Topological Groups and Lie Groups),FOR,490406,"Lie groups, harmonic and Fourier analysis",field,False,explicit_official_transitive,0.174,FOR1998->010106 (2008)->490406 (2020)
FOR1998,230105,Group Theory and Generalisations (incl. Topological Groups and Lie Groups),FOR,490405,Group theory and generalisations,field,True,explicit_official_transitive,0.604,FOR1998->010105 (2008)->490405 (2020)
FOR1998,230106,Real and Complex Functions,FOR,490411,Real and complex functions (incl. several variables),field,True,explicit_official_transitive,0.667,FOR1998->010111 (2008)->490411 (2020)
FOR1998,230107,"Differential, Difference and Integral Equations",FOR,490410,Partial differential equations,field,True,explicit_official_transitive,0.571,FOR1998->010110 (2008)->490410 (2020)
FOR1998,230107,"Differential, Difference and Integral Equations",FOR,490409,"Ordinary differential equations, difference equations and dynamical systems",field,False,explicit_official_transitive,0.557,FOR1998->010109 (2008)->490409 (2020)
FOR1998,230107,"Differential, Difference and Integral Equations",FOR,499999,Other mathematical sciences not elsewhere classified,field,False,explicit_official_transitive,0.387,FOR1998->019999 (2008)->499999 (2020)
FOR1998,230107,"Differential, Difference and Integral Equations",FOR,490202,Integrable systems (classical and quantum),field,False,explicit_official_transitive,0.292,FOR1998->010502 (2008)->490202 (2020)
FOR1998,230107,"Differential, Difference and Integral Equations",FOR,490499,Pure mathematics not elsewhere classified,field,False,explicit_official_transitive,0.205,FOR1998->010199 (2008)->490499 (2020)
FOR1998,230108,Harmonic and Fourier Analysis,FOR,490406,"Lie groups, harmonic and Fourier analysis",field,True,explicit_official_transitive,0.829,FOR1998->010106 (2008)->490406 (2020)
FOR1998,230109,Functional Analysis,FOR,490408,Operator algebras and functional analysis,field,True,explicit_official_transitive,0.633,FOR1998->010108 (2008)->490408 (2020)
FOR1998,230110,Calculus of Variations and Control Theory,FOR,490103,"Calculus of variations, mathematical aspects of systems theory and control theory",field,True,explicit_official_transitive,0.837,FOR1998->010203 (2008)->490103 (2020)
FOR1998,230111,Geometry,FOR,490499,Pure mathematics not elsewhere classified,field,False,explicit_official_transitive,0.163,FOR1998->010199 (2008)->490499 (2020)
FOR1998,230111,Geometry,FOR,490402,Algebraic and differential geometry,field,True,explicit_official_transitive,0.372,FOR1998->010102 (2008)->490402 (2020)
FOR1998,230112,Topology and Manifolds,FOR,490412,Topology,field,True,explicit_official_transitive,0.533,FOR1998->010112 (2008)->490412 (2020)
FOR1998,230112,Topology and Manifolds,FOR,490499,Pure mathematics not elsewhere classified,field,False,explicit_official_transitive,0.254,FOR1998->010199 (2008)->490499 (2020)
FOR1998,230113,Dynamical Systems,FOR,490409,"Ordinary differential equations, difference equations and dynamical systems",field,True,explicit_official_transitive,0.37,FOR1998->010109 (2008)->490409 (2020)
FOR1998,230114,Functions of Several Complex Variables,FOR,490411,Real and complex functions (incl. several variables),field,True,explicit_official_transitive,0.622,FOR1998->010111 (2008)->490411 (2020)
FOR1998,230115,Approximation Theory,FOR,490101,Approximation theory and asymptotic methods,field,True,explicit_official_transitive,0.635,FOR1998->010201 (2008)->490101 (2020)
FOR1998,230116,Numerical Analysis,FOR,490302,Numerical analysis,field,True,explicit_official_transitive,0.9,FOR1998->010301 (2008)->490302 (2020)
FOR1998,230117,Operations Research,FOR,490108,Operations research,field,True,explicit_official_transitive,0.9,FOR1998->010206 (2008)->490108 (2020)
FOR1998,230118,Optimisation,FOR,490304,Optimisation,field,True,explicit_official_transitive,0.9,FOR1998->010303 (2008)->490304 (2020)
FOR1998,230119,Systems Theory and Control,FOR,490103,"Calculus of variations, mathematical aspects of systems theory and control theory",field,True,explicit_official_transitive,0.627,FOR1998->010203 (2008)->490103 (2020)
FOR1998,230199,Mathematics not elsewhere classified,FOR,490109,Theoretical and applied mechanics,field,False,explicit_official_transitive,0.377,FOR1998->010207 (2008)->490109 (2020)
FOR1998,230199,Mathematics not elsewhere classified,FOR,490299,Mathematical physics not elsewhere classified,field,False,explicit_official_transitive,0.889,FOR1998->010599 (2008)->490299 (2020)
FOR1998,230199,Mathematics not elsewhere classified,FOR,490399,Numerical and computational mathematics not elsewhere classified,field,False,explicit_official_transitive,0.72,FOR1998->010399 (2008)->490399 (2020)
FOR1998,230199,Mathematics not elsewhere classified,FOR,490499,Pure mathematics not elsewhere classified,field,True,explicit_official_transitive,0.9,FOR1998->010199 (2008)->490499 (2020)
FOR1998,230199,Mathematics not elsewhere classified,FOR,490205,"Mathematical aspects of quantum and conformal field theory, quantum gravity and string theory",field,False,explicit_official_transitive,0.341,FOR1998->010505 (2008)->490205 (2020)
FOR1998,230199,Mathematics not elsewhere classified,FOR,490101,Approximation theory and asymptotic methods,field,False,explicit_official_transitive,0.278,FOR1998->010201 (2008)->490101 (2020)
FOR1998,230199,Mathematics not elsewhere classified,FOR,490407,"Mathematical logic, set theory, lattices and universal algebra",field,False,explicit_official_transitive,0.367,FOR1998->010107 (2008)->490407 (2020)
FOR1998,230199,Mathematics not elsewhere classified,FOR,490199,Applied mathematics not elsewhere classified,field,False,explicit_official_transitive,0.9,FOR1998->010299 (2008)->490199 (2020)
FOR1998,230199,Mathematics not elsewhere classified,FOR,490202,Integrable systems (classical and quantum),field,False,explicit_official_transitive,0.333,FOR1998->010502 (2008)->490202 (2020)
FOR1998,230199,Mathematics not elsewhere classified,FOR,490404,Combinatorics and discrete mathematics (excl. physical combinatorics),field,False,explicit_official_transitive,0.343,FOR1998->010104 (2008)->490404 (2020)
FOR1998,230199,Mathematics not elsewhere classified,FOR,490105,Dynamical systems in applications,field,False,explicit_official_transitive,0.261,FOR1998->010204 (2008)->490105 (2020)
FOR1998,230199,Mathematics not elsewhere classified,FOR,490203,"Mathematical aspects of classical mechanics, quantum mechanics and quantum information theory",field,False,explicit_official_transitive,0.357,FOR1998->010503 (2008)->490203 (2020)
FOR1998,230199,Mathematics not elsewhere classified,FOR,490206,"Statistical mechanics, physical combinatorics and mathematical aspects of condensed matter",field,False,explicit_official_transitive,0.286,FOR1998->010506 (2008)->490206 (2020)
FOR1998,230199,Mathematics not elsewhere classified,FOR,490204,Mathematical aspects of general relativity,field,False,explicit_official_transitive,0.487,FOR1998->010504 (2008)->490204 (2020)
FOR1998,230199,Mathematics not elsewhere classified,FOR,490201,Algebraic structures in mathematical physics,field,False,explicit_official_transitive,0.35,FOR1998->010501 (2008)->490201 (2020)
FOR1998,230199,Mathematics not elsewhere classified,FOR,490408,Operator algebras and functional analysis,field,False,explicit_official_transitive,0.286,FOR1998->010108 (2008)->490408 (2020)
FOR1998,230199,Mathematics not elsewhere classified,FOR,490303,Numerical solution of differential and integral equations,field,False,explicit_official_transitive,0.172,FOR1998->010302 (2008)->490303 (2020)
FOR1998,2302,Statistics,FOR,4905,Statistics,group,True,derived_empirical,1.0,"rolled up from 5 FOR1998 leaf-level mapping(s), 5 agreeing"
FOR1998,230201,Probability Theory,FOR,490506,Probability theory,field,True,explicit_official_transitive,0.9,FOR1998->010404 (2008)->490506 (2020)
FOR1998,230202,Stochastic Analysis and Modelling,FOR,490510,Stochastic analysis and modelling,field,True,explicit_official_transitive,0.9,FOR1998->010406 (2008)->490510 (2020)
FOR1998,230203,Statistical Theory,FOR,490509,Statistical theory,field,True,explicit_official_transitive,0.9,FOR1998->010405 (2008)->490509 (2020)
FOR1998,230204,Applied Statistics,FOR,490501,Applied statistics,field,True,explicit_official_transitive,0.9,FOR1998->010401 (2008)->490501 (2020)
FOR1998,230299,Statistics not elsewhere classified,FOR,490504,"Forensic evaluation, inference and statistics",field,False,explicit_official_transitive,0.37,FOR1998->010403 (2008)->490504 (2020)
FOR1998,230299,Statistics not elsewhere classified,FOR,490599,Statistics not elsewhere classified,field,True,explicit_official_transitive,0.9,FOR1998->010499 (2008)->490599 (2020)
FOR1998,230299,Statistics not elsewhere classified,FOR,490502,Biostatistics,field,False,explicit_official_transitive,0.417,FOR1998->010402 (2008)->490502 (2020)
FOR1998,2399,Other Mathematical Sciences,FOR,4999,Other mathematical sciences,group,False,derived_empirical,0.4,"rolled up from 5 FOR1998 leaf-level mapping(s), 2 agreeing"
FOR1998,2399,Other Mathematical Sciences,FOR,4901,Applied mathematics,group,True,derived_empirical,0.6,"rolled up from 5 FOR1998 leaf-level mapping(s), 3 agreeing"
FOR1998,239901,Biological Mathematics,FOR,490102,Biological mathematics,field,True,explicit_official_transitive,0.9,FOR1998->010202 (2008)->490102 (2020)
FOR1998,239902,Actuarial Mathematics,FOR,490106,Financial mathematics,field,True,explicit_official_transitive,0.81,FOR1998->010205 (2008)->490106 (2020)
FOR1998,239903,Risk theory,FOR,490106,Financial mathematics,field,True,explicit_official_transitive,0.312,FOR1998->010205 (2008)->490106 (2020)
FOR1998,239904,Theory of Graduation,FOR,499999,Other mathematical sciences not elsewhere classified,field,True,explicit_official_transitive,0.212,FOR1998->019999 (2008)->499999 (2020)
FOR1998,239999,Mathematical Sciences not elsewhere classified,FOR,499999,Other mathematical sciences not elsewhere classified,field,True,explicit_official_transitive,0.9,FOR1998->019999 (2008)->499999 (2020)
FOR1998,239999,Mathematical Sciences not elsewhere classified,FOR,490299,Mathematical physics not elsewhere classified,field,False,explicit_official_transitive,0.9,FOR1998->010599 (2008)->490299 (2020)
FOR1998,239999,Mathematical Sciences not elsewhere classified,FOR,490204,Mathematical aspects of general relativity,field,False,explicit_official_transitive,0.545,FOR1998->010504 (2008)->490204 (2020)
FOR1998,239999,Mathematical Sciences not elsewhere classified,FOR,490206,"Statistical mechanics, physical combinatorics and mathematical aspects of condensed matter",field,False,explicit_official_transitive,0.309,FOR1998->010506 (2008)->490206 (2020)
FOR1998,239999,Mathematical Sciences not elsewhere classified,FOR,490205,"Mathematical aspects of quantum and conformal field theory, quantum gravity and string theory",field,False,explicit_official_transitive,0.388,FOR1998->010505 (2008)->490205 (2020)
FOR1998,239999,Mathematical Sciences not elsewhere classified,FOR,490201,Algebraic structures in mathematical physics,field,False,explicit_official_transitive,0.356,FOR1998->010501 (2008)->490201 (2020)
FOR1998,239999,Mathematical Sciences not elsewhere classified,FOR,490203,"Mathematical aspects of classical mechanics, quantum mechanics and quantum information theory",field,False,explicit_official_transitive,0.403,FOR1998->010503 (2008)->490203 (2020)
FOR1998,239999,Mathematical Sciences not elsewhere classified,FOR,490202,Integrable systems (classical and quantum),field,False,explicit_official_transitive,0.295,FOR1998->010502 (2008)->490202 (2020)
FOR1998,24,PHYSICAL SCIENCES,FOR,40,ENGINEERING,division,False,derived_empirical,0.043,"rolled up from 23 FOR1998 leaf-level mapping(s), 1 agreeing"
FOR1998,24,PHYSICAL SCIENCES,FOR,49,MATHEMATICAL SCIENCES,division,False,derived_empirical,0.043,"rolled up from 23 FOR1998 leaf-level mapping(s), 1 agreeing"
FOR1998,24,PHYSICAL SCIENCES,FOR,51,PHYSICAL SCIENCES,division,True,derived_empirical,0.913,"rolled up from 23 FOR1998 leaf-level mapping(s), 21 agreeing"
FOR1998,2401,Astronomical Sciences,FOR,5101,Astronomical sciences,group,True,derived_empirical,1.0,"rolled up from 3 FOR1998 leaf-level mapping(s), 3 agreeing"
FOR1998,240101,Astronomy and Astrophysics,FOR,510108,Solar physics,field,True,explicit_official_transitive,0.612,FOR1998->020109 (2008)->510108 (2020)
FOR1998,240101,Astronomy and Astrophysics,FOR,510903,"Mesospheric, thermospheric, ionospheric and magnetospheric physics",field,False,explicit_official_transitive,0.519,FOR1998->020107 (2008)->510903 (2020)
FOR1998,240101,Astronomy and Astrophysics,FOR,510106,High energy astrophysics and galactic cosmic rays,field,False,explicit_official_transitive,0.476,FOR1998->020106 (2008)->510106 (2020)
FOR1998,240101,Astronomy and Astrophysics,FOR,510103,Cosmology and extragalactic astronomy,field,False,explicit_official_transitive,0.286,FOR1998->020103 (2008)->510103 (2020)
FOR1998,240101,Astronomy and Astrophysics,FOR,510101,Astrobiology,field,False,explicit_official_transitive,0.368,FOR1998->020101 (2008)->510101 (2020)
FOR1998,240101,Astronomy and Astrophysics,FOR,490205,"Mathematical aspects of quantum and conformal field theory, quantum gravity and string theory",field,False,explicit_official_transitive,0.303,FOR1998->010505 (2008)->490205 (2020)
FOR1998,240101,Astronomy and Astrophysics,FOR,490204,Mathematical aspects of general relativity,field,False,explicit_official_transitive,0.294,FOR1998->010504 (2008)->490204 (2020)
FOR1998,240101,Astronomy and Astrophysics,FOR,510105,General relativity and gravitational waves,field,False,explicit_official_transitive,0.294,FOR1998->020105 (2008)->510105 (2020)
FOR1998,240101,Astronomy and Astrophysics,FOR,510905,Solar system planetary science (excl. planetary geology),field,False,explicit_official_transitive,0.184,FOR1998->020108 (2008)->510905 (2020)
FOR1998,240101,Astronomy and Astrophysics,FOR,510109,Stellar astronomy and planetary systems,field,False,explicit_official_transitive,0.554,FOR1998->020110 (2008)->510109 (2020)
FOR1998,240101,Astronomy and Astrophysics,FOR,510102,Astronomical instrumentation,field,False,explicit_official_transitive,0.562,FOR1998->020102 (2008)->510102 (2020)
FOR1998,240101,Astronomy and Astrophysics,FOR,510104,Galactic astronomy,field,False,explicit_official_transitive,0.409,FOR1998->020104 (2008)->510104 (2020)
FOR1998,240102,Cosmic Ray Physics,FOR,510106,High energy astrophysics and galactic cosmic rays,field,True,explicit_official_transitive,0.4,FOR1998->020106 (2008)->510106 (2020)
FOR1998,240199,Astronomical Sciences not elsewhere classified,FOR,490204,Mathematical aspects of general relativity,field,False,explicit_official_transitive,0.432,FOR1998->010504 (2008)->490204 (2020)
FOR1998,240199,Astronomical Sciences not elsewhere classified,FOR,510199,Astronomical sciences not elsewhere classified,field,True,explicit_official_transitive,0.9,FOR1998->020199 (2008)->510199 (2020)
FOR1998,240199,Astronomical Sciences not elsewhere classified,FOR,490205,"Mathematical aspects of quantum and conformal field theory, quantum gravity and string theory",field,False,explicit_official_transitive,0.317,FOR1998->010505 (2008)->490205 (2020)
FOR1998,240199,Astronomical Sciences not elsewhere classified,FOR,510702,Field theory and string theory,field,False,explicit_official_transitive,0.263,FOR1998->020602 (2008)->510702 (2020)
FOR1998,2402,Theoretical and Condensed Matter Physics,FOR,5104,Condensed matter physics,group,True,derived_empirical,0.75,"rolled up from 4 FOR1998 leaf-level mapping(s), 3 agreeing"
FOR1998,2402,Theoretical and Condensed Matter Physics,FOR,4902,Mathematical physics,group,False,derived_empirical,0.25,"rolled up from 4 FOR1998 leaf-level mapping(s), 1 agreeing"
FOR1998,240201,Theoretical Physics,FOR,510199,Astronomical sciences not elsewhere classified,field,False,explicit_official_transitive,0.293,FOR1998->020199 (2008)->510199 (2020)
FOR1998,240201,Theoretical Physics,FOR,519999,Other physical sciences not elsewhere classified,field,False,explicit_official_transitive,0.23,FOR1998->029999 (2008)->519999 (2020)
FOR1998,240201,Theoretical Physics,FOR,510801,Degenerate quantum gases and atom optics,field,False,explicit_official_transitive,0.237,FOR1998->020601 (2008)->510801 (2020)
FOR1998,240201,Theoretical Physics,FOR,490205,"Mathematical aspects of quantum and conformal field theory, quantum gravity and string theory",field,False,explicit_official_transitive,0.25,FOR1998->010505 (2008)->490205 (2020)
FOR1998,240201,Theoretical Physics,FOR,490203,"Mathematical aspects of classical mechanics, quantum mechanics and quantum information theory",field,False,explicit_official_transitive,0.25,FOR1998->010503 (2008)->490203 (2020)
FOR1998,240201,Theoretical Physics,FOR,490206,"Statistical mechanics, physical combinatorics and mathematical aspects of condensed matter",field,False,explicit_official_transitive,0.257,FOR1998->010506 (2008)->490206 (2020)
FOR1998,240201,Theoretical Physics,FOR,510499,Condensed matter physics not elsewhere classified,field,False,explicit_official_transitive,0.324,FOR1998->020499 (2008)->510499 (2020)
FOR1998,240201,Theoretical Physics,FOR,510299,"Atomic, molecular and optical physics not elsewhere classified",field,False,explicit_official_transitive,0.475,FOR1998->020599 (2008)->510299 (2020)
FOR1998,240201,Theoretical Physics,FOR,510399,Classical physics not elsewhere classified,field,False,explicit_official_transitive,0.393,FOR1998->020399 (2008)->510399 (2020)
FOR1998,240201,Theoretical Physics,FOR,490204,Mathematical aspects of general relativity,field,False,explicit_official_transitive,0.361,FOR1998->010504 (2008)->490204 (2020)
FOR1998,240201,Theoretical Physics,FOR,510699,Nuclear and plasma physics not elsewhere classified,field,False,explicit_official_transitive,0.343,FOR1998->020299 (2008)->510699 (2020)
FOR1998,240201,Theoretical Physics,FOR,490202,Integrable systems (classical and quantum),field,False,explicit_official_transitive,0.328,FOR1998->010502 (2008)->490202 (2020)
FOR1998,240201,Theoretical Physics,FOR,510803,"Quantum information, computation and communication",field,False,explicit_official_transitive,0.232,FOR1998->020603 (2008)->510803 (2020)
FOR1998,240201,Theoretical Physics,FOR,510899,Quantum physics not elsewhere classified,field,False,explicit_official_transitive,0.305,FOR1998->020699 (2008)->510899 (2020)
FOR1998,240201,Theoretical Physics,FOR,510702,Field theory and string theory,field,False,explicit_official_transitive,0.286,FOR1998->020602 (2008)->510702 (2020)
FOR1998,240201,Theoretical Physics,FOR,490201,Algebraic structures in mathematical physics,field,True,explicit_official_transitive,0.508,FOR1998->010501 (2008)->490201 (2020)
FOR1998,240201,Theoretical Physics,FOR,490299,Mathematical physics not elsewhere classified,field,False,explicit_official_transitive,0.5,FOR1998->010599 (2008)->490299 (2020)
FOR1998,240202,Condensed Matter Physics - Structural Properties,FOR,490206,"Statistical mechanics, physical combinatorics and mathematical aspects of condensed matter",field,False,explicit_official_transitive,0.232,FOR1998->010506 (2008)->490206 (2020)
FOR1998,240202,Condensed Matter Physics - Structural Properties,FOR,510406,Structural properties of condensed matter,field,True,explicit_official_transitive,0.49,FOR1998->020406 (2008)->510406 (2020)
FOR1998,240203,Condensed Matter Physics - Electronic and Magnetic Properties; Superconductivity,FOR,510404,Electronic and magnetic properties of condensed matter; superconductivity,field,True,explicit_official_transitive,0.693,FOR1998->020404 (2008)->510404 (2020)
FOR1998,240203,Condensed Matter Physics - Electronic and Magnetic Properties; Superconductivity,FOR,490206,"Statistical mechanics, physical combinatorics and mathematical aspects of condensed matter",field,False,explicit_official_transitive,0.188,FOR1998->010506 (2008)->490206 (2020)
FOR1998,240204,Condensed Matter Physics - Other,FOR,510401,Condensed matter characterisation technique development,field,False,explicit_official_transitive,0.506,FOR1998->020401 (2008)->510401 (2020)
FOR1998,240204,Condensed Matter Physics - Other,FOR,510403,Condensed matter modelling and density functional theory,field,False,explicit_official_transitive,0.568,FOR1998->020403 (2008)->510403 (2020)
FOR1998,240204,Condensed Matter Physics - Other,FOR,510402,Condensed matter imaging,field,False,explicit_official_transitive,0.643,FOR1998->020402 (2008)->510402 (2020)
FOR1998,240204,Condensed Matter Physics - Other,FOR,490206,"Statistical mechanics, physical combinatorics and mathematical aspects of condensed matter",field,False,explicit_official_transitive,0.262,FOR1998->010506 (2008)->490206 (2020)
FOR1998,240204,Condensed Matter Physics - Other,FOR,510405,Soft condensed matter,field,False,explicit_official_transitive,0.604,FOR1998->020405 (2008)->510405 (2020)
FOR1998,240204,Condensed Matter Physics - Other,FOR,510499,Condensed matter physics not elsewhere classified,field,True,explicit_official_transitive,0.741,FOR1998->020499 (2008)->510499 (2020)
FOR1998,2403,Atomic and Molecular Physics; Nuclear and Particle Physics; Plasma Physics,FOR,5106,Nuclear and plasma physics,group,True,derived_empirical,0.5,"rolled up from 4 FOR1998 leaf-level mapping(s), 2 agreeing"
FOR1998,2403,Atomic and Molecular Physics; Nuclear and Particle Physics; Plasma Physics,FOR,5102,"Atomic, molecular and optical physics",group,False,derived_empirical,0.25,"rolled up from 4 FOR1998 leaf-level mapping(s), 1 agreeing"
FOR1998,2403,Atomic and Molecular Physics; Nuclear and Particle Physics; Plasma Physics,FOR,5107,Particle and high energy physics,group,False,derived_empirical,0.25,"rolled up from 4 FOR1998 leaf-level mapping(s), 1 agreeing"
FOR1998,240301,Atomic and Molecular Physics,FOR,510201,Atomic and molecular physics,field,True,explicit_official_transitive,0.9,FOR1998->020201 (2008)->510201 (2020)
FOR1998,240302,Nuclear and Particle Physics,FOR,510601,Nuclear physics,field,False,explicit_official_transitive,0.698,FOR1998->020202 (2008)->510601 (2020)
FOR1998,240302,Nuclear and Particle Physics,FOR,510703,Particle physics,field,True,explicit_official_transitive,0.727,FOR1998->020203 (2008)->510703 (2020)
FOR1998,240303,Plasmas and Electrical Discharges,FOR,510602,Plasma physics; fusion plasmas; electrical discharges,field,True,explicit_official_transitive,0.674,FOR1998->020204 (2008)->510602 (2020)
FOR1998,240304,Other Plasma Physics,FOR,510602,Plasma physics; fusion plasmas; electrical discharges,field,True,explicit_official_transitive,0.384,FOR1998->020204 (2008)->510602 (2020)
FOR1998,240304,Other Plasma Physics,FOR,510699,Nuclear and plasma physics not elsewhere classified,field,False,explicit_official_transitive,0.36,FOR1998->020299 (2008)->510699 (2020)
FOR1998,2404,Optical Physics,FOR,5108,Quantum physics,group,False,derived_empirical,0.333,"rolled up from 3 FOR1998 leaf-level mapping(s), 1 agreeing"
FOR1998,2404,Optical Physics,FOR,5102,"Atomic, molecular and optical physics",group,True,derived_empirical,0.667,"rolled up from 3 FOR1998 leaf-level mapping(s), 2 agreeing"
FOR1998,240401,Optics and Opto-electronic Physics,FOR,510204,"Photonics, optoelectronics and optical communications",field,False,explicit_official_transitive,0.437,FOR1998->020504 (2008)->510204 (2020)
FOR1998,240401,Optics and Opto-electronic Physics,FOR,510203,Nonlinear optics and spectroscopy,field,True,explicit_official_transitive,0.597,FOR1998->020503 (2008)->510203 (2020)
FOR1998,240401,Optics and Opto-electronic Physics,FOR,510302,Classical and physical optics,field,False,explicit_official_transitive,0.444,FOR1998->020501 (2008)->510302 (2020)
FOR1998,240402,Quantum Optics and Lasers,FOR,510804,Quantum optics and quantum optomechanics,field,True,explicit_official_transitive,0.718,FOR1998->020604 (2008)->510804 (2020)
FOR1998,240402,Quantum Optics and Lasers,FOR,510202,Lasers and quantum electronics,field,False,explicit_official_transitive,0.436,FOR1998->020502 (2008)->510202 (2020)
FOR1998,240402,Quantum Optics and Lasers,FOR,510803,"Quantum information, computation and communication",field,False,explicit_official_transitive,0.48,FOR1998->020603 (2008)->510803 (2020)
FOR1998,240499,Optical Physics not elsewhere classified,FOR,510299,"Atomic, molecular and optical physics not elsewhere classified",field,True,explicit_official_transitive,0.9,FOR1998->020599 (2008)->510299 (2020)
FOR1998,240499,Optical Physics not elsewhere classified,FOR,510302,Classical and physical optics,field,False,explicit_official_transitive,0.348,FOR1998->020501 (2008)->510302 (2020)
FOR1998,240499,Optical Physics not elsewhere classified,FOR,510203,Nonlinear optics and spectroscopy,field,False,explicit_official_transitive,0.301,FOR1998->020503 (2008)->510203 (2020)
FOR1998,240499,Optical Physics not elsewhere classified,FOR,510204,"Photonics, optoelectronics and optical communications",field,False,explicit_official_transitive,0.237,FOR1998->020504 (2008)->510204 (2020)
FOR1998,240499,Optical Physics not elsewhere classified,FOR,510801,Degenerate quantum gases and atom optics,field,False,explicit_official_transitive,0.15,FOR1998->020601 (2008)->510801 (2020)
FOR1998,240499,Optical Physics not elsewhere classified,FOR,510202,Lasers and quantum electronics,field,False,explicit_official_transitive,0.114,FOR1998->020502 (2008)->510202 (2020)
FOR1998,2405,Classical Physics,FOR,5103,Classical physics,group,True,derived_empirical,0.8,"rolled up from 5 FOR1998 leaf-level mapping(s), 4 agreeing"
FOR1998,2405,Classical Physics,FOR,4012,Fluid mechanics and thermal engineering,group,False,derived_empirical,0.2,"rolled up from 5 FOR1998 leaf-level mapping(s), 1 agreeing"
FOR1998,240501,Acoustics and Acoustical Devices; Waves,FOR,490202,Integrable systems (classical and quantum),field,False,explicit_official_transitive,0.296,FOR1998->010502 (2008)->490202 (2020)
FOR1998,240501,Acoustics and Acoustical Devices; Waves,FOR,490203,"Mathematical aspects of classical mechanics, quantum mechanics and quantum information theory",field,False,explicit_official_transitive,0.288,FOR1998->010503 (2008)->490203 (2020)
FOR1998,240501,Acoustics and Acoustical Devices; Waves,FOR,510301,Acoustics and acoustical devices; waves,field,True,explicit_official_transitive,0.9,FOR1998->020301 (2008)->510301 (2020)
FOR1998,240502,Fluid Physics,FOR,401210,Microfluidics and nanofluidics,field,True,explicit_official_transitive,0.9,FOR1998->020303 (2008)->401210 (2020)
FOR1998,240502,Fluid Physics,FOR,490202,Integrable systems (classical and quantum),field,False,explicit_official_transitive,0.218,FOR1998->010502 (2008)->490202 (2020)
FOR1998,240502,Fluid Physics,FOR,490203,"Mathematical aspects of classical mechanics, quantum mechanics and quantum information theory",field,False,explicit_official_transitive,0.113,FOR1998->010503 (2008)->490203 (2020)
FOR1998,240503,Thermodynamics and Statistical Physics,FOR,490202,Integrable systems (classical and quantum),field,False,explicit_official_transitive,0.325,FOR1998->010502 (2008)->490202 (2020)
FOR1998,240503,Thermodynamics and Statistical Physics,FOR,510304,Thermodynamics and statistical physics,field,True,explicit_official_transitive,0.9,FOR1998->020304 (2008)->510304 (2020)
FOR1998,240503,Thermodynamics and Statistical Physics,FOR,490206,"Statistical mechanics, physical combinatorics and mathematical aspects of condensed matter",field,False,explicit_official_transitive,0.297,FOR1998->010506 (2008)->490206 (2020)
FOR1998,240504,Electrostatics and Electrodynamics,FOR,510303,Electrostatics and electrodynamics,field,True,explicit_official_transitive,0.9,FOR1998->020302 (2008)->510303 (2020)
FOR1998,240504,Electrostatics and Electrodynamics,FOR,490202,Integrable systems (classical and quantum),field,False,explicit_official_transitive,0.395,FOR1998->010502 (2008)->490202 (2020)
FOR1998,240504,Electrostatics and Electrodynamics,FOR,490203,"Mathematical aspects of classical mechanics, quantum mechanics and quantum information theory",field,False,explicit_official_transitive,0.315,FOR1998->010503 (2008)->490203 (2020)
FOR1998,240599,Classical Physics not elsewhere classified,FOR,490203,"Mathematical aspects of classical mechanics, quantum mechanics and quantum information theory",field,False,explicit_official_transitive,0.341,FOR1998->010503 (2008)->490203 (2020)
FOR1998,240599,Classical Physics not elsewhere classified,FOR,510399,Classical physics not elsewhere classified,field,True,explicit_official_transitive,0.9,FOR1998->020399 (2008)->510399 (2020)
FOR1998,240599,Classical Physics not elsewhere classified,FOR,490202,Integrable systems (classical and quantum),field,False,explicit_official_transitive,0.31,FOR1998->010502 (2008)->490202 (2020)
FOR1998,2499,Other Physical Sciences,FOR,5199,Other physical sciences,group,False,derived_empirical,0.25,"rolled up from 4 FOR1998 leaf-level mapping(s), 1 agreeing"
FOR1998,2499,Other Physical Sciences,FOR,5105,Medical and biological physics,group,True,derived_empirical,0.5,"rolled up from 4 FOR1998 leaf-level mapping(s), 2 agreeing"
FOR1998,2499,Other Physical Sciences,FOR,5110,Synchrotrons and accelerators,group,False,derived_empirical,0.25,"rolled up from 4 FOR1998 leaf-level mapping(s), 1 agreeing"
FOR1998,249901,Biophysics,FOR,510501,Biological physics,field,True,explicit_official_transitive,0.9,FOR1998->029901 (2008)->510501 (2020)
FOR1998,249902,Medical Physics,FOR,510502,Medical physics,field,True,explicit_official_transitive,0.9,FOR1998->029903 (2008)->510502 (2020)
FOR1998,249903,Instruments and Techniques,FOR,511002,Instruments and techniques,field,True,explicit_official_transitive,0.9,FOR1998->029904 (2008)->511002 (2020)
FOR1998,249999,Physical Sciences not elsewhere classified,FOR,519999,Other physical sciences not elsewhere classified,field,True,explicit_official_transitive,0.9,FOR1998->029999 (2008)->519999 (2020)
FOR1998,249999,Physical Sciences not elsewhere classified,FOR,510899,Quantum physics not elsewhere classified,field,False,explicit_official_transitive,0.78,FOR1998->020699 (2008)->510899 (2020)
FOR1998,249999,Physical Sciences not elsewhere classified,FOR,490203,"Mathematical aspects of classical mechanics, quantum mechanics and quantum information theory",field,False,explicit_official_transitive,0.311,FOR1998->010503 (2008)->490203 (2020)
FOR1998,249999,Physical Sciences not elsewhere classified,FOR,490204,Mathematical aspects of general relativity,field,False,explicit_official_transitive,0.405,FOR1998->010504 (2008)->490204 (2020)
FOR1998,249999,Physical Sciences not elsewhere classified,FOR,519901,Complex physical systems,field,False,explicit_official_transitive,0.364,FOR1998->029902 (2008)->519901 (2020)
FOR1998,249999,Physical Sciences not elsewhere classified,FOR,490299,Mathematical physics not elsewhere classified,field,False,explicit_official_transitive,0.736,FOR1998->010599 (2008)->490299 (2020)
FOR1998,249999,Physical Sciences not elsewhere classified,FOR,490201,Algebraic structures in mathematical physics,field,False,explicit_official_transitive,0.163,FOR1998->010501 (2008)->490201 (2020)
FOR1998,249999,Physical Sciences not elsewhere classified,FOR,490205,"Mathematical aspects of quantum and conformal field theory, quantum gravity and string theory",field,False,explicit_official_transitive,0.296,FOR1998->010505 (2008)->490205 (2020)
FOR1998,249999,Physical Sciences not elsewhere classified,FOR,490202,Integrable systems (classical and quantum),field,False,explicit_official_transitive,0.262,FOR1998->010502 (2008)->490202 (2020)
FOR1998,249999,Physical Sciences not elsewhere classified,FOR,510801,Degenerate quantum gases and atom optics,field,False,explicit_official_transitive,0.22,FOR1998->020601 (2008)->510801 (2020)
FOR1998,249999,Physical Sciences not elsewhere classified,FOR,510803,"Quantum information, computation and communication",field,False,explicit_official_transitive,0.13,FOR1998->020603 (2008)->510803 (2020)
FOR1998,249999,Physical Sciences not elsewhere classified,FOR,490206,"Statistical mechanics, physical combinatorics and mathematical aspects of condensed matter",field,False,explicit_official_transitive,0.258,FOR1998->010506 (2008)->490206 (2020)
FOR1998,25,CHEMICAL SCIENCES,FOR,37,EARTH SCIENCES,division,False,derived_empirical,0.022,"rolled up from 46 FOR1998 leaf-level mapping(s), 1 agreeing"
FOR1998,25,CHEMICAL SCIENCES,FOR,34,CHEMICAL SCIENCES,division,True,derived_empirical,0.978,"rolled up from 46 FOR1998 leaf-level mapping(s), 45 agreeing"
FOR1998,2501,Physical Chemistry (incl. Structural),FOR,3406,Physical chemistry,group,True,derived_empirical,0.75,"rolled up from 8 FOR1998 leaf-level mapping(s), 6 agreeing"
FOR1998,2501,Physical Chemistry (incl. Structural),FOR,3403,Macromolecular and materials chemistry,group,False,derived_empirical,0.25,"rolled up from 8 FOR1998 leaf-level mapping(s), 2 agreeing"
FOR1998,250101,Chemical Thermodynamics and Energetics,FOR,340602,Chemical thermodynamics and energetics,field,True,explicit_official_transitive,0.9,FOR1998->030602 (2008)->340602 (2020)
FOR1998,250102,Chemistry of Catalysis,FOR,340601,Catalysis and mechanisms of reactions,field,True,explicit_official_transitive,0.305,FOR1998->030601 (2008)->340601 (2020)
FOR1998,250103,Colloid and Surface Chemistry,FOR,340603,Colloid and surface chemistry,field,True,explicit_official_transitive,0.9,FOR1998->030603 (2008)->340603 (2020)
FOR1998,250104,Chemical Spectroscopy,FOR,340307,Structure and dynamics of materials,field,True,explicit_official_transitive,0.655,FOR1998->030606 (2008)->340307 (2020)
FOR1998,250105,Structural Chemistry,FOR,340307,Structure and dynamics of materials,field,True,explicit_official_transitive,0.702,FOR1998->030606 (2008)->340307 (2020)
FOR1998,250106,Mechanisms of Reactions,FOR,340601,Catalysis and mechanisms of reactions,field,True,explicit_official_transitive,0.767,FOR1998->030601 (2008)->340601 (2020)
FOR1998,250107,Electrochemistry,FOR,340604,Electrochemistry,field,True,explicit_official_transitive,0.9,FOR1998->030604 (2008)->340604 (2020)
FOR1998,250199,Physical Chemistry not elsewhere classified,FOR,340699,Physical chemistry not elsewhere classified,field,True,explicit_official_transitive,0.9,FOR1998->030699 (2008)->340699 (2020)
FOR1998,250199,Physical Chemistry not elsewhere classified,FOR,340608,Solution chemistry,field,False,explicit_official_transitive,0.393,FOR1998->030605 (2008)->340608 (2020)
FOR1998,250199,Physical Chemistry not elsewhere classified,FOR,340609,Transport properties and non-equilibrium processes,field,False,explicit_official_transitive,0.215,FOR1998->030607 (2008)->340609 (2020)
FOR1998,2502,Inorganic Chemistry,FOR,3402,Inorganic chemistry,group,True,derived_empirical,1.0,"rolled up from 7 FOR1998 leaf-level mapping(s), 7 agreeing"
FOR1998,250201,Transition Metal Chemistry,FOR,340211,Transition metal chemistry,field,True,explicit_official_transitive,0.9,FOR1998->030207 (2008)->340211 (2020)
FOR1998,250202,Main Group Metal Chemistry,FOR,340205,Main group metal chemistry,field,True,explicit_official_transitive,0.9,FOR1998->030204 (2008)->340205 (2020)
FOR1998,250203,Solid State Chemistry,FOR,340210,Solid state chemistry,field,True,explicit_official_transitive,0.9,FOR1998->030206 (2008)->340210 (2020)
FOR1998,250204,Bioinorganic Chemistry,FOR,340201,Bioinorganic chemistry,field,True,explicit_official_transitive,0.9,FOR1998->030201 (2008)->340201 (2020)
FOR1998,250205,Non-Metal Chemistry,FOR,340208,Non-metal chemistry,field,True,explicit_official_transitive,0.9,FOR1998->030205 (2008)->340208 (2020)
FOR1998,250206,f-Block Chemistry,FOR,340203,F-block chemistry,field,True,explicit_official_transitive,0.9,FOR1998->030202 (2008)->340203 (2020)
FOR1998,250299,Inorganic Chemistry not elsewhere classified,FOR,340204,Inorganic green chemistry,field,False,explicit_official_transitive,0.551,FOR1998->030203 (2008)->340204 (2020)
FOR1998,250299,Inorganic Chemistry not elsewhere classified,FOR,340299,Inorganic chemistry not elsewhere classified,field,True,explicit_official_transitive,0.9,FOR1998->030299 (2008)->340299 (2020)
FOR1998,2503,Organic Chemistry,FOR,3404,Medicinal and biomolecular chemistry,group,False,derived_empirical,0.25,"rolled up from 4 FOR1998 leaf-level mapping(s), 1 agreeing"
FOR1998,2503,Organic Chemistry,FOR,3405,Organic chemistry,group,True,derived_empirical,0.75,"rolled up from 4 FOR1998 leaf-level mapping(s), 3 agreeing"
FOR1998,250301,Organic Chemical Synthesis,FOR,340503,Organic chemical synthesis,field,True,explicit_official_transitive,0.9,FOR1998->030503 (2008)->340503 (2020)
FOR1998,250302,Biological and Medical Chemistry,FOR,340404,Cheminformatics and quantitative structure-activity relationships,field,False,explicit_official_transitive,0.309,FOR1998->030404 (2008)->340404 (2020)
FOR1998,250302,Biological and Medical Chemistry,FOR,340402,Biomolecular modelling and design,field,False,explicit_official_transitive,0.4,FOR1998->030402 (2008)->340402 (2020)
FOR1998,250302,Biological and Medical Chemistry,FOR,340406,Molecular medicine,field,False,explicit_official_transitive,0.44,FOR1998->030405 (2008)->340406 (2020)
FOR1998,250302,Biological and Medical Chemistry,FOR,340407,Proteins and peptides,field,False,explicit_official_transitive,0.377,FOR1998->030406 (2008)->340407 (2020)
FOR1998,250302,Biological and Medical Chemistry,FOR,340499,Medicinal and biomolecular chemistry not elsewhere classified,field,False,explicit_official_transitive,0.495,FOR1998->030499 (2008)->340499 (2020)
FOR1998,250302,Biological and Medical Chemistry,FOR,340401,Biologically active molecules,field,True,explicit_official_transitive,0.623,FOR1998->030401 (2008)->340401 (2020)
FOR1998,250302,Biological and Medical Chemistry,FOR,340403,Characterisation of biological macromolecules,field,False,explicit_official_transitive,0.468,FOR1998->030403 (2008)->340403 (2020)
FOR1998,250303,Physical Organic Chemistry,FOR,340505,Physical organic chemistry,field,True,explicit_official_transitive,0.9,FOR1998->030505 (2008)->340505 (2020)
FOR1998,250399,Organic Chemistry not elsewhere classified,FOR,340504,Organic green chemistry,field,False,explicit_official_transitive,0.523,FOR1998->030504 (2008)->340504 (2020)
FOR1998,250399,Organic Chemistry not elsewhere classified,FOR,340599,Organic chemistry not elsewhere classified,field,True,explicit_official_transitive,0.9,FOR1998->030599 (2008)->340599 (2020)
FOR1998,250399,Organic Chemistry not elsewhere classified,FOR,340502,Natural products and bioactive compounds,field,False,explicit_official_transitive,0.353,FOR1998->030502 (2008)->340502 (2020)
FOR1998,250399,Organic Chemistry not elsewhere classified,FOR,340501,Free radical chemistry,field,False,explicit_official_transitive,0.438,FOR1998->030501 (2008)->340501 (2020)
FOR1998,2504,Analytical Chemistry,FOR,3401,Analytical chemistry,group,True,derived_empirical,1.0,"rolled up from 10 FOR1998 leaf-level mapping(s), 10 agreeing"
FOR1998,250401,Separation Science,FOR,340109,Separation science,field,True,explicit_official_transitive,0.9,FOR1998->030108 (2008)->340109 (2020)
FOR1998,250402,Analytical Spectrometry,FOR,340101,Analytical spectrometry,field,True,explicit_official_transitive,0.9,FOR1998->030101 (2008)->340101 (2020)
FOR1998,250403,Electroanalytical Chemistry,FOR,340103,Electroanalytical chemistry,field,True,explicit_official_transitive,0.9,FOR1998->030102 (2008)->340103 (2020)
FOR1998,250404,Flow Analysis,FOR,340104,Flow analysis,field,True,explicit_official_transitive,0.9,FOR1998->030103 (2008)->340104 (2020)
FOR1998,250405,Sensor (Chemical and Bio-) Technology,FOR,310604,Industrial biotechnology diagnostics (incl. biosensors),field,False,explicit_official_transitive,0.413,FOR1998->100304 (2008)->310604 (2020)
FOR1998,250405,Sensor (Chemical and Bio-) Technology,FOR,410304,Environmental biotechnology diagnostics (incl. biosensors),field,False,explicit_official_transitive,0.421,FOR1998->100204 (2008)->410304 (2020)
FOR1998,250405,Sensor (Chemical and Bio-) Technology,FOR,300101,Agricultural biotechnology diagnostics (incl. biosensors),field,False,explicit_official_transitive,0.404,FOR1998->100101 (2008)->300101 (2020)
FOR1998,250405,Sensor (Chemical and Bio-) Technology,FOR,340108,Sensor technology (incl. chemical aspects),field,True,explicit_official_transitive,0.548,FOR1998->030107 (2008)->340108 (2020)
FOR1998,250405,Sensor (Chemical and Bio-) Technology,FOR,320602,Medical biotechnology diagnostics (incl. biosensors),field,False,explicit_official_transitive,0.427,FOR1998->100402 (2008)->320602 (2020)
FOR1998,250406,Immunological and Bioassay Methods,FOR,340102,Bioassays,field,True,explicit_official_transitive,0.9,FOR1998->030104 (2008)->340102 (2020)
FOR1998,250407,Other Instrumental Methods,FOR,340105,Instrumental methods (excl. immunological and bioassay methods),field,True,explicit_official_transitive,0.9,FOR1998->030105 (2008)->340105 (2020)
FOR1998,250408,Chemometrics,FOR,340107,"Quality assurance, chemometrics, traceability and metrological chemistry",field,True,explicit_official_transitive,0.286,FOR1998->030106 (2008)->340107 (2020)
FOR1998,250409,"Quality Assurance, Traceability and Metrological Chemistry",FOR,340107,"Quality assurance, chemometrics, traceability and metrological chemistry",field,True,explicit_official_transitive,0.892,FOR1998->030106 (2008)->340107 (2020)
FOR1998,250499,Analytical Chemistry not elsewhere classified,FOR,340199,Analytical chemistry not elsewhere classified,field,True,explicit_official_transitive,0.9,FOR1998->030199 (2008)->340199 (2020)
FOR1998,2505,Macromolecular Chemistry,FOR,3403,Macromolecular and materials chemistry,group,True,derived_empirical,1.0,"rolled up from 5 FOR1998 leaf-level mapping(s), 5 agreeing"
FOR1998,250501,Synthesis of Macromolecules,FOR,340302,Macromolecular materials,field,True,explicit_official_transitive,0.735,FOR1998->030306 (2008)->340302 (2020)
FOR1998,250502,Physical Chemistry of Macromolecules,FOR,340305,Physical properties of materials,field,True,explicit_official_transitive,0.806,FOR1998->030304 (2008)->340305 (2020)
FOR1998,250503,Characterisation of Macromolecules,FOR,340307,Structure and dynamics of materials,field,True,explicit_official_transitive,0.694,FOR1998->030301 (2008)->340307 (2020)
FOR1998,250504,Polymerisation Mechanisms,FOR,340306,Polymerisation mechanisms,field,True,explicit_official_transitive,0.9,FOR1998->030305 (2008)->340306 (2020)
FOR1998,250599,Macromolecular Chemistry not elsewhere classified,FOR,340304,Optical properties of materials,field,False,explicit_official_transitive,0.15,FOR1998->030303 (2008)->340304 (2020)
FOR1998,250599,Macromolecular Chemistry not elsewhere classified,FOR,340399,Macromolecular and materials chemistry not elsewhere classified,field,True,explicit_official_transitive,0.875,FOR1998->030399 (2008)->340399 (2020)
FOR1998,2506,Theoretical and Computational Chemistry,FOR,3407,Theoretical and computational chemistry,group,True,derived_empirical,0.571,"rolled up from 7 FOR1998 leaf-level mapping(s), 4 agreeing"
FOR1998,2506,Theoretical and Computational Chemistry,FOR,3406,Physical chemistry,group,False,derived_empirical,0.143,"rolled up from 7 FOR1998 leaf-level mapping(s), 1 agreeing"
FOR1998,2506,Theoretical and Computational Chemistry,FOR,3403,Macromolecular and materials chemistry,group,False,derived_empirical,0.286,"rolled up from 7 FOR1998 leaf-level mapping(s), 2 agreeing"
FOR1998,250601,Quantum Chemistry,FOR,340704,Theoretical quantum chemistry,field,True,explicit_official_transitive,0.9,FOR1998->030701 (2008)->340704 (2020)
FOR1998,250602,Statistical Mechanics,FOR,340703,Statistical mechanics in chemistry,field,True,explicit_official_transitive,0.764,FOR1998->030704 (2008)->340703 (2020)
FOR1998,250602,Statistical Mechanics,FOR,490206,"Statistical mechanics, physical combinatorics and mathematical aspects of condensed matter",field,False,explicit_official_transitive,0.378,FOR1998->010506 (2008)->490206 (2020)
FOR1998,250603,Reaction Kinetics and Dynamics,FOR,340607,Reaction kinetics and dynamics,field,True,explicit_official_transitive,0.9,FOR1998->030703 (2008)->340607 (2020)
FOR1998,250604,Radiation and Matter,FOR,340702,Radiation and matter,field,True,explicit_official_transitive,0.9,FOR1998->030702 (2008)->340702 (2020)
FOR1998,250605,Theory of Materials,FOR,340309,Theory and design of materials,field,True,explicit_official_transitive,0.776,FOR1998->030307 (2008)->340309 (2020)
FOR1998,250606,Macromolecular Design,FOR,340309,Theory and design of materials,field,True,explicit_official_transitive,0.314,FOR1998->030307 (2008)->340309 (2020)
FOR1998,250699,Theoretical and Computational Chemistry not elsewhere classified,FOR,340799,Theoretical and computational chemistry not elsewhere classified,field,True,explicit_official_transitive,0.9,FOR1998->030799 (2008)->340799 (2020)
FOR1998,2599,Other Chemical Sciences,FOR,3402,Inorganic chemistry,group,False,derived_empirical,0.2,"rolled up from 5 FOR1998 leaf-level mapping(s), 1 agreeing"
FOR1998,2599,Other Chemical Sciences,FOR,3403,Macromolecular and materials chemistry,group,False,derived_empirical,0.2,"rolled up from 5 FOR1998 leaf-level mapping(s), 1 agreeing"
FOR1998,2599,Other Chemical Sciences,FOR,3701,Atmospheric sciences,group,False,derived_empirical,0.2,"rolled up from 5 FOR1998 leaf-level mapping(s), 1 agreeing"
FOR1998,2599,Other Chemical Sciences,FOR,3499,Other chemical sciences,group,True,derived_empirical,0.4,"rolled up from 5 FOR1998 leaf-level mapping(s), 2 agreeing"
FOR1998,259901,Organometallic Chemistry,FOR,340209,Organometallic chemistry,field,True,explicit_official_transitive,0.9,FOR1998->039904 (2008)->340209 (2020)
FOR1998,259902,Environmental Chemistry (incl. Atmospheric Chemistry),FOR,370104,"Atmospheric composition, chemistry and processes",field,True,explicit_official_transitive,0.9,FOR1998->039901 (2008)->370104 (2020)
FOR1998,259903,Industrial Chemistry,FOR,349999,Other chemical sciences not elsewhere classified,field,True,explicit_official_transitive,0.9,FOR1998->039903 (2008)->349999 (2020)
FOR1998,259904,Supramolecular Chemistry,FOR,340308,Supramolecular chemistry,field,True,explicit_official_transitive,0.727,FOR1998->030302 (2008)->340308 (2020)
FOR1998,259999,Chemical Sciences not elsewhere classified,FOR,340308,Supramolecular chemistry,field,False,explicit_official_transitive,0.31,FOR1998->030302 (2008)->340308 (2020)
FOR1998,259999,Chemical Sciences not elsewhere classified,FOR,349901,Forensic chemistry,field,False,explicit_official_transitive,0.267,FOR1998->039902 (2008)->349901 (2020)
FOR1998,259999,Chemical Sciences not elsewhere classified,FOR,340305,Physical properties of materials,field,False,explicit_official_transitive,0.219,FOR1998->030304 (2008)->340305 (2020)
FOR1998,259999,Chemical Sciences not elsewhere classified,FOR,340307,Structure and dynamics of materials,field,False,explicit_official_transitive,0.35,FOR1998->030301 (2008)->340307 (2020)
FOR1998,259999,Chemical Sciences not elsewhere classified,FOR,349999,Other chemical sciences not elsewhere classified,field,True,explicit_official_transitive,0.9,FOR1998->039999 (2008)->349999 (2020)
FOR1998,259999,Chemical Sciences not elsewhere classified,FOR,340302,Macromolecular materials,field,False,explicit_official_transitive,0.219,FOR1998->030306 (2008)->340302 (2020)
FOR1998,259999,Chemical Sciences not elsewhere classified,FOR,340304,Optical properties of materials,field,False,explicit_official_transitive,0.384,FOR1998->030303 (2008)->340304 (2020)
FOR1998,259999,Chemical Sciences not elsewhere classified,FOR,340399,Macromolecular and materials chemistry not elsewhere classified,field,False,explicit_official_transitive,0.59,FOR1998->030399 (2008)->340399 (2020)
FOR1998,26,EARTH SCIENCES,FOR,37,EARTH SCIENCES,division,True,derived_empirical,0.976,"rolled up from 42 FOR1998 leaf-level mapping(s), 41 agreeing"
FOR1998,26,EARTH SCIENCES,FOR,51,PHYSICAL SCIENCES,division,False,derived_empirical,0.024,"rolled up from 42 FOR1998 leaf-level mapping(s), 1 agreeing"
FOR1998,2601,Geology,FOR,3709,Physical geography and environmental geoscience,group,False,derived_empirical,0.125,"rolled up from 16 FOR1998 leaf-level mapping(s), 2 agreeing"
FOR1998,2601,Geology,FOR,3705,Geology,group,True,derived_empirical,0.875,"rolled up from 16 FOR1998 leaf-level mapping(s), 14 agreeing"
FOR1998,260101,Mineralogy and Crystallography,FOR,370505,Mineralogy and crystallography,field,True,explicit_official_transitive,0.9,FOR1998->040306 (2008)->370505 (2020)
FOR1998,260102,Igneous and Metamorphic Petrology,FOR,370503,Igneous and metamorphic petrology,field,True,explicit_official_transitive,0.9,FOR1998->040304 (2008)->370503 (2020)
FOR1998,260103,Vulcanology,FOR,370512,Volcanology,field,True,explicit_official_transitive,0.9,FOR1998->040314 (2008)->370512 (2020)
FOR1998,260104,Sedimentology,FOR,370509,Sedimentology,field,True,explicit_official_transitive,0.9,FOR1998->040310 (2008)->370509 (2020)
FOR1998,260105,Petroleum Geology,FOR,370508,Resource geoscience,field,True,explicit_official_transitive,0.9,FOR1998->040309 (2008)->370508 (2020)
FOR1998,260106,Ore Deposit Petrology,FOR,370508,Resource geoscience,field,True,explicit_official_transitive,0.9,FOR1998->040307 (2008)->370508 (2020)
FOR1998,260107,Structural Geology,FOR,370511,Structural geology and tectonics,field,True,explicit_official_transitive,0.9,FOR1998->040312 (2008)->370511 (2020)
FOR1998,260108,Geotectonics,FOR,370511,Structural geology and tectonics,field,True,explicit_official_transitive,0.9,FOR1998->040313 (2008)->370511 (2020)
FOR1998,260109,Geochronology,FOR,370502,Geochronology,field,True,explicit_official_transitive,0.9,FOR1998->040303 (2008)->370502 (2020)
FOR1998,260110,Biostratigraphy,FOR,370510,"Stratigraphy (incl. biostratigraphy, sequence stratigraphy and basin analysis)",field,True,explicit_official_transitive,0.39,FOR1998->040311 (2008)->370510 (2020)
FOR1998,260111,Other Stratigraphy (incl. Sequence Stratigraphy),FOR,370510,"Stratigraphy (incl. biostratigraphy, sequence stratigraphy and basin analysis)",field,True,explicit_official_transitive,0.764,FOR1998->040311 (2008)->370510 (2020)
FOR1998,260112,Palaeontology,FOR,370506,Palaeontology (incl. palynology),field,True,explicit_official_transitive,0.578,FOR1998->040308 (2008)->370506 (2020)
FOR1998,260113,Palynology,FOR,370506,Palaeontology (incl. palynology),field,True,explicit_official_transitive,0.476,FOR1998->040308 (2008)->370506 (2020)
FOR1998,260114,Geomorphology,FOR,370906,Regolith and landscape evolution,field,True,explicit_official_transitive,0.413,FOR1998->040601 (2008)->370906 (2020)
FOR1998,260115,Glaciology,FOR,370902,Glaciology,field,True,explicit_official_transitive,0.9,FOR1998->040602 (2008)->370902 (2020)
FOR1998,260199,Geology not elsewhere classified,FOR,370510,"Stratigraphy (incl. biostratigraphy, sequence stratigraphy and basin analysis)",field,False,explicit_official_transitive,0.174,FOR1998->040301 (2008)->370510 (2020)
FOR1998,260199,Geology not elsewhere classified,FOR,370507,Planetary geology,field,False,explicit_official_transitive,0.25,FOR1998->040302 (2008)->370507 (2020)
FOR1998,260199,Geology not elsewhere classified,FOR,370599,Geology not elsewhere classified,field,True,explicit_official_transitive,0.9,FOR1998->040399 (2008)->370599 (2020)
FOR1998,260199,Geology not elsewhere classified,FOR,370504,Marine geoscience,field,False,explicit_official_transitive,0.286,FOR1998->040305 (2008)->370504 (2020)
FOR1998,2602,Geophysics,FOR,3706,Geophysics,group,True,derived_empirical,1.0,"rolled up from 8 FOR1998 leaf-level mapping(s), 8 agreeing"
FOR1998,260201,Gravity,FOR,370606,Gravimetrics,field,True,explicit_official_transitive,0.9,FOR1998->040405 (2008)->370606 (2020)
FOR1998,260202,Geomagnetism,FOR,370607,Magnetism and palaeomagnetism,field,True,explicit_official_transitive,0.9,FOR1998->040406 (2008)->370607 (2020)
FOR1998,260203,Electromagnetism,FOR,370602,Electrical and electromagnetic methods in geophysics,field,True,explicit_official_transitive,0.9,FOR1998->040401 (2008)->370602 (2020)
FOR1998,260204,Petrophysics,FOR,370699,Geophysics not elsewhere classified,field,True,explicit_official_transitive,0.383,FOR1998->040499 (2008)->370699 (2020)
FOR1998,260205,Explosion Seismology,FOR,370609,Seismology and seismic exploration,field,True,explicit_official_transitive,0.37,FOR1998->040407 (2008)->370609 (2020)
FOR1998,260206,Earthquake Seismology,FOR,370609,Seismology and seismic exploration,field,True,explicit_official_transitive,0.364,FOR1998->040407 (2008)->370609 (2020)
FOR1998,260207,Radiometrics,FOR,370605,Geothermics and radiometrics,field,True,explicit_official_transitive,0.9,FOR1998->040404 (2008)->370605 (2020)
FOR1998,260299,Geophysics not elsewhere classified,FOR,370604,Geodynamics,field,False,explicit_official_transitive,0.304,FOR1998->040402 (2008)->370604 (2020)
FOR1998,260299,Geophysics not elsewhere classified,FOR,370699,Geophysics not elsewhere classified,field,True,explicit_official_transitive,0.9,FOR1998->040499 (2008)->370699 (2020)
FOR1998,260299,Geophysics not elsewhere classified,FOR,401208,Geophysical and environmental fluid flows,field,False,explicit_official_transitive,0.328,FOR1998->040403 (2008)->401208 (2020)
FOR1998,2603,Geochemistry,FOR,3703,Geochemistry,group,True,derived_empirical,1.0,"rolled up from 5 FOR1998 leaf-level mapping(s), 5 agreeing"
FOR1998,260301,Geochronology and Isotope Geochemistry,FOR,370399,Geochemistry not elsewhere classified,field,False,explicit_official_transitive,0.32,FOR1998->040299 (2008)->370399 (2020)
FOR1998,260301,Geochronology and Isotope Geochemistry,FOR,370303,Isotope geochemistry,field,True,explicit_official_transitive,0.69,FOR1998->040203 (2008)->370303 (2020)
FOR1998,260302,Exploration Geochemistry,FOR,370301,Exploration geochemistry,field,True,explicit_official_transitive,0.9,FOR1998->040201 (2008)->370301 (2020)
FOR1998,260303,Organic Geochemistry not elsewhere classified,FOR,370304,Organic geochemistry,field,True,explicit_official_transitive,0.9,FOR1998->040204 (2008)->370304 (2020)
FOR1998,260304,Inorganic Geochemistry not elsewhere classified,FOR,370302,Inorganic geochemistry,field,True,explicit_official_transitive,0.9,FOR1998->040202 (2008)->370302 (2020)
FOR1998,260399,Geochemistry not elsewhere classified,FOR,370399,Geochemistry not elsewhere classified,field,True,explicit_official_transitive,0.9,FOR1998->040299 (2008)->370399 (2020)
FOR1998,2604,Oceanography,FOR,3708,Oceanography,group,True,derived_empirical,1.0,"rolled up from 4 FOR1998 leaf-level mapping(s), 4 agreeing"
FOR1998,260401,Biological Oceanography,FOR,370801,Biological oceanography,field,True,explicit_official_transitive,0.9,FOR1998->040501 (2008)->370801 (2020)
FOR1998,260402,Chemical Oceanography,FOR,370802,Chemical oceanography,field,True,explicit_official_transitive,0.9,FOR1998->040502 (2008)->370802 (2020)
FOR1998,260403,Physical Oceanography,FOR,370803,Physical oceanography,field,True,explicit_official_transitive,0.9,FOR1998->040503 (2008)->370803 (2020)
FOR1998,260499,Oceanography not elsewhere classified,FOR,370899,Oceanography not elsewhere classified,field,True,explicit_official_transitive,0.9,FOR1998->040599 (2008)->370899 (2020)
FOR1998,2605,Hydrology,FOR,3709,Physical geography and environmental geoscience,group,False,derived_empirical,0.333,"rolled up from 3 FOR1998 leaf-level mapping(s), 1 agreeing"
FOR1998,2605,Hydrology,FOR,3707,Hydrology,group,True,derived_empirical,0.667,"rolled up from 3 FOR1998 leaf-level mapping(s), 2 agreeing"
FOR1998,260501,Groundwater Hydrology,FOR,370702,Ecohydrology,field,True,explicit_official_transitive,0.9,FOR1998->040603 (2008)->370702 (2020)
FOR1998,260502,Surfacewater Hydrology,FOR,370704,Surface water hydrology,field,True,explicit_official_transitive,0.9,FOR1998->040608 (2008)->370704 (2020)
FOR1998,260599,Hydrology not elsewhere classified,FOR,370999,Physical geography and environmental geoscience not elsewhere classified,field,True,explicit_official_transitive,0.604,FOR1998->040699 (2008)->370999 (2020)
FOR1998,2606,Atmospheric Sciences,FOR,3709,Physical geography and environmental geoscience,group,False,derived_empirical,0.25,"rolled up from 4 FOR1998 leaf-level mapping(s), 1 agreeing"
FOR1998,2606,Atmospheric Sciences,FOR,3701,Atmospheric sciences,group,True,derived_empirical,0.5,"rolled up from 4 FOR1998 leaf-level mapping(s), 2 agreeing"
FOR1998,2606,Atmospheric Sciences,FOR,5109,Space sciences,group,False,derived_empirical,0.25,"rolled up from 4 FOR1998 leaf-level mapping(s), 1 agreeing"
FOR1998,260601,Meteorology,FOR,370108,Meteorology,field,True,explicit_official_transitive,0.9,FOR1998->040107 (2008)->370108 (2020)
FOR1998,260602,Climatology (incl. Palaeoclimatology),FOR,370202,Climatology,field,False,explicit_official_transitive,0.617,FOR1998->040105 (2008)->370202 (2020)
FOR1998,260602,Climatology (incl. Palaeoclimatology),FOR,370201,Climate change processes,field,False,explicit_official_transitive,0.361,FOR1998->040104 (2008)->370201 (2020)
FOR1998,260602,Climatology (incl. Palaeoclimatology),FOR,370904,Palaeoclimatology,field,True,explicit_official_transitive,0.63,FOR1998->040605 (2008)->370904 (2020)
FOR1998,260603,Ionospheric and Magnetospheric Physics,FOR,510903,"Mesospheric, thermospheric, ionospheric and magnetospheric physics",field,True,explicit_official_transitive,0.854,FOR1998->020107 (2008)->510903 (2020)
FOR1998,260699,Atmospheric Sciences not elsewhere classified,FOR,370199,Atmospheric sciences not elsewhere classified,field,True,explicit_official_transitive,0.9,FOR1998->040199 (2008)->370199 (2020)
FOR1998,260699,Atmospheric Sciences not elsewhere classified,FOR,370103,Atmospheric aerosols,field,False,explicit_official_transitive,0.492,FOR1998->040101 (2008)->370103 (2020)
FOR1998,260699,Atmospheric Sciences not elsewhere classified,FOR,370107,Cloud physics,field,False,explicit_official_transitive,0.207,FOR1998->040106 (2008)->370107 (2020)
FOR1998,260699,Atmospheric Sciences not elsewhere classified,FOR,370106,Atmospheric radiation,field,False,explicit_official_transitive,0.424,FOR1998->040103 (2008)->370106 (2020)
FOR1998,260699,Atmospheric Sciences not elsewhere classified,FOR,370109,Tropospheric and stratospheric physics,field,False,explicit_official_transitive,0.434,FOR1998->040108 (2008)->370109 (2020)
FOR1998,260699,Atmospheric Sciences not elsewhere classified,FOR,370105,Atmospheric dynamics,field,False,explicit_official_transitive,0.4,FOR1998->040102 (2008)->370105 (2020)
FOR1998,2699,Other Earth Sciences,FOR,3799,Other earth sciences,group,False,derived_empirical,0.5,"rolled up from 2 FOR1998 leaf-level mapping(s), 1 agreeing"
FOR1998,2699,Other Earth Sciences,FOR,3709,Physical geography and environmental geoscience,group,True,derived_empirical,0.5,"rolled up from 2 FOR1998 leaf-level mapping(s), 1 agreeing"
FOR1998,269901,Physical Geography,FOR,370905,Quaternary environments,field,False,explicit_official_transitive,0.098,FOR1998->040606 (2008)->370905 (2020)
FOR1998,269901,Physical Geography,FOR,370999,Physical geography and environmental geoscience not elsewhere classified,field,True,explicit_official_transitive,0.4,FOR1998->040699 (2008)->370999 (2020)
FOR1998,269901,Physical Geography,FOR,370903,Natural hazards,field,False,explicit_official_transitive,0.242,FOR1998->040604 (2008)->370903 (2020)
FOR1998,269901,Physical Geography,FOR,370901,Geomorphology and earth surface processes,field,False,explicit_official_transitive,0.171,FOR1998->040607 (2008)->370901 (2020)
FOR1998,269999,Earth Sciences not elsewhere classified,FOR,379999,Other earth sciences not elsewhere classified,field,True,explicit_official_transitive,0.9,FOR1998->049999 (2008)->379999 (2020)
FOR1998,269999,Earth Sciences not elsewhere classified,FOR,370906,Regolith and landscape evolution,field,False,explicit_official_transitive,0.292,FOR1998->040601 (2008)->370906 (2020)
FOR1998,27,BIOLOGICAL SCIENCES,FOR,30,"AGRICULTURAL, VETERINARY AND FOOD SCIENCES",division,False,derived_empirical,0.032,"rolled up from 62 FOR1998 leaf-level mapping(s), 2 agreeing"
FOR1998,27,BIOLOGICAL SCIENCES,FOR,41,ENVIRONMENTAL SCIENCES,division,False,derived_empirical,0.032,"rolled up from 62 FOR1998 leaf-level mapping(s), 2 agreeing"
FOR1998,27,BIOLOGICAL SCIENCES,FOR,32,BIOMEDICAL AND CLINICAL SCIENCES,division,False,derived_empirical,0.048,"rolled up from 62 FOR1998 leaf-level mapping(s), 3 agreeing"
FOR1998,27,BIOLOGICAL SCIENCES,FOR,31,BIOLOGICAL SCIENCES,division,True,derived_empirical,0.887,"rolled up from 62 FOR1998 leaf-level mapping(s), 55 agreeing"
FOR1998,2701,Biochemistry and Cell Biology,FOR,3101,Biochemistry and cell biology,group,True,derived_empirical,1.0,"rolled up from 9 FOR1998 leaf-level mapping(s), 9 agreeing"
FOR1998,270101,Analytical Biochemistry,FOR,310101,Analytical biochemistry,field,True,explicit_official_transitive,0.9,FOR1998->060101 (2008)->310101 (2020)
FOR1998,270102,Cell Metabolism,FOR,310103,Cell metabolism,field,True,explicit_official_transitive,0.9,FOR1998->060104 (2008)->310103 (2020)
FOR1998,270103,Protein Targeting and Signal Transduction,FOR,310111,Signal transduction,field,True,explicit_official_transitive,0.633,FOR1998->060111 (2008)->310111 (2020)
FOR1998,270103,Protein Targeting and Signal Transduction,FOR,310108,Protein trafficking,field,False,explicit_official_transitive,0.433,FOR1998->060108 (2008)->310108 (2020)
FOR1998,270104,Membrane Biology,FOR,310110,Receptors and membrane biology,field,True,explicit_official_transitive,0.696,FOR1998->060110 (2008)->310110 (2020)
FOR1998,270105,"Cellular Interactions (incl. Adhesion, Matrix, Cell Wall)",FOR,310105,"Cellular interactions (incl. adhesion, matrix, cell wall)",field,True,explicit_official_transitive,0.9,FOR1998->060106 (2008)->310105 (2020)
FOR1998,270106,Cell Development (incl. Cell Division and Apoptosis),FOR,310102,"Cell development, proliferation and death",field,True,explicit_official_transitive,0.9,FOR1998->060103 (2008)->310102 (2020)
FOR1998,270107,Cell Neurochemistry,FOR,310104,Cell neurochemistry,field,True,explicit_official_transitive,0.9,FOR1998->060105 (2008)->310104 (2020)
FOR1998,270108,Enzymes,FOR,310106,Enzymes,field,True,explicit_official_transitive,0.9,FOR1998->060107 (2008)->310106 (2020)
FOR1998,270199,Biochemistry and Cell Biology not elsewhere classified,FOR,310201,Bioinformatic methods development,field,False,explicit_official_transitive,0.147,FOR1998->060102 (2008)->310201 (2020)
FOR1998,270199,Biochemistry and Cell Biology not elsewhere classified,FOR,310113,Synthetic biology,field,False,explicit_official_transitive,0.338,FOR1998->060113 (2008)->310113 (2020)
FOR1998,270199,Biochemistry and Cell Biology not elsewhere classified,FOR,310110,Receptors and membrane biology,field,False,explicit_official_transitive,0.381,FOR1998->060110 (2008)->310110 (2020)
FOR1998,270199,Biochemistry and Cell Biology not elsewhere classified,FOR,310112,Structural biology (incl. macromolecular modelling),field,False,explicit_official_transitive,0.4,FOR1998->060112 (2008)->310112 (2020)
FOR1998,270199,Biochemistry and Cell Biology not elsewhere classified,FOR,310199,Biochemistry and cell biology not elsewhere classified,field,True,explicit_official_transitive,0.9,FOR1998->060199 (2008)->310199 (2020)
FOR1998,270199,Biochemistry and Cell Biology not elsewhere classified,FOR,310109,Proteomics and intermolecular interactions (excl. medical proteomics),field,False,explicit_official_transitive,0.309,FOR1998->060109 (2008)->310109 (2020)
FOR1998,270199,Biochemistry and Cell Biology not elsewhere classified,FOR,310114,Systems biology,field,False,explicit_official_transitive,0.319,FOR1998->060114 (2008)->310114 (2020)
FOR1998,2702,Genetics,FOR,3105,Genetics,group,True,derived_empirical,1.0,"rolled up from 11 FOR1998 leaf-level mapping(s), 11 agreeing"
FOR1998,270201,Gene Expression,FOR,310505,Gene expression (incl. microarray and other genome-wide approaches),field,True,explicit_official_transitive,0.366,FOR1998->060405 (2008)->310505 (2020)
FOR1998,270202,Genome Structure,FOR,310508,Genome structure and regulation,field,True,explicit_official_transitive,0.681,FOR1998->060407 (2008)->310508 (2020)
FOR1998,270203,Population and Ecological Genetics,FOR,310599,Genetics not elsewhere classified,field,True,explicit_official_transitive,0.732,FOR1998->060411 (2008)->310599 (2020)
FOR1998,270204,Anthropological Genetics,FOR,310501,Anthropological genetics,field,True,explicit_official_transitive,0.9,FOR1998->060401 (2008)->310501 (2020)
FOR1998,270205,Genetic Development (incl. Sex Determination),FOR,310503,Developmental genetics (incl. sex determination),field,True,explicit_official_transitive,0.9,FOR1998->060403 (2008)->310503 (2020)
FOR1998,270206,Genetic Immunology,FOR,310507,Genetic immunology,field,True,explicit_official_transitive,0.9,FOR1998->060406 (2008)->310507 (2020)
FOR1998,270207,Quantitative Genetics,FOR,310506,Gene mapping,field,True,explicit_official_transitive,0.9,FOR1998->060412 (2008)->310506 (2020)
FOR1998,270208,Molecular Evolution,FOR,310510,Molecular evolution,field,True,explicit_official_transitive,0.9,FOR1998->060409 (2008)->310510 (2020)
FOR1998,270209,Meiosis and Recombination,FOR,310502,Cell and nuclear division,field,True,explicit_official_transitive,0.9,FOR1998->060402 (2008)->310502 (2020)
FOR1998,270210,Neurogenetics,FOR,310511,Neurogenetics,field,True,explicit_official_transitive,0.9,FOR1998->060410 (2008)->310511 (2020)
FOR1998,270299,Genetics not elsewhere classified,FOR,310599,Genetics not elsewhere classified,field,True,explicit_official_transitive,0.9,FOR1998->060499 (2008)->310599 (2020)
FOR1998,270299,Genetics not elsewhere classified,FOR,310599,Genetics not elsewhere classified,field,False,explicit_official_transitive,0.198,FOR1998->060411 (2008)->310599 (2020)
FOR1998,270299,Genetics not elsewhere classified,FOR,310509,Genomics,field,False,explicit_official_transitive,0.293,FOR1998->060408 (2008)->310509 (2020)
FOR1998,270299,Genetics not elsewhere classified,FOR,310505,Gene expression (incl. microarray and other genome-wide approaches),field,False,explicit_official_transitive,0.34,FOR1998->060405 (2008)->310505 (2020)
FOR1998,270299,Genetics not elsewhere classified,FOR,310504,Epigenetics (incl. genome methylation and epigenomics),field,False,explicit_official_transitive,0.345,FOR1998->060404 (2008)->310504 (2020)
FOR1998,270299,Genetics not elsewhere classified,FOR,310508,Genome structure and regulation,field,False,explicit_official_transitive,0.406,FOR1998->060407 (2008)->310508 (2020)
FOR1998,2703,Microbiology,FOR,3107,Microbiology,group,True,derived_empirical,0.889,"rolled up from 9 FOR1998 leaf-level mapping(s), 8 agreeing"
FOR1998,2703,Microbiology,FOR,3104,Evolutionary biology,group,False,derived_empirical,0.111,"rolled up from 9 FOR1998 leaf-level mapping(s), 1 agreeing"
FOR1998,270301,Bacteriology,FOR,310701,Bacteriology,field,True,explicit_official_transitive,0.9,FOR1998->060501 (2008)->310701 (2020)
FOR1998,270302,Archaebacteriology,FOR,310799,Microbiology not elsewhere classified,field,True,explicit_official_transitive,0.291,FOR1998->060599 (2008)->310799 (2020)
FOR1998,270303,Virology,FOR,310706,Virology,field,True,explicit_official_transitive,0.9,FOR1998->060506 (2008)->310706 (2020)
FOR1998,270304,Infectious Agents,FOR,310702,Infectious agents,field,True,explicit_official_transitive,0.9,FOR1998->060502 (2008)->310702 (2020)
FOR1998,270305,Mycology,FOR,310705,Mycology,field,True,explicit_official_transitive,0.9,FOR1998->060505 (2008)->310705 (2020)
FOR1998,270306,Microbial Genetics,FOR,310704,Microbial genetics,field,True,explicit_official_transitive,0.9,FOR1998->060503 (2008)->310704 (2020)
FOR1998,270307,Microbial Ecology,FOR,310703,Microbial ecology,field,True,explicit_official_transitive,0.9,FOR1998->060504 (2008)->310703 (2020)
FOR1998,270308,"Microbial Systematics, Taxonomy and Phylogeny",FOR,310410,Phylogeny and comparative analysis,field,True,explicit_official_transitive,0.228,FOR1998->060309 (2008)->310410 (2020)
FOR1998,270308,"Microbial Systematics, Taxonomy and Phylogeny",FOR,310499,Evolutionary biology not elsewhere classified,field,False,explicit_official_transitive,0.2,FOR1998->060399 (2008)->310499 (2020)
FOR1998,270399,Microbiology not elsewhere classified,FOR,310799,Microbiology not elsewhere classified,field,True,explicit_official_transitive,0.9,FOR1998->060599 (2008)->310799 (2020)
FOR1998,2704,Botany,FOR,3108,Plant biology,group,True,derived_empirical,0.8,"rolled up from 5 FOR1998 leaf-level mapping(s), 4 agreeing"
FOR1998,2704,Botany,FOR,3104,Evolutionary biology,group,False,derived_empirical,0.2,"rolled up from 5 FOR1998 leaf-level mapping(s), 1 agreeing"
FOR1998,270401,"Plant Systematics, Taxonomy and Phylogeny",FOR,310411,Plant and fungus systematics and taxonomy,field,True,explicit_official_transitive,0.732,FOR1998->060310 (2008)->310411 (2020)
FOR1998,270401,"Plant Systematics, Taxonomy and Phylogeny",FOR,310410,Phylogeny and comparative analysis,field,False,explicit_official_transitive,0.24,FOR1998->060309 (2008)->310410 (2020)
FOR1998,270402,Plant Physiology,FOR,310806,Plant physiology,field,True,explicit_official_transitive,0.9,FOR1998->060705 (2008)->310806 (2020)
FOR1998,270403,Plant Pathology,FOR,310805,Plant pathology,field,True,explicit_official_transitive,0.9,FOR1998->060704 (2008)->310805 (2020)
FOR1998,270404,Phycology,FOR,310801,Phycology (incl. marine grasses),field,True,explicit_official_transitive,0.9,FOR1998->060701 (2008)->310801 (2020)
FOR1998,270499,Botany not elsewhere classified,FOR,310899,Plant biology not elsewhere classified,field,True,explicit_official_transitive,0.812,FOR1998->060799 (2008)->310899 (2020)
FOR1998,270499,Botany not elsewhere classified,FOR,310803,Plant cell and molecular biology,field,False,explicit_official_transitive,0.349,FOR1998->060702 (2008)->310803 (2020)
FOR1998,270499,Botany not elsewhere classified,FOR,310804,Plant developmental and reproductive biology,field,False,explicit_official_transitive,0.24,FOR1998->060703 (2008)->310804 (2020)
FOR1998,2705,Zoology,FOR,3104,Evolutionary biology,group,False,derived_empirical,0.2,"rolled up from 5 FOR1998 leaf-level mapping(s), 1 agreeing"
FOR1998,2705,Zoology,FOR,3109,Zoology,group,True,derived_empirical,0.8,"rolled up from 5 FOR1998 leaf-level mapping(s), 4 agreeing"
FOR1998,270501,"Animal Systematics, Taxonomy and Phylogeny",FOR,310401,Animal systematics and taxonomy,field,True,explicit_official_transitive,0.74,FOR1998->060301 (2008)->310401 (2020)
FOR1998,270501,"Animal Systematics, Taxonomy and Phylogeny",FOR,310410,Phylogeny and comparative analysis,field,False,explicit_official_transitive,0.237,FOR1998->060309 (2008)->310410 (2020)
FOR1998,270502,Neurobiology,FOR,310906,Animal neurobiology,field,True,explicit_official_transitive,0.9,FOR1998->060805 (2008)->310906 (2020)
FOR1998,270503,Animal Anatomy and Histology,FOR,310911,Animal structure and function,field,True,explicit_official_transitive,0.9,FOR1998->060807 (2008)->310911 (2020)
FOR1998,270504,Invertebrate Biology,FOR,310913,Invertebrate biology,field,True,explicit_official_transitive,0.9,FOR1998->060808 (2008)->310913 (2020)
FOR1998,270599,Zoology not elsewhere classified,FOR,310903,Animal developmental and reproductive biology,field,False,explicit_official_transitive,0.156,FOR1998->060803 (2008)->310903 (2020)
FOR1998,270599,Zoology not elsewhere classified,FOR,310902,Animal cell and molecular biology,field,False,explicit_official_transitive,0.185,FOR1998->060802 (2008)->310902 (2020)
FOR1998,270599,Zoology not elsewhere classified,FOR,310905,Animal immunology,field,False,explicit_official_transitive,0.204,FOR1998->060804 (2008)->310905 (2020)
FOR1998,270599,Zoology not elsewhere classified,FOR,310907,Animal physiological ecology,field,False,explicit_official_transitive,0.2,FOR1998->060806 (2008)->310907 (2020)
FOR1998,270599,Zoology not elsewhere classified,FOR,310914,Vertebrate biology,field,False,explicit_official_transitive,0.2,FOR1998->060809 (2008)->310914 (2020)
FOR1998,270599,Zoology not elsewhere classified,FOR,310901,Animal behaviour,field,False,explicit_official_transitive,0.083,FOR1998->060801 (2008)->310901 (2020)
FOR1998,270599,Zoology not elsewhere classified,FOR,310999,Zoology not elsewhere classified,field,True,explicit_official_transitive,0.9,FOR1998->060899 (2008)->310999 (2020)
FOR1998,2706,Physiology,FOR,3109,Zoology,group,True,derived_empirical,1.0,"rolled up from 5 FOR1998 leaf-level mapping(s), 5 agreeing"
FOR1998,270601,Animal Physiology - Biophysics,FOR,310908,Animal physiology - biophysics,field,True,explicit_official_transitive,0.9,FOR1998->060601 (2008)->310908 (2020)
FOR1998,270602,Animal Physiology - Cell,FOR,310909,Animal physiology - cell,field,True,explicit_official_transitive,0.9,FOR1998->060602 (2008)->310909 (2020)
FOR1998,270603,Animal Physiology - Systems,FOR,310910,Animal physiology - systems,field,True,explicit_official_transitive,0.9,FOR1998->060603 (2008)->310910 (2020)
FOR1998,270604,Comparative Physiology,FOR,310912,Comparative physiology,field,True,explicit_official_transitive,0.9,FOR1998->060604 (2008)->310912 (2020)
FOR1998,270699,Physiology not elsewhere classified,FOR,310999,Zoology not elsewhere classified,field,True,explicit_official_transitive,0.9,FOR1998->060699 (2008)->310999 (2020)
FOR1998,2707,Ecology and Evolution,FOR,3103,Ecology,group,True,derived_empirical,0.7,"rolled up from 10 FOR1998 leaf-level mapping(s), 7 agreeing"
FOR1998,2707,Ecology and Evolution,FOR,4102,Ecological applications,group,False,derived_empirical,0.1,"rolled up from 10 FOR1998 leaf-level mapping(s), 1 agreeing"
FOR1998,2707,Ecology and Evolution,FOR,4104,Environmental management,group,False,derived_empirical,0.1,"rolled up from 10 FOR1998 leaf-level mapping(s), 1 agreeing"
FOR1998,2707,Ecology and Evolution,FOR,3104,Evolutionary biology,group,False,derived_empirical,0.1,"rolled up from 10 FOR1998 leaf-level mapping(s), 1 agreeing"
FOR1998,270701,Freshwater Ecology,FOR,310304,Freshwater ecology,field,True,explicit_official_transitive,0.9,FOR1998->060204 (2008)->310304 (2020)
FOR1998,270702,Marine and Estuarine Ecology (incl. Marine Ichthyology),FOR,310305,Marine and estuarine ecology (incl. marine ichthyology),field,True,explicit_official_transitive,0.9,FOR1998->060205 (2008)->310305 (2020)
FOR1998,270703,Terrestrial Ecology,FOR,310308,Terrestrial ecology,field,True,explicit_official_transitive,0.9,FOR1998->060208 (2008)->310308 (2020)
FOR1998,270704,Landscape Ecology,FOR,410206,Landscape ecology,field,True,explicit_official_transitive,0.9,FOR1998->050104 (2008)->410206 (2020)
FOR1998,270705,Palaeoecology,FOR,310306,Palaeoecology,field,True,explicit_official_transitive,0.9,FOR1998->060206 (2008)->310306 (2020)
FOR1998,270706,Life Histories (incl. Population Ecology),FOR,310408,Life histories,field,False,explicit_official_transitive,0.509,FOR1998->060308 (2008)->310408 (2020)
FOR1998,270706,Life Histories (incl. Population Ecology),FOR,310307,Population ecology,field,True,explicit_official_transitive,0.61,FOR1998->060207 (2008)->310307 (2020)
FOR1998,270707,Sociobiology and Behavioural Ecology,FOR,310301,Behavioural ecology,field,True,explicit_official_transitive,0.691,FOR1998->060201 (2008)->310301 (2020)
FOR1998,270707,Sociobiology and Behavioural Ecology,FOR,310301,Behavioural ecology,field,False,explicit_official_transitive,0.393,FOR1998->060304 (2008)->310301 (2020)
FOR1998,270708,Conservation and Biodiversity,FOR,410401,Conservation and biodiversity,field,True,explicit_official_transitive,0.9,FOR1998->050202 (2008)->410401 (2020)
FOR1998,270709,Biogeography,FOR,310402,Biogeography and phylogeography,field,True,explicit_official_transitive,0.558,FOR1998->060302 (2008)->310402 (2020)
FOR1998,270799,Ecology and Evolution not elsewhere classified,FOR,310404,Evolution of developmental systems,field,False,explicit_official_transitive,0.425,FOR1998->060305 (2008)->310404 (2020)
FOR1998,270799,Ecology and Evolution not elsewhere classified,FOR,310402,Biogeography and phylogeography,field,False,explicit_official_transitive,0.286,FOR1998->060302 (2008)->310402 (2020)
FOR1998,270799,Ecology and Evolution not elsewhere classified,FOR,310399,Ecology not elsewhere classified,field,True,explicit_official_transitive,0.821,FOR1998->060299 (2008)->310399 (2020)
FOR1998,270799,Ecology and Evolution not elsewhere classified,FOR,310499,Evolutionary biology not elsewhere classified,field,False,explicit_official_transitive,0.747,FOR1998->060399 (2008)->310499 (2020)
FOR1998,270799,Ecology and Evolution not elsewhere classified,FOR,410102,Ecological impacts of climate change and ecological adaptation,field,False,explicit_official_transitive,0.415,FOR1998->050101 (2008)->410102 (2020)
FOR1998,270799,Ecology and Evolution not elsewhere classified,FOR,410203,Ecosystem function,field,False,explicit_official_transitive,0.312,FOR1998->050102 (2008)->410203 (2020)
FOR1998,270799,Ecology and Evolution not elsewhere classified,FOR,310410,Phylogeny and comparative analysis,field,False,explicit_official_transitive,0.425,FOR1998->060309 (2008)->310410 (2020)
FOR1998,270799,Ecology and Evolution not elsewhere classified,FOR,310412,Speciation and extinction,field,False,explicit_official_transitive,0.366,FOR1998->060311 (2008)->310412 (2020)
FOR1998,270799,Ecology and Evolution not elsewhere classified,FOR,310403,Biological adaptation,field,False,explicit_official_transitive,0.328,FOR1998->060303 (2008)->310403 (2020)
FOR1998,270799,Ecology and Evolution not elsewhere classified,FOR,310406,Evolutionary impacts of climate change,field,False,explicit_official_transitive,0.405,FOR1998->060306 (2008)->310406 (2020)
FOR1998,270799,Ecology and Evolution not elsewhere classified,FOR,310407,Host-parasite interactions,field,False,explicit_official_transitive,0.194,FOR1998->060307 (2008)->310407 (2020)
FOR1998,270799,Ecology and Evolution not elsewhere classified,FOR,310303,Ecological physiology,field,False,explicit_official_transitive,0.299,FOR1998->060203 (2008)->310303 (2020)
FOR1998,270799,Ecology and Evolution not elsewhere classified,FOR,410202,Biosecurity science and invasive species ecology,field,False,explicit_official_transitive,0.2,FOR1998->050103 (2008)->410202 (2020)
FOR1998,270799,Ecology and Evolution not elsewhere classified,FOR,410299,Ecological applications not elsewhere classified,field,False,explicit_official_transitive,0.809,FOR1998->050199 (2008)->410299 (2020)
FOR1998,270799,Ecology and Evolution not elsewhere classified,FOR,310302,Community ecology (excl. invasive species ecology),field,False,explicit_official_transitive,0.292,FOR1998->060202 (2008)->310302 (2020)
FOR1998,270799,Ecology and Evolution not elsewhere classified,FOR,310301,Behavioural ecology,field,False,explicit_official_transitive,0.394,FOR1998->060304 (2008)->310301 (2020)
FOR1998,2708,Biotechnology,FOR,3106,Industrial biotechnology,group,False,derived_empirical,0.167,"rolled up from 6 FOR1998 leaf-level mapping(s), 1 agreeing"
FOR1998,2708,Biotechnology,FOR,3001,Agricultural biotechnology,group,False,derived_empirical,0.333,"rolled up from 6 FOR1998 leaf-level mapping(s), 2 agreeing"
FOR1998,2708,Biotechnology,FOR,3206,Medical biotechnology,group,True,derived_empirical,0.5,"rolled up from 6 FOR1998 leaf-level mapping(s), 3 agreeing"
FOR1998,270801,Gene Therapy,FOR,320601,Gene and molecular therapy,field,True,explicit_official_transitive,0.632,FOR1998->100401 (2008)->320601 (2020)
FOR1998,270802,Diagnostic Applications,FOR,410304,Environmental biotechnology diagnostics (incl. biosensors),field,False,explicit_official_transitive,0.395,FOR1998->100204 (2008)->410304 (2020)
FOR1998,270802,Diagnostic Applications,FOR,300101,Agricultural biotechnology diagnostics (incl. biosensors),field,False,explicit_official_transitive,0.4,FOR1998->100101 (2008)->300101 (2020)
FOR1998,270802,Diagnostic Applications,FOR,310604,Industrial biotechnology diagnostics (incl. biosensors),field,False,explicit_official_transitive,0.41,FOR1998->100304 (2008)->310604 (2020)
FOR1998,270802,Diagnostic Applications,FOR,320602,Medical biotechnology diagnostics (incl. biosensors),field,True,explicit_official_transitive,0.427,FOR1998->100402 (2008)->320602 (2020)
FOR1998,270803,Transgenesis,FOR,300110,Transgenesis,field,True,explicit_official_transitive,0.9,FOR1998->100109 (2008)->300110 (2020)
FOR1998,270804,"Genetic Technologies: Transformation, Site-directed Mutagenesis, etc.",FOR,320603,Medical molecular engineering of nucleic acids and proteins,field,False,explicit_official_transitive,0.172,FOR1998->100403 (2008)->320603 (2020)
FOR1998,270804,"Genetic Technologies: Transformation, Site-directed Mutagenesis, etc.",FOR,310606,Industrial molecular engineering of nucleic acids and proteins,field,False,explicit_official_transitive,0.168,FOR1998->100306 (2008)->310606 (2020)
FOR1998,270804,"Genetic Technologies: Transformation, Site-directed Mutagenesis, etc.",FOR,300103,Agricultural molecular engineering of nucleic acids and proteins,field,True,explicit_official_transitive,0.18,FOR1998->100103 (2008)->300103 (2020)
FOR1998,270804,"Genetic Technologies: Transformation, Site-directed Mutagenesis, etc.",FOR,410399,Environmental biotechnology not elsewhere classified,field,False,explicit_official_transitive,0.179,FOR1998->100206 (2008)->410399 (2020)
FOR1998,270805,Genetic Engineering and Enzyme Technology,FOR,310601,Biocatalysis and enzyme technology,field,True,explicit_official_transitive,0.64,FOR1998->100301 (2008)->310601 (2020)
FOR1998,270805,Genetic Engineering and Enzyme Technology,FOR,300105,Genetically modified field crops and pasture,field,False,explicit_official_transitive,0.424,FOR1998->100105 (2008)->300105 (2020)
FOR1998,270805,Genetic Engineering and Enzyme Technology,FOR,300107,Genetically modified trees,field,False,explicit_official_transitive,0.328,FOR1998->100107 (2008)->300107 (2020)
FOR1998,270805,Genetic Engineering and Enzyme Technology,FOR,300104,Genetically modified animals,field,False,explicit_official_transitive,0.406,FOR1998->100104 (2008)->300104 (2020)
FOR1998,270805,Genetic Engineering and Enzyme Technology,FOR,300106,Genetically modified horticulture plants,field,False,explicit_official_transitive,0.37,FOR1998->100106 (2008)->300106 (2020)
FOR1998,270899,Biotechnology not elsewhere classified,FOR,410301,Biodiscovery,field,False,explicit_official_transitive,0.28,FOR1998->100201 (2008)->410301 (2020)
FOR1998,270899,Biotechnology not elsewhere classified,FOR,300103,Agricultural molecular engineering of nucleic acids and proteins,field,False,explicit_official_transitive,0.118,FOR1998->100103 (2008)->300103 (2020)
FOR1998,270899,Biotechnology not elsewhere classified,FOR,310606,Industrial molecular engineering of nucleic acids and proteins,field,False,explicit_official_transitive,0.12,FOR1998->100306 (2008)->310606 (2020)
FOR1998,270899,Biotechnology not elsewhere classified,FOR,410305,Environmental marine biotechnology,field,False,explicit_official_transitive,0.361,FOR1998->100205 (2008)->410305 (2020)
FOR1998,270899,Biotechnology not elsewhere classified,FOR,300108,Livestock cloning,field,False,explicit_official_transitive,0.255,FOR1998->100108 (2008)->300108 (2020)
FOR1998,270899,Biotechnology not elsewhere classified,FOR,300102,Agricultural marine biotechnology,field,False,explicit_official_transitive,0.366,FOR1998->100102 (2008)->300102 (2020)
FOR1998,270899,Biotechnology not elsewhere classified,FOR,410399,Environmental biotechnology not elsewhere classified,field,False,explicit_official_transitive,0.117,FOR1998->100206 (2008)->410399 (2020)
FOR1998,270899,Biotechnology not elsewhere classified,FOR,410302,Biological control,field,False,explicit_official_transitive,0.357,FOR1998->100202 (2008)->410302 (2020)
FOR1998,270899,Biotechnology not elsewhere classified,FOR,300199,Agricultural biotechnology not elsewhere classified,field,False,explicit_official_transitive,0.854,FOR1998->100199 (2008)->300199 (2020)
FOR1998,270899,Biotechnology not elsewhere classified,FOR,320603,Medical molecular engineering of nucleic acids and proteins,field,False,explicit_official_transitive,0.124,FOR1998->100403 (2008)->320603 (2020)
FOR1998,270899,Biotechnology not elsewhere classified,FOR,410399,Environmental biotechnology not elsewhere classified,field,False,explicit_official_transitive,0.844,FOR1998->100299 (2008)->410399 (2020)
FOR1998,270899,Biotechnology not elsewhere classified,FOR,320606,Regenerative medicine (incl. stem cells),field,False,explicit_official_transitive,0.257,FOR1998->100404 (2008)->320606 (2020)
FOR1998,270899,Biotechnology not elsewhere classified,FOR,320699,Medical biotechnology not elsewhere classified,field,True,explicit_official_transitive,0.9,FOR1998->100499 (2008)->320699 (2020)
FOR1998,270899,Biotechnology not elsewhere classified,FOR,300104,Genetically modified animals,field,False,explicit_official_transitive,0.333,FOR1998->100104 (2008)->300104 (2020)
FOR1998,2799,Other Biological Sciences,FOR,3199,Other biological sciences,group,True,derived_empirical,1.0,"rolled up from 2 FOR1998 leaf-level mapping(s), 2 agreeing"
FOR1998,279901,Global Change Biology,FOR,319902,Global change biology,field,True,explicit_official_transitive,0.9,FOR1998->069902 (2008)->319902 (2020)
FOR1998,279999,Biological Sciences not elsewhere classified,FOR,319999,Other biological sciences not elsewhere classified,field,True,explicit_official_transitive,0.9,FOR1998->069999 (2008)->319999 (2020)
FOR1998,279999,Biological Sciences not elsewhere classified,FOR,319901,Forensic biology,field,False,explicit_official_transitive,0.2,FOR1998->069901 (2008)->319901 (2020)
FOR1998,28,"INFORMATION, COMPUTING AND COMMUNICATION SCIENCES",FOR,40,ENGINEERING,division,False,derived_empirical,0.021,"rolled up from 47 FOR1998 leaf-level mapping(s), 1 agreeing"
FOR1998,28,"INFORMATION, COMPUTING AND COMMUNICATION SCIENCES",FOR,49,MATHEMATICAL SCIENCES,division,False,derived_empirical,0.043,"rolled up from 47 FOR1998 leaf-level mapping(s), 2 agreeing"
FOR1998,28,"INFORMATION, COMPUTING AND COMMUNICATION SCIENCES",FOR,46,INFORMATION AND COMPUTING SCIENCES,division,True,derived_empirical,0.936,"rolled up from 47 FOR1998 leaf-level mapping(s), 44 agreeing"
FOR1998,2801,Information Systems,FOR,4608,Human-centred computing,group,False,derived_empirical,0.077,"rolled up from 13 FOR1998 leaf-level mapping(s), 1 agreeing"
FOR1998,2801,Information Systems,FOR,4609,Information systems,group,True,derived_empirical,0.692,"rolled up from 13 FOR1998 leaf-level mapping(s), 9 agreeing"
FOR1998,2801,Information Systems,FOR,4605,Data management and data science,group,False,derived_empirical,0.231,"rolled up from 13 FOR1998 leaf-level mapping(s), 3 agreeing"
FOR1998,280101,Information Systems Organisation,FOR,460908,Information systems organisation and management,field,True,explicit_official_transitive,0.9,FOR1998->080610 (2008)->460908 (2020)
FOR1998,280102,Information Systems Management,FOR,460904,Information security management,field,True,explicit_official_transitive,0.9,FOR1998->080609 (2008)->460904 (2020)
FOR1998,280103,"Information Storage, Retrieval and Management",FOR,350302,"Business information management (incl. records, knowledge and intelligence)",field,False,explicit_official_transitive,0.473,FOR1998->150301 (2008)->350302 (2020)
FOR1998,280103,"Information Storage, Retrieval and Management",FOR,460508,Information retrieval and web search,field,True,explicit_official_transitive,0.667,FOR1998->080704 (2008)->460508 (2020)
FOR1998,280103,"Information Storage, Retrieval and Management",FOR,461009,Recordkeeping informatics,field,False,explicit_official_transitive,0.519,FOR1998->080708 (2008)->461009 (2020)
FOR1998,280104,Computer-Human Interaction,FOR,460806,Human-computer interaction,field,True,explicit_official_transitive,0.9,FOR1998->080602 (2008)->460806 (2020)
FOR1998,280105,Interfaces and Presentation (excl. Computer-Human Interaction),FOR,460999,Information systems not elsewhere classified,field,True,explicit_official_transitive,0.245,FOR1998->080699 (2008)->460999 (2020)
FOR1998,280106,Interorganisational Information Systems,FOR,460507,Information extraction and fusion,field,True,explicit_official_transitive,0.821,FOR1998->080612 (2008)->460507 (2020)
FOR1998,280107,Global Information Systems,FOR,460911,"Inter-organisational, extra-organisational and global information systems",field,True,explicit_official_transitive,0.9,FOR1998->080606 (2008)->460911 (2020)
FOR1998,280108,Database Management,FOR,460505,Database systems,field,True,explicit_official_transitive,0.9,FOR1998->080604 (2008)->460505 (2020)
FOR1998,280109,Decision Support and Group Support Systems,FOR,460902,Decision support and group support systems,field,True,explicit_official_transitive,0.9,FOR1998->080605 (2008)->460902 (2020)
FOR1998,280110,Systems Theory,FOR,460909,"Information systems philosophy, research methods and theory",field,True,explicit_official_transitive,0.9,FOR1998->080611 (2008)->460909 (2020)
FOR1998,280111,Conceptual Modelling,FOR,460903,"Information modelling, management and ontologies",field,True,explicit_official_transitive,0.9,FOR1998->080603 (2008)->460903 (2020)
FOR1998,280112,Information Systems Development Methodologies,FOR,460905,Information systems development methodologies and practice,field,True,explicit_official_transitive,0.9,FOR1998->080608 (2008)->460905 (2020)
FOR1998,280199,Information Systems not elsewhere classified,FOR,460912,Knowledge and information management,field,False,explicit_official_transitive,0.41,FOR1998->080607 (2008)->460912 (2020)
FOR1998,280199,Information Systems not elsewhere classified,FOR,460999,Information systems not elsewhere classified,field,True,explicit_official_transitive,0.9,FOR1998->080699 (2008)->460999 (2020)
FOR1998,280199,Information Systems not elsewhere classified,FOR,460507,Information extraction and fusion,field,False,explicit_official_transitive,0.54,FOR1998->080612 (2008)->460507 (2020)
FOR1998,280199,Information Systems not elsewhere classified,FOR,451706,Pacific Peoples information and knowledge management systems,field,False,explicit_official_transitive,0.409,FOR1998->080614 (2008)->451706 (2020)
FOR1998,280199,Information Systems not elsewhere classified,FOR,450606,Aboriginal and Torres Strait Islander information and knowledge management systems,field,False,explicit_official_transitive,0.33,FOR1998->080601 (2008)->450606 (2020)
FOR1998,280199,Information Systems not elsewhere classified,FOR,451207,Ngā pūnaha whakahaere mōhiohio me te mātauranga o te Māori (Māori information and knowledge management systems),field,False,explicit_official_transitive,0.458,FOR1998->080613 (2008)->451207 (2020)
FOR1998,2802,Artificial Intelligence and Signal and Image Processing,FOR,4006,Communications engineering,group,False,derived_empirical,0.077,"rolled up from 13 FOR1998 leaf-level mapping(s), 1 agreeing"
FOR1998,2802,Artificial Intelligence and Signal and Image Processing,FOR,4605,Data management and data science,group,False,derived_empirical,0.077,"rolled up from 13 FOR1998 leaf-level mapping(s), 1 agreeing"
FOR1998,2802,Artificial Intelligence and Signal and Image Processing,FOR,4607,"Graphics, augmented reality and games",group,False,derived_empirical,0.154,"rolled up from 13 FOR1998 leaf-level mapping(s), 2 agreeing"
FOR1998,2802,Artificial Intelligence and Signal and Image Processing,FOR,4603,Computer vision and multimedia computation,group,False,derived_empirical,0.231,"rolled up from 13 FOR1998 leaf-level mapping(s), 3 agreeing"
FOR1998,2802,Artificial Intelligence and Signal and Image Processing,FOR,4602,Artificial intelligence,group,True,derived_empirical,0.462,"rolled up from 13 FOR1998 leaf-level mapping(s), 6 agreeing"
FOR1998,280201,Expert Systems,FOR,460510,Recommender systems,field,True,explicit_official_transitive,0.9,FOR1998->080105 (2008)->460510 (2020)
FOR1998,280202,Computer Graphics,FOR,460702,Computer graphics,field,True,explicit_official_transitive,0.9,FOR1998->080103 (2008)->460702 (2020)
FOR1998,280203,Image Processing,FOR,460306,Image processing,field,True,explicit_official_transitive,0.9,FOR1998->080106 (2008)->460306 (2020)
FOR1998,280204,Signal Processing,FOR,400607,Signal processing,field,True,explicit_official_transitive,0.9,FOR1998->090609 (2008)->400607 (2020)
FOR1998,280205,Text Processing,FOR,460208,Natural language processing,field,True,explicit_official_transitive,0.619,FOR1998->080107 (2008)->460208 (2020)
FOR1998,280206,Speech Recognition,FOR,460208,Natural language processing,field,True,explicit_official_transitive,0.089,FOR1998->080107 (2008)->460208 (2020)
FOR1998,280207,Pattern Recognition,FOR,460308,Pattern recognition,field,True,explicit_official_transitive,0.704,FOR1998->080109 (2008)->460308 (2020)
FOR1998,280208,Computer Vision,FOR,460304,Computer vision,field,True,explicit_official_transitive,0.9,FOR1998->080104 (2008)->460304 (2020)
FOR1998,280209,Intelligent Robotics,FOR,460205,Intelligent robotics,field,True,explicit_official_transitive,0.667,FOR1998->080101 (2008)->460205 (2020)
FOR1998,280210,Simulation and Modelling,FOR,460207,Modelling and simulation,field,True,explicit_official_transitive,0.9,FOR1998->080110 (2008)->460207 (2020)
FOR1998,280211,Virtual Reality and Related Simulation,FOR,460708,Virtual and mixed reality,field,True,explicit_official_transitive,0.9,FOR1998->080111 (2008)->460708 (2020)
FOR1998,280212,"Neural Networks, Genetic Algorithms and Fuzzy Logic",FOR,460203,Evolutionary computation,field,True,explicit_official_transitive,0.9,FOR1998->080108 (2008)->460203 (2020)
FOR1998,280213,Other Artificial Intelligence,FOR,460308,Pattern recognition,field,False,explicit_official_transitive,0.375,FOR1998->080109 (2008)->460308 (2020)
FOR1998,280213,Other Artificial Intelligence,FOR,460201,Artificial life and complex adaptive systems,field,True,explicit_official_transitive,0.636,FOR1998->080102 (2008)->460201 (2020)
FOR1998,280213,Other Artificial Intelligence,FOR,460205,Intelligent robotics,field,False,explicit_official_transitive,0.522,FOR1998->080101 (2008)->460205 (2020)
FOR1998,280213,Other Artificial Intelligence,FOR,460299,Artificial intelligence not elsewhere classified,field,False,explicit_official_transitive,0.469,FOR1998->080199 (2008)->460299 (2020)
FOR1998,2803,Computer Software,FOR,4612,Software engineering,group,True,derived_empirical,0.667,"rolled up from 6 FOR1998 leaf-level mapping(s), 4 agreeing"
FOR1998,2803,Computer Software,FOR,4606,Distributed computing and systems software,group,False,derived_empirical,0.167,"rolled up from 6 FOR1998 leaf-level mapping(s), 1 agreeing"
FOR1998,2803,Computer Software,FOR,4603,Computer vision and multimedia computation,group,False,derived_empirical,0.167,"rolled up from 6 FOR1998 leaf-level mapping(s), 1 agreeing"
FOR1998,280301,Programming Techniques,FOR,461299,Software engineering not elsewhere classified,field,True,explicit_official_transitive,0.188,FOR1998->080399 (2008)->461299 (2020)
FOR1998,280302,Software Engineering,FOR,461201,Automated software engineering,field,True,explicit_official_transitive,0.9,FOR1998->080309 (2008)->461201 (2020)
FOR1998,280303,Programming Languages,FOR,461204,Programming languages,field,True,explicit_official_transitive,0.9,FOR1998->080308 (2008)->461204 (2020)
FOR1998,280304,Operating Systems,FOR,460610,Operating systems,field,True,explicit_official_transitive,0.9,FOR1998->080307 (2008)->460610 (2020)
FOR1998,280305,Multimedia Programming,FOR,460399,Computer vision and multimedia computation not elsewhere classified,field,True,explicit_official_transitive,0.9,FOR1998->080305 (2008)->460399 (2020)
FOR1998,280399,Computer Software not elsewhere classified,FOR,460103,Applications in life sciences,field,False,explicit_official_transitive,0.308,FOR1998->080301 (2008)->460103 (2020)
FOR1998,280399,Computer Software not elsewhere classified,FOR,461304,Concurrency theory,field,False,explicit_official_transitive,0.375,FOR1998->080304 (2008)->461304 (2020)
FOR1998,280399,Computer Software not elsewhere classified,FOR,461299,Software engineering not elsewhere classified,field,False,explicit_official_transitive,0.436,FOR1998->080306 (2008)->461299 (2020)
FOR1998,280399,Computer Software not elsewhere classified,FOR,461299,Software engineering not elsewhere classified,field,True,explicit_official_transitive,0.9,FOR1998->080399 (2008)->461299 (2020)
FOR1998,280399,Computer Software not elsewhere classified,FOR,460407,System and network security,field,False,explicit_official_transitive,0.515,FOR1998->080303 (2008)->460407 (2020)
FOR1998,280399,Computer Software not elsewhere classified,FOR,461206,Software architecture,field,False,explicit_official_transitive,0.486,FOR1998->080302 (2008)->461206 (2020)
FOR1998,2804,Computation Theory and Mathematics,FOR,4903,Numerical and computational mathematics,group,False,derived_empirical,0.143,"rolled up from 7 FOR1998 leaf-level mapping(s), 1 agreeing"
FOR1998,2804,Computation Theory and Mathematics,FOR,4613,Theory of computation,group,True,derived_empirical,0.714,"rolled up from 7 FOR1998 leaf-level mapping(s), 5 agreeing"
FOR1998,2804,Computation Theory and Mathematics,FOR,4901,Applied mathematics,group,False,derived_empirical,0.143,"rolled up from 7 FOR1998 leaf-level mapping(s), 1 agreeing"
FOR1998,280401,Analysis of Algorithms and Complexity,FOR,461305,Data structures and algorithms,field,True,explicit_official_transitive,0.9,FOR1998->080201 (2008)->461305 (2020)
FOR1998,280402,Mathematical Logic and Formal Languages,FOR,461303,Computational logic and formal languages,field,True,explicit_official_transitive,0.9,FOR1998->080203 (2008)->461303 (2020)
FOR1998,280403,Logics and Meanings of Programs,FOR,461399,Theory of computation not elsewhere classified,field,True,explicit_official_transitive,0.333,FOR1998->080299 (2008)->461399 (2020)
FOR1998,280404,Numerical Analysis,FOR,490302,Numerical analysis,field,True,explicit_official_transitive,0.9,FOR1998->010301 (2008)->490302 (2020)
FOR1998,280404,Numerical Analysis,FOR,461306,Numerical computation and mathematical software,field,False,explicit_official_transitive,0.615,FOR1998->080205 (2008)->461306 (2020)
FOR1998,280405,Discrete Mathematics,FOR,490404,Combinatorics and discrete mathematics (excl. physical combinatorics),field,False,explicit_official_transitive,0.449,FOR1998->010104 (2008)->490404 (2020)
FOR1998,280405,Discrete Mathematics,FOR,490199,Applied mathematics not elsewhere classified,field,True,explicit_official_transitive,0.833,FOR1998->080202 (2008)->490199 (2020)
FOR1998,280406,Mathematical Software,FOR,461306,Numerical computation and mathematical software,field,True,explicit_official_transitive,0.9,FOR1998->080204 (2008)->461306 (2020)
FOR1998,280499,Computation Theory and Mathematics not elsewhere classified,FOR,461399,Theory of computation not elsewhere classified,field,True,explicit_official_transitive,0.9,FOR1998->080299 (2008)->461399 (2020)
FOR1998,2805,Data Format,FOR,4613,Theory of computation,group,False,derived_empirical,0.286,"rolled up from 7 FOR1998 leaf-level mapping(s), 2 agreeing"
FOR1998,2805,Data Format,FOR,4604,Cybersecurity and privacy,group,True,derived_empirical,0.714,"rolled up from 7 FOR1998 leaf-level mapping(s), 5 agreeing"
FOR1998,280501,Data Structures,FOR,461305,Data structures and algorithms,field,True,explicit_official_transitive,0.9,FOR1998->080403 (2008)->461305 (2020)
FOR1998,280502,Data Storage Representations,FOR,460402,Data and information privacy,field,True,explicit_official_transitive,0.344,FOR1998->080499 (2008)->460402 (2020)
FOR1998,280503,Files,FOR,460402,Data and information privacy,field,True,explicit_official_transitive,0.146,FOR1998->080499 (2008)->460402 (2020)
FOR1998,280504,Data Encryption,FOR,460401,Cryptography,field,True,explicit_official_transitive,0.9,FOR1998->080402 (2008)->460401 (2020)
FOR1998,280505,Data Security,FOR,460402,Data and information privacy,field,True,explicit_official_transitive,0.367,FOR1998->080499 (2008)->460402 (2020)
FOR1998,280506,Coding and Information Theory,FOR,461301,"Coding, information theory and compression",field,True,explicit_official_transitive,0.9,FOR1998->080401 (2008)->461301 (2020)
FOR1998,280599,Data Format not elsewhere classified,FOR,460402,Data and information privacy,field,True,explicit_official_transitive,0.9,FOR1998->080499 (2008)->460402 (2020)
FOR1998,280599,Data Format not elsewhere classified,FOR,460999,Information systems not elsewhere classified,field,False,explicit_official_transitive,0.231,FOR1998->080404 (2008)->460999 (2020)
FOR1998,2899,"Other Information, Computing and Communication Sciences",FOR,4606,Distributed computing and systems software,group,True,derived_empirical,1.0,"rolled up from 1 FOR1998 leaf-level mapping(s), 1 agreeing"
FOR1998,289999,"Other Information, Computing and Communication Sciences",FOR,461002,Human information behaviour,field,False,explicit_official_transitive,0.415,FOR1998->080703 (2008)->461002 (2020)
FOR1998,289999,"Other Information, Computing and Communication Sciences",FOR,450608,Aboriginal and Torres Strait Islander knowledge management methods,field,False,explicit_official_transitive,0.283,FOR1998->080701 (2008)->450608 (2020)
FOR1998,289999,"Other Information, Computing and Communication Sciences",FOR,460609,Networking and communications,field,True,explicit_official_transitive,0.595,FOR1998->080503 (2008)->460609 (2020)
FOR1998,289999,"Other Information, Computing and Communication Sciences",FOR,420308,Health informatics and information systems,field,False,explicit_official_transitive,0.384,FOR1998->080702 (2008)->420308 (2020)
FOR1998,289999,"Other Information, Computing and Communication Sciences",FOR,460605,Distributed systems and algorithms,field,False,explicit_official_transitive,0.361,FOR1998->080501 (2008)->460605 (2020)
FOR1998,289999,"Other Information, Computing and Communication Sciences",FOR,460699,Distributed computing and systems software not elsewhere classified,field,False,explicit_official_transitive,0.376,FOR1998->080599 (2008)->460699 (2020)
FOR1998,289999,"Other Information, Computing and Communication Sciences",FOR,461005,Informetrics,field,False,explicit_official_transitive,0.299,FOR1998->080705 (2008)->461005 (2020)
FOR1998,289999,"Other Information, Computing and Communication Sciences",FOR,460612,Service oriented computing,field,False,explicit_official_transitive,0.156,FOR1998->080505 (2008)->460612 (2020)
FOR1998,289999,"Other Information, Computing and Communication Sciences",FOR,469999,Other information and computing sciences not elsewhere classified,field,False,explicit_official_transitive,0.526,FOR1998->089999 (2008)->469999 (2020)
FOR1998,289999,"Other Information, Computing and Communication Sciences",FOR,461099,Library and information studies not elsewhere classified,field,False,explicit_official_transitive,0.324,FOR1998->080799 (2008)->461099 (2020)
FOR1998,289999,"Other Information, Computing and Communication Sciences",FOR,461010,Social and community informatics,field,False,explicit_official_transitive,0.437,FOR1998->080709 (2008)->461010 (2020)
FOR1998,289999,"Other Information, Computing and Communication Sciences",FOR,461008,Organisation of information and knowledge resources,field,False,explicit_official_transitive,0.453,FOR1998->080707 (2008)->461008 (2020)
FOR1998,289999,"Other Information, Computing and Communication Sciences",FOR,460809,Pervasive computing,field,False,explicit_official_transitive,0.293,FOR1998->080504 (2008)->460809 (2020)
FOR1998,289999,"Other Information, Computing and Communication Sciences",FOR,460608,Mobile computing,field,False,explicit_official_transitive,0.27,FOR1998->080502 (2008)->460608 (2020)
FOR1998,29,ENGINEERING AND TECHNOLOGY,FOR,46,INFORMATION AND COMPUTING SCIENCES,division,False,derived_empirical,0.01,"rolled up from 105 FOR1998 leaf-level mapping(s), 1 agreeing"
FOR1998,29,ENGINEERING AND TECHNOLOGY,FOR,40,ENGINEERING,division,True,derived_empirical,0.914,"rolled up from 105 FOR1998 leaf-level mapping(s), 96 agreeing"
FOR1998,29,ENGINEERING AND TECHNOLOGY,FOR,31,BIOLOGICAL SCIENCES,division,False,derived_empirical,0.029,"rolled up from 105 FOR1998 leaf-level mapping(s), 3 agreeing"
FOR1998,29,ENGINEERING AND TECHNOLOGY,FOR,30,"AGRICULTURAL, VETERINARY AND FOOD SCIENCES",division,False,derived_empirical,0.019,"rolled up from 105 FOR1998 leaf-level mapping(s), 2 agreeing"
FOR1998,29,ENGINEERING AND TECHNOLOGY,FOR,37,EARTH SCIENCES,division,False,derived_empirical,0.01,"rolled up from 105 FOR1998 leaf-level mapping(s), 1 agreeing"
FOR1998,29,ENGINEERING AND TECHNOLOGY,FOR,41,ENVIRONMENTAL SCIENCES,division,False,derived_empirical,0.01,"rolled up from 105 FOR1998 leaf-level mapping(s), 1 agreeing"
FOR1998,29,ENGINEERING AND TECHNOLOGY,FOR,32,BIOMEDICAL AND CLINICAL SCIENCES,division,False,derived_empirical,0.01,"rolled up from 105 FOR1998 leaf-level mapping(s), 1 agreeing"
FOR1998,2901,Industrial Biotechnology and Food Sciences,FOR,4004,Chemical engineering,group,False,derived_empirical,0.2,"rolled up from 5 FOR1998 leaf-level mapping(s), 1 agreeing"
FOR1998,2901,Industrial Biotechnology and Food Sciences,FOR,3006,Food sciences,group,False,derived_empirical,0.4,"rolled up from 5 FOR1998 leaf-level mapping(s), 2 agreeing"
FOR1998,2901,Industrial Biotechnology and Food Sciences,FOR,3106,Industrial biotechnology,group,True,derived_empirical,0.4,"rolled up from 5 FOR1998 leaf-level mapping(s), 2 agreeing"
FOR1998,290101,"Fermentation, Biotechnology and Industrial Microbiology",FOR,310603,Fermentation,field,False,explicit_official_transitive,0.358,FOR1998->100303 (2008)->310603 (2020)
FOR1998,290101,"Fermentation, Biotechnology and Industrial Microbiology",FOR,310602,"Bioprocessing, bioproduction and bioproducts",field,False,explicit_official_transitive,0.384,FOR1998->100302 (2008)->310602 (2020)
FOR1998,290101,"Fermentation, Biotechnology and Industrial Microbiology",FOR,310605,Industrial microbiology (incl. biofeedstocks),field,True,explicit_official_transitive,0.46,FOR1998->100305 (2008)->310605 (2020)
FOR1998,290102,Food Engineering,FOR,400405,Food engineering,field,True,explicit_official_transitive,0.9,FOR1998->090802 (2008)->400405 (2020)
FOR1998,290103,Food Processing,FOR,300604,"Food packaging, preservation and processing",field,True,explicit_official_transitive,0.9,FOR1998->090805 (2008)->300604 (2020)
FOR1998,290104,Other Food Sciences,FOR,300603,Food nutritional balance,field,False,explicit_official_transitive,0.419,FOR1998->090803 (2008)->300603 (2020)
FOR1998,290104,Other Food Sciences,FOR,300604,"Food packaging, preservation and processing",field,False,explicit_official_transitive,0.345,FOR1998->090804 (2008)->300604 (2020)
FOR1998,290104,Other Food Sciences,FOR,300602,Food chemistry and food sensory science,field,False,explicit_official_transitive,0.254,FOR1998->090801 (2008)->300602 (2020)
FOR1998,290104,Other Food Sciences,FOR,300601,Beverage chemistry and beverage sensory science,field,False,explicit_official_transitive,0.448,FOR1998->090806 (2008)->300601 (2020)
FOR1998,290104,Other Food Sciences,FOR,300699,Food sciences not elsewhere classified,field,True,explicit_official_transitive,0.456,FOR1998->090899 (2008)->300699 (2020)
FOR1998,290105,Other Industrial Biotechnology,FOR,310601,Biocatalysis and enzyme technology,field,False,explicit_official_transitive,0.406,FOR1998->100301 (2008)->310601 (2020)
FOR1998,290105,Other Industrial Biotechnology,FOR,310606,Industrial molecular engineering of nucleic acids and proteins,field,False,explicit_official_transitive,0.348,FOR1998->100306 (2008)->310606 (2020)
FOR1998,290105,Other Industrial Biotechnology,FOR,310699,Industrial biotechnology not elsewhere classified,field,True,explicit_official_transitive,0.608,FOR1998->100399 (2008)->310699 (2020)
FOR1998,290105,Other Industrial Biotechnology,FOR,310602,"Bioprocessing, bioproduction and bioproducts",field,False,explicit_official_transitive,0.27,FOR1998->100302 (2008)->310602 (2020)
FOR1998,2902,Aerospace Engineering,FOR,4001,Aerospace engineering,group,True,derived_empirical,0.875,"rolled up from 8 FOR1998 leaf-level mapping(s), 7 agreeing"
FOR1998,2902,Aerospace Engineering,FOR,4012,Fluid mechanics and thermal engineering,group,False,derived_empirical,0.125,"rolled up from 8 FOR1998 leaf-level mapping(s), 1 agreeing"
FOR1998,290201,Aerodynamics,FOR,400106,Hypersonic propulsion and hypersonic aerothermodynamics,field,False,explicit_official_transitive,0.393,FOR1998->090107 (2008)->400106 (2020)
FOR1998,290201,Aerodynamics,FOR,401201,Aerodynamics (excl. hypersonic aerodynamics),field,True,explicit_official_transitive,0.429,FOR1998->090101 (2008)->401201 (2020)
FOR1998,290202,Flight Dynamics,FOR,400105,Flight dynamics,field,True,explicit_official_transitive,0.9,FOR1998->090106 (2008)->400105 (2020)
FOR1998,290203,Aerospace Structures,FOR,400102,Aerospace structures,field,True,explicit_official_transitive,0.9,FOR1998->090103 (2008)->400102 (2020)
FOR1998,290204,Aircraft Performance,FOR,400103,Aircraft performance and flight control systems,field,True,explicit_official_transitive,0.597,FOR1998->090104 (2008)->400103 (2020)
FOR1998,290205,Flight Control Systems,FOR,400103,Aircraft performance and flight control systems,field,True,explicit_official_transitive,0.638,FOR1998->090104 (2008)->400103 (2020)
FOR1998,290206,Aerospace Electrical Systems,FOR,400199,Aerospace engineering not elsewhere classified,field,True,explicit_official_transitive,0.514,FOR1998->090199 (2008)->400199 (2020)
FOR1998,290207,"Satellite, Space Vehicle and Missile Design",FOR,400107,"Satellite, space vehicle and missile design and testing",field,True,explicit_official_transitive,0.878,FOR1998->090108 (2008)->400107 (2020)
FOR1998,290299,Aerospace Engineering not elsewhere classified,FOR,400104,Avionics,field,False,explicit_official_transitive,0.111,FOR1998->090105 (2008)->400104 (2020)
FOR1998,290299,Aerospace Engineering not elsewhere classified,FOR,400107,"Satellite, space vehicle and missile design and testing",field,False,explicit_official_transitive,0.317,FOR1998->090108 (2008)->400107 (2020)
FOR1998,290299,Aerospace Engineering not elsewhere classified,FOR,400101,Aerospace materials,field,False,explicit_official_transitive,0.462,FOR1998->090102 (2008)->400101 (2020)
FOR1998,290299,Aerospace Engineering not elsewhere classified,FOR,400199,Aerospace engineering not elsewhere classified,field,True,explicit_official_transitive,0.9,FOR1998->090199 (2008)->400199 (2020)
FOR1998,2903,Manufacturing Engineering,FOR,4002,Automotive engineering,group,False,derived_empirical,0.1,"rolled up from 10 FOR1998 leaf-level mapping(s), 1 agreeing"
FOR1998,2903,Manufacturing Engineering,FOR,4007,"Control engineering, mechatronics and robotics",group,False,derived_empirical,0.1,"rolled up from 10 FOR1998 leaf-level mapping(s), 1 agreeing"
FOR1998,2903,Manufacturing Engineering,FOR,4014,Manufacturing engineering,group,True,derived_empirical,0.8,"rolled up from 10 FOR1998 leaf-level mapping(s), 8 agreeing"
FOR1998,290301,Robotics and Mechatronics,FOR,400701,Assistive robots and technology,field,False,explicit_official_transitive,0.554,FOR1998->090602 (2008)->400701 (2020)
FOR1998,290301,Robotics and Mechatronics,FOR,400203,Automotive mechatronics and autonomous systems,field,True,explicit_official_transitive,0.708,FOR1998->090203 (2008)->400203 (2020)
FOR1998,290301,Robotics and Mechatronics,FOR,400707,Manufacturing robotics,field,False,explicit_official_transitive,0.521,FOR1998->091007 (2008)->400707 (2020)
FOR1998,290302,Flexible Manufacturing Systems,FOR,401403,Flexible manufacturing systems,field,True,explicit_official_transitive,0.9,FOR1998->091002 (2008)->401403 (2020)
FOR1998,290303,CAD/CAM Systems,FOR,401402,CAD/CAM systems,field,True,explicit_official_transitive,0.9,FOR1998->091001 (2008)->401402 (2020)
FOR1998,290304,Control Engineering,FOR,400702,Automation engineering,field,True,explicit_official_transitive,0.717,FOR1998->091302 (2008)->400702 (2020)
FOR1998,290305,Welding Technology,FOR,401408,Manufacturing processes and technologies (excl. textiles),field,True,explicit_official_transitive,0.347,FOR1998->091006 (2008)->401408 (2020)
FOR1998,290306,Textile Technology,FOR,401413,Textile technology,field,True,explicit_official_transitive,0.9,FOR1998->091012 (2008)->401413 (2020)
FOR1998,290307,Printing Technology,FOR,401408,Manufacturing processes and technologies (excl. textiles),field,True,explicit_official_transitive,0.368,FOR1998->091006 (2008)->401408 (2020)
FOR1998,290308,"Packaging, Storage and Transportation",FOR,401411,"Packaging, storage and transportation (excl. food and agricultural products)",field,True,explicit_official_transitive,0.9,FOR1998->091010 (2008)->401411 (2020)
FOR1998,290309,Safety and Quality,FOR,401409,Manufacturing safety and quality,field,True,explicit_official_transitive,0.9,FOR1998->091008 (2008)->401409 (2020)
FOR1998,290399,Manufacturing Engineering not elsewhere classified,FOR,401407,Manufacturing management,field,False,explicit_official_transitive,0.459,FOR1998->091005 (2008)->401407 (2020)
FOR1998,290399,Manufacturing Engineering not elsewhere classified,FOR,401412,Precision engineering,field,False,explicit_official_transitive,0.366,FOR1998->091011 (2008)->401412 (2020)
FOR1998,290399,Manufacturing Engineering not elsewhere classified,FOR,401405,Machine tools,field,False,explicit_official_transitive,0.317,FOR1998->091003 (2008)->401405 (2020)
FOR1998,290399,Manufacturing Engineering not elsewhere classified,FOR,401499,Manufacturing engineering not elsewhere classified,field,True,explicit_official_transitive,0.9,FOR1998->091099 (2008)->401499 (2020)
FOR1998,290399,Manufacturing Engineering not elsewhere classified,FOR,401406,Machining,field,False,explicit_official_transitive,0.203,FOR1998->091004 (2008)->401406 (2020)
FOR1998,290399,Manufacturing Engineering not elsewhere classified,FOR,401410,Microtechnology,field,False,explicit_official_transitive,0.215,FOR1998->091009 (2008)->401410 (2020)
FOR1998,2904,Automotive Engineering,FOR,4002,Automotive engineering,group,True,derived_empirical,1.0,"rolled up from 1 FOR1998 leaf-level mapping(s), 1 agreeing"
FOR1998,290401,Automotive Engineering,FOR,400204,Automotive safety engineering,field,True,explicit_official_transitive,0.863,FOR1998->090204 (2008)->400204 (2020)
FOR1998,290401,Automotive Engineering,FOR,400202,Automotive engineering materials,field,False,explicit_official_transitive,0.815,FOR1998->090202 (2008)->400202 (2020)
FOR1998,290401,Automotive Engineering,FOR,400299,Automotive engineering not elsewhere classified,field,False,explicit_official_transitive,0.638,FOR1998->090299 (2008)->400299 (2020)
FOR1998,290401,Automotive Engineering,FOR,400203,Automotive mechatronics and autonomous systems,field,False,explicit_official_transitive,0.622,FOR1998->090203 (2008)->400203 (2020)
FOR1998,290401,Automotive Engineering,FOR,400205,Hybrid and electric vehicles and powertrains,field,False,explicit_official_transitive,0.264,FOR1998->090205 (2008)->400205 (2020)
FOR1998,2905,Mechanical and Industrial Engineering,FOR,4007,"Control engineering, mechatronics and robotics",group,False,derived_empirical,0.5,"rolled up from 2 FOR1998 leaf-level mapping(s), 1 agreeing"
FOR1998,2905,Mechanical and Industrial Engineering,FOR,4017,Mechanical engineering,group,True,derived_empirical,0.5,"rolled up from 2 FOR1998 leaf-level mapping(s), 1 agreeing"
FOR1998,290501,Mechanical Engineering,FOR,401799,Mechanical engineering not elsewhere classified,field,True,explicit_official_transitive,0.638,FOR1998->091399 (2008)->401799 (2020)
FOR1998,290501,Mechanical Engineering,FOR,400702,Automation engineering,field,False,explicit_official_transitive,0.607,FOR1998->091302 (2008)->400702 (2020)
FOR1998,290501,Mechanical Engineering,FOR,401707,Solid mechanics,field,False,explicit_official_transitive,0.432,FOR1998->091308 (2008)->401707 (2020)
FOR1998,290501,Mechanical Engineering,FOR,401705,Microelectromechanical systems (MEMS),field,False,explicit_official_transitive,0.441,FOR1998->091306 (2008)->401705 (2020)
FOR1998,290501,Mechanical Engineering,FOR,401703,"Energy generation, conversion and storage (excl. chemical and electrical)",field,False,explicit_official_transitive,0.453,FOR1998->091305 (2008)->401703 (2020)
FOR1998,290501,Mechanical Engineering,FOR,400703,Autonomous vehicle systems,field,False,explicit_official_transitive,0.341,FOR1998->091303 (2008)->400703 (2020)
FOR1998,290501,Mechanical Engineering,FOR,401702,"Dynamics, vibration and vibration control",field,False,explicit_official_transitive,0.222,FOR1998->091304 (2008)->401702 (2020)
FOR1998,290501,Mechanical Engineering,FOR,401708,Tribology,field,False,explicit_official_transitive,0.194,FOR1998->091309 (2008)->401708 (2020)
FOR1998,290501,Mechanical Engineering,FOR,401701,Acoustics and noise control (excl. architectural acoustics),field,False,explicit_official_transitive,0.148,FOR1998->091301 (2008)->401701 (2020)
FOR1998,290501,Mechanical Engineering,FOR,401706,Numerical modelling and mechanical characterisation,field,False,explicit_official_transitive,0.411,FOR1998->091307 (2008)->401706 (2020)
FOR1998,290502,Industrial Engineering,FOR,401701,Acoustics and noise control (excl. architectural acoustics),field,False,explicit_official_transitive,0.222,FOR1998->091301 (2008)->401701 (2020)
FOR1998,290502,Industrial Engineering,FOR,400703,Autonomous vehicle systems,field,False,explicit_official_transitive,0.293,FOR1998->091303 (2008)->400703 (2020)
FOR1998,290502,Industrial Engineering,FOR,401705,Microelectromechanical systems (MEMS),field,False,explicit_official_transitive,0.305,FOR1998->091306 (2008)->401705 (2020)
FOR1998,290502,Industrial Engineering,FOR,401706,Numerical modelling and mechanical characterisation,field,False,explicit_official_transitive,0.411,FOR1998->091307 (2008)->401706 (2020)
FOR1998,290502,Industrial Engineering,FOR,401799,Mechanical engineering not elsewhere classified,field,False,explicit_official_transitive,0.435,FOR1998->091399 (2008)->401799 (2020)
FOR1998,290502,Industrial Engineering,FOR,401707,Solid mechanics,field,False,explicit_official_transitive,0.162,FOR1998->091308 (2008)->401707 (2020)
FOR1998,290502,Industrial Engineering,FOR,401702,"Dynamics, vibration and vibration control",field,False,explicit_official_transitive,0.19,FOR1998->091304 (2008)->401702 (2020)
FOR1998,290502,Industrial Engineering,FOR,401703,"Energy generation, conversion and storage (excl. chemical and electrical)",field,False,explicit_official_transitive,0.507,FOR1998->091305 (2008)->401703 (2020)
FOR1998,290502,Industrial Engineering,FOR,400702,Automation engineering,field,True,explicit_official_transitive,0.643,FOR1998->091302 (2008)->400702 (2020)
FOR1998,290502,Industrial Engineering,FOR,401708,Tribology,field,False,explicit_official_transitive,0.323,FOR1998->091309 (2008)->401708 (2020)
FOR1998,2906,Chemical Engineering,FOR,4004,Chemical engineering,group,True,derived_empirical,1.0,"rolled up from 4 FOR1998 leaf-level mapping(s), 4 agreeing"
FOR1998,290601,Chemical Engineering Design,FOR,400403,Chemical engineering design,field,True,explicit_official_transitive,0.9,FOR1998->090403 (2008)->400403 (2020)
FOR1998,290602,Process Control and Simulation,FOR,400407,Process control and simulation,field,True,explicit_official_transitive,0.9,FOR1998->090407 (2008)->400407 (2020)
FOR1998,290603,Membrane and Separation Technologies,FOR,400409,Separation technologies,field,True,explicit_official_transitive,0.9,FOR1998->090404 (2008)->400409 (2020)
FOR1998,290699,Chemical Engineering not elsewhere classified,FOR,400406,Powder and particle technology,field,False,explicit_official_transitive,0.133,FOR1998->090406 (2008)->400406 (2020)
FOR1998,290699,Chemical Engineering not elsewhere classified,FOR,400411,Water treatment processes,field,False,explicit_official_transitive,0.286,FOR1998->090410 (2008)->400411 (2020)
FOR1998,290699,Chemical Engineering not elsewhere classified,FOR,400408,Reaction engineering (excl. nuclear reactions),field,False,explicit_official_transitive,0.405,FOR1998->090402 (2008)->400408 (2020)
FOR1998,290699,Chemical Engineering not elsewhere classified,FOR,400410,Wastewater treatment processes,field,False,explicit_official_transitive,0.267,FOR1998->090409 (2008)->400410 (2020)
FOR1998,290699,Chemical Engineering not elsewhere classified,FOR,401212,Non-Newtonian fluid flows (incl. rheology),field,False,explicit_official_transitive,0.151,FOR1998->090408 (2008)->401212 (2020)
FOR1998,290699,Chemical Engineering not elsewhere classified,FOR,400401,Carbon capture engineering (excl. sequestration),field,False,explicit_official_transitive,0.473,FOR1998->090401 (2008)->400401 (2020)
FOR1998,290699,Chemical Engineering not elsewhere classified,FOR,400499,Chemical engineering not elsewhere classified,field,True,explicit_official_transitive,0.9,FOR1998->090499 (2008)->400499 (2020)
FOR1998,2907,Resources Engineering,FOR,4019,Resources engineering and extractive metallurgy,group,True,derived_empirical,1.0,"rolled up from 5 FOR1998 leaf-level mapping(s), 5 agreeing"
FOR1998,290701,Mining Engineering,FOR,401905,Mining engineering,field,True,explicit_official_transitive,0.9,FOR1998->091405 (2008)->401905 (2020)
FOR1998,290702,Mineral Processing,FOR,401904,Mineral processing/beneficiation,field,True,explicit_official_transitive,0.9,FOR1998->091404 (2008)->401904 (2020)
FOR1998,290703,Petroleum and Reservoir Engineering,FOR,401907,Petroleum and reservoir engineering,field,True,explicit_official_transitive,0.9,FOR1998->091406 (2008)->401907 (2020)
FOR1998,290704,Geomechanics,FOR,401902,Geomechanics and resources geotechnical engineering,field,True,explicit_official_transitive,0.381,FOR1998->091402 (2008)->401902 (2020)
FOR1998,290799,Resources Engineering not elsewhere classified,FOR,401999,Resources engineering and extractive metallurgy not elsewhere classified,field,True,explicit_official_transitive,0.9,FOR1998->091499 (2008)->401999 (2020)
FOR1998,2908,Civil Engineering,FOR,4005,Civil engineering,group,True,derived_empirical,1.0,"rolled up from 6 FOR1998 leaf-level mapping(s), 6 agreeing"
FOR1998,290801,Structural Engineering,FOR,400510,Structural engineering,field,True,explicit_official_transitive,0.9,FOR1998->090506 (2008)->400510 (2020)
FOR1998,290802,Water and Sanitary Engineering,FOR,400513,Water resources engineering,field,True,explicit_official_transitive,0.8,FOR1998->090508 (2008)->400513 (2020)
FOR1998,290802,Water and Sanitary Engineering,FOR,400513,Water resources engineering,field,False,explicit_official_transitive,0.702,FOR1998->090509 (2008)->400513 (2020)
FOR1998,290803,Transport Engineering,FOR,400512,Transport engineering,field,True,explicit_official_transitive,0.9,FOR1998->090507 (2008)->400512 (2020)
FOR1998,290804,Construction Engineering,FOR,400504,Construction engineering,field,True,explicit_official_transitive,0.9,FOR1998->090502 (2008)->400504 (2020)
FOR1998,290805,Geotechnical Engineering,FOR,400502,Civil geotechnical engineering,field,True,explicit_official_transitive,0.889,FOR1998->090501 (2008)->400502 (2020)
FOR1998,290805,Geotechnical Engineering,FOR,401902,Geomechanics and resources geotechnical engineering,field,False,explicit_official_transitive,0.64,FOR1998->091402 (2008)->401902 (2020)
FOR1998,290899,Civil Engineering not elsewhere classified,FOR,400599,Civil engineering not elsewhere classified,field,True,explicit_official_transitive,0.9,FOR1998->090599 (2008)->400599 (2020)
FOR1998,290899,Civil Engineering not elsewhere classified,FOR,400508,Infrastructure engineering and asset management,field,False,explicit_official_transitive,0.449,FOR1998->090505 (2008)->400508 (2020)
FOR1998,290899,Civil Engineering not elsewhere classified,FOR,400506,Earthquake engineering,field,False,explicit_official_transitive,0.375,FOR1998->090504 (2008)->400506 (2020)
FOR1998,290899,Civil Engineering not elsewhere classified,FOR,400505,Construction materials,field,False,explicit_official_transitive,0.25,FOR1998->090503 (2008)->400505 (2020)
FOR1998,2909,Electrical and Electronic Engineering,FOR,4008,Electrical engineering,group,False,derived_empirical,0.333,"rolled up from 3 FOR1998 leaf-level mapping(s), 1 agreeing"
FOR1998,2909,Electrical and Electronic Engineering,FOR,4009,"Electronics, sensors and digital hardware",group,True,derived_empirical,0.667,"rolled up from 3 FOR1998 leaf-level mapping(s), 2 agreeing"
FOR1998,290901,Electrical Engineering,FOR,400910,Photovoltaic devices (solar cells),field,False,explicit_official_transitive,0.406,FOR1998->090605 (2008)->400910 (2020)
FOR1998,290901,Electrical Engineering,FOR,400803,"Electrical energy generation (incl. renewables, excl. photovoltaics)",field,False,explicit_official_transitive,0.366,FOR1998->090607 (2008)->400803 (2020)
FOR1998,290901,Electrical Engineering,FOR,400909,"Photonic and electro-optical devices, sensors and systems (excl. communications)",field,True,explicit_official_transitive,0.512,FOR1998->090606 (2008)->400909 (2020)
FOR1998,290901,Electrical Engineering,FOR,400803,"Electrical energy generation (incl. renewables, excl. photovoltaics)",field,False,explicit_official_transitive,0.364,FOR1998->090608 (2008)->400803 (2020)
FOR1998,290901,Electrical Engineering,FOR,400701,Assistive robots and technology,field,False,explicit_official_transitive,0.258,FOR1998->090602 (2008)->400701 (2020)
FOR1998,290902,Integrated Circuits,FOR,400801,Circuits and systems,field,False,explicit_official_transitive,0.41,FOR1998->090601 (2008)->400801 (2020)
FOR1998,290902,Integrated Circuits,FOR,400908,Microelectronics,field,True,explicit_official_transitive,0.644,FOR1998->090604 (2008)->400908 (2020)
FOR1998,290902,Integrated Circuits,FOR,400907,Industrial electronics,field,False,explicit_official_transitive,0.341,FOR1998->090603 (2008)->400907 (2020)
FOR1998,290903,Other Electronic Engineering,FOR,400899,Electrical engineering not elsewhere classified,field,True,explicit_official_transitive,0.556,FOR1998->090699 (2008)->400899 (2020)
FOR1998,290903,Other Electronic Engineering,FOR,400907,Industrial electronics,field,False,explicit_official_transitive,0.52,FOR1998->090603 (2008)->400907 (2020)
FOR1998,290903,Other Electronic Engineering,FOR,400801,Circuits and systems,field,False,explicit_official_transitive,0.083,FOR1998->090601 (2008)->400801 (2020)
FOR1998,2910,Geomatic Engineering,FOR,4013,Geomatic engineering,group,True,derived_empirical,0.857,"rolled up from 7 FOR1998 leaf-level mapping(s), 6 agreeing"
FOR1998,2910,Geomatic Engineering,FOR,3706,Geophysics,group,False,derived_empirical,0.143,"rolled up from 7 FOR1998 leaf-level mapping(s), 1 agreeing"
FOR1998,291001,Geodesy,FOR,370603,Geodesy,field,True,explicit_official_transitive,0.9,FOR1998->090902 (2008)->370603 (2020)
FOR1998,291002,Surveying,FOR,401306,Surveying (incl. hydrographic surveying),field,True,explicit_official_transitive,0.367,FOR1998->090906 (2008)->401306 (2020)
FOR1998,291003,Photogrammetry and Remote Sensing,FOR,401304,Photogrammetry and remote sensing,field,True,explicit_official_transitive,0.9,FOR1998->090905 (2008)->401304 (2020)
FOR1998,291004,Spatial Information Systems,FOR,401302,Geospatial information systems and geospatial data modelling,field,True,explicit_official_transitive,0.9,FOR1998->090903 (2008)->401302 (2020)
FOR1998,291005,Navigation and Position Fixing,FOR,401303,Navigation and position fixing,field,True,explicit_official_transitive,0.9,FOR1998->090904 (2008)->401303 (2020)
FOR1998,291006,Cartography,FOR,401301,Cartography and digital mapping,field,True,explicit_official_transitive,0.9,FOR1998->090901 (2008)->401301 (2020)
FOR1998,291099,Geomatic Engineering not elsewhere classified,FOR,401399,Geomatic engineering not elsewhere classified,field,True,explicit_official_transitive,0.9,FOR1998->090999 (2008)->401399 (2020)
FOR1998,291099,Geomatic Engineering not elsewhere classified,FOR,401306,Surveying (incl. hydrographic surveying),field,False,explicit_official_transitive,0.259,FOR1998->090906 (2008)->401306 (2020)
FOR1998,2911,Environmental Engineering,FOR,4103,Environmental biotechnology,group,False,derived_empirical,0.2,"rolled up from 5 FOR1998 leaf-level mapping(s), 1 agreeing"
FOR1998,2911,Environmental Engineering,FOR,4011,Environmental engineering,group,True,derived_empirical,0.8,"rolled up from 5 FOR1998 leaf-level mapping(s), 4 agreeing"
FOR1998,291101,Environmental Engineering Modelling,FOR,401102,Environmentally sustainable engineering,field,True,explicit_official_transitive,0.9,FOR1998->090702 (2008)->401102 (2020)
FOR1998,291102,Bio-remediation,FOR,410303,Bioremediation,field,True,explicit_official_transitive,0.9,FOR1998->100203 (2008)->410303 (2020)
FOR1998,291103,Environmental Engineering Design,FOR,401102,Environmentally sustainable engineering,field,True,explicit_official_transitive,0.9,FOR1998->090701 (2008)->401102 (2020)
FOR1998,291104,Environmental Technologies,FOR,401102,Environmentally sustainable engineering,field,True,explicit_official_transitive,0.9,FOR1998->090703 (2008)->401102 (2020)
FOR1998,291199,Environmental Engineering not elsewhere classified,FOR,401199,Environmental engineering not elsewhere classified,field,True,explicit_official_transitive,0.9,FOR1998->090799 (2008)->401199 (2020)
FOR1998,2912,Maritime Engineering,FOR,4015,Maritime engineering,group,True,derived_empirical,1.0,"rolled up from 7 FOR1998 leaf-level mapping(s), 7 agreeing"
FOR1998,291201,Naval Architecture,FOR,401502,Naval architecture,field,True,explicit_official_transitive,0.9,FOR1998->091102 (2008)->401502 (2020)
FOR1998,291202,Ship and Platform Hydrodynamics,FOR,401504,Ship and platform structures (incl. maritime hydrodynamics),field,True,explicit_official_transitive,0.9,FOR1998->091104 (2008)->401504 (2020)
FOR1998,291203,Ship and Platform Structures,FOR,401504,Ship and platform structures (incl. maritime hydrodynamics),field,True,explicit_official_transitive,0.9,FOR1998->091105 (2008)->401504 (2020)
FOR1998,291204,Marine Engineering,FOR,401501,Marine engineering,field,True,explicit_official_transitive,0.9,FOR1998->091101 (2008)->401501 (2020)
FOR1998,291205,Ocean Engineering,FOR,401503,Ocean engineering,field,True,explicit_official_transitive,0.9,FOR1998->091103 (2008)->401503 (2020)
FOR1998,291206,Special Vehicles,FOR,401505,Special vehicles,field,True,explicit_official_transitive,0.9,FOR1998->091106 (2008)->401505 (2020)
FOR1998,291299,Maritime Engineering not elsewhere classified,FOR,401599,Maritime engineering not elsewhere classified,field,True,explicit_official_transitive,0.9,FOR1998->091199 (2008)->401599 (2020)
FOR1998,2913,Metallurgy,FOR,4019,Resources engineering and extractive metallurgy,group,True,derived_empirical,0.5,"rolled up from 2 FOR1998 leaf-level mapping(s), 1 agreeing"
FOR1998,2913,Metallurgy,FOR,4016,Materials engineering,group,False,derived_empirical,0.5,"rolled up from 2 FOR1998 leaf-level mapping(s), 1 agreeing"
FOR1998,291301,Process Metallurgy,FOR,401901,Electrometallurgy,field,False,explicit_official_transitive,0.686,FOR1998->091401 (2008)->401901 (2020)
FOR1998,291301,Process Metallurgy,FOR,401908,Pyrometallurgy,field,True,explicit_official_transitive,0.812,FOR1998->091407 (2008)->401908 (2020)
FOR1998,291301,Process Metallurgy,FOR,401903,Hydrometallurgy,field,False,explicit_official_transitive,0.727,FOR1998->091403 (2008)->401903 (2020)
FOR1998,291302,Physical Metallurgy,FOR,401607,Metals and alloy materials,field,True,explicit_official_transitive,0.311,FOR1998->091207 (2008)->401607 (2020)
FOR1998,2914,Materials Engineering,FOR,4016,Materials engineering,group,True,derived_empirical,1.0,"rolled up from 8 FOR1998 leaf-level mapping(s), 8 agreeing"
FOR1998,291401,Polymers,FOR,401609,Polymers and plastics,field,True,explicit_official_transitive,0.552,FOR1998->091209 (2008)->401609 (2020)
FOR1998,291402,Composite Materials,FOR,401602,Composite and hybrid materials,field,True,explicit_official_transitive,0.776,FOR1998->091202 (2008)->401602 (2020)
FOR1998,291403,Alloy Materials,FOR,401607,Metals and alloy materials,field,True,explicit_official_transitive,0.732,FOR1998->091207 (2008)->401607 (2020)
FOR1998,291404,Ceramics,FOR,401601,Ceramics,field,True,explicit_official_transitive,0.9,FOR1998->091201 (2008)->401601 (2020)
FOR1998,291405,Timber,FOR,401610,"Timber, pulp and paper",field,True,explicit_official_transitive,0.429,FOR1998->091210 (2008)->401610 (2020)
FOR1998,291406,Pulp and Paper,FOR,401610,"Timber, pulp and paper",field,True,explicit_official_transitive,0.778,FOR1998->091210 (2008)->401610 (2020)
FOR1998,291407,Plastics,FOR,401609,Polymers and plastics,field,True,explicit_official_transitive,0.552,FOR1998->091209 (2008)->401609 (2020)
FOR1998,291499,Materials Engineering not elsewhere classified,FOR,401604,Elemental semiconductors,field,False,explicit_official_transitive,0.257,FOR1998->091204 (2008)->401604 (2020)
FOR1998,291499,Materials Engineering not elsewhere classified,FOR,401603,Compound semiconductors,field,False,explicit_official_transitive,0.174,FOR1998->091203 (2008)->401603 (2020)
FOR1998,291499,Materials Engineering not elsewhere classified,FOR,401606,Glass,field,False,explicit_official_transitive,0.196,FOR1998->091206 (2008)->401606 (2020)
FOR1998,291499,Materials Engineering not elsewhere classified,FOR,401605,Functional materials,field,False,explicit_official_transitive,0.273,FOR1998->091205 (2008)->401605 (2020)
FOR1998,291499,Materials Engineering not elsewhere classified,FOR,401608,Organic semiconductors,field,False,explicit_official_transitive,0.206,FOR1998->091208 (2008)->401608 (2020)
FOR1998,291499,Materials Engineering not elsewhere classified,FOR,401699,Materials engineering not elsewhere classified,field,True,explicit_official_transitive,0.9,FOR1998->091299 (2008)->401699 (2020)
FOR1998,291499,Materials Engineering not elsewhere classified,FOR,401602,Composite and hybrid materials,field,False,explicit_official_transitive,0.237,FOR1998->091202 (2008)->401602 (2020)
FOR1998,2915,Biomedical Engineering,FOR,4003,Biomedical engineering,group,True,derived_empirical,1.0,"rolled up from 5 FOR1998 leaf-level mapping(s), 5 agreeing"
FOR1998,291501,Clinical Engineering,FOR,400308,Medical devices,field,True,explicit_official_transitive,0.457,FOR1998->090304 (2008)->400308 (2020)
FOR1998,291501,Clinical Engineering,FOR,400305,Biomedical instrumentation,field,False,explicit_official_transitive,0.435,FOR1998->090303 (2008)->400305 (2020)
FOR1998,291502,Rehabilitation Engineering,FOR,400310,Rehabilitation engineering,field,True,explicit_official_transitive,0.9,FOR1998->090305 (2008)->400310 (2020)
FOR1998,291503,Biomaterials,FOR,400302,Biomaterials,field,True,explicit_official_transitive,0.9,FOR1998->090301 (2008)->400302 (2020)
FOR1998,291504,Biomechanical Engineering,FOR,400303,Biomechanical engineering,field,True,explicit_official_transitive,0.9,FOR1998->090302 (2008)->400303 (2020)
FOR1998,291599,Biomedical Engineering not elsewhere classified,FOR,400399,Biomedical engineering not elsewhere classified,field,True,explicit_official_transitive,0.9,FOR1998->090399 (2008)->400399 (2020)
FOR1998,2916,Computer Hardware,FOR,4606,Distributed computing and systems software,group,False,derived_empirical,0.167,"rolled up from 6 FOR1998 leaf-level mapping(s), 1 agreeing"
FOR1998,2916,Computer Hardware,FOR,4009,"Electronics, sensors and digital hardware",group,True,derived_empirical,0.833,"rolled up from 6 FOR1998 leaf-level mapping(s), 5 agreeing"
FOR1998,291601,Arithmetic and Logic Structures,FOR,400902,Digital electronic devices,field,True,explicit_official_transitive,0.9,FOR1998->100601 (2008)->400902 (2020)
FOR1998,291602,Memory Structures,FOR,400999,"Electronics, sensors and digital hardware not elsewhere classified",field,True,explicit_official_transitive,0.9,FOR1998->100604 (2008)->400999 (2020)
FOR1998,291603,"Input, Output and Data Devices",FOR,400901,Analog electronics and interfaces,field,True,explicit_official_transitive,0.9,FOR1998->100602 (2008)->400901 (2020)
FOR1998,291604,Logic Design,FOR,400902,Digital electronic devices,field,True,explicit_official_transitive,0.9,FOR1998->100603 (2008)->400902 (2020)
FOR1998,291605,Processor Architectures,FOR,400903,Digital processor architectures,field,True,explicit_official_transitive,0.9,FOR1998->100606 (2008)->400903 (2020)
FOR1998,291699,Computer Hardware not elsewhere classified,FOR,400904,"Electronic device and system performance evaluation, testing and simulation",field,False,explicit_official_transitive,0.214,FOR1998->100605 (2008)->400904 (2020)
FOR1998,291699,Computer Hardware not elsewhere classified,FOR,460606,Energy-efficient computing,field,True,explicit_official_transitive,0.9,FOR1998->100699 (2008)->460606 (2020)
FOR1998,2917,Communications Technologies,FOR,4006,Communications engineering,group,True,derived_empirical,1.0,"rolled up from 11 FOR1998 leaf-level mapping(s), 11 agreeing"
FOR1998,291701,Antenna Technology,FOR,400601,Antennas and propagation,field,True,explicit_official_transitive,0.476,FOR1998->100501 (2008)->400601 (2020)
FOR1998,291702,Optical and Photonic Systems,FOR,400605,Optical fibre communication systems and technologies,field,False,explicit_official_transitive,0.5,FOR1998->100506 (2008)->400605 (2020)
FOR1998,291702,Optical and Photonic Systems,FOR,400605,Optical fibre communication systems and technologies,field,True,explicit_official_transitive,0.679,FOR1998->100507 (2008)->400605 (2020)
FOR1998,291703,Digital Systems,FOR,400608,Wireless communication systems and technologies (incl. microwave and millimetrewave),field,False,explicit_official_transitive,0.211,FOR1998->100510 (2008)->400608 (2020)
FOR1998,291703,Digital Systems,FOR,400602,Data communications,field,True,explicit_official_transitive,0.294,FOR1998->100504 (2008)->400602 (2020)
FOR1998,291703,Digital Systems,FOR,400699,Communications engineering not elsewhere classified,field,False,explicit_official_transitive,0.229,FOR1998->100509 (2008)->400699 (2020)
FOR1998,291704,Computer Communications Networks,FOR,400604,Network engineering,field,True,explicit_official_transitive,0.9,FOR1998->100503 (2008)->400604 (2020)
FOR1998,291705,Microwave and Millimetrewave Technology,FOR,400608,Wireless communication systems and technologies (incl. microwave and millimetrewave),field,True,explicit_official_transitive,0.876,FOR1998->100505 (2008)->400608 (2020)
FOR1998,291706,Broadband Network Technology,FOR,400699,Communications engineering not elsewhere classified,field,True,explicit_official_transitive,0.793,FOR1998->100502 (2008)->400699 (2020)
FOR1998,291707,Modem Technology,FOR,400699,Communications engineering not elsewhere classified,field,True,explicit_official_transitive,0.696,FOR1998->100502 (2008)->400699 (2020)
FOR1998,291708,Baseband Technology,FOR,400699,Communications engineering not elsewhere classified,field,True,explicit_official_transitive,0.9,FOR1998->100599 (2008)->400699 (2020)
FOR1998,291709,Satellite Communications,FOR,400606,Satellite communications,field,True,explicit_official_transitive,0.9,FOR1998->100508 (2008)->400606 (2020)
FOR1998,291710,Radio Communications and Broadcasting not elsewhere classified,FOR,400699,Communications engineering not elsewhere classified,field,True,explicit_official_transitive,0.754,FOR1998->100599 (2008)->400699 (2020)
FOR1998,291799,Communications Technologies not elsewhere classified,FOR,400699,Communications engineering not elsewhere classified,field,True,explicit_official_transitive,0.9,FOR1998->100599 (2008)->400699 (2020)
FOR1998,291799,Communications Technologies not elsewhere classified,FOR,400608,Wireless communication systems and technologies (incl. microwave and millimetrewave),field,False,explicit_official_transitive,0.333,FOR1998->100505 (2008)->400608 (2020)
FOR1998,291799,Communications Technologies not elsewhere classified,FOR,400601,Antennas and propagation,field,False,explicit_official_transitive,0.158,FOR1998->100501 (2008)->400601 (2020)
FOR1998,2918,Interdisciplinary Engineering,FOR,4010,Engineering practice and education,group,False,derived_empirical,0.2,"rolled up from 5 FOR1998 leaf-level mapping(s), 1 agreeing"
FOR1998,2918,Interdisciplinary Engineering,FOR,3106,Industrial biotechnology,group,False,derived_empirical,0.2,"rolled up from 5 FOR1998 leaf-level mapping(s), 1 agreeing"
FOR1998,2918,Interdisciplinary Engineering,FOR,4012,Fluid mechanics and thermal engineering,group,True,derived_empirical,0.6,"rolled up from 5 FOR1998 leaf-level mapping(s), 3 agreeing"
FOR1998,291801,Fluidization and Fluid Mechanics,FOR,401299,Fluid mechanics and thermal engineering not elsewhere classified,field,True,explicit_official_transitive,0.9,FOR1998->091504 (2008)->401299 (2020)
FOR1998,291802,Heat and Mass Transfer Operations,FOR,401205,"Experimental methods in fluid flow, heat and mass transfer",field,True,explicit_official_transitive,0.9,FOR1998->091505 (2008)->401205 (2020)
FOR1998,291803,Turbulent Flows,FOR,401213,Turbulent flows,field,True,explicit_official_transitive,0.9,FOR1998->091508 (2008)->401213 (2020)
FOR1998,291804,Nanotechnology,FOR,401804,Nanoelectronics,field,False,explicit_official_transitive,0.483,FOR1998->100705 (2008)->401804 (2020)
FOR1998,291804,Nanotechnology,FOR,401802,Molecular and organic electronics,field,False,explicit_official_transitive,0.255,FOR1998->100702 (2008)->401802 (2020)
FOR1998,291804,Nanotechnology,FOR,401810,Nanoscale characterisation,field,False,explicit_official_transitive,0.35,FOR1998->100712 (2008)->401810 (2020)
FOR1998,291804,Nanotechnology,FOR,401806,Nanomanufacturing,field,False,explicit_official_transitive,0.452,FOR1998->100707 (2008)->401806 (2020)
FOR1998,291804,Nanotechnology,FOR,401807,Nanomaterials,field,False,explicit_official_transitive,0.519,FOR1998->100708 (2008)->401807 (2020)
FOR1998,291804,Nanotechnology,FOR,401809,Nanophotonics,field,False,explicit_official_transitive,0.444,FOR1998->100711 (2008)->401809 (2020)
FOR1998,291804,Nanotechnology,FOR,410306,Environmental nanotechnology and nanometrology,field,False,explicit_official_transitive,0.741,FOR1998->100710 (2008)->410306 (2020)
FOR1998,291804,Nanotechnology,FOR,410306,Environmental nanotechnology and nanometrology,field,False,explicit_official_transitive,0.667,FOR1998->100701 (2008)->410306 (2020)
FOR1998,291804,Nanotechnology,FOR,320604,Nanomedicine,field,False,explicit_official_transitive,0.538,FOR1998->100709 (2008)->320604 (2020)
FOR1998,291804,Nanotechnology,FOR,401899,Nanotechnology not elsewhere classified,field,False,explicit_official_transitive,0.528,FOR1998->100799 (2008)->401899 (2020)
FOR1998,291804,Nanotechnology,FOR,401803,Nanoelectromechanical systems,field,False,explicit_official_transitive,0.512,FOR1998->100704 (2008)->401803 (2020)
FOR1998,291804,Nanotechnology,FOR,310607,Nanobiotechnology,field,True,explicit_official_transitive,0.9,FOR1998->100703 (2008)->310607 (2020)
FOR1998,291804,Nanotechnology,FOR,401805,"Nanofabrication, growth and self assembly",field,False,explicit_official_transitive,0.291,FOR1998->100706 (2008)->401805 (2020)
FOR1998,291804,Nanotechnology,FOR,320605,"Nanotoxicology, health and safety",field,False,explicit_official_transitive,0.468,FOR1998->100713 (2008)->320605 (2020)
FOR1998,291899,Interdisciplinary Engineering not elsewhere classified,FOR,401005,Risk engineering,field,False,explicit_official_transitive,0.436,FOR1998->091507 (2008)->401005 (2020)
FOR1998,291899,Interdisciplinary Engineering not elsewhere classified,FOR,401099,Engineering practice and education not elsewhere classified,field,True,explicit_official_transitive,0.9,FOR1998->091599 (2008)->401099 (2020)
FOR1998,291899,Interdisciplinary Engineering not elsewhere classified,FOR,401906,Nuclear engineering (incl. fuel enrichment and waste processing and storage),field,False,explicit_official_transitive,0.431,FOR1998->091506 (2008)->401906 (2020)
FOR1998,291899,Interdisciplinary Engineering not elsewhere classified,FOR,401204,"Computational methods in fluid flow, heat and mass transfer (incl. computational fluid dynamics)",field,False,explicit_official_transitive,0.123,FOR1998->091502 (2008)->401204 (2020)
FOR1998,291899,Interdisciplinary Engineering not elsewhere classified,FOR,401003,Engineering practice,field,False,explicit_official_transitive,0.378,FOR1998->091503 (2008)->401003 (2020)
FOR1998,291899,Interdisciplinary Engineering not elsewhere classified,FOR,401204,"Computational methods in fluid flow, heat and mass transfer (incl. computational fluid dynamics)",field,False,explicit_official_transitive,0.171,FOR1998->091501 (2008)->401204 (2020)
FOR1998,2999,Other Engineering and Technology,FOR,3206,Medical biotechnology,group,False,derived_empirical,0.2,"rolled up from 5 FOR1998 leaf-level mapping(s), 1 agreeing"
FOR1998,2999,Other Engineering and Technology,FOR,4099,Other engineering,group,True,derived_empirical,0.6,"rolled up from 5 FOR1998 leaf-level mapping(s), 3 agreeing"
FOR1998,2999,Other Engineering and Technology,FOR,4002,Automotive engineering,group,False,derived_empirical,0.2,"rolled up from 5 FOR1998 leaf-level mapping(s), 1 agreeing"
FOR1998,299901,Agricultural Engineering,FOR,409901,Agricultural engineering,field,True,explicit_official_transitive,0.9,FOR1998->099901 (2008)->409901 (2020)
FOR1998,299902,Combustion and Fuel Engineering,FOR,400402,Chemical and thermal processes in energy and combustion,field,False,explicit_official_transitive,0.549,FOR1998->090405 (2008)->400402 (2020)
FOR1998,299902,Combustion and Fuel Engineering,FOR,400201,Automotive combustion and fuel engineering,field,True,explicit_official_transitive,0.569,FOR1998->090201 (2008)->400201 (2020)
FOR1998,299903,Biosensor Technologies,FOR,410304,Environmental biotechnology diagnostics (incl. biosensors),field,False,explicit_official_transitive,0.25,FOR1998->100204 (2008)->410304 (2020)
FOR1998,299903,Biosensor Technologies,FOR,300101,Agricultural biotechnology diagnostics (incl. biosensors),field,False,explicit_official_transitive,0.253,FOR1998->100101 (2008)->300101 (2020)
FOR1998,299903,Biosensor Technologies,FOR,320602,Medical biotechnology diagnostics (incl. biosensors),field,True,explicit_official_transitive,0.27,FOR1998->100402 (2008)->320602 (2020)
FOR1998,299903,Biosensor Technologies,FOR,310604,Industrial biotechnology diagnostics (incl. biosensors),field,False,explicit_official_transitive,0.26,FOR1998->100304 (2008)->310604 (2020)
FOR1998,299904,Engineering/Technology Instrumentation,FOR,409902,Engineering instrumentation,field,True,explicit_official_transitive,0.831,FOR1998->099902 (2008)->409902 (2020)
FOR1998,299904,Engineering/Technology Instrumentation,FOR,320699,Medical biotechnology not elsewhere classified,field,False,explicit_official_transitive,0.356,FOR1998->109999 (2008)->320699 (2020)
FOR1998,299999,Engineering and Technology not elsewhere classified,FOR,401001,Engineering design,field,False,explicit_official_transitive,0.468,FOR1998->120403 (2008)->401001 (2020)
FOR1998,299999,Engineering and Technology not elsewhere classified,FOR,320699,Medical biotechnology not elsewhere classified,field,False,explicit_official_transitive,0.814,FOR1998->109999 (2008)->320699 (2020)
FOR1998,299999,Engineering and Technology not elsewhere classified,FOR,339999,Other built environment and design not elsewhere classified,field,False,explicit_official_transitive,0.731,FOR1998->129999 (2008)->339999 (2020)
FOR1998,299999,Engineering and Technology not elsewhere classified,FOR,401001,Engineering design,field,False,explicit_official_transitive,0.437,FOR1998->120401 (2008)->401001 (2020)
FOR1998,299999,Engineering and Technology not elsewhere classified,FOR,409999,Other engineering not elsewhere classified,field,True,explicit_official_transitive,0.828,FOR1998->099999 (2008)->409999 (2020)
FOR1998,299999,Engineering and Technology not elsewhere classified,FOR,401001,Engineering design,field,False,explicit_official_transitive,0.809,FOR1998->120499 (2008)->401001 (2020)
FOR1998,299999,Engineering and Technology not elsewhere classified,FOR,401001,Engineering design,field,False,explicit_official_transitive,0.405,FOR1998->120405 (2008)->401001 (2020)
FOR1998,299999,Engineering and Technology not elsewhere classified,FOR,401001,Engineering design,field,False,explicit_official_transitive,0.468,FOR1998->120404 (2008)->401001 (2020)
FOR1998,299999,Engineering and Technology not elsewhere classified,FOR,401001,Engineering design,field,False,explicit_official_transitive,0.481,FOR1998->120402 (2008)->401001 (2020)
FOR1998,30,"AGRICULTURAL, VETERINARY AND ENVIRONMENTAL SCIENCES",FOR,41,ENVIRONMENTAL SCIENCES,division,False,derived_empirical,0.185,"rolled up from 65 FOR1998 leaf-level mapping(s), 12 agreeing"
FOR1998,30,"AGRICULTURAL, VETERINARY AND ENVIRONMENTAL SCIENCES",FOR,30,"AGRICULTURAL, VETERINARY AND FOOD SCIENCES",division,True,derived_empirical,0.815,"rolled up from 65 FOR1998 leaf-level mapping(s), 53 agreeing"
FOR1998,3001,Soil and Water Sciences,FOR,3002,"Agriculture, land and farm management",group,False,derived_empirical,0.167,"rolled up from 6 FOR1998 leaf-level mapping(s), 1 agreeing"
FOR1998,3001,Soil and Water Sciences,FOR,4106,Soil sciences,group,True,derived_empirical,0.833,"rolled up from 6 FOR1998 leaf-level mapping(s), 5 agreeing"
FOR1998,300101,Soil Physics,FOR,410605,Soil physics,field,True,explicit_official_transitive,0.9,FOR1998->050305 (2008)->410605 (2020)
FOR1998,300102,Soil Biology,FOR,410603,Soil biology,field,True,explicit_official_transitive,0.9,FOR1998->050303 (2008)->410603 (2020)
FOR1998,300103,Soil Chemistry,FOR,410604,Soil chemistry and soil carbon sequestration (excl. carbon sequestration science),field,True,explicit_official_transitive,0.9,FOR1998->050304 (2008)->410604 (2020)
FOR1998,300104,Land Capability and Soil Degradation,FOR,410601,Land capability and soil productivity,field,True,explicit_official_transitive,0.9,FOR1998->050302 (2008)->410601 (2020)
FOR1998,300105,"Applied Hydrology (Drainage, Flooding, Irrigation, Quality, etc.)",FOR,300201,Agricultural hydrology,field,True,explicit_official_transitive,0.9,FOR1998->079901 (2008)->300201 (2020)
FOR1998,300199,Soil and Water Sciences not elsewhere classified,FOR,410699,Soil sciences not elsewhere classified,field,True,explicit_official_transitive,0.884,FOR1998->050399 (2008)->410699 (2020)
FOR1998,300199,Soil and Water Sciences not elsewhere classified,FOR,410101,Carbon sequestration science,field,False,explicit_official_transitive,0.289,FOR1998->050301 (2008)->410101 (2020)
FOR1998,3002,Crop and Pasture Production,FOR,3004,Crop and pasture production,group,True,derived_empirical,1.0,"rolled up from 7 FOR1998 leaf-level mapping(s), 7 agreeing"
FOR1998,300201,Plant Biochemistry and Physiology,FOR,300404,Crop and pasture biochemistry and physiology,field,True,explicit_official_transitive,0.9,FOR1998->070303 (2008)->300404 (2020)
FOR1998,300202,Plant Nutrition,FOR,300407,Crop and pasture nutrition,field,True,explicit_official_transitive,0.9,FOR1998->070306 (2008)->300407 (2020)
FOR1998,300203,"Plant Improvement (Selection, Breeding and Genetic Engineering)",FOR,300105,Genetically modified field crops and pasture,field,False,explicit_official_transitive,0.206,FOR1998->100105 (2008)->300105 (2020)
FOR1998,300203,"Plant Improvement (Selection, Breeding and Genetic Engineering)",FOR,300406,Crop and pasture improvement (incl. selection and breeding),field,True,explicit_official_transitive,0.638,FOR1998->070305 (2008)->300406 (2020)
FOR1998,300204,"Plant Protection (Pests, Diseases and Weeds)",FOR,300409,"Crop and pasture protection (incl. pests, diseases and weeds)",field,True,explicit_official_transitive,0.9,FOR1998->070308 (2008)->300409 (2020)
FOR1998,300205,Agronomy,FOR,300403,Agronomy,field,True,explicit_official_transitive,0.9,FOR1998->070302 (2008)->300403 (2020)
FOR1998,300206,Post Harvest Technologies (Transportation and Storage),FOR,300408,Crop and pasture post harvest technologies (incl. transportation and storage),field,True,explicit_official_transitive,0.9,FOR1998->070307 (2008)->300408 (2020)
FOR1998,300299,Crop and Pasture Production not elsewhere classified,FOR,300402,Agro-ecosystem function and prediction,field,False,explicit_official_transitive,0.356,FOR1998->070301 (2008)->300402 (2020)
FOR1998,300299,Crop and Pasture Production not elsewhere classified,FOR,300405,Crop and pasture biomass and bioproducts,field,False,explicit_official_transitive,0.543,FOR1998->070304 (2008)->300405 (2020)
FOR1998,300299,Crop and Pasture Production not elsewhere classified,FOR,300499,Crop and pasture production not elsewhere classified,field,True,explicit_official_transitive,0.9,FOR1998->070399 (2008)->300499 (2020)
FOR1998,3003,Horticulture,FOR,3008,Horticultural production,group,True,derived_empirical,1.0,"rolled up from 6 FOR1998 leaf-level mapping(s), 6 agreeing"
FOR1998,300301,"Plant Improvement (Selection, Breeding and Genetic Engineering)",FOR,300803,Horticultural crop improvement (incl. selection and breeding),field,True,explicit_official_transitive,0.576,FOR1998->070602 (2008)->300803 (2020)
FOR1998,300301,"Plant Improvement (Selection, Breeding and Genetic Engineering)",FOR,300106,Genetically modified horticulture plants,field,False,explicit_official_transitive,0.194,FOR1998->100106 (2008)->300106 (2020)
FOR1998,300302,Plant Growth and Development,FOR,300802,Horticultural crop growth and development,field,True,explicit_official_transitive,0.9,FOR1998->070601 (2008)->300802 (2020)
FOR1998,300303,"Plant Protection (Pests, Diseases and Weeds)",FOR,300804,"Horticultural crop protection (incl. pests, diseases and weeds)",field,True,explicit_official_transitive,0.9,FOR1998->070603 (2008)->300804 (2020)
FOR1998,300304,Post Harvest Technologies,FOR,300806,Post harvest horticultural technologies (incl. transportation and storage),field,True,explicit_official_transitive,0.9,FOR1998->070605 (2008)->300806 (2020)
FOR1998,300305,Oenology and Viticulture,FOR,300805,Oenology and viticulture,field,True,explicit_official_transitive,0.9,FOR1998->070604 (2008)->300805 (2020)
FOR1998,300399,Horticulture not elsewhere classified,FOR,300899,Horticultural production not elsewhere classified,field,True,explicit_official_transitive,0.9,FOR1998->070699 (2008)->300899 (2020)
FOR1998,3004,Animal Production,FOR,3003,Animal production,group,True,derived_empirical,1.0,"rolled up from 7 FOR1998 leaf-level mapping(s), 7 agreeing"
FOR1998,300401,Animal Breeding,FOR,300305,Animal reproduction and breeding,field,True,explicit_official_transitive,0.9,FOR1998->070201 (2008)->300305 (2020)
FOR1998,300402,Animal Reproduction,FOR,300305,Animal reproduction and breeding,field,True,explicit_official_transitive,0.9,FOR1998->070206 (2008)->300305 (2020)
FOR1998,300403,Animal Nutrition,FOR,300303,Animal nutrition,field,True,explicit_official_transitive,0.9,FOR1998->070204 (2008)->300303 (2020)
FOR1998,300404,Animal Husbandry,FOR,300302,Animal management,field,True,explicit_official_transitive,0.9,FOR1998->070203 (2008)->300302 (2020)
FOR1998,300405,Animal Protection (Pests and Pathogens),FOR,300304,Animal protection (incl. pests and pathogens),field,True,explicit_official_transitive,0.9,FOR1998->070205 (2008)->300304 (2020)
FOR1998,300406,Animal Growth and Development,FOR,300301,Animal growth and development,field,True,explicit_official_transitive,0.9,FOR1998->070202 (2008)->300301 (2020)
FOR1998,300499,Animal Production not elsewhere classified,FOR,300306,Animal welfare,field,False,explicit_official_transitive,0.369,FOR1998->070207 (2008)->300306 (2020)
FOR1998,300499,Animal Production not elsewhere classified,FOR,300399,Animal production not elsewhere classified,field,True,explicit_official_transitive,0.9,FOR1998->070299 (2008)->300399 (2020)
FOR1998,300499,Animal Production not elsewhere classified,FOR,300108,Livestock cloning,field,False,explicit_official_transitive,0.237,FOR1998->100108 (2008)->300108 (2020)
FOR1998,300499,Animal Production not elsewhere classified,FOR,300104,Genetically modified animals,field,False,explicit_official_transitive,0.2,FOR1998->100104 (2008)->300104 (2020)
FOR1998,3005,Veterinary Sciences,FOR,3009,Veterinary sciences,group,True,derived_empirical,1.0,"rolled up from 13 FOR1998 leaf-level mapping(s), 13 agreeing"
FOR1998,300501,Veterinary Medicine,FOR,300907,Veterinary medicine (excl. urology),field,True,explicit_official_transitive,0.9,FOR1998->070706 (2008)->300907 (2020)
FOR1998,300502,Anaesthesiology and Intensive Care,FOR,300901,Veterinary anaesthesiology and intensive care,field,True,explicit_official_transitive,0.9,FOR1998->070701 (2008)->300901 (2020)
FOR1998,300503,Epidemiology,FOR,300905,Veterinary epidemiology,field,True,explicit_official_transitive,0.9,FOR1998->070704 (2008)->300905 (2020)
FOR1998,300504,Immunology,FOR,300906,Veterinary immunology,field,True,explicit_official_transitive,0.9,FOR1998->070705 (2008)->300906 (2020)
FOR1998,300505,Anatomy and Physiology,FOR,300902,Veterinary anatomy and physiology,field,True,explicit_official_transitive,0.9,FOR1998->070702 (2008)->300902 (2020)
FOR1998,300506,Pathology,FOR,300910,Veterinary pathology,field,True,explicit_official_transitive,0.9,FOR1998->070709 (2008)->300910 (2020)
FOR1998,300507,Microbiology (excl. Virology),FOR,300908,Veterinary mycology,field,True,explicit_official_transitive,0.9,FOR1998->070707 (2008)->300908 (2020)
FOR1998,300508,Parasitology,FOR,300909,Veterinary parasitology,field,True,explicit_official_transitive,0.9,FOR1998->070708 (2008)->300909 (2020)
FOR1998,300509,Radiology and Imaging,FOR,300999,Veterinary sciences not elsewhere classified,field,True,explicit_official_transitive,0.185,FOR1998->070799 (2008)->300999 (2020)
FOR1998,300510,Virology,FOR,300914,Veterinary virology,field,True,explicit_official_transitive,0.9,FOR1998->070712 (2008)->300914 (2020)
FOR1998,300511,Surgery,FOR,300912,Veterinary surgery,field,True,explicit_official_transitive,0.9,FOR1998->070711 (2008)->300912 (2020)
FOR1998,300512,Pharmacology,FOR,300911,Veterinary pharmacology,field,True,explicit_official_transitive,0.9,FOR1998->070710 (2008)->300911 (2020)
FOR1998,300599,Veterinary Sciences not elsewhere classified,FOR,300904,Veterinary diagnosis and diagnostics,field,False,explicit_official_transitive,0.475,FOR1998->070703 (2008)->300904 (2020)
FOR1998,300599,Veterinary Sciences not elsewhere classified,FOR,300999,Veterinary sciences not elsewhere classified,field,True,explicit_official_transitive,0.9,FOR1998->070799 (2008)->300999 (2020)
FOR1998,3006,Forestry Sciences,FOR,3007,Forestry sciences,group,True,derived_empirical,1.0,"rolled up from 7 FOR1998 leaf-level mapping(s), 7 agreeing"
FOR1998,300601,Nutrition and Physiology,FOR,300710,Tree nutrition and physiology,field,True,explicit_official_transitive,0.9,FOR1998->070508 (2008)->300710 (2020)
FOR1998,300602,"Tree Improvement (Selection, Breeding and Genetic Engineering)",FOR,300107,Genetically modified trees,field,False,explicit_official_transitive,0.25,FOR1998->100107 (2008)->300107 (2020)
FOR1998,300602,"Tree Improvement (Selection, Breeding and Genetic Engineering)",FOR,300709,Tree improvement (incl. selection and breeding),field,True,explicit_official_transitive,0.718,FOR1998->070507 (2008)->300709 (2020)
FOR1998,300603,"Pests, Health and Diseases",FOR,300704,Forest health and pathology,field,True,explicit_official_transitive,0.9,FOR1998->070505 (2008)->300704 (2020)
FOR1998,300604,Management and Environment,FOR,300707,Forestry management and environment,field,True,explicit_official_transitive,0.9,FOR1998->070504 (2008)->300707 (2020)
FOR1998,300605,Fire Management,FOR,300706,Forestry fire management,field,True,explicit_official_transitive,0.9,FOR1998->070503 (2008)->300706 (2020)
FOR1998,300606,Agroforestry,FOR,300701,Agroforestry,field,True,explicit_official_transitive,0.9,FOR1998->070501 (2008)->300701 (2020)
FOR1998,300699,Forestry Sciences not elsewhere classified,FOR,300705,Forestry biomass and bioproducts,field,False,explicit_official_transitive,0.432,FOR1998->070502 (2008)->300705 (2020)
FOR1998,300699,Forestry Sciences not elsewhere classified,FOR,300708,Forestry product quality assessment,field,False,explicit_official_transitive,0.468,FOR1998->070506 (2008)->300708 (2020)
FOR1998,300699,Forestry Sciences not elsewhere classified,FOR,300712,Wood processing,field,False,explicit_official_transitive,0.246,FOR1998->070510 (2008)->300712 (2020)
FOR1998,300699,Forestry Sciences not elsewhere classified,FOR,300799,Forestry sciences not elsewhere classified,field,True,explicit_official_transitive,0.9,FOR1998->070599 (2008)->300799 (2020)
FOR1998,300699,Forestry Sciences not elsewhere classified,FOR,300711,Wood fibre processing,field,False,explicit_official_transitive,0.286,FOR1998->070509 (2008)->300711 (2020)
FOR1998,3007,Fisheries Sciences,FOR,3005,Fisheries sciences,group,True,derived_empirical,1.0,"rolled up from 6 FOR1998 leaf-level mapping(s), 6 agreeing"
FOR1998,300701,Physiology and Genetics,FOR,300504,Fish physiology and genetics,field,True,explicit_official_transitive,0.9,FOR1998->070405 (2008)->300504 (2020)
FOR1998,300702,Pests and Diseases,FOR,300503,Fish pests and diseases,field,True,explicit_official_transitive,0.9,FOR1998->070404 (2008)->300503 (2020)
FOR1998,300703,Aquaculture,FOR,300501,Aquaculture,field,True,explicit_official_transitive,0.9,FOR1998->070401 (2008)->300501 (2020)
FOR1998,300704,Ecosystem Studies and Stock Assessment,FOR,300502,Aquaculture and fisheries stock assessment,field,True,explicit_official_transitive,0.9,FOR1998->070402 (2008)->300502 (2020)
FOR1998,300705,Evaluation of Management Strategies,FOR,300505,Fisheries management,field,True,explicit_official_transitive,0.473,FOR1998->070403 (2008)->300505 (2020)
FOR1998,300799,Fisheries Sciences not elsewhere classified,FOR,300506,Post-harvest fisheries technologies (incl. transportation),field,False,explicit_official_transitive,0.416,FOR1998->070406 (2008)->300506 (2020)
FOR1998,300799,Fisheries Sciences not elsewhere classified,FOR,300599,Fisheries sciences not elsewhere classified,field,True,explicit_official_transitive,0.9,FOR1998->070499 (2008)->300599 (2020)
FOR1998,300799,Fisheries Sciences not elsewhere classified,FOR,300505,Fisheries management,field,False,explicit_official_transitive,0.413,FOR1998->070403 (2008)->300505 (2020)
FOR1998,3008,Environmental Sciences,FOR,4199,Other environmental sciences,group,False,derived_empirical,0.167,"rolled up from 6 FOR1998 leaf-level mapping(s), 1 agreeing"
FOR1998,3008,Environmental Sciences,FOR,4104,Environmental management,group,True,derived_empirical,0.833,"rolled up from 6 FOR1998 leaf-level mapping(s), 5 agreeing"
FOR1998,300801,Environmental Management and Rehabilitation,FOR,410404,Environmental management,field,True,explicit_official_transitive,0.716,FOR1998->050205 (2008)->410404 (2020)
FOR1998,300801,Environmental Management and Rehabilitation,FOR,410405,Environmental rehabilitation and restoration,field,False,explicit_official_transitive,0.596,FOR1998->050207 (2008)->410405 (2020)
FOR1998,300802,Wildlife and Habitat Management,FOR,410407,Wildlife and habitat management,field,True,explicit_official_transitive,0.9,FOR1998->050211 (2008)->410407 (2020)
FOR1998,300803,Natural Resource Management,FOR,410406,Natural resource management,field,True,explicit_official_transitive,0.9,FOR1998->050209 (2008)->410406 (2020)
FOR1998,300804,Environmental Impact Assessment,FOR,410402,Environmental assessment and monitoring,field,True,explicit_official_transitive,0.9,FOR1998->050204 (2008)->410402 (2020)
FOR1998,300805,Conservation,FOR,410401,Conservation and biodiversity,field,True,explicit_official_transitive,0.585,FOR1998->050202 (2008)->410401 (2020)
FOR1998,300899,Environmental Sciences not elsewhere classified,FOR,410499,Environmental management not elsewhere classified,field,False,explicit_official_transitive,0.852,FOR1998->050299 (2008)->410499 (2020)
FOR1998,300899,Environmental Sciences not elsewhere classified,FOR,419999,Other environmental sciences not elsewhere classified,field,True,explicit_official_transitive,0.9,FOR1998->059999 (2008)->419999 (2020)
FOR1998,300899,Environmental Sciences not elsewhere classified,FOR,451504,Pacific Peoples environmental knowledges,field,False,explicit_official_transitive,0.442,FOR1998->050210 (2008)->451504 (2020)
FOR1998,300899,Environmental Sciences not elsewhere classified,FOR,410404,Environmental management,field,False,explicit_official_transitive,0.451,FOR1998->050206 (2008)->410404 (2020)
FOR1998,300899,Environmental Sciences not elsewhere classified,FOR,450304,Aboriginal and Torres Strait Islander environmental knowledges,field,False,explicit_official_transitive,0.352,FOR1998->050201 (2008)->450304 (2020)
FOR1998,300899,Environmental Sciences not elsewhere classified,FOR,450904,Ngā mātauranga taiao o te Māori (Māori environmental knowledges),field,False,explicit_official_transitive,0.5,FOR1998->050208 (2008)->450904 (2020)
FOR1998,3009,"Land, Parks and Agriculture Management",FOR,3002,"Agriculture, land and farm management",group,True,derived_empirical,1.0,"rolled up from 4 FOR1998 leaf-level mapping(s), 4 agreeing"
FOR1998,300901,"Farm Management, Rural Management and Agribusiness",FOR,300208,"Farm management, rural management and agribusiness",field,True,explicit_official_transitive,0.9,FOR1998->070106 (2008)->300208 (2020)
FOR1998,300902,Land and Parks Management,FOR,300202,Agricultural land management,field,True,explicit_official_transitive,0.566,FOR1998->070101 (2008)->300202 (2020)
FOR1998,300902,Land and Parks Management,FOR,410404,Environmental management,field,False,explicit_official_transitive,0.49,FOR1998->050205 (2008)->410404 (2020)
FOR1998,300903,Sustainable Development,FOR,300210,Sustainable agricultural development,field,True,explicit_official_transitive,0.9,FOR1998->070108 (2008)->300210 (2020)
FOR1998,300999,"Land, Parks and Agriculture Management not elsewhere classified",FOR,300206,Agricultural spatial analysis and modelling,field,False,explicit_official_transitive,0.377,FOR1998->070104 (2008)->300206 (2020)
FOR1998,300999,"Land, Parks and Agriculture Management not elsewhere classified",FOR,300205,Agricultural production systems simulation,field,False,explicit_official_transitive,0.362,FOR1998->070103 (2008)->300205 (2020)
FOR1998,300999,"Land, Parks and Agriculture Management not elsewhere classified",FOR,300207,Agricultural systems analysis and modelling,field,False,explicit_official_transitive,0.207,FOR1998->070107 (2008)->300207 (2020)
FOR1998,300999,"Land, Parks and Agriculture Management not elsewhere classified",FOR,300207,Agricultural systems analysis and modelling,field,False,explicit_official_transitive,0.396,FOR1998->070105 (2008)->300207 (2020)
FOR1998,300999,"Land, Parks and Agriculture Management not elsewhere classified",FOR,300299,"Agriculture, land and farm management not elsewhere classified",field,True,explicit_official_transitive,0.752,FOR1998->070199 (2008)->300299 (2020)
FOR1998,300999,"Land, Parks and Agriculture Management not elsewhere classified",FOR,300203,Agricultural land planning,field,False,explicit_official_transitive,0.382,FOR1998->070102 (2008)->300203 (2020)
FOR1998,3099,"Other Agricultural, Veterinary and Environmental Sciences",FOR,3099,"Other agricultural, veterinary and food sciences",group,False,derived_empirical,0.333,"rolled up from 3 FOR1998 leaf-level mapping(s), 1 agreeing"
FOR1998,3099,"Other Agricultural, Veterinary and Environmental Sciences",FOR,4104,Environmental management,group,False,derived_empirical,0.333,"rolled up from 3 FOR1998 leaf-level mapping(s), 1 agreeing"
FOR1998,3099,"Other Agricultural, Veterinary and Environmental Sciences",FOR,3004,Crop and pasture production,group,True,derived_empirical,0.333,"rolled up from 3 FOR1998 leaf-level mapping(s), 1 agreeing"
FOR1998,309901,Fertilisers and Agrochemicals (Application etc.),FOR,300411,Fertilisers (incl. application),field,True,explicit_official_transitive,0.9,FOR1998->079902 (2008)->300411 (2020)
FOR1998,309902,Education and Extension,FOR,410403,Environmental education and extension,field,True,explicit_official_transitive,0.9,FOR1998->050203 (2008)->410403 (2020)
FOR1998,309999,"Agricultural, Veterinary and Environmental Sciences not elsewhere classified",FOR,419999,Other environmental sciences not elsewhere classified,field,False,explicit_official_transitive,0.764,FOR1998->059999 (2008)->419999 (2020)
FOR1998,309999,"Agricultural, Veterinary and Environmental Sciences not elsewhere classified",FOR,309999,"Other agricultural, veterinary and food sciences not elsewhere classified",field,True,explicit_official_transitive,0.832,FOR1998->079999 (2008)->309999 (2020)
FOR1998,31,"ARCHITECTURE, URBAN ENVIRONMENT AND BUILDING",FOR,33,BUILT ENVIRONMENT AND DESIGN,division,True,derived_empirical,1.0,"rolled up from 12 FOR1998 leaf-level mapping(s), 12 agreeing"
FOR1998,3101,Architecture and Urban Environment,FOR,3304,Urban and regional planning,group,False,derived_empirical,0.286,"rolled up from 7 FOR1998 leaf-level mapping(s), 2 agreeing"
FOR1998,3101,Architecture and Urban Environment,FOR,3301,Architecture,group,True,derived_empirical,0.714,"rolled up from 7 FOR1998 leaf-level mapping(s), 5 agreeing"
FOR1998,310101,Architecture,FOR,330199,Architecture not elsewhere classified,field,False,explicit_official_transitive,0.49,FOR1998->120199 (2008)->330199 (2020)
FOR1998,310101,Architecture,FOR,330105,Architectural science and technology,field,False,explicit_official_transitive,0.195,FOR1998->120104 (2008)->330105 (2020)
FOR1998,310101,Architecture,FOR,330102,Architectural design,field,True,explicit_official_transitive,0.75,FOR1998->120101 (2008)->330102 (2020)
FOR1998,310101,Architecture,FOR,330107,Architecture management,field,False,explicit_official_transitive,0.686,FOR1998->120105 (2008)->330107 (2020)
FOR1998,310102,Heritage and Conservation,FOR,330103,Architectural heritage and conservation,field,True,explicit_official_transitive,0.9,FOR1998->120102 (2008)->330103 (2020)
FOR1998,310103,Urban and Regional Planning,FOR,330409,Transport planning,field,False,explicit_official_transitive,0.578,FOR1998->120506 (2008)->330409 (2020)
FOR1998,310103,Urban and Regional Planning,FOR,330404,Land use and environmental planning,field,False,explicit_official_transitive,0.677,FOR1998->120504 (2008)->330404 (2020)
FOR1998,310103,Urban and Regional Planning,FOR,330401,Community planning,field,False,explicit_official_transitive,0.533,FOR1998->120501 (2008)->330401 (2020)
FOR1998,310103,Urban and Regional Planning,FOR,330499,Urban and regional planning not elsewhere classified,field,True,explicit_official_transitive,0.684,FOR1998->120599 (2008)->330499 (2020)
FOR1998,310103,Urban and Regional Planning,FOR,330411,Urban design,field,False,explicit_official_transitive,0.359,FOR1998->120508 (2008)->330411 (2020)
FOR1998,310103,Urban and Regional Planning,FOR,330406,Regional analysis and development,field,False,explicit_official_transitive,0.433,FOR1998->120505 (2008)->330406 (2020)
FOR1998,310103,Urban and Regional Planning,FOR,330410,Urban analysis and development,field,False,explicit_official_transitive,0.456,FOR1998->120507 (2008)->330410 (2020)
FOR1998,310103,Urban and Regional Planning,FOR,330403,"Housing markets, development and management",field,False,explicit_official_transitive,0.119,FOR1998->120503 (2008)->330403 (2020)
FOR1998,310104,Landscape Planning,FOR,330109,Landscape architecture,field,True,explicit_official_transitive,0.9,FOR1998->120107 (2008)->330109 (2020)
FOR1998,310105,History of the Built Environment,FOR,330402,History and theory of the built environment (excl. architecture),field,True,explicit_official_transitive,0.667,FOR1998->120502 (2008)->330402 (2020)
FOR1998,310105,History of the Built Environment,FOR,330104,"Architectural history, theory and criticism",field,False,explicit_official_transitive,0.406,FOR1998->120103 (2008)->330104 (2020)
FOR1998,310106,Interior and Environmental Design,FOR,330108,Interior design,field,True,explicit_official_transitive,0.9,FOR1998->120106 (2008)->330108 (2020)
FOR1998,310199,Architecture and Urban Environment not elsewhere classified,FOR,330499,Urban and regional planning not elsewhere classified,field,False,explicit_official_transitive,0.649,FOR1998->120599 (2008)->330499 (2020)
FOR1998,310199,Architecture and Urban Environment not elsewhere classified,FOR,330199,Architecture not elsewhere classified,field,True,explicit_official_transitive,0.771,FOR1998->120199 (2008)->330199 (2020)
FOR1998,310199,Architecture and Urban Environment not elsewhere classified,FOR,330107,Architecture management,field,False,explicit_official_transitive,0.512,FOR1998->120105 (2008)->330107 (2020)
FOR1998,310199,Architecture and Urban Environment not elsewhere classified,FOR,330105,Architectural science and technology,field,False,explicit_official_transitive,0.388,FOR1998->120104 (2008)->330105 (2020)
FOR1998,310199,Architecture and Urban Environment not elsewhere classified,FOR,330402,History and theory of the built environment (excl. architecture),field,False,explicit_official_transitive,0.439,FOR1998->120502 (2008)->330402 (2020)
FOR1998,310199,Architecture and Urban Environment not elsewhere classified,FOR,330104,"Architectural history, theory and criticism",field,False,explicit_official_transitive,0.44,FOR1998->120103 (2008)->330104 (2020)
FOR1998,3102,Building,FOR,3302,Building,group,True,derived_empirical,1.0,"rolled up from 4 FOR1998 leaf-level mapping(s), 4 agreeing"
FOR1998,310201,Building Science and Techniques,FOR,330204,Building information modelling and management,field,True,explicit_official_transitive,0.9,FOR1998->120202 (2008)->330204 (2020)
FOR1998,310202,Building Construction Management,FOR,330202,Building construction management and project planning,field,True,explicit_official_transitive,0.9,FOR1998->120201 (2008)->330202 (2020)
FOR1998,310203,Building Construction Economics (incl. Quantity Surveying),FOR,330299,Building not elsewhere classified,field,False,explicit_official_transitive,0.44,FOR1998->120299 (2008)->330299 (2020)
FOR1998,310203,Building Construction Economics (incl. Quantity Surveying),FOR,330207,Quantity surveying,field,True,explicit_official_transitive,0.474,FOR1998->120203 (2008)->330207 (2020)
FOR1998,310299,Building not elsewhere classified,FOR,330299,Building not elsewhere classified,field,True,explicit_official_transitive,0.9,FOR1998->120299 (2008)->330299 (2020)
FOR1998,3199,"Other Architecture, Urban Environment and Building",FOR,3399,Other built environment and design,group,True,derived_empirical,1.0,"rolled up from 1 FOR1998 leaf-level mapping(s), 1 agreeing"
FOR1998,319999,"Other Architecture, Urban Environment and Building",FOR,339999,Other built environment and design not elsewhere classified,field,True,explicit_official_transitive,0.408,FOR1998->129999 (2008)->339999 (2020)
FOR1998,32,MEDICAL AND HEALTH SCIENCES,FOR,52,PSYCHOLOGY,division,False,derived_empirical,0.009,"rolled up from 113 FOR1998 leaf-level mapping(s), 1 agreeing"
FOR1998,32,MEDICAL AND HEALTH SCIENCES,FOR,50,PHILOSOPHY AND RELIGIOUS STUDIES,division,False,derived_empirical,0.009,"rolled up from 113 FOR1998 leaf-level mapping(s), 1 agreeing"
FOR1998,32,MEDICAL AND HEALTH SCIENCES,FOR,45,INDIGENOUS STUDIES,division,False,derived_empirical,0.009,"rolled up from 113 FOR1998 leaf-level mapping(s), 1 agreeing"
FOR1998,32,MEDICAL AND HEALTH SCIENCES,FOR,35,"COMMERCE, MANAGEMENT, TOURISM AND SERVICES",division,False,derived_empirical,0.009,"rolled up from 113 FOR1998 leaf-level mapping(s), 1 agreeing"
FOR1998,32,MEDICAL AND HEALTH SCIENCES,FOR,42,HEALTH SCIENCES,division,False,derived_empirical,0.301,"rolled up from 113 FOR1998 leaf-level mapping(s), 34 agreeing"
FOR1998,32,MEDICAL AND HEALTH SCIENCES,FOR,32,BIOMEDICAL AND CLINICAL SCIENCES,division,True,derived_empirical,0.664,"rolled up from 113 FOR1998 leaf-level mapping(s), 75 agreeing"
FOR1998,3202,Immunology,FOR,3204,Immunology,group,True,derived_empirical,1.0,"rolled up from 8 FOR1998 leaf-level mapping(s), 8 agreeing"
FOR1998,320201,Allergy,FOR,320401,Allergy,field,True,explicit_official_transitive,0.9,FOR1998->110701 (2008)->320401 (2020)
FOR1998,320202,Cellular Immunology,FOR,320404,Cellular immunology,field,True,explicit_official_transitive,0.9,FOR1998->110704 (2008)->320404 (2020)
FOR1998,320203,Humoral Immunology and Immunochemistry,FOR,320405,Humoural immunology and immunochemistry,field,True,explicit_official_transitive,0.9,FOR1998->110705 (2008)->320405 (2020)
FOR1998,320204,Immunogenetics,FOR,320406,Immunogenetics (incl. genetic immunology),field,True,explicit_official_transitive,0.9,FOR1998->110706 (2008)->320406 (2020)
FOR1998,320205,Transplantation Immunology,FOR,320408,Transplantation immunology,field,True,explicit_official_transitive,0.9,FOR1998->110708 (2008)->320408 (2020)
FOR1998,320206,Tumor Immunology,FOR,320409,Tumour immunology,field,True,explicit_official_transitive,0.9,FOR1998->110709 (2008)->320409 (2020)
FOR1998,320207,Autoimmunity,FOR,320403,Autoimmunity,field,True,explicit_official_transitive,0.9,FOR1998->110703 (2008)->320403 (2020)
FOR1998,320299,Immunology not elsewhere classified,FOR,320407,Innate immunity,field,False,explicit_official_transitive,0.24,FOR1998->110707 (2008)->320407 (2020)
FOR1998,320299,Immunology not elsewhere classified,FOR,320402,"Applied immunology (incl. antibody engineering, xenotransplantation and t-cell therapies)",field,False,explicit_official_transitive,0.371,FOR1998->110702 (2008)->320402 (2020)
FOR1998,320299,Immunology not elsewhere classified,FOR,320499,Immunology not elsewhere classified,field,True,explicit_official_transitive,0.9,FOR1998->110799 (2008)->320499 (2020)
FOR1998,3203,Medical Biochemistry and Clinical Chemistry,FOR,3202,Clinical sciences,group,False,derived_empirical,0.143,"rolled up from 7 FOR1998 leaf-level mapping(s), 1 agreeing"
FOR1998,3203,Medical Biochemistry and Clinical Chemistry,FOR,3205,Medical biochemistry and metabolomics,group,True,derived_empirical,0.857,"rolled up from 7 FOR1998 leaf-level mapping(s), 6 agreeing"
FOR1998,320301,Clinical Chemistry,FOR,320202,Clinical chemistry (incl. diagnostics),field,True,explicit_official_transitive,0.9,FOR1998->110302 (2008)->320202 (2020)
FOR1998,320302,Medical Biochemistry: Carbohydrates,FOR,320502,Medical biochemistry - carbohydrates,field,True,explicit_official_transitive,0.9,FOR1998->110102 (2008)->320502 (2020)
FOR1998,320303,Medical Biochemistry: Lipids,FOR,320504,Medical biochemistry - lipids,field,True,explicit_official_transitive,0.9,FOR1998->110104 (2008)->320504 (2020)
FOR1998,320304,Medical Biochemistry: Nucleic Acids,FOR,320505,Medical biochemistry - nucleic acids,field,True,explicit_official_transitive,0.9,FOR1998->110105 (2008)->320505 (2020)
FOR1998,320305,Medical Biochemistry: Proteins and Peptides,FOR,320506,Medical biochemistry - proteins and peptides (incl. medical proteomics),field,True,explicit_official_transitive,0.9,FOR1998->110106 (2008)->320506 (2020)
FOR1998,320306,Medical Biochemistry: Phospholipids,FOR,320504,Medical biochemistry - lipids,field,True,explicit_official_transitive,0.889,FOR1998->110104 (2008)->320504 (2020)
FOR1998,320307,Medical Biochemistry: Other,FOR,320503,Medical biochemistry - inorganic elements and compounds,field,False,explicit_official_transitive,0.593,FOR1998->110103 (2008)->320503 (2020)
FOR1998,320307,Medical Biochemistry: Other,FOR,320501,Medical biochemistry - amino acids and metabolites,field,True,explicit_official_transitive,0.658,FOR1998->110101 (2008)->320501 (2020)
FOR1998,320307,Medical Biochemistry: Other,FOR,320507,Metabolic medicine,field,False,explicit_official_transitive,0.311,FOR1998->110107 (2008)->320507 (2020)
FOR1998,320307,Medical Biochemistry: Other,FOR,320599,Medical biochemistry and metabolomics not elsewhere classified,field,False,explicit_official_transitive,0.584,FOR1998->110199 (2008)->320599 (2020)
FOR1998,3204,Medical Microbiology,FOR,3207,Medical microbiology,group,True,derived_empirical,1.0,"rolled up from 6 FOR1998 leaf-level mapping(s), 6 agreeing"
FOR1998,320401,Medical Bacteriology,FOR,320701,Medical bacteriology,field,True,explicit_official_transitive,0.9,FOR1998->110801 (2008)->320701 (2020)
FOR1998,320402,Medical Virology,FOR,320705,Medical virology,field,True,explicit_official_transitive,0.9,FOR1998->110804 (2008)->320705 (2020)
FOR1998,320403,Medical Infection Agents (incl. Prions),FOR,320702,Medical infection agents (incl. prions),field,True,explicit_official_transitive,0.9,FOR1998->110802 (2008)->320702 (2020)
FOR1998,320404,Medical Mycology,FOR,320799,Medical microbiology not elsewhere classified,field,True,explicit_official_transitive,0.492,FOR1998->110899 (2008)->320799 (2020)
FOR1998,320405,Medical Parasitology,FOR,320704,Medical parasitology,field,True,explicit_official_transitive,0.9,FOR1998->110803 (2008)->320704 (2020)
FOR1998,320499,Medical Microbiology not elsewhere classified,FOR,320799,Medical microbiology not elsewhere classified,field,True,explicit_official_transitive,0.9,FOR1998->110899 (2008)->320799 (2020)
FOR1998,320499,Medical Microbiology not elsewhere classified,FOR,320203,Clinical microbiology,field,False,explicit_official_transitive,0.515,FOR1998->110303 (2008)->320203 (2020)
FOR1998,3205,Pharmacology and Pharmaceutical Sciences,FOR,3214,Pharmacology and pharmaceutical sciences,group,True,derived_empirical,1.0,"rolled up from 5 FOR1998 leaf-level mapping(s), 5 agreeing"
FOR1998,320501,Pharmaceutical Sciences and Pharmacy,FOR,321403,Clinical pharmacy and pharmacy practice,field,False,explicit_official_transitive,0.533,FOR1998->111503 (2008)->321403 (2020)
FOR1998,320501,Pharmaceutical Sciences and Pharmacy,FOR,321405,Pharmaceutical sciences,field,True,explicit_official_transitive,0.78,FOR1998->111504 (2008)->321405 (2020)
FOR1998,320502,Basic Pharmacology,FOR,320303,"Dental therapeutics, pharmacology and toxicology",field,False,explicit_official_transitive,0.485,FOR1998->110502 (2008)->320303 (2020)
FOR1998,320502,Basic Pharmacology,FOR,321401,Basic pharmacology,field,True,explicit_official_transitive,0.9,FOR1998->111501 (2008)->321401 (2020)
FOR1998,320503,Clinical Pharmacology and Therapeutics,FOR,320303,"Dental therapeutics, pharmacology and toxicology",field,False,explicit_official_transitive,0.558,FOR1998->110502 (2008)->320303 (2020)
FOR1998,320503,Clinical Pharmacology and Therapeutics,FOR,321402,Clinical pharmacology and therapeutics,field,True,explicit_official_transitive,0.9,FOR1998->111502 (2008)->321402 (2020)
FOR1998,320504,Toxicology (incl. Clinical Toxicology),FOR,320303,"Dental therapeutics, pharmacology and toxicology",field,False,explicit_official_transitive,0.488,FOR1998->110502 (2008)->320303 (2020)
FOR1998,320504,Toxicology (incl. Clinical Toxicology),FOR,321407,Toxicology (incl. clinical toxicology),field,True,explicit_official_transitive,0.9,FOR1998->111506 (2008)->321407 (2020)
FOR1998,320599,Pharmacology not elsewhere classified,FOR,321406,Pharmacogenomics,field,False,explicit_official_transitive,0.453,FOR1998->111505 (2008)->321406 (2020)
FOR1998,320599,Pharmacology not elsewhere classified,FOR,321499,Pharmacology and pharmaceutical sciences not elsewhere classified,field,True,explicit_official_transitive,0.725,FOR1998->111599 (2008)->321499 (2020)
FOR1998,3206,Medical Physiology,FOR,3208,Medical physiology,group,True,derived_empirical,1.0,"rolled up from 4 FOR1998 leaf-level mapping(s), 4 agreeing"
FOR1998,320601,Human Biophysics,FOR,320802,Human biophysics,field,True,explicit_official_transitive,0.9,FOR1998->111602 (2008)->320802 (2020)
FOR1998,320602,Cell Physiology,FOR,320801,Cell physiology,field,True,explicit_official_transitive,0.9,FOR1998->111601 (2008)->320801 (2020)
FOR1998,320603,Systems Physiology,FOR,320803,Systems physiology,field,True,explicit_official_transitive,0.9,FOR1998->111603 (2008)->320803 (2020)
FOR1998,320699,Medical Physiology not elsewhere classified,FOR,320899,Medical physiology not elsewhere classified,field,True,explicit_official_transitive,0.9,FOR1998->111699 (2008)->320899 (2020)
FOR1998,3207,Neurosciences,FOR,3209,Neurosciences,group,True,derived_empirical,1.0,"rolled up from 6 FOR1998 leaf-level mapping(s), 6 agreeing"
FOR1998,320701,Autonomic Nervous System,FOR,320901,Autonomic nervous system,field,True,explicit_official_transitive,0.9,FOR1998->110901 (2008)->320901 (2020)
FOR1998,320702,Central Nervous System,FOR,320903,Central nervous system,field,True,explicit_official_transitive,0.9,FOR1998->110903 (2008)->320903 (2020)
FOR1998,320703,Peripheral Nervous System,FOR,320906,Peripheral nervous system,field,True,explicit_official_transitive,0.9,FOR1998->110905 (2008)->320906 (2020)
FOR1998,320704,Cellular Nervous System,FOR,320902,Cellular nervous system,field,True,explicit_official_transitive,0.9,FOR1998->110902 (2008)->320902 (2020)
FOR1998,320705,Sensory Systems,FOR,320907,Sensory systems,field,True,explicit_official_transitive,0.9,FOR1998->110906 (2008)->320907 (2020)
FOR1998,320799,Neurosciences not elsewhere classified,FOR,320999,Neurosciences not elsewhere classified,field,True,explicit_official_transitive,0.9,FOR1998->110999 (2008)->320999 (2020)
FOR1998,3208,Dentistry,FOR,3203,Dentistry,group,True,derived_empirical,1.0,"rolled up from 5 FOR1998 leaf-level mapping(s), 5 agreeing"
FOR1998,320801,Oral Surgery,FOR,320305,Oral and maxillofacial surgery,field,True,explicit_official_transitive,0.571,FOR1998->110504 (2008)->320305 (2020)
FOR1998,320802,Dentistry Support,FOR,320399,Dentistry not elsewhere classified,field,True,explicit_official_transitive,0.471,FOR1998->110599 (2008)->320399 (2020)
FOR1998,320803,Dental Technology,FOR,320302,Dental materials and equipment,field,True,explicit_official_transitive,0.9,FOR1998->110501 (2008)->320302 (2020)
FOR1998,320804,Dental Therapy,FOR,320399,Dentistry not elsewhere classified,field,True,explicit_official_transitive,0.375,FOR1998->110599 (2008)->320399 (2020)
FOR1998,320899,Dentistry not elsewhere classified,FOR,320307,Oral medicine and pathology,field,False,explicit_official_transitive,0.164,FOR1998->110505 (2008)->320307 (2020)
FOR1998,320899,Dentistry not elsewhere classified,FOR,320305,Oral and maxillofacial surgery,field,False,explicit_official_transitive,0.125,FOR1998->110504 (2008)->320305 (2020)
FOR1998,320899,Dentistry not elsewhere classified,FOR,320304,Endodontics,field,False,explicit_official_transitive,0.222,FOR1998->110503 (2008)->320304 (2020)
FOR1998,320899,Dentistry not elsewhere classified,FOR,320309,Paedodontics,field,False,explicit_official_transitive,0.217,FOR1998->110507 (2008)->320309 (2020)
FOR1998,320899,Dentistry not elsewhere classified,FOR,320310,Periodontics,field,False,explicit_official_transitive,0.217,FOR1998->110508 (2008)->320310 (2020)
FOR1998,320899,Dentistry not elsewhere classified,FOR,320303,"Dental therapeutics, pharmacology and toxicology",field,False,explicit_official_transitive,0.341,FOR1998->110502 (2008)->320303 (2020)
FOR1998,320899,Dentistry not elsewhere classified,FOR,320312,Special needs dentistry,field,False,explicit_official_transitive,0.316,FOR1998->110509 (2008)->320312 (2020)
FOR1998,320899,Dentistry not elsewhere classified,FOR,320308,Orthodontics and dentofacial orthopaedics,field,False,explicit_official_transitive,0.267,FOR1998->110506 (2008)->320308 (2020)
FOR1998,320899,Dentistry not elsewhere classified,FOR,320399,Dentistry not elsewhere classified,field,True,explicit_official_transitive,0.9,FOR1998->110599 (2008)->320399 (2020)
FOR1998,320899,Dentistry not elsewhere classified,FOR,320302,Dental materials and equipment,field,False,explicit_official_transitive,0.344,FOR1998->110501 (2008)->320302 (2020)
FOR1998,3209,Optometry,FOR,3212,Ophthalmology and optometry,group,True,derived_empirical,1.0,"rolled up from 2 FOR1998 leaf-level mapping(s), 2 agreeing"
FOR1998,320901,Optical Technology,FOR,321202,Optical technology,field,True,explicit_official_transitive,0.9,FOR1998->111302 (2008)->321202 (2020)
FOR1998,320999,Optometry not elsewhere classified,FOR,321299,Ophthalmology and optometry not elsewhere classified,field,True,explicit_official_transitive,0.791,FOR1998->111399 (2008)->321299 (2020)
FOR1998,3210,Clinical Sciences,FOR,3213,Paediatrics,group,False,derived_empirical,0.032,"rolled up from 31 FOR1998 leaf-level mapping(s), 1 agreeing"
FOR1998,3210,Clinical Sciences,FOR,3202,Clinical sciences,group,True,derived_empirical,0.548,"rolled up from 31 FOR1998 leaf-level mapping(s), 17 agreeing"
FOR1998,3210,Clinical Sciences,FOR,3201,Cardiovascular medicine and haematology,group,False,derived_empirical,0.097,"rolled up from 31 FOR1998 leaf-level mapping(s), 3 agreeing"
FOR1998,3210,Clinical Sciences,FOR,3215,Reproductive medicine,group,False,derived_empirical,0.097,"rolled up from 31 FOR1998 leaf-level mapping(s), 3 agreeing"
FOR1998,3210,Clinical Sciences,FOR,3211,Oncology and carcinogenesis,group,False,derived_empirical,0.065,"rolled up from 31 FOR1998 leaf-level mapping(s), 2 agreeing"
FOR1998,3210,Clinical Sciences,FOR,4201,Allied health and rehabilitation science,group,False,derived_empirical,0.065,"rolled up from 31 FOR1998 leaf-level mapping(s), 2 agreeing"
FOR1998,3210,Clinical Sciences,FOR,3209,Neurosciences,group,False,derived_empirical,0.032,"rolled up from 31 FOR1998 leaf-level mapping(s), 1 agreeing"
FOR1998,3210,Clinical Sciences,FOR,3212,Ophthalmology and optometry,group,False,derived_empirical,0.032,"rolled up from 31 FOR1998 leaf-level mapping(s), 1 agreeing"
FOR1998,3210,Clinical Sciences,FOR,3203,Dentistry,group,False,derived_empirical,0.032,"rolled up from 31 FOR1998 leaf-level mapping(s), 1 agreeing"
FOR1998,321001,Anaesthesiology,FOR,320201,Anaesthesiology,field,True,explicit_official_transitive,0.9,FOR1998->110301 (2008)->320201 (2020)
FOR1998,321002,Dermatology,FOR,320205,Dermatology,field,True,explicit_official_transitive,0.9,FOR1998->110304 (2008)->320205 (2020)
FOR1998,321003,Cardiology (incl. Cardiovascular Diseases),FOR,320101,Cardiology (incl. cardiovascular diseases),field,True,explicit_official_transitive,0.9,FOR1998->110201 (2008)->320101 (2020)
FOR1998,321004,Endocrinology,FOR,320208,Endocrinology,field,True,explicit_official_transitive,0.9,FOR1998->110306 (2008)->320208 (2020)
FOR1998,321005,Foetal Development and Medicine,FOR,321501,Foetal development and medicine,field,True,explicit_official_transitive,0.9,FOR1998->111401 (2008)->321501 (2020)
FOR1998,321006,Gastroenterology and Hepatology,FOR,320209,Gastroenterology and hepatology,field,True,explicit_official_transitive,0.9,FOR1998->110307 (2008)->320209 (2020)
FOR1998,321007,Geriatrics and Gerontology,FOR,320210,Geriatrics and gerontology,field,True,explicit_official_transitive,0.9,FOR1998->110308 (2008)->320210 (2020)
FOR1998,321008,Haematology,FOR,320102,Haematology,field,True,explicit_official_transitive,0.9,FOR1998->110202 (2008)->320102 (2020)
FOR1998,321009,Intensive Care,FOR,320212,Intensive care,field,True,explicit_official_transitive,0.9,FOR1998->110310 (2008)->320212 (2020)
FOR1998,321010,Infectious Diseases,FOR,320211,Infectious diseases,field,True,explicit_official_transitive,0.9,FOR1998->110309 (2008)->320211 (2020)
FOR1998,321011,Medical Genetics,FOR,320213,Medical genetics (excl. cancer genetics),field,False,explicit_official_transitive,0.571,FOR1998->110311 (2008)->320213 (2020)
FOR1998,321011,Medical Genetics,FOR,321103,Cancer genetics,field,True,explicit_official_transitive,0.71,FOR1998->111203 (2008)->321103 (2020)
FOR1998,321012,Nephrology and Urology,FOR,320214,Nephrology and urology,field,True,explicit_official_transitive,0.9,FOR1998->110312 (2008)->320214 (2020)
FOR1998,321013,Neurology and Neuromuscular Diseases,FOR,320905,Neurology and neuromuscular diseases,field,True,explicit_official_transitive,0.9,FOR1998->110904 (2008)->320905 (2020)
FOR1998,321014,Obstetrics and Gynaecology,FOR,321502,Obstetrics and gynaecology,field,True,explicit_official_transitive,0.9,FOR1998->111402 (2008)->321502 (2020)
FOR1998,321015,Oncology and Carcinogenesis,FOR,321102,Cancer diagnosis,field,False,explicit_official_transitive,0.372,FOR1998->111202 (2008)->321102 (2020)
FOR1998,321015,Oncology and Carcinogenesis,FOR,321103,Cancer genetics,field,False,explicit_official_transitive,0.381,FOR1998->111203 (2008)->321103 (2020)
FOR1998,321015,Oncology and Carcinogenesis,FOR,321199,Oncology and carcinogenesis not elsewhere classified,field,True,explicit_official_transitive,0.684,FOR1998->111299 (2008)->321199 (2020)
FOR1998,321015,Oncology and Carcinogenesis,FOR,321108,Molecular targets,field,False,explicit_official_transitive,0.364,FOR1998->111207 (2008)->321108 (2020)
FOR1998,321015,Oncology and Carcinogenesis,FOR,321111,Solid tumours,field,False,explicit_official_transitive,0.3,FOR1998->111209 (2008)->321111 (2020)
FOR1998,321015,Oncology and Carcinogenesis,FOR,321101,Cancer cell biology,field,False,explicit_official_transitive,0.304,FOR1998->111201 (2008)->321101 (2020)
FOR1998,321015,Oncology and Carcinogenesis,FOR,321104,Cancer therapy (excl. chemotherapy and radiation therapy),field,False,explicit_official_transitive,0.262,FOR1998->111204 (2008)->321104 (2020)
FOR1998,321015,Oncology and Carcinogenesis,FOR,321106,Haematological tumours,field,False,explicit_official_transitive,0.327,FOR1998->111206 (2008)->321106 (2020)
FOR1998,321015,Oncology and Carcinogenesis,FOR,321105,Chemotherapy,field,False,explicit_official_transitive,0.103,FOR1998->111205 (2008)->321105 (2020)
FOR1998,321016,Opthalmology and Vision Science,FOR,321204,Vision science,field,True,explicit_official_transitive,0.622,FOR1998->111303 (2008)->321204 (2020)
FOR1998,321016,Opthalmology and Vision Science,FOR,321201,Ophthalmology,field,False,explicit_official_transitive,0.545,FOR1998->111301 (2008)->321201 (2020)
FOR1998,321017,Orthopaedics,FOR,320216,Orthopaedics,field,True,explicit_official_transitive,0.9,FOR1998->110314 (2008)->320216 (2020)
FOR1998,321018,Otorhinolaryngology,FOR,320217,Otorhinolaryngology,field,True,explicit_official_transitive,0.9,FOR1998->110315 (2008)->320217 (2020)
FOR1998,321019,Paediatrics,FOR,321399,Paediatrics not elsewhere classified,field,True,explicit_official_transitive,0.9,FOR1998->111403 (2008)->321399 (2020)
FOR1998,321020,Pathology,FOR,320220,Pathology (excl. oral pathology),field,False,explicit_official_transitive,0.439,FOR1998->110316 (2008)->320220 (2020)
FOR1998,321020,Pathology,FOR,320307,Oral medicine and pathology,field,True,explicit_official_transitive,0.5,FOR1998->110505 (2008)->320307 (2020)
FOR1998,321021,Psychiatry,FOR,320221,Psychiatry (incl. psychotherapy),field,True,explicit_official_transitive,0.476,FOR1998->110319 (2008)->320221 (2020)
FOR1998,321022,Radiology and Organ Imaging,FOR,320222,Radiology and organ imaging,field,True,explicit_official_transitive,0.9,FOR1998->110320 (2008)->320222 (2020)
FOR1998,321023,Radiotherapy and Nuclear Medicine,FOR,320215,Nuclear medicine,field,True,explicit_official_transitive,0.653,FOR1998->110313 (2008)->320215 (2020)
FOR1998,321023,Radiotherapy and Nuclear Medicine,FOR,321110,Radiation therapy,field,False,explicit_official_transitive,0.48,FOR1998->111208 (2008)->321110 (2020)
FOR1998,321024,Rehabilitation and Therapy: Occupational and Physical,FOR,420199,Allied health and rehabilitation science not elsewhere classified,field,True,explicit_official_transitive,0.713,FOR1998->110321 (2008)->420199 (2020)
FOR1998,321024,Rehabilitation and Therapy: Occupational and Physical,FOR,420106,Physiotherapy,field,False,explicit_official_transitive,0.303,FOR1998->110317 (2008)->420106 (2020)
FOR1998,321025,Rehabilitation and Therapy: Hearing and Speech,FOR,420199,Allied health and rehabilitation science not elsewhere classified,field,True,explicit_official_transitive,0.66,FOR1998->110321 (2008)->420199 (2020)
FOR1998,321026,Reproduction,FOR,321503,Reproduction,field,True,explicit_official_transitive,0.9,FOR1998->111404 (2008)->321503 (2020)
FOR1998,321027,Respiratory Diseases,FOR,320103,Respiratory diseases,field,True,explicit_official_transitive,0.9,FOR1998->110203 (2008)->320103 (2020)
FOR1998,321028,Rheumatology and Arthritis,FOR,320223,Rheumatology and arthritis,field,True,explicit_official_transitive,0.9,FOR1998->110322 (2008)->320223 (2020)
FOR1998,321029,Surgery,FOR,320226,Surgery,field,True,explicit_official_transitive,0.9,FOR1998->110323 (2008)->320226 (2020)
FOR1998,321030,Venereology,FOR,320227,Venereology,field,True,explicit_official_transitive,0.9,FOR1998->110324 (2008)->320227 (2020)
FOR1998,321099,Clinical Sciences not elsewhere classified,FOR,320299,Clinical sciences not elsewhere classified,field,True,explicit_official_transitive,0.9,FOR1998->110399 (2008)->320299 (2020)
FOR1998,321099,Clinical Sciences not elsewhere classified,FOR,321299,Ophthalmology and optometry not elsewhere classified,field,False,explicit_official_transitive,0.617,FOR1998->111399 (2008)->321299 (2020)
FOR1998,321099,Clinical Sciences not elsewhere classified,FOR,320207,Emergency medicine,field,False,explicit_official_transitive,0.2,FOR1998->110305 (2008)->320207 (2020)
FOR1998,321099,Clinical Sciences not elsewhere classified,FOR,320221,Psychiatry (incl. psychotherapy),field,False,explicit_official_transitive,0.243,FOR1998->110319 (2008)->320221 (2020)
FOR1998,321099,Clinical Sciences not elsewhere classified,FOR,320199,Cardiovascular medicine and haematology not elsewhere classified,field,False,explicit_official_transitive,0.55,FOR1998->110299 (2008)->320199 (2020)
FOR1998,321099,Clinical Sciences not elsewhere classified,FOR,420106,Physiotherapy,field,False,explicit_official_transitive,0.255,FOR1998->110317 (2008)->420106 (2020)
FOR1998,321099,Clinical Sciences not elsewhere classified,FOR,321599,Reproductive medicine not elsewhere classified,field,False,explicit_official_transitive,0.558,FOR1998->111499 (2008)->321599 (2020)
FOR1998,321099,Clinical Sciences not elsewhere classified,FOR,320203,Clinical microbiology,field,False,explicit_official_transitive,0.413,FOR1998->110303 (2008)->320203 (2020)
FOR1998,3211,Nursing,FOR,4205,Nursing,group,True,derived_empirical,0.857,"rolled up from 7 FOR1998 leaf-level mapping(s), 6 agreeing"
FOR1998,3211,Nursing,FOR,4204,Midwifery,group,False,derived_empirical,0.143,"rolled up from 7 FOR1998 leaf-level mapping(s), 1 agreeing"
FOR1998,321101,Midwifery,FOR,420401,Clinical midwifery,field,True,explicit_official_transitive,0.9,FOR1998->111006 (2008)->420401 (2020)
FOR1998,321102,Clinical Nursing: Primary (Preventative),FOR,420503,Community and primary care,field,True,explicit_official_transitive,0.9,FOR1998->111002 (2008)->420503 (2020)
FOR1998,321103,Clinical Nursing: Secondary (Acute Care),FOR,420501,Acute care,field,True,explicit_official_transitive,0.9,FOR1998->111003 (2008)->420501 (2020)
FOR1998,321104,Clinical Nursing: Tertiary (Rehabilitative),FOR,420506,Sub-acute care,field,True,explicit_official_transitive,0.9,FOR1998->111004 (2008)->420506 (2020)
FOR1998,321105,Mental Health Nursing,FOR,420504,Mental health nursing,field,True,explicit_official_transitive,0.9,FOR1998->111005 (2008)->420504 (2020)
FOR1998,321106,Aged Care Nursing,FOR,420502,Aged care nursing,field,True,explicit_official_transitive,0.9,FOR1998->111001 (2008)->420502 (2020)
FOR1998,321199,Nursing not elsewhere classified,FOR,420599,Nursing not elsewhere classified,field,True,explicit_official_transitive,0.9,FOR1998->111099 (2008)->420599 (2020)
FOR1998,3212,Public Health and Health Services,FOR,5001,Applied ethics,group,False,derived_empirical,0.056,"rolled up from 18 FOR1998 leaf-level mapping(s), 1 agreeing"
FOR1998,3212,Public Health and Health Services,FOR,4203,Health services and systems,group,True,derived_empirical,0.5,"rolled up from 18 FOR1998 leaf-level mapping(s), 9 agreeing"
FOR1998,3212,Public Health and Health Services,FOR,4206,Public health,group,False,derived_empirical,0.222,"rolled up from 18 FOR1998 leaf-level mapping(s), 4 agreeing"
FOR1998,3212,Public Health and Health Services,FOR,3505,Human resources and industrial relations,group,False,derived_empirical,0.056,"rolled up from 18 FOR1998 leaf-level mapping(s), 1 agreeing"
FOR1998,3212,Public Health and Health Services,FOR,4202,Epidemiology,group,False,derived_empirical,0.056,"rolled up from 18 FOR1998 leaf-level mapping(s), 1 agreeing"
FOR1998,3212,Public Health and Health Services,FOR,3210,Nutrition and dietetics,group,False,derived_empirical,0.056,"rolled up from 18 FOR1998 leaf-level mapping(s), 1 agreeing"
FOR1998,3212,Public Health and Health Services,FOR,4516,Pacific Peoples health and wellbeing,group,False,derived_empirical,0.056,"rolled up from 18 FOR1998 leaf-level mapping(s), 1 agreeing"
FOR1998,321201,Environmental and Occupational Health and Safety,FOR,350505,Occupational and workplace health and safety,field,True,explicit_official_transitive,0.9,FOR1998->111705 (2008)->350505 (2020)
FOR1998,321202,Epidemiology,FOR,420210,Social epidemiology,field,True,explicit_official_transitive,0.9,FOR1998->111706 (2008)->420210 (2020)
FOR1998,321203,Health Information Systems (incl. Surveillance),FOR,420308,Health informatics and information systems,field,True,explicit_official_transitive,0.9,FOR1998->111711 (2008)->420308 (2020)
FOR1998,321204,Mental Health,FOR,420313,Mental health services,field,True,explicit_official_transitive,0.9,FOR1998->111714 (2008)->420313 (2020)
FOR1998,321205,Nutrition and Dietetics,FOR,321004,Nutritional science,field,False,explicit_official_transitive,0.489,FOR1998->111103 (2008)->321004 (2020)
FOR1998,321205,Nutrition and Dietetics,FOR,321099,Nutrition and dietetics not elsewhere classified,field,True,explicit_official_transitive,0.648,FOR1998->111199 (2008)->321099 (2020)
FOR1998,321205,Nutrition and Dietetics,FOR,321002,Food properties (incl. characteristics and health benefits),field,False,explicit_official_transitive,0.36,FOR1998->111102 (2008)->321002 (2020)
FOR1998,321205,Nutrition and Dietetics,FOR,321001,Clinical nutrition,field,False,explicit_official_transitive,0.346,FOR1998->111101 (2008)->321001 (2020)
FOR1998,321205,Nutrition and Dietetics,FOR,321005,Public health nutrition,field,False,explicit_official_transitive,0.577,FOR1998->111104 (2008)->321005 (2020)
FOR1998,321206,Preventive Medicine,FOR,420605,Preventative health care,field,True,explicit_official_transitive,0.9,FOR1998->111716 (2008)->420605 (2020)
FOR1998,321207,Indigenous Health,FOR,450418,Aboriginal and Torres Strait Islander remote health,field,False,explicit_official_transitive,0.393,FOR1998->111701 (2008)->450418 (2020)
FOR1998,321207,Indigenous Health,FOR,451016,Te hauora mamao o te Māori (Māori remote health),field,False,explicit_official_transitive,0.552,FOR1998->111713 (2008)->451016 (2020)
FOR1998,321207,Indigenous Health,FOR,451606,Pacific Peoples health policy,field,True,explicit_official_transitive,0.615,FOR1998->111715 (2008)->451606 (2020)
FOR1998,321208,Primary Health Care,FOR,420319,Primary health care,field,True,explicit_official_transitive,0.9,FOR1998->111717 (2008)->420319 (2020)
FOR1998,321209,Family Care,FOR,420303,Family care,field,True,explicit_official_transitive,0.9,FOR1998->111707 (2008)->420303 (2020)
FOR1998,321210,Community Child Health,FOR,420601,Community child health,field,True,explicit_official_transitive,0.9,FOR1998->111704 (2008)->420601 (2020)
FOR1998,321211,Residential Client Care,FOR,420320,Residential client care,field,True,explicit_official_transitive,0.9,FOR1998->111718 (2008)->420320 (2020)
FOR1998,321212,Care for Disabled,FOR,420318,People with disability,field,True,explicit_official_transitive,0.9,FOR1998->111703 (2008)->420318 (2020)
FOR1998,321213,Human Bioethics,FOR,500106,Medical ethics,field,True,explicit_official_transitive,0.621,FOR1998->220106 (2008)->500106 (2020)
FOR1998,321213,Human Bioethics,FOR,500101,Bioethics,field,False,explicit_official_transitive,0.419,FOR1998->220101 (2008)->500101 (2020)
FOR1998,321214,Health and Community Services,FOR,420305,Health and community services,field,True,explicit_official_transitive,0.9,FOR1998->111708 (2008)->420305 (2020)
FOR1998,321215,Health Care Administration,FOR,420306,Health care administration,field,True,explicit_official_transitive,0.9,FOR1998->111709 (2008)->420306 (2020)
FOR1998,321216,Health Promotion,FOR,420603,Health promotion,field,True,explicit_official_transitive,0.9,FOR1998->111712 (2008)->420603 (2020)
FOR1998,321217,Health Counselling,FOR,420307,Health counselling,field,True,explicit_official_transitive,0.9,FOR1998->111710 (2008)->420307 (2020)
FOR1998,321299,Public Health and Health Services not elsewhere classified,FOR,420301,Aged health care,field,False,explicit_official_transitive,0.351,FOR1998->111702 (2008)->420301 (2020)
FOR1998,321299,Public Health and Health Services not elsewhere classified,FOR,420699,Public health not elsewhere classified,field,True,explicit_official_transitive,0.9,FOR1998->111799 (2008)->420699 (2020)
FOR1998,3213,Complementary/Alternative Medicine,FOR,4208,"Traditional, complementary and integrative medicine",group,True,derived_empirical,1.0,"rolled up from 4 FOR1998 leaf-level mapping(s), 4 agreeing"
FOR1998,321301,Oriental Medicine and Treatments,FOR,420803,Traditional Chinese medicine and treatments,field,True,explicit_official_transitive,0.9,FOR1998->110404 (2008)->420803 (2020)
FOR1998,321302,Chiropractic,FOR,420801,Chiropractic,field,True,explicit_official_transitive,0.9,FOR1998->110401 (2008)->420801 (2020)
FOR1998,321303,Naturopathy,FOR,420802,Naturopathy,field,True,explicit_official_transitive,0.9,FOR1998->110402 (2008)->420802 (2020)
FOR1998,321399,Complementary/Alternative Medicine not elsewhere classified,FOR,451009,Ngā rongoā me ngā whakamaimoa o te Māori (Māori medicine and treatments),field,False,explicit_official_transitive,0.44,FOR1998->110405 (2008)->451009 (2020)
FOR1998,321399,Complementary/Alternative Medicine not elsewhere classified,FOR,450411,Aboriginal and Torres Strait Islander medicine and treatments,field,False,explicit_official_transitive,0.348,FOR1998->110403 (2008)->450411 (2020)
FOR1998,321399,Complementary/Alternative Medicine not elsewhere classified,FOR,420899,"Traditional, complementary and integrative medicine not elsewhere classified",field,True,explicit_official_transitive,0.9,FOR1998->110499 (2008)->420899 (2020)
FOR1998,3214,Human Movement and Sports Science,FOR,4207,Sports science and exercise,group,True,derived_empirical,0.667,"rolled up from 6 FOR1998 leaf-level mapping(s), 4 agreeing"
FOR1998,3214,Human Movement and Sports Science,FOR,5201,Applied and developmental psychology,group,False,derived_empirical,0.167,"rolled up from 6 FOR1998 leaf-level mapping(s), 1 agreeing"
FOR1998,3214,Human Movement and Sports Science,FOR,3202,Clinical sciences,group,False,derived_empirical,0.167,"rolled up from 6 FOR1998 leaf-level mapping(s), 1 agreeing"
FOR1998,321401,Exercise Physiology,FOR,420702,Exercise physiology,field,True,explicit_official_transitive,0.9,FOR1998->110602 (2008)->420702 (2020)
FOR1998,321402,Biomechanics,FOR,420701,Biomechanics,field,True,explicit_official_transitive,0.9,FOR1998->110601 (2008)->420701 (2020)
FOR1998,321403,Motor Control,FOR,420703,Motor control,field,True,explicit_official_transitive,0.9,FOR1998->110603 (2008)->420703 (2020)
FOR1998,321404,Sport and Exercise Psychology,FOR,520107,Sport and exercise psychology,field,True,explicit_official_transitive,0.9,FOR1998->170114 (2008)->520107 (2020)
FOR1998,321405,Sports Medicine,FOR,320225,Sports medicine,field,True,explicit_official_transitive,0.9,FOR1998->110604 (2008)->320225 (2020)
FOR1998,321499,Human Movement and Sports Science not elsewhere classified,FOR,420799,Sports science and exercise not elsewhere classified,field,True,explicit_official_transitive,0.9,FOR1998->110699 (2008)->420799 (2020)
FOR1998,3299,Other Medical and Health Sciences,FOR,4299,Other health sciences,group,True,derived_empirical,0.5,"rolled up from 4 FOR1998 leaf-level mapping(s), 2 agreeing"
FOR1998,3299,Other Medical and Health Sciences,FOR,3206,Medical biotechnology,group,False,derived_empirical,0.25,"rolled up from 4 FOR1998 leaf-level mapping(s), 1 agreeing"
FOR1998,3299,Other Medical and Health Sciences,FOR,4201,Allied health and rehabilitation science,group,False,derived_empirical,0.25,"rolled up from 4 FOR1998 leaf-level mapping(s), 1 agreeing"
FOR1998,329901,Podiatry,FOR,420107,Podiatry,field,True,explicit_official_transitive,0.9,FOR1998->110318 (2008)->420107 (2020)
FOR1998,329902,Medical Biotechnology,FOR,320602,Medical biotechnology diagnostics (incl. biosensors),field,False,explicit_official_transitive,0.575,FOR1998->100402 (2008)->320602 (2020)
FOR1998,329902,Medical Biotechnology,FOR,320601,Gene and molecular therapy,field,False,explicit_official_transitive,0.255,FOR1998->100401 (2008)->320601 (2020)
FOR1998,329902,Medical Biotechnology,FOR,320699,Medical biotechnology not elsewhere classified,field,True,explicit_official_transitive,0.627,FOR1998->100499 (2008)->320699 (2020)
FOR1998,329902,Medical Biotechnology,FOR,320603,Medical molecular engineering of nucleic acids and proteins,field,False,explicit_official_transitive,0.325,FOR1998->100403 (2008)->320603 (2020)
FOR1998,329902,Medical Biotechnology,FOR,320606,Regenerative medicine (incl. stem cells),field,False,explicit_official_transitive,0.286,FOR1998->100404 (2008)->320606 (2020)
FOR1998,329903,Therapies and Therapeutic Technology,FOR,429999,Other health sciences not elsewhere classified,field,True,explicit_official_transitive,0.295,FOR1998->119999 (2008)->429999 (2020)
FOR1998,329999,Medical and Health Sciences not elsewhere classified,FOR,429999,Other health sciences not elsewhere classified,field,True,explicit_official_transitive,0.9,FOR1998->119999 (2008)->429999 (2020)
FOR1998,33,EDUCATION,FOR,45,INDIGENOUS STUDIES,division,False,derived_empirical,0.038,"rolled up from 26 FOR1998 leaf-level mapping(s), 1 agreeing"
FOR1998,33,EDUCATION,FOR,39,EDUCATION,division,True,derived_empirical,0.962,"rolled up from 26 FOR1998 leaf-level mapping(s), 25 agreeing"
FOR1998,3301,Education Studies,FOR,3902,"Education policy, sociology and philosophy",group,False,derived_empirical,0.2,"rolled up from 10 FOR1998 leaf-level mapping(s), 2 agreeing"
FOR1998,3301,Education Studies,FOR,3904,Specialist studies in education,group,True,derived_empirical,0.8,"rolled up from 10 FOR1998 leaf-level mapping(s), 8 agreeing"
FOR1998,330101,Educational Psychology,FOR,390409,Learning sciences,field,True,explicit_official_transitive,0.9,FOR1998->130309 (2008)->390409 (2020)
FOR1998,330102,History and Philosophy of Education,FOR,390202,History and philosophy of education,field,True,explicit_official_transitive,0.9,FOR1998->220202 (2008)->390202 (2020)
FOR1998,330103,Sociology of Education,FOR,390203,Sociology of education,field,True,explicit_official_transitive,0.9,FOR1998->160809 (2008)->390203 (2020)
FOR1998,330104,"Educational Policy, Administration and Management",FOR,390201,Education policy,field,False,explicit_official_transitive,0.492,FOR1998->160506 (2008)->390201 (2020)
FOR1998,330104,"Educational Policy, Administration and Management",FOR,390403,"Educational administration, management and leadership",field,True,explicit_official_transitive,0.725,FOR1998->130304 (2008)->390403 (2020)
FOR1998,330105,Educational Counselling,FOR,390404,Educational counselling,field,True,explicit_official_transitive,0.9,FOR1998->130305 (2008)->390404 (2020)
FOR1998,330106,Comparative Education,FOR,390401,Comparative and cross-cultural education,field,True,explicit_official_transitive,0.689,FOR1998->130302 (2008)->390401 (2020)
FOR1998,330107,Educational Technology and Media,FOR,390405,Educational technology and computing,field,True,explicit_official_transitive,0.9,FOR1998->130306 (2008)->390405 (2020)
FOR1998,330108,Special Education,FOR,390411,Special education and disability,field,True,explicit_official_transitive,0.694,FOR1998->130312 (2008)->390411 (2020)
FOR1998,330109,Assessment and Evaluation,FOR,390402,Education assessment and evaluation,field,True,explicit_official_transitive,0.9,FOR1998->130303 (2008)->390402 (2020)
FOR1998,330199,Education Studies not elsewhere classified,FOR,390403,"Educational administration, management and leadership",field,False,explicit_official_transitive,0.463,FOR1998->130304 (2008)->390403 (2020)
FOR1998,330199,Education Studies not elsewhere classified,FOR,450207,Aboriginal and Torres Strait Islander men’s education,field,False,explicit_official_transitive,0.202,FOR1998->130301 (2008)->450207 (2020)
FOR1998,330199,Education Studies not elsewhere classified,FOR,451409,Pacific Peoples men’s education,field,False,explicit_official_transitive,0.269,FOR1998->130311 (2008)->451409 (2020)
FOR1998,330199,Education Studies not elsewhere classified,FOR,390406,"Gender, sexuality and education",field,False,explicit_official_transitive,0.247,FOR1998->130308 (2008)->390406 (2020)
FOR1998,330199,Education Studies not elsewhere classified,FOR,390307,Teacher education and professional development of educators,field,False,explicit_official_transitive,0.356,FOR1998->130313 (2008)->390307 (2020)
FOR1998,330199,Education Studies not elsewhere classified,FOR,390499,Specialist studies in education not elsewhere classified,field,True,explicit_official_transitive,0.694,FOR1998->130399 (2008)->390499 (2020)
FOR1998,330199,Education Studies not elsewhere classified,FOR,450811,Te mātauranga Māori i roto i te mātauranga (Mātauranga Māori in education),field,False,explicit_official_transitive,0.408,FOR1998->130310 (2008)->450811 (2020)
FOR1998,330199,Education Studies not elsewhere classified,FOR,390410,"Multicultural education (excl. Aboriginal and Torres Strait Islander, Māori and Pacific Peoples)",field,False,explicit_official_transitive,0.382,FOR1998->130307 (2008)->390410 (2020)
FOR1998,330199,Education Studies not elsewhere classified,FOR,390401,Comparative and cross-cultural education,field,False,explicit_official_transitive,0.22,FOR1998->130302 (2008)->390401 (2020)
FOR1998,3302,Curriculum Studies,FOR,3901,Curriculum and pedagogy,group,True,derived_empirical,1.0,"rolled up from 7 FOR1998 leaf-level mapping(s), 7 agreeing"
FOR1998,330201,Curriculum Studies: English Education,FOR,390104,"English and literacy curriculum and pedagogy (excl. LOTE, ESL and TESOL)",field,False,explicit_official_transitive,0.312,FOR1998->130204 (2008)->390104 (2020)
FOR1998,330201,Curriculum Studies: English Education,FOR,390108,"LOTE, ESL and TESOL curriculum and pedagogy",field,True,explicit_official_transitive,0.362,FOR1998->130207 (2008)->390108 (2020)
FOR1998,330202,Curriculum Studies: Mathematics Education,FOR,390109,Mathematics and numeracy curriculum and pedagogy,field,True,explicit_official_transitive,0.36,FOR1998->130208 (2008)->390109 (2020)
FOR1998,330203,Curriculum Studies: Science Education,FOR,390113,"Science, technology and engineering curriculum and pedagogy",field,True,explicit_official_transitive,0.354,FOR1998->130212 (2008)->390113 (2020)
FOR1998,330204,"Curriculum Studies: Economics, Commerce, Management and Services Education",FOR,390103,"Economics, business and management curriculum and pedagogy",field,True,explicit_official_transitive,0.485,FOR1998->130203 (2008)->390103 (2020)
FOR1998,330204,"Curriculum Studies: Economics, Commerce, Management and Services Education",FOR,390114,Vocational education and training curriculum and pedagogy,field,False,explicit_official_transitive,0.29,FOR1998->130213 (2008)->390114 (2020)
FOR1998,330205,"Curriculum Studies: Other Social Sciences, Humanities and Arts Education",FOR,390107,"Humanities and social sciences curriculum and pedagogy (excl. economics, business and management)",field,True,explicit_official_transitive,0.426,FOR1998->130205 (2008)->390107 (2020)
FOR1998,330205,"Curriculum Studies: Other Social Sciences, Humanities and Arts Education",FOR,390101,"Creative arts, media and communication curriculum and pedagogy",field,False,explicit_official_transitive,0.284,FOR1998->130201 (2008)->390101 (2020)
FOR1998,330206,Curriculum Theory and Development,FOR,390102,Curriculum and pedagogy theory and development,field,True,explicit_official_transitive,0.835,FOR1998->130202 (2008)->390102 (2020)
FOR1998,330299,Curriculum Studies not elsewhere classified,FOR,390109,Mathematics and numeracy curriculum and pedagogy,field,False,explicit_official_transitive,0.33,FOR1998->130208 (2008)->390109 (2020)
FOR1998,330299,Curriculum Studies not elsewhere classified,FOR,390102,Curriculum and pedagogy theory and development,field,False,explicit_official_transitive,0.382,FOR1998->130202 (2008)->390102 (2020)
FOR1998,330299,Curriculum Studies not elsewhere classified,FOR,390110,"Medicine, nursing and health curriculum and pedagogy",field,False,explicit_official_transitive,0.316,FOR1998->130209 (2008)->390110 (2020)
FOR1998,330299,Curriculum Studies not elsewhere classified,FOR,390111,Physical education and development curriculum and pedagogy,field,False,explicit_official_transitive,0.297,FOR1998->130210 (2008)->390111 (2020)
FOR1998,330299,Curriculum Studies not elsewhere classified,FOR,390107,"Humanities and social sciences curriculum and pedagogy (excl. economics, business and management)",field,False,explicit_official_transitive,0.271,FOR1998->130205 (2008)->390107 (2020)
FOR1998,330299,Curriculum Studies not elsewhere classified,FOR,390199,Curriculum and pedagogy not elsewhere classified,field,True,explicit_official_transitive,0.835,FOR1998->130299 (2008)->390199 (2020)
FOR1998,330299,Curriculum Studies not elsewhere classified,FOR,390114,Vocational education and training curriculum and pedagogy,field,False,explicit_official_transitive,0.3,FOR1998->130213 (2008)->390114 (2020)
FOR1998,330299,Curriculum Studies not elsewhere classified,FOR,390103,"Economics, business and management curriculum and pedagogy",field,False,explicit_official_transitive,0.297,FOR1998->130203 (2008)->390103 (2020)
FOR1998,330299,Curriculum Studies not elsewhere classified,FOR,390112,Religion curriculum and pedagogy,field,False,explicit_official_transitive,0.4,FOR1998->130211 (2008)->390112 (2020)
FOR1998,330299,Curriculum Studies not elsewhere classified,FOR,390113,"Science, technology and engineering curriculum and pedagogy",field,False,explicit_official_transitive,0.294,FOR1998->130212 (2008)->390113 (2020)
FOR1998,330299,Curriculum Studies not elsewhere classified,FOR,390104,"English and literacy curriculum and pedagogy (excl. LOTE, ESL and TESOL)",field,False,explicit_official_transitive,0.313,FOR1998->130204 (2008)->390104 (2020)
FOR1998,330299,Curriculum Studies not elsewhere classified,FOR,450801,Ngā kōhanga reo (Māori curriculum and pedagogy),field,False,explicit_official_transitive,0.316,FOR1998->130206 (2008)->450801 (2020)
FOR1998,330299,Curriculum Studies not elsewhere classified,FOR,390108,"LOTE, ESL and TESOL curriculum and pedagogy",field,False,explicit_official_transitive,0.36,FOR1998->130207 (2008)->390108 (2020)
FOR1998,330299,Curriculum Studies not elsewhere classified,FOR,390101,"Creative arts, media and communication curriculum and pedagogy",field,False,explicit_official_transitive,0.286,FOR1998->130201 (2008)->390101 (2020)
FOR1998,3303,Professional Development of Teachers,FOR,4508,Mātauranga Māori (Māori education),group,False,derived_empirical,0.125,"rolled up from 8 FOR1998 leaf-level mapping(s), 1 agreeing"
FOR1998,3303,Professional Development of Teachers,FOR,3903,Education systems,group,True,derived_empirical,0.875,"rolled up from 8 FOR1998 leaf-level mapping(s), 7 agreeing"
FOR1998,330301,Teacher Education: Early Childhood,FOR,450802,Te Whāriki - te mātauranga kōhungahunga Māori (Māori early childhood education),field,True,explicit_official_transitive,0.564,FOR1998->130107 (2008)->450802 (2020)
FOR1998,330301,Teacher Education: Early Childhood,FOR,390307,Teacher education and professional development of educators,field,False,explicit_official_transitive,0.452,FOR1998->130313 (2008)->390307 (2020)
FOR1998,330301,Teacher Education: Early Childhood,FOR,390302,Early childhood education,field,False,explicit_official_transitive,0.411,FOR1998->130102 (2008)->390302 (2020)
FOR1998,330302,Teacher Education: Primary,FOR,390307,Teacher education and professional development of educators,field,True,explicit_official_transitive,0.565,FOR1998->130313 (2008)->390307 (2020)
FOR1998,330302,Teacher Education: Primary,FOR,390304,Primary education,field,False,explicit_official_transitive,0.526,FOR1998->130105 (2008)->390304 (2020)
FOR1998,330302,Teacher Education: Primary,FOR,450806,Ngā kura kaupapa Māori (Māori primary education),field,False,explicit_official_transitive,0.343,FOR1998->130104 (2008)->450806 (2020)
FOR1998,330303,Teacher Education: Secondary,FOR,390306,Secondary education,field,True,explicit_official_transitive,0.553,FOR1998->130106 (2008)->390306 (2020)
FOR1998,330303,Teacher Education: Secondary,FOR,390307,Teacher education and professional development of educators,field,False,explicit_official_transitive,0.552,FOR1998->130313 (2008)->390307 (2020)
FOR1998,330304,Teacher Education: Vocational Education and Training,FOR,390307,Teacher education and professional development of educators,field,True,explicit_official_transitive,0.595,FOR1998->130313 (2008)->390307 (2020)
FOR1998,330304,Teacher Education: Vocational Education and Training,FOR,390301,Continuing and community education,field,False,explicit_official_transitive,0.302,FOR1998->130101 (2008)->390301 (2020)
FOR1998,330304,Teacher Education: Vocational Education and Training,FOR,390308,"Technical, further and workplace education",field,False,explicit_official_transitive,0.34,FOR1998->130108 (2008)->390308 (2020)
FOR1998,330305,Teacher Education: Higher Education,FOR,390303,Higher education,field,True,explicit_official_transitive,0.627,FOR1998->130103 (2008)->390303 (2020)
FOR1998,330305,Teacher Education: Higher Education,FOR,390307,Teacher education and professional development of educators,field,False,explicit_official_transitive,0.596,FOR1998->130313 (2008)->390307 (2020)
FOR1998,330306,Teacher Education: Special Education,FOR,390307,Teacher education and professional development of educators,field,True,explicit_official_transitive,0.632,FOR1998->130313 (2008)->390307 (2020)
FOR1998,330306,Teacher Education: Special Education,FOR,390411,Special education and disability,field,False,explicit_official_transitive,0.5,FOR1998->130312 (2008)->390411 (2020)
FOR1998,330307,Teacher Education: Nursing and Health,FOR,390110,"Medicine, nursing and health curriculum and pedagogy",field,False,explicit_official_transitive,0.539,FOR1998->130209 (2008)->390110 (2020)
FOR1998,330307,Teacher Education: Nursing and Health,FOR,390307,Teacher education and professional development of educators,field,True,explicit_official_transitive,0.542,FOR1998->130313 (2008)->390307 (2020)
FOR1998,330399,Professional Development of Teachers not elsewhere classified,FOR,390307,Teacher education and professional development of educators,field,False,explicit_official_transitive,0.517,FOR1998->130313 (2008)->390307 (2020)
FOR1998,330399,Professional Development of Teachers not elsewhere classified,FOR,390399,Education systems not elsewhere classified,field,True,explicit_official_transitive,0.641,FOR1998->130199 (2008)->390399 (2020)
FOR1998,3399,Other Education,FOR,3903,Education systems,group,True,derived_empirical,1.0,"rolled up from 1 FOR1998 leaf-level mapping(s), 1 agreeing"
FOR1998,339999,Other Education,FOR,390301,Continuing and community education,field,False,explicit_official_transitive,0.49,FOR1998->130101 (2008)->390301 (2020)
FOR1998,339999,Other Education,FOR,390308,"Technical, further and workplace education",field,False,explicit_official_transitive,0.491,FOR1998->130108 (2008)->390308 (2020)
FOR1998,339999,Other Education,FOR,399999,Other education not elsewhere classified,field,False,explicit_official_transitive,0.367,FOR1998->139999 (2008)->399999 (2020)
FOR1998,339999,Other Education,FOR,450806,Ngā kura kaupapa Māori (Māori primary education),field,False,explicit_official_transitive,0.407,FOR1998->130104 (2008)->450806 (2020)
FOR1998,339999,Other Education,FOR,390399,Education systems not elsewhere classified,field,False,explicit_official_transitive,0.316,FOR1998->130199 (2008)->390399 (2020)
FOR1998,339999,Other Education,FOR,390303,Higher education,field,True,explicit_official_transitive,0.839,FOR1998->130103 (2008)->390303 (2020)
FOR1998,339999,Other Education,FOR,390304,Primary education,field,False,explicit_official_transitive,0.478,FOR1998->130105 (2008)->390304 (2020)
FOR1998,339999,Other Education,FOR,450802,Te Whāriki - te mātauranga kōhungahunga Māori (Māori early childhood education),field,False,explicit_official_transitive,0.407,FOR1998->130107 (2008)->450802 (2020)
FOR1998,339999,Other Education,FOR,390306,Secondary education,field,False,explicit_official_transitive,0.706,FOR1998->130106 (2008)->390306 (2020)
FOR1998,339999,Other Education,FOR,390302,Early childhood education,field,False,explicit_official_transitive,0.407,FOR1998->130102 (2008)->390302 (2020)
FOR1998,34,ECONOMICS,FOR,38,ECONOMICS,division,True,derived_empirical,0.933,"rolled up from 30 FOR1998 leaf-level mapping(s), 28 agreeing"
FOR1998,34,ECONOMICS,FOR,44,HUMAN SOCIETY,division,False,derived_empirical,0.067,"rolled up from 30 FOR1998 leaf-level mapping(s), 2 agreeing"
FOR1998,3401,Economic Theory,FOR,3803,Economic theory,group,True,derived_empirical,1.0,"rolled up from 4 FOR1998 leaf-level mapping(s), 4 agreeing"
FOR1998,340101,Microeconomic Theory,FOR,380304,Microeconomic theory,field,True,explicit_official_transitive,0.9,FOR1998->140104 (2008)->380304 (2020)
FOR1998,340102,Macroeconomic Theory,FOR,380302,Macroeconomic theory,field,True,explicit_official_transitive,0.9,FOR1998->140102 (2008)->380302 (2020)
FOR1998,340103,Mathematical Economics,FOR,380303,Mathematical economics,field,True,explicit_official_transitive,0.9,FOR1998->140103 (2008)->380303 (2020)
FOR1998,340199,Economic Theory not elsewhere classified,FOR,380399,Economic theory not elsewhere classified,field,True,explicit_official_transitive,0.9,FOR1998->140199 (2008)->380399 (2020)
FOR1998,3402,Applied Economics,FOR,4406,Human geography,group,False,derived_empirical,0.067,"rolled up from 15 FOR1998 leaf-level mapping(s), 1 agreeing"
FOR1998,3402,Applied Economics,FOR,3801,Applied economics,group,True,derived_empirical,0.867,"rolled up from 15 FOR1998 leaf-level mapping(s), 13 agreeing"
FOR1998,3402,Applied Economics,FOR,4407,Policy and administration,group,False,derived_empirical,0.067,"rolled up from 15 FOR1998 leaf-level mapping(s), 1 agreeing"
FOR1998,340201,Agricultural Economics,FOR,380101,Agricultural economics,field,True,explicit_official_transitive,0.9,FOR1998->140201 (2008)->380101 (2020)
FOR1998,340202,Environment and Resource Economics,FOR,380105,Environment and resource economics,field,True,explicit_official_transitive,0.9,FOR1998->140205 (2008)->380105 (2020)
FOR1998,340203,Finance Economics,FOR,380107,Financial economics,field,True,explicit_official_transitive,0.9,FOR1998->140207 (2008)->380107 (2020)
FOR1998,340204,Health Economics,FOR,380108,Health economics,field,True,explicit_official_transitive,0.9,FOR1998->140208 (2008)->380108 (2020)
FOR1998,340205,Industry Economics and Industrial Organisation,FOR,380109,Industry economics and industrial organisation,field,True,explicit_official_transitive,0.9,FOR1998->140209 (2008)->380109 (2020)
FOR1998,340206,International Economics and International Finance,FOR,380110,International economics,field,True,explicit_official_transitive,0.9,FOR1998->140210 (2008)->380110 (2020)
FOR1998,340207,Labour Economics,FOR,380111,Labour economics,field,True,explicit_official_transitive,0.9,FOR1998->140211 (2008)->380111 (2020)
FOR1998,340208,Macroeconomics (incl. Monetary and Fiscal Theory),FOR,380112,Macroeconomics (incl. monetary and fiscal theory),field,True,explicit_official_transitive,0.9,FOR1998->140212 (2008)->380112 (2020)
FOR1998,340209,Public Sector Economics,FOR,380114,Public economics - publicly provided goods,field,False,explicit_official_transitive,0.485,FOR1998->140214 (2008)->380114 (2020)
FOR1998,340209,Public Sector Economics,FOR,380115,Public economics - taxation and revenue,field,False,explicit_official_transitive,0.525,FOR1998->140215 (2008)->380115 (2020)
FOR1998,340209,Public Sector Economics,FOR,380113,Public economics - public choice,field,True,explicit_official_transitive,0.593,FOR1998->140213 (2008)->380113 (2020)
FOR1998,340210,Welfare Economics,FOR,380119,Welfare economics,field,True,explicit_official_transitive,0.9,FOR1998->140219 (2008)->380119 (2020)
FOR1998,340211,Transport Economics,FOR,380117,Transport economics,field,True,explicit_official_transitive,0.9,FOR1998->140217 (2008)->380117 (2020)
FOR1998,340212,Economic Geography,FOR,440603,Economic geography,field,True,explicit_official_transitive,0.9,FOR1998->160401 (2008)->440603 (2020)
FOR1998,340213,Economic Development and Growth,FOR,440703,Economic development policy,field,True,explicit_official_transitive,0.9,FOR1998->140202 (2008)->440703 (2020)
FOR1998,340214,Urban and Regional Economics,FOR,380118,Urban and regional economics,field,True,explicit_official_transitive,0.9,FOR1998->140218 (2008)->380118 (2020)
FOR1998,340299,Applied Economics not elsewhere classified,FOR,380106,Experimental economics,field,False,explicit_official_transitive,0.375,FOR1998->140206 (2008)->380106 (2020)
FOR1998,340299,Applied Economics not elsewhere classified,FOR,380199,Applied economics not elsewhere classified,field,True,explicit_official_transitive,0.9,FOR1998->140299 (2008)->380199 (2020)
FOR1998,340299,Applied Economics not elsewhere classified,FOR,380104,Economics of education,field,False,explicit_official_transitive,0.5,FOR1998->140204 (2008)->380104 (2020)
FOR1998,3403,Economic History and History of Economic Thought,FOR,3803,Economic theory,group,False,derived_empirical,0.5,"rolled up from 2 FOR1998 leaf-level mapping(s), 1 agreeing"
FOR1998,3403,Economic History and History of Economic Thought,FOR,3801,Applied economics,group,True,derived_empirical,0.5,"rolled up from 2 FOR1998 leaf-level mapping(s), 1 agreeing"
FOR1998,340301,Economic History,FOR,380103,Economic history,field,True,explicit_official_transitive,0.9,FOR1998->140203 (2008)->380103 (2020)
FOR1998,340302,History of Economic Thought,FOR,380301,History of economic thought,field,True,explicit_official_transitive,0.9,FOR1998->140101 (2008)->380301 (2020)
FOR1998,3404,Econometrics,FOR,3802,Econometrics,group,True,derived_empirical,1.0,"rolled up from 6 FOR1998 leaf-level mapping(s), 6 agreeing"
FOR1998,340401,Economic Models and Forecasting,FOR,380203,Economic models and forecasting,field,True,explicit_official_transitive,0.9,FOR1998->140303 (2008)->380203 (2020)
FOR1998,340402,Econometric and Statistical Methods,FOR,380202,Econometric and statistical methods,field,True,explicit_official_transitive,0.9,FOR1998->140302 (2008)->380202 (2020)
FOR1998,340403,Time-Series Analysis,FOR,380205,Time-series analysis,field,True,explicit_official_transitive,0.9,FOR1998->140305 (2008)->380205 (2020)
FOR1998,340404,Cross-Sectional Analysis,FOR,380201,Cross-sectional analysis,field,True,explicit_official_transitive,0.9,FOR1998->140301 (2008)->380201 (2020)
FOR1998,340405,Panel Data Analysis,FOR,380204,Panel data analysis,field,True,explicit_official_transitive,0.9,FOR1998->140304 (2008)->380204 (2020)
FOR1998,340499,Econometrics not elsewhere classified,FOR,380299,Econometrics not elsewhere classified,field,True,explicit_official_transitive,0.9,FOR1998->140399 (2008)->380299 (2020)
FOR1998,3499,Other Economics,FOR,3899,Other economics,group,True,derived_empirical,0.667,"rolled up from 3 FOR1998 leaf-level mapping(s), 2 agreeing"
FOR1998,3499,Other Economics,FOR,3801,Applied economics,group,False,derived_empirical,0.333,"rolled up from 3 FOR1998 leaf-level mapping(s), 1 agreeing"
FOR1998,349901,Political Economy,FOR,389903,Heterodox economics,field,False,explicit_official_transitive,0.444,FOR1998->149903 (2008)->389903 (2020)
FOR1998,349901,Political Economy,FOR,380113,Public economics - public choice,field,True,explicit_official_transitive,0.458,FOR1998->140213 (2008)->380113 (2020)
FOR1998,349902,Comparative Economic Systems,FOR,389901,Comparative economic systems,field,True,explicit_official_transitive,0.9,FOR1998->149901 (2008)->389901 (2020)
FOR1998,349999,Economics not elsewhere classified,FOR,389902,Ecological economics,field,False,explicit_official_transitive,0.333,FOR1998->149902 (2008)->389902 (2020)
FOR1998,349999,Economics not elsewhere classified,FOR,389999,Other economics not elsewhere classified,field,True,explicit_official_transitive,0.9,FOR1998->149999 (2008)->389999 (2020)
FOR1998,35,"COMMERCE, MANAGEMENT, TOURISM AND SERVICES",FOR,35,"COMMERCE, MANAGEMENT, TOURISM AND SERVICES",division,True,derived_empirical,0.959,"rolled up from 49 FOR1998 leaf-level mapping(s), 47 agreeing"
FOR1998,35,"COMMERCE, MANAGEMENT, TOURISM AND SERVICES",FOR,44,HUMAN SOCIETY,division,False,derived_empirical,0.02,"rolled up from 49 FOR1998 leaf-level mapping(s), 1 agreeing"
FOR1998,35,"COMMERCE, MANAGEMENT, TOURISM AND SERVICES",FOR,38,ECONOMICS,division,False,derived_empirical,0.02,"rolled up from 49 FOR1998 leaf-level mapping(s), 1 agreeing"
FOR1998,3501,"Accounting, Auditing and Accountability",FOR,3501,"Accounting, auditing and accountability",group,True,derived_empirical,1.0,"rolled up from 7 FOR1998 leaf-level mapping(s), 7 agreeing"
FOR1998,350101,Financial Accounting,FOR,350103,Financial accounting,field,True,explicit_official_transitive,0.9,FOR1998->150103 (2008)->350103 (2020)
FOR1998,350102,Management Accounting,FOR,350105,Management accounting,field,True,explicit_official_transitive,0.9,FOR1998->150105 (2008)->350105 (2020)
FOR1998,350103,Auditing and Accountability,FOR,350102,Auditing and accountability,field,True,explicit_official_transitive,0.9,FOR1998->150102 (2008)->350102 (2020)
FOR1998,350104,Taxation,FOR,350108,Taxation accounting,field,True,explicit_official_transitive,0.9,FOR1998->150107 (2008)->350108 (2020)
FOR1998,350105,Bookkeeping,FOR,350199,"Accounting, auditing and accountability not elsewhere classified",field,True,explicit_official_transitive,0.107,FOR1998->150199 (2008)->350199 (2020)
FOR1998,350106,International Accounting,FOR,350104,International accounting,field,True,explicit_official_transitive,0.9,FOR1998->150104 (2008)->350104 (2020)
FOR1998,350107,Other Accounting,FOR,350101,Accounting theory and standards,field,False,explicit_official_transitive,0.426,FOR1998->150101 (2008)->350101 (2020)
FOR1998,350107,Other Accounting,FOR,350107,Sustainability accounting and reporting,field,True,explicit_official_transitive,0.436,FOR1998->150106 (2008)->350107 (2020)
FOR1998,350107,Other Accounting,FOR,350199,"Accounting, auditing and accountability not elsewhere classified",field,False,explicit_official_transitive,0.25,FOR1998->150199 (2008)->350199 (2020)
FOR1998,3502,Business and Management,FOR,3503,Business systems in context,group,True,derived_empirical,0.357,"rolled up from 14 FOR1998 leaf-level mapping(s), 5 agreeing"
FOR1998,3502,Business and Management,FOR,3507,"Strategy, management and organisational behaviour",group,False,derived_empirical,0.286,"rolled up from 14 FOR1998 leaf-level mapping(s), 4 agreeing"
FOR1998,3502,Business and Management,FOR,3505,Human resources and industrial relations,group,False,derived_empirical,0.143,"rolled up from 14 FOR1998 leaf-level mapping(s), 2 agreeing"
FOR1998,3502,Business and Management,FOR,3506,Marketing,group,False,derived_empirical,0.143,"rolled up from 14 FOR1998 leaf-level mapping(s), 2 agreeing"
FOR1998,3502,Business and Management,FOR,3509,"Transportation, logistics and supply chains",group,False,derived_empirical,0.071,"rolled up from 14 FOR1998 leaf-level mapping(s), 1 agreeing"
FOR1998,350201,Human Resources Management,FOR,350503,Human resources management,field,True,explicit_official_transitive,0.9,FOR1998->150305 (2008)->350503 (2020)
FOR1998,350202,Business Information Systems (incl. Data Processing),FOR,350303,Business information systems,field,True,explicit_official_transitive,0.9,FOR1998->150302 (2008)->350303 (2020)
FOR1998,350203,Industrial Relations,FOR,350504,Industrial and employee relations,field,True,explicit_official_transitive,0.9,FOR1998->150306 (2008)->350504 (2020)
FOR1998,350204,Marketing and Market Research,FOR,350606,Marketing research methodology,field,True,explicit_official_transitive,0.61,FOR1998->150505 (2008)->350606 (2020)
FOR1998,350204,Marketing and Market Research,FOR,350604,Marketing communications,field,False,explicit_official_transitive,0.491,FOR1998->150502 (2008)->350604 (2020)
FOR1998,350204,Marketing and Market Research,FOR,350608,Marketing theory,field,False,explicit_official_transitive,0.489,FOR1998->150506 (2008)->350608 (2020)
FOR1998,350204,Marketing and Market Research,FOR,350602,Consumer-oriented product or service development,field,False,explicit_official_transitive,0.364,FOR1998->150501 (2008)->350602 (2020)
FOR1998,350204,Marketing and Market Research,FOR,350605,Marketing management (incl. strategy and customer relations),field,False,explicit_official_transitive,0.449,FOR1998->150503 (2008)->350605 (2020)
FOR1998,350204,Marketing and Market Research,FOR,350699,Marketing not elsewhere classified,field,False,explicit_official_transitive,0.54,FOR1998->150599 (2008)->350699 (2020)
FOR1998,350204,Marketing and Market Research,FOR,350610,Pricing (incl. consumer value estimation),field,False,explicit_official_transitive,0.286,FOR1998->150507 (2008)->350610 (2020)
FOR1998,350204,Marketing and Market Research,FOR,350606,Marketing research methodology,field,False,explicit_official_transitive,0.56,FOR1998->150504 (2008)->350606 (2020)
FOR1998,350205,Sales and Distribution,FOR,350909,Supply chains,field,True,explicit_official_transitive,0.9,FOR1998->150309 (2008)->350909 (2020)
FOR1998,350206,Advertising and Public Relations,FOR,350604,Marketing communications,field,True,explicit_official_transitive,0.571,FOR1998->150502 (2008)->350604 (2020)
FOR1998,350207,Office Services,FOR,350399,Business systems in context not elsewhere classified,field,True,explicit_official_transitive,0.127,FOR1998->150399 (2008)->350399 (2020)
FOR1998,350208,Organisational Planning and Management,FOR,350711,Organisational planning and management,field,True,explicit_official_transitive,0.9,FOR1998->150312 (2008)->350711 (2020)
FOR1998,350209,Small Business Management,FOR,350716,Small business organisation and management,field,True,explicit_official_transitive,0.9,FOR1998->150314 (2008)->350716 (2020)
FOR1998,350210,Quality Management,FOR,350715,Quality management,field,True,explicit_official_transitive,0.9,FOR1998->150313 (2008)->350715 (2020)
FOR1998,350211,Innovation and Technology Management,FOR,350307,Technology management,field,True,explicit_official_transitive,0.9,FOR1998->150307 (2008)->350307 (2020)
FOR1998,350212,International Business,FOR,350706,International business,field,True,explicit_official_transitive,0.9,FOR1998->150308 (2008)->350706 (2020)
FOR1998,350213,Electronic Commerce,FOR,350399,Business systems in context not elsewhere classified,field,True,explicit_official_transitive,0.209,FOR1998->150399 (2008)->350399 (2020)
FOR1998,350299,Business and Management not elsewhere classified,FOR,350710,Organisational behaviour,field,False,explicit_official_transitive,0.222,FOR1998->150311 (2008)->350710 (2020)
FOR1998,350299,Business and Management not elsewhere classified,FOR,350704,Entrepreneurship,field,False,explicit_official_transitive,0.219,FOR1998->150304 (2008)->350704 (2020)
FOR1998,350299,Business and Management not elsewhere classified,FOR,350717,Stakeholder engagement,field,False,explicit_official_transitive,0.337,FOR1998->150303 (2008)->350717 (2020)
FOR1998,350299,Business and Management not elsewhere classified,FOR,350302,"Business information management (incl. records, knowledge and intelligence)",field,False,explicit_official_transitive,0.411,FOR1998->150301 (2008)->350302 (2020)
FOR1998,350299,Business and Management not elsewhere classified,FOR,350399,Business systems in context not elsewhere classified,field,True,explicit_official_transitive,0.9,FOR1998->150399 (2008)->350399 (2020)
FOR1998,350299,Business and Management not elsewhere classified,FOR,350709,Organisation and management theory,field,False,explicit_official_transitive,0.561,FOR1998->150310 (2008)->350709 (2020)
FOR1998,3503,"Banking, Finance and Investment",FOR,3502,"Banking, finance and investment",group,True,derived_empirical,1.0,"rolled up from 5 FOR1998 leaf-level mapping(s), 5 agreeing"
FOR1998,350301,Finance,FOR,350202,Finance,field,True,explicit_official_transitive,0.9,FOR1998->150201 (2008)->350202 (2020)
FOR1998,350302,Financial Econometrics,FOR,350203,Financial econometrics,field,True,explicit_official_transitive,0.9,FOR1998->150202 (2008)->350203 (2020)
FOR1998,350303,Financial Institutions (incl. Banking),FOR,350204,Financial institutions (incl. banking),field,True,explicit_official_transitive,0.9,FOR1998->150203 (2008)->350204 (2020)
FOR1998,350304,Insurance Studies,FOR,350206,Insurance studies,field,True,explicit_official_transitive,0.9,FOR1998->150204 (2008)->350206 (2020)
FOR1998,350399,"Banking, Finance and Investment not elsewhere classified",FOR,350208,Investment and risk management,field,False,explicit_official_transitive,0.302,FOR1998->150205 (2008)->350208 (2020)
FOR1998,350399,"Banking, Finance and Investment not elsewhere classified",FOR,350299,"Banking, finance and investment not elsewhere classified",field,True,explicit_official_transitive,0.9,FOR1998->150299 (2008)->350299 (2020)
FOR1998,3504,Transportation,FOR,3509,"Transportation, logistics and supply chains",group,True,derived_empirical,1.0,"rolled up from 6 FOR1998 leaf-level mapping(s), 6 agreeing"
FOR1998,350401,Aeronautical Transportation,FOR,350901,Air transportation and freight services,field,True,explicit_official_transitive,0.9,FOR1998->150701 (2008)->350901 (2020)
FOR1998,350402,Aircrew Training,FOR,350999,"Transportation, logistics and supply chains not elsewhere classified",field,True,explicit_official_transitive,0.184,FOR1998->150799 (2008)->350999 (2020)
FOR1998,350403,Nautical Transportation,FOR,350999,"Transportation, logistics and supply chains not elsewhere classified",field,True,explicit_official_transitive,0.337,FOR1998->150799 (2008)->350999 (2020)
FOR1998,350404,Marine Crew Training,FOR,350999,"Transportation, logistics and supply chains not elsewhere classified",field,True,explicit_official_transitive,0.2,FOR1998->150799 (2008)->350999 (2020)
FOR1998,350405,Road and Rail Transportation,FOR,350907,Rail transportation and freight services,field,True,explicit_official_transitive,0.559,FOR1998->150702 (2008)->350907 (2020)
FOR1998,350405,Road and Rail Transportation,FOR,350908,Road transportation and freight services,field,False,explicit_official_transitive,0.559,FOR1998->150703 (2008)->350908 (2020)
FOR1998,350499,Transportation not elsewhere classified,FOR,350999,"Transportation, logistics and supply chains not elsewhere classified",field,True,explicit_official_transitive,0.788,FOR1998->150799 (2008)->350999 (2020)
FOR1998,3505,Tourism,FOR,3508,Tourism,group,True,derived_empirical,0.778,"rolled up from 9 FOR1998 leaf-level mapping(s), 7 agreeing"
FOR1998,3505,Tourism,FOR,3801,Applied economics,group,False,derived_empirical,0.111,"rolled up from 9 FOR1998 leaf-level mapping(s), 1 agreeing"
FOR1998,3505,Tourism,FOR,4407,Policy and administration,group,False,derived_empirical,0.111,"rolled up from 9 FOR1998 leaf-level mapping(s), 1 agreeing"
FOR1998,350501,Tourism Policy and Planning,FOR,440713,Tourism policy,field,True,explicit_official_transitive,0.9,FOR1998->160513 (2008)->440713 (2020)
FOR1998,350502,Tourism Resource Appraisal,FOR,350805,Tourism resource appraisal,field,True,explicit_official_transitive,0.9,FOR1998->150605 (2008)->350805 (2020)
FOR1998,350503,Impacts of Tourism,FOR,350801,Impacts of tourism,field,True,explicit_official_transitive,0.9,FOR1998->150601 (2008)->350801 (2020)
FOR1998,350504,Tourist Behaviour,FOR,350806,Tourist behaviour and visitor experience,field,True,explicit_official_transitive,0.9,FOR1998->150606 (2008)->350806 (2020)
FOR1998,350505,Tourism Economics,FOR,380116,Tourism economics,field,True,explicit_official_transitive,0.9,FOR1998->140216 (2008)->380116 (2020)
FOR1998,350506,Tourism Forecasting,FOR,350802,Tourism forecasting,field,True,explicit_official_transitive,0.9,FOR1998->150602 (2008)->350802 (2020)
FOR1998,350507,Tourism Management,FOR,350803,Tourism management,field,True,explicit_official_transitive,0.9,FOR1998->150603 (2008)->350803 (2020)
FOR1998,350508,Tourism Marketing,FOR,350804,Tourism marketing,field,True,explicit_official_transitive,0.9,FOR1998->150604 (2008)->350804 (2020)
FOR1998,350599,Tourism not elsewhere classified,FOR,350899,Tourism not elsewhere classified,field,True,explicit_official_transitive,0.9,FOR1998->150699 (2008)->350899 (2020)
FOR1998,3506,Services,FOR,3504,Commercial services,group,True,derived_empirical,1.0,"rolled up from 7 FOR1998 leaf-level mapping(s), 7 agreeing"
FOR1998,350601,Hospitality Management,FOR,350402,Hospitality management,field,True,explicit_official_transitive,0.9,FOR1998->150402 (2008)->350402 (2020)
FOR1998,350602,Food and Hospitality Services,FOR,350401,Food and hospitality services,field,True,explicit_official_transitive,0.9,FOR1998->150401 (2008)->350401 (2020)
FOR1998,350603,Real Estate and Valuation,FOR,350403,Real estate and valuation services,field,True,explicit_official_transitive,0.9,FOR1998->150403 (2008)->350403 (2020)
FOR1998,350604,"Professional Services (Legal, Management Consulting, etc.)",FOR,350499,Commercial services not elsewhere classified,field,True,explicit_official_transitive,0.412,FOR1998->150499 (2008)->350499 (2020)
FOR1998,350605,Other Retail Services,FOR,350499,Commercial services not elsewhere classified,field,True,explicit_official_transitive,0.431,FOR1998->150499 (2008)->350499 (2020)
FOR1998,350606,Wholesale Services,FOR,350499,Commercial services not elsewhere classified,field,True,explicit_official_transitive,0.419,FOR1998->150499 (2008)->350499 (2020)
FOR1998,350699,Services not elsewhere classified,FOR,350405,Sport and leisure management,field,False,explicit_official_transitive,0.361,FOR1998->150404 (2008)->350405 (2020)
FOR1998,350699,Services not elsewhere classified,FOR,350499,Commercial services not elsewhere classified,field,True,explicit_official_transitive,0.857,FOR1998->150499 (2008)->350499 (2020)
FOR1998,3599,"Other Commerce, Management, Tourism and Services",FOR,3599,"Other commerce, management, tourism and services",group,True,derived_empirical,1.0,"rolled up from 1 FOR1998 leaf-level mapping(s), 1 agreeing"
FOR1998,359999,"Other Commerce, Management, Tourism and Services",FOR,359999,"Other commerce, management, tourism and services not elsewhere classified",field,True,explicit_official_transitive,0.9,FOR1998->159999 (2008)->359999 (2020)
FOR1998,36,POLICY AND POLITICAL SCIENCE,FOR,44,HUMAN SOCIETY,division,True,derived_empirical,1.0,"rolled up from 14 FOR1998 leaf-level mapping(s), 14 agreeing"
FOR1998,3601,Political Science,FOR,4408,Political science,group,True,derived_empirical,1.0,"rolled up from 6 FOR1998 leaf-level mapping(s), 6 agreeing"
FOR1998,360101,Australian Government and Politics,FOR,440801,Australian government and politics,field,True,explicit_official_transitive,0.9,FOR1998->160601 (2008)->440801 (2020)
FOR1998,360102,Comparative Government and Politics,FOR,440803,Comparative government and politics,field,True,explicit_official_transitive,0.9,FOR1998->160603 (2008)->440803 (2020)
FOR1998,360103,Federalism and Intergovernmental Relations,FOR,440899,Political science not elsewhere classified,field,True,explicit_official_transitive,0.262,FOR1998->160699 (2008)->440899 (2020)
FOR1998,360104,Political Theory and Political Philosophy,FOR,440811,Political theory and political philosophy,field,True,explicit_official_transitive,0.9,FOR1998->160609 (2008)->440811 (2020)
FOR1998,360105,International Relations,FOR,440808,International relations,field,True,explicit_official_transitive,0.9,FOR1998->160607 (2008)->440808 (2020)
FOR1998,360199,Political Science not elsewhere classified,FOR,440807,Government and politics of Asia and the Pacific,field,False,explicit_official_transitive,0.36,FOR1998->160606 (2008)->440807 (2020)
FOR1998,360199,Political Science not elsewhere classified,FOR,440802,Citizenship,field,False,explicit_official_transitive,0.302,FOR1998->160602 (2008)->440802 (2020)
FOR1998,360199,Political Science not elsewhere classified,FOR,440805,Environmental politics,field,False,explicit_official_transitive,0.25,FOR1998->160605 (2008)->440805 (2020)
FOR1998,360199,Political Science not elsewhere classified,FOR,440809,New Zealand government and politics,field,False,explicit_official_transitive,0.208,FOR1998->160608 (2008)->440809 (2020)
FOR1998,360199,Political Science not elsewhere classified,FOR,440899,Political science not elsewhere classified,field,True,explicit_official_transitive,0.9,FOR1998->160699 (2008)->440899 (2020)
FOR1998,3602,Policy and Administration,FOR,4408,Political science,group,False,derived_empirical,0.143,"rolled up from 7 FOR1998 leaf-level mapping(s), 1 agreeing"
FOR1998,3602,Policy and Administration,FOR,4407,Policy and administration,group,True,derived_empirical,0.857,"rolled up from 7 FOR1998 leaf-level mapping(s), 6 agreeing"
FOR1998,360201,Public Policy,FOR,440709,Public policy,field,True,explicit_official_transitive,0.9,FOR1998->160510 (2008)->440709 (2020)
FOR1998,360202,Public Administration,FOR,440708,Public administration,field,True,explicit_official_transitive,0.9,FOR1998->160509 (2008)->440708 (2020)
FOR1998,360203,"Research, Science and Technology Policy",FOR,440710,"Research, science and technology policy",field,True,explicit_official_transitive,0.9,FOR1998->160511 (2008)->440710 (2020)
FOR1998,360204,Defence Studies,FOR,440804,Defence studies,field,True,explicit_official_transitive,0.9,FOR1998->160604 (2008)->440804 (2020)
FOR1998,360205,Social Policy,FOR,4407,Policy and administration,group,True,user_provided,1.0,"hand-coded: no FOR2020 field/group match found officially or by label, resolved by direct user judgment"
FOR1998,360206,Defence Policy,FOR,4407,Policy and administration,group,True,user_provided,1.0,"hand-coded: no FOR2020 field/group match found officially or by label, resolved by direct user judgment"
FOR1998,360299,Policy and Administration not elsewhere classified,FOR,440799,Policy and administration not elsewhere classified,field,True,explicit_official_transitive,0.9,FOR1998->160599 (2008)->440799 (2020)
FOR1998,360299,Policy and Administration not elsewhere classified,FOR,440706,Health policy,field,False,explicit_official_transitive,0.19,FOR1998->160508 (2008)->440706 (2020)
FOR1998,360299,Policy and Administration not elsewhere classified,FOR,470201,Arts and cultural policy,field,False,explicit_official_transitive,0.162,FOR1998->160502 (2008)->470201 (2020)
FOR1998,360299,Policy and Administration not elsewhere classified,FOR,450407,Aboriginal and Torres Strait Islander health policy,field,False,explicit_official_transitive,0.128,FOR1998->160501 (2008)->450407 (2020)
FOR1998,360299,Policy and Administration not elsewhere classified,FOR,440704,Environment policy,field,False,explicit_official_transitive,0.176,FOR1998->160507 (2008)->440704 (2020)
FOR1998,360299,Policy and Administration not elsewhere classified,FOR,440702,Crime policy,field,False,explicit_official_transitive,0.194,FOR1998->160504 (2008)->440702 (2020)
FOR1998,360299,Policy and Administration not elsewhere classified,FOR,440701,Communications and media policy,field,False,explicit_official_transitive,0.148,FOR1998->160503 (2008)->440701 (2020)
FOR1998,360299,Policy and Administration not elsewhere classified,FOR,440714,Urban policy,field,False,explicit_official_transitive,0.194,FOR1998->160514 (2008)->440714 (2020)
FOR1998,360299,Policy and Administration not elsewhere classified,FOR,440703,Economic development policy,field,False,explicit_official_transitive,0.156,FOR1998->160505 (2008)->440703 (2020)
FOR1998,3699,Other Policy and Political Science,FOR,4499,Other human society,group,True,derived_empirical,1.0,"rolled up from 1 FOR1998 leaf-level mapping(s), 1 agreeing"
FOR1998,369999,Other Policy and Political Science,FOR,449999,Other human society not elsewhere classified,field,True,explicit_official_transitive,0.241,FOR1998->169999 (2008)->449999 (2020)
FOR1998,37,STUDIES IN HUMAN SOCIETY,FOR,44,HUMAN SOCIETY,division,True,derived_empirical,0.879,"rolled up from 33 FOR1998 leaf-level mapping(s), 29 agreeing"
FOR1998,37,STUDIES IN HUMAN SOCIETY,FOR,50,PHILOSOPHY AND RELIGIOUS STUDIES,division,False,derived_empirical,0.091,"rolled up from 33 FOR1998 leaf-level mapping(s), 3 agreeing"
FOR1998,37,STUDIES IN HUMAN SOCIETY,FOR,45,INDIGENOUS STUDIES,division,False,derived_empirical,0.03,"rolled up from 33 FOR1998 leaf-level mapping(s), 1 agreeing"
FOR1998,3701,Sociology,FOR,4407,Policy and administration,group,False,derived_empirical,0.125,"rolled up from 8 FOR1998 leaf-level mapping(s), 1 agreeing"
FOR1998,3701,Sociology,FOR,4410,Sociology,group,True,derived_empirical,0.875,"rolled up from 8 FOR1998 leaf-level mapping(s), 7 agreeing"
FOR1998,370101,Social Theory,FOR,441005,Social theory,field,True,explicit_official_transitive,0.9,FOR1998->160806 (2008)->441005 (2020)
FOR1998,370102,Social Policy and Planning,FOR,440712,Social policy,field,True,explicit_official_transitive,0.667,FOR1998->160512 (2008)->440712 (2020)
FOR1998,370103,Race and Ethnic Relations,FOR,441013,"Sociology of migration, ethnicity and multiculturalism",field,True,explicit_official_transitive,0.9,FOR1998->160803 (2008)->441013 (2020)
FOR1998,370104,Urban Sociology and Community Studies,FOR,441016,Urban sociology and community studies,field,True,explicit_official_transitive,0.9,FOR1998->160810 (2008)->441016 (2020)
FOR1998,370105,"Applied Sociology, Program Evaluation and Social Impact Assessment",FOR,441001,"Applied sociology, program evaluation and social impact assessment",field,True,explicit_official_transitive,0.9,FOR1998->160801 (2008)->441001 (2020)
FOR1998,370106,Sociological Methodology and Research Methods,FOR,441006,Sociological methodology and research methods,field,True,explicit_official_transitive,0.9,FOR1998->160807 (2008)->441006 (2020)
FOR1998,370107,Social Change,FOR,441004,Social change,field,True,explicit_official_transitive,0.9,FOR1998->160805 (2008)->441004 (2020)
FOR1998,370199,Sociology not elsewhere classified,FOR,441099,Sociology not elsewhere classified,field,True,explicit_official_transitive,0.9,FOR1998->160899 (2008)->441099 (2020)
FOR1998,370199,Sociology not elsewhere classified,FOR,441003,Rural sociology,field,False,explicit_official_transitive,0.367,FOR1998->160804 (2008)->441003 (2020)
FOR1998,370199,Sociology not elsewhere classified,FOR,441002,Environmental sociology,field,False,explicit_official_transitive,0.316,FOR1998->160802 (2008)->441002 (2020)
FOR1998,3702,Social Work,FOR,4409,Social work,group,True,derived_empirical,0.8,"rolled up from 5 FOR1998 leaf-level mapping(s), 4 agreeing"
FOR1998,3702,Social Work,FOR,4407,Policy and administration,group,False,derived_empirical,0.2,"rolled up from 5 FOR1998 leaf-level mapping(s), 1 agreeing"
FOR1998,370201,Clinical Social Work Practice,FOR,440901,Clinical social work practice,field,True,explicit_official_transitive,0.9,FOR1998->160701 (2008)->440901 (2020)
FOR1998,370202,Social Program Evaluation,FOR,440903,Social program evaluation,field,True,explicit_official_transitive,0.9,FOR1998->160703 (2008)->440903 (2020)
FOR1998,370203,Social Policy,FOR,440712,Social policy,field,True,explicit_official_transitive,0.9,FOR1998->160512 (2008)->440712 (2020)
FOR1998,370204,"Counselling, Welfare and Community Services",FOR,440902,"Counselling, wellbeing and community services",field,True,explicit_official_transitive,0.9,FOR1998->160702 (2008)->440902 (2020)
FOR1998,370299,Social Work not elsewhere classified,FOR,440999,Social work not elsewhere classified,field,True,explicit_official_transitive,0.9,FOR1998->160799 (2008)->440999 (2020)
FOR1998,3703,Anthropology,FOR,4401,Anthropology,group,True,derived_empirical,1.0,"rolled up from 4 FOR1998 leaf-level mapping(s), 4 agreeing"
FOR1998,370301,Biological (Physical) Anthropology,FOR,440103,Biological (physical) anthropology,field,True,explicit_official_transitive,0.9,FOR1998->160102 (2008)->440103 (2020)
FOR1998,370302,Social and Cultural Anthropology,FOR,440107,Social and cultural anthropology,field,True,explicit_official_transitive,0.9,FOR1998->160104 (2008)->440107 (2020)
FOR1998,370303,Linguistic Anthropology,FOR,440105,Linguistic anthropology,field,True,explicit_official_transitive,0.9,FOR1998->160103 (2008)->440105 (2020)
FOR1998,370399,Anthropology not elsewhere classified,FOR,440101,Anthropology of development,field,False,explicit_official_transitive,0.562,FOR1998->160101 (2008)->440101 (2020)
FOR1998,370399,Anthropology not elsewhere classified,FOR,440199,Anthropology not elsewhere classified,field,True,explicit_official_transitive,0.9,FOR1998->160199 (2008)->440199 (2020)
FOR1998,3704,Human Geography,FOR,4406,Human geography,group,True,derived_empirical,1.0,"rolled up from 4 FOR1998 leaf-level mapping(s), 4 agreeing"
FOR1998,370401,Urban and Regional Studies,FOR,440609,Rural and regional geography,field,True,explicit_official_transitive,0.9,FOR1998->160404 (2008)->440609 (2020)
FOR1998,370402,Social and Cultural Geography,FOR,440601,Cultural geography,field,True,explicit_official_transitive,0.9,FOR1998->160403 (2008)->440601 (2020)
FOR1998,370403,Recreation and Leisure Studies,FOR,440608,"Recreation, leisure and tourism geography",field,True,explicit_official_transitive,0.9,FOR1998->160402 (2008)->440608 (2020)
FOR1998,370499,Human Geography not elsewhere classified,FOR,440699,Human geography not elsewhere classified,field,True,explicit_official_transitive,0.9,FOR1998->160499 (2008)->440699 (2020)
FOR1998,3705,Demography,FOR,4403,Demography,group,True,derived_empirical,1.0,"rolled up from 5 FOR1998 leaf-level mapping(s), 5 agreeing"
FOR1998,370501,Population Trends and Policies,FOR,440305,Population trends and policies,field,True,explicit_official_transitive,0.9,FOR1998->160305 (2008)->440305 (2020)
FOR1998,370502,Migration,FOR,440303,Migration,field,True,explicit_official_transitive,0.9,FOR1998->160303 (2008)->440303 (2020)
FOR1998,370503,Fertility,FOR,440302,Fertility,field,True,explicit_official_transitive,0.9,FOR1998->160302 (2008)->440302 (2020)
FOR1998,370504,Family and Household Studies,FOR,440301,Family and household studies,field,True,explicit_official_transitive,0.9,FOR1998->160301 (2008)->440301 (2020)
FOR1998,370599,Demography not elsewhere classified,FOR,440399,Demography not elsewhere classified,field,True,explicit_official_transitive,0.9,FOR1998->160399 (2008)->440399 (2020)
FOR1998,370599,Demography not elsewhere classified,FOR,440304,Mortality,field,False,explicit_official_transitive,0.227,FOR1998->160304 (2008)->440304 (2020)
FOR1998,3706,History and Philosophy of Science and Medicine,FOR,5002,History and philosophy of specific fields,group,True,derived_empirical,0.75,"rolled up from 4 FOR1998 leaf-level mapping(s), 3 agreeing"
FOR1998,3706,History and Philosophy of Science and Medicine,FOR,4410,Sociology,group,False,derived_empirical,0.25,"rolled up from 4 FOR1998 leaf-level mapping(s), 1 agreeing"
FOR1998,370601,History and Philosophy of Science and Technology,FOR,500204,History and philosophy of science,field,False,explicit_official_transitive,0.651,FOR1998->220206 (2008)->500204 (2020)
FOR1998,370601,History and Philosophy of Science and Technology,FOR,500201,History and philosophy of engineering and technology,field,True,explicit_official_transitive,0.88,FOR1998->220203 (2008)->500201 (2020)
FOR1998,370602,Sociology and Social Studies of Science and Technology,FOR,441007,Sociology and social studies of science and technology,field,True,explicit_official_transitive,0.9,FOR1998->160808 (2008)->441007 (2020)
FOR1998,370603,History and Philosophy of Medicine,FOR,500203,History and philosophy of medicine,field,True,explicit_official_transitive,0.9,FOR1998->220205 (2008)->500203 (2020)
FOR1998,370699,History and Philosophy of Science and Medicine not elsewhere classified,FOR,500299,History and philosophy of specific fields not elsewhere classified,field,True,explicit_official_transitive,0.9,FOR1998->220299 (2008)->500299 (2020)
FOR1998,3799,Other Studies in Human Society,FOR,4499,Other human society,group,False,derived_empirical,0.333,"rolled up from 3 FOR1998 leaf-level mapping(s), 1 agreeing"
FOR1998,3799,Other Studies in Human Society,FOR,4505,"Aboriginal and Torres Strait Islander peoples, society and community",group,False,derived_empirical,0.333,"rolled up from 3 FOR1998 leaf-level mapping(s), 1 agreeing"
FOR1998,3799,Other Studies in Human Society,FOR,4405,Gender studies,group,True,derived_empirical,0.333,"rolled up from 3 FOR1998 leaf-level mapping(s), 1 agreeing"
FOR1998,379901,Gender Specific Studies,FOR,440505,Intersectional studies,field,True,explicit_official_transitive,0.9,FOR1998->169901 (2008)->440505 (2020)
FOR1998,379902,Aboriginal Studies,FOR,450525,Aboriginal and Torres Strait Islander sociology,field,True,explicit_official_transitive,0.9,FOR1998->169902 (2008)->450525 (2020)
FOR1998,379999,Studies in Human Society not elsewhere classified,FOR,449901,Studies of Asian society,field,False,explicit_official_transitive,0.521,FOR1998->169903 (2008)->449901 (2020)
FOR1998,379999,Studies in Human Society not elsewhere classified,FOR,451128,Te mātauranga pāpori o te Māori (Māori sociology),field,False,explicit_official_transitive,0.466,FOR1998->169904 (2008)->451128 (2020)
FOR1998,379999,Studies in Human Society not elsewhere classified,FOR,449999,Other human society not elsewhere classified,field,True,explicit_official_transitive,0.9,FOR1998->169999 (2008)->449999 (2020)
FOR1998,379999,Studies in Human Society not elsewhere classified,FOR,451820,Pacific Peoples politics,field,False,explicit_official_transitive,0.442,FOR1998->169905 (2008)->451820 (2020)
FOR1998,38,BEHAVIOURAL AND COGNITIVE SCIENCES,FOR,50,PHILOSOPHY AND RELIGIOUS STUDIES,division,False,derived_empirical,0.037,"rolled up from 27 FOR1998 leaf-level mapping(s), 1 agreeing"
FOR1998,38,BEHAVIOURAL AND COGNITIVE SCIENCES,FOR,52,PSYCHOLOGY,division,True,derived_empirical,0.593,"rolled up from 27 FOR1998 leaf-level mapping(s), 16 agreeing"
FOR1998,38,BEHAVIOURAL AND COGNITIVE SCIENCES,FOR,47,"LANGUAGE, COMMUNICATION AND CULTURE",division,False,derived_empirical,0.333,"rolled up from 27 FOR1998 leaf-level mapping(s), 9 agreeing"
FOR1998,38,BEHAVIOURAL AND COGNITIVE SCIENCES,FOR,46,INFORMATION AND COMPUTING SCIENCES,division,False,derived_empirical,0.037,"rolled up from 27 FOR1998 leaf-level mapping(s), 1 agreeing"
FOR1998,3801,Psychology,FOR,5204,Cognitive and computational psychology,group,False,derived_empirical,0.1,"rolled up from 10 FOR1998 leaf-level mapping(s), 1 agreeing"
FOR1998,3801,Psychology,FOR,5205,Social and personality psychology,group,False,derived_empirical,0.2,"rolled up from 10 FOR1998 leaf-level mapping(s), 2 agreeing"
FOR1998,3801,Psychology,FOR,5203,Clinical and health psychology,group,False,derived_empirical,0.2,"rolled up from 10 FOR1998 leaf-level mapping(s), 2 agreeing"
FOR1998,3801,Psychology,FOR,5201,Applied and developmental psychology,group,True,derived_empirical,0.4,"rolled up from 10 FOR1998 leaf-level mapping(s), 4 agreeing"
FOR1998,3801,Psychology,FOR,5202,Biological psychology,group,False,derived_empirical,0.1,"rolled up from 10 FOR1998 leaf-level mapping(s), 1 agreeing"
FOR1998,380101,"Sensory Processes, Perception and Performance",FOR,520406,"Sensory processes, perception and performance",field,True,explicit_official_transitive,0.9,FOR1998->170112 (2008)->520406 (2020)
FOR1998,380102,"Learning, Memory, Cognition and Language",FOR,520102,Educational psychology,field,True,explicit_official_transitive,0.29,FOR1998->170103 (2008)->520102 (2020)
FOR1998,380103,"Biological Psychology (Neuropsychology, Psychopharmacology, Physiological Psychology)",FOR,520301,Clinical neuropsychology,field,True,explicit_official_transitive,0.9,FOR1998->170101 (2008)->520301 (2020)
FOR1998,380104,"Personality, Abilities and Assessment",FOR,520503,Personality and individual differences,field,True,explicit_official_transitive,0.9,FOR1998->170109 (2008)->520503 (2020)
FOR1998,380105,Social and Community Psychology,FOR,520501,Community psychology,field,True,explicit_official_transitive,0.9,FOR1998->170113 (2008)->520501 (2020)
FOR1998,380106,Developmental Psychology and Ageing,FOR,520106,Psychology of ageing,field,True,explicit_official_transitive,0.9,FOR1998->170102 (2008)->520106 (2020)
FOR1998,380107,"Health, Clinical and Counselling Psychology",FOR,520303,Counselling psychology,field,True,explicit_official_transitive,0.9,FOR1998->170106 (2008)->520303 (2020)
FOR1998,380108,Industrial and Organisational Psychology,FOR,520104,Industrial and organisational psychology (incl. human factors),field,True,explicit_official_transitive,0.9,FOR1998->170107 (2008)->520104 (2020)
FOR1998,380109,"Psychological Methodology, Design and Analysis",FOR,520105,"Psychological methodology, design and analysis",field,True,explicit_official_transitive,0.9,FOR1998->170110 (2008)->520105 (2020)
FOR1998,380199,Psychology not elsewhere classified,FOR,520102,Educational psychology,field,False,explicit_official_transitive,0.351,FOR1998->170103 (2008)->520102 (2020)
FOR1998,380199,Psychology not elsewhere classified,FOR,520502,Gender psychology,field,False,explicit_official_transitive,0.385,FOR1998->170105 (2008)->520502 (2020)
FOR1998,380199,Psychology not elsewhere classified,FOR,520103,Forensic psychology,field,False,explicit_official_transitive,0.37,FOR1998->170104 (2008)->520103 (2020)
FOR1998,380199,Psychology not elsewhere classified,FOR,451013,Mātauranga hinengaro kaupapa Māori (Māori psychology),field,False,explicit_official_transitive,0.339,FOR1998->170108 (2008)->451013 (2020)
FOR1998,380199,Psychology not elsewhere classified,FOR,520299,Biological psychology not elsewhere classified,field,True,explicit_official_transitive,0.9,FOR1998->170199 (2008)->520299 (2020)
FOR1998,3802,Linguistics,FOR,4704,Linguistics,group,True,derived_empirical,1.0,"rolled up from 9 FOR1998 leaf-level mapping(s), 9 agreeing"
FOR1998,380201,Applied Linguistics and Educational Linguistics,FOR,470401,Applied linguistics and educational linguistics,field,True,explicit_official_transitive,0.9,FOR1998->200401 (2008)->470401 (2020)
FOR1998,380202,Computational Linguistics,FOR,470403,Computational linguistics,field,True,explicit_official_transitive,0.9,FOR1998->200402 (2008)->470403 (2020)
FOR1998,380203,Discourse and Pragmatics,FOR,470405,Discourse and pragmatics,field,True,explicit_official_transitive,0.9,FOR1998->200403 (2008)->470405 (2020)
FOR1998,380204,Laboratory Phonetics and Speech Science,FOR,470410,Phonetics and speech science,field,True,explicit_official_transitive,0.9,FOR1998->200404 (2008)->470410 (2020)
FOR1998,380205,Language in Culture and Society (Sociolinguistics),FOR,470411,Sociolinguistics,field,True,explicit_official_transitive,0.9,FOR1998->200405 (2008)->470411 (2020)
FOR1998,380206,"Language in Time and Space (incl. Historical Linguistics, Dialectology)",FOR,470406,"Historical, comparative and typological linguistics",field,True,explicit_official_transitive,0.9,FOR1998->200406 (2008)->470406 (2020)
FOR1998,380207,"Linguistic Structures (incl. Grammar, Phonology, Lexicon, Semantics)",FOR,470409,"Linguistic structures (incl. phonology, morphology and syntax)",field,True,explicit_official_transitive,0.9,FOR1998->200408 (2008)->470409 (2020)
FOR1998,380208,Lexicography,FOR,470408,Lexicography and semantics,field,True,explicit_official_transitive,0.9,FOR1998->200407 (2008)->470408 (2020)
FOR1998,380299,Linguistics not elsewhere classified,FOR,470499,Linguistics not elsewhere classified,field,True,explicit_official_transitive,0.9,FOR1998->200499 (2008)->470499 (2020)
FOR1998,3803,Cognitive Science,FOR,5003,Philosophy,group,False,derived_empirical,0.143,"rolled up from 7 FOR1998 leaf-level mapping(s), 1 agreeing"
FOR1998,3803,Cognitive Science,FOR,5204,Cognitive and computational psychology,group,True,derived_empirical,0.571,"rolled up from 7 FOR1998 leaf-level mapping(s), 4 agreeing"
FOR1998,3803,Cognitive Science,FOR,5202,Biological psychology,group,False,derived_empirical,0.143,"rolled up from 7 FOR1998 leaf-level mapping(s), 1 agreeing"
FOR1998,3803,Cognitive Science,FOR,4611,Machine learning,group,False,derived_empirical,0.143,"rolled up from 7 FOR1998 leaf-level mapping(s), 1 agreeing"
FOR1998,380301,Philosophy of Cognition,FOR,500312,Philosophy of cognition,field,True,explicit_official_transitive,0.9,FOR1998->220312 (2008)->500312 (2020)
FOR1998,380302,Linguistic Processes (incl. Speech Production and Comprehension),FOR,520405,Psycholinguistics (incl. speech production and comprehension),field,True,explicit_official_transitive,0.9,FOR1998->170204 (2008)->520405 (2020)
FOR1998,380303,"Computer Perception, Memory and Attention",FOR,520404,Memory and attention,field,True,explicit_official_transitive,0.9,FOR1998->170201 (2008)->520404 (2020)
FOR1998,380304,Neurocognitive Patterns and Neural Networks,FOR,520203,Cognitive neuroscience,field,True,explicit_official_transitive,0.9,FOR1998->170205 (2008)->520203 (2020)
FOR1998,380305,Knowledge Representation and Machine Learning,FOR,461106,Semi- and unsupervised learning,field,True,explicit_official_transitive,0.9,FOR1998->170203 (2008)->461106 (2020)
FOR1998,380306,Planning and Problem Solving,FOR,520401,Cognition,field,True,explicit_official_transitive,0.113,FOR1998->170299 (2008)->520401 (2020)
FOR1998,380399,Cognitive Science not elsewhere classified,FOR,520402,Decision making,field,False,explicit_official_transitive,0.211,FOR1998->170202 (2008)->520402 (2020)
FOR1998,380399,Cognitive Science not elsewhere classified,FOR,520401,Cognition,field,True,explicit_official_transitive,0.9,FOR1998->170299 (2008)->520401 (2020)
FOR1998,3899,Other Behavioural and Cognitive Sciences,FOR,5299,Other psychology,group,True,derived_empirical,1.0,"rolled up from 1 FOR1998 leaf-level mapping(s), 1 agreeing"
FOR1998,389999,Other Behavioural and Cognitive Sciences,FOR,529999,Other psychology not elsewhere classified,field,True,explicit_official_transitive,0.9,FOR1998->179999 (2008)->529999 (2020)
FOR1998,39,"LAW, JUSTICE AND LAW ENFORCEMENT",FOR,48,LAW AND LEGAL STUDIES,division,True,derived_empirical,0.775,"rolled up from 40 FOR1998 leaf-level mapping(s), 31 agreeing"
FOR1998,39,"LAW, JUSTICE AND LAW ENFORCEMENT",FOR,44,HUMAN SOCIETY,division,False,derived_empirical,0.125,"rolled up from 40 FOR1998 leaf-level mapping(s), 5 agreeing"
FOR1998,39,"LAW, JUSTICE AND LAW ENFORCEMENT",FOR,50,PHILOSOPHY AND RELIGIOUS STUDIES,division,False,derived_empirical,0.075,"rolled up from 40 FOR1998 leaf-level mapping(s), 3 agreeing"
FOR1998,39,"LAW, JUSTICE AND LAW ENFORCEMENT",FOR,45,INDIGENOUS STUDIES,division,False,derived_empirical,0.025,"rolled up from 40 FOR1998 leaf-level mapping(s), 1 agreeing"
FOR1998,3901,Law,FOR,4806,Private law and civil obligations,group,True,derived_empirical,0.238,"rolled up from 21 FOR1998 leaf-level mapping(s), 5 agreeing"
FOR1998,3901,Law,FOR,4807,Public law,group,False,derived_empirical,0.19,"rolled up from 21 FOR1998 leaf-level mapping(s), 4 agreeing"
FOR1998,3901,Law,FOR,4801,Commercial law,group,False,derived_empirical,0.19,"rolled up from 21 FOR1998 leaf-level mapping(s), 4 agreeing"
FOR1998,3901,Law,FOR,4803,International and comparative law,group,False,derived_empirical,0.095,"rolled up from 21 FOR1998 leaf-level mapping(s), 2 agreeing"
FOR1998,3901,Law,FOR,4805,Legal systems,group,False,derived_empirical,0.095,"rolled up from 21 FOR1998 leaf-level mapping(s), 2 agreeing"
FOR1998,3901,Law,FOR,4802,Environmental and resources law,group,False,derived_empirical,0.048,"rolled up from 21 FOR1998 leaf-level mapping(s), 1 agreeing"
FOR1998,3901,Law,FOR,5002,History and philosophy of specific fields,group,False,derived_empirical,0.048,"rolled up from 21 FOR1998 leaf-level mapping(s), 1 agreeing"
FOR1998,3901,Law,FOR,4511,"Ngā tāngata, te porihanga me ngā hapori o te Māori (Māori peoples, society and community)",group,False,derived_empirical,0.048,"rolled up from 21 FOR1998 leaf-level mapping(s), 1 agreeing"
FOR1998,3901,Law,FOR,4804,Law in context,group,False,derived_empirical,0.048,"rolled up from 21 FOR1998 leaf-level mapping(s), 1 agreeing"
FOR1998,390101,Administrative Law,FOR,480701,Administrative law,field,True,explicit_official_transitive,0.9,FOR1998->180103 (2008)->480701 (2020)
FOR1998,390102,Comparative Law,FOR,480302,Comparative law,field,True,explicit_official_transitive,0.9,FOR1998->180106 (2008)->480302 (2020)
FOR1998,390103,Constitutionalism and Constitutional Law,FOR,480702,Constitutional law,field,True,explicit_official_transitive,0.621,FOR1998->180108 (2008)->480702 (2020)
FOR1998,390103,Constitutionalism and Constitutional Law,FOR,480799,Public law not elsewhere classified,field,False,explicit_official_transitive,0.088,FOR1998->180199 (2008)->480799 (2020)
FOR1998,390104,Commercial and Contract Law,FOR,480102,Commercial law,field,True,explicit_official_transitive,0.9,FOR1998->180105 (2008)->480102 (2020)
FOR1998,390105,Corporations and Associations Law,FOR,480103,Corporations and associations law,field,True,explicit_official_transitive,0.9,FOR1998->180109 (2008)->480103 (2020)
FOR1998,390106,Criminal Law,FOR,480503,Criminal procedure,field,True,explicit_official_transitive,0.632,FOR1998->180110 (2008)->480503 (2020)
FOR1998,390107,Environmental and Natural Resources Law,FOR,480204,"Mining, energy and natural resources law",field,True,explicit_official_transitive,0.9,FOR1998->180111 (2008)->480204 (2020)
FOR1998,390108,Family Law,FOR,480402,Family law,field,True,explicit_official_transitive,0.9,FOR1998->180113 (2008)->480402 (2020)
FOR1998,390109,Civil Law,FOR,480502,Civil procedure,field,True,explicit_official_transitive,0.562,FOR1998->180104 (2008)->480502 (2020)
FOR1998,390110,Indigenous Law,FOR,451109,Ngā tikanga Māori (Māori customary law),field,True,explicit_official_transitive,0.377,FOR1998->180201 (2008)->451109 (2020)
FOR1998,390110,Indigenous Law,FOR,450509,Aboriginal and Torres Strait Islander customary law,field,False,explicit_official_transitive,0.327,FOR1998->180101 (2008)->450509 (2020)
FOR1998,390110,Indigenous Law,FOR,451124,Ngā ture rawa Māori (Māori resource law),field,False,explicit_official_transitive,0.295,FOR1998->180202 (2008)->451124 (2020)
FOR1998,390110,Indigenous Law,FOR,451130,Te Tiriti o Waitangi (The Treaty of Waitangi),field,False,explicit_official_transitive,0.136,FOR1998->180203 (2008)->451130 (2020)
FOR1998,390110,Indigenous Law,FOR,451116,Ngā ture Māori (Māori legislation),field,False,explicit_official_transitive,0.208,FOR1998->180299 (2008)->451116 (2020)
FOR1998,390110,Indigenous Law,FOR,451114,Te ture Whenua (Māori land law),field,False,explicit_official_transitive,0.311,FOR1998->180204 (2008)->451114 (2020)
FOR1998,390111,International Law,FOR,480303,Conflict of laws (incl. private international law),field,False,explicit_official_transitive,0.557,FOR1998->180107 (2008)->480303 (2020)
FOR1998,390111,International Law,FOR,480308,International trade and investment law,field,True,explicit_official_transitive,0.85,FOR1998->180117 (2008)->480308 (2020)
FOR1998,390111,International Law,FOR,480306,International criminal law,field,False,explicit_official_transitive,0.515,FOR1998->180116 (2008)->480306 (2020)
FOR1998,390112,Law and Literature,FOR,480799,Public law not elsewhere classified,field,True,explicit_official_transitive,0.478,FOR1998->180199 (2008)->480799 (2020)
FOR1998,390113,Legal History,FOR,500202,History and philosophy of law and justice,field,True,explicit_official_transitive,0.259,FOR1998->220204 (2008)->500202 (2020)
FOR1998,390114,Intellectual Property,FOR,480603,Intellectual property law,field,True,explicit_official_transitive,0.9,FOR1998->180115 (2008)->480603 (2020)
FOR1998,390115,Property Law and Conveyancing (excl. Intellectual Property),FOR,480604,Property law (excl. intellectual property law),field,True,explicit_official_transitive,0.9,FOR1998->180124 (2008)->480604 (2020)
FOR1998,390116,Labour Law,FOR,480104,Labour law,field,True,explicit_official_transitive,0.9,FOR1998->180118 (2008)->480104 (2020)
FOR1998,390117,Tort Law,FOR,480605,Tort law,field,True,explicit_official_transitive,0.9,FOR1998->180126 (2008)->480605 (2020)
FOR1998,390118,Taxation Law,FOR,480106,Taxation law,field,True,explicit_official_transitive,0.9,FOR1998->180125 (2008)->480106 (2020)
FOR1998,390119,Equity Law,FOR,480602,Equity and trusts law,field,True,explicit_official_transitive,0.645,FOR1998->180112 (2008)->480602 (2020)
FOR1998,390120,Trust Law,FOR,480602,Equity and trusts law,field,True,explicit_official_transitive,0.6,FOR1998->180112 (2008)->480602 (2020)
FOR1998,390199,Law not elsewhere classified,FOR,480799,Public law not elsewhere classified,field,True,explicit_official_transitive,0.9,FOR1998->180199 (2008)->480799 (2020)
FOR1998,390199,Law not elsewhere classified,FOR,480303,Conflict of laws (incl. private international law),field,False,explicit_official_transitive,0.306,FOR1998->180107 (2008)->480303 (2020)
FOR1998,390199,Law not elsewhere classified,FOR,480308,International trade and investment law,field,False,explicit_official_transitive,0.118,FOR1998->180117 (2008)->480308 (2020)
FOR1998,390199,Law not elsewhere classified,FOR,480501,Access to justice,field,False,explicit_official_transitive,0.267,FOR1998->180102 (2008)->480501 (2020)
FOR1998,3902,Professional Development of Law Practitioners,FOR,4807,Public law,group,False,derived_empirical,0.2,"rolled up from 5 FOR1998 leaf-level mapping(s), 1 agreeing"
FOR1998,3902,Professional Development of Law Practitioners,FOR,5001,Applied ethics,group,False,derived_empirical,0.2,"rolled up from 5 FOR1998 leaf-level mapping(s), 1 agreeing"
FOR1998,3902,Professional Development of Law Practitioners,FOR,4804,Law in context,group,False,derived_empirical,0.2,"rolled up from 5 FOR1998 leaf-level mapping(s), 1 agreeing"
FOR1998,3902,Professional Development of Law Practitioners,FOR,4805,Legal systems,group,True,derived_empirical,0.4,"rolled up from 5 FOR1998 leaf-level mapping(s), 2 agreeing"
FOR1998,390201,Legal Practice,FOR,480505,"Legal practice, lawyering and the legal profession",field,True,explicit_official_transitive,0.438,FOR1998->180121 (2008)->480505 (2020)
FOR1998,390202,Adjudication,FOR,480506,"Litigation, adjudication and dispute resolution",field,True,explicit_official_transitive,0.407,FOR1998->180123 (2008)->480506 (2020)
FOR1998,390202,Adjudication,FOR,480410,"Legal theory, jurisprudence and legal interpretation",field,False,explicit_official_transitive,0.312,FOR1998->180122 (2008)->480410 (2020)
FOR1998,390203,Legal Education,FOR,390107,"Humanities and social sciences curriculum and pedagogy (excl. economics, business and management)",field,False,explicit_official_transitive,0.161,FOR1998->130205 (2008)->390107 (2020)
FOR1998,390203,Legal Education,FOR,480404,Law and religion,field,True,explicit_official_transitive,0.2,FOR1998->180119 (2008)->480404 (2020)
FOR1998,390204,Professional Ethics,FOR,500105,Legal ethics,field,True,explicit_official_transitive,0.9,FOR1998->220105 (2008)->500105 (2020)
FOR1998,390299,Professional Development of Law Practitioners not elsewhere classified,FOR,480505,"Legal practice, lawyering and the legal profession",field,False,explicit_official_transitive,0.167,FOR1998->180121 (2008)->480505 (2020)
FOR1998,390299,Professional Development of Law Practitioners not elsewhere classified,FOR,480799,Public law not elsewhere classified,field,True,explicit_official_transitive,0.571,FOR1998->180199 (2008)->480799 (2020)
FOR1998,3903,Justice and Legal Studies,FOR,4805,Legal systems,group,True,derived_empirical,0.333,"rolled up from 6 FOR1998 leaf-level mapping(s), 2 agreeing"
FOR1998,3903,Justice and Legal Studies,FOR,4804,Law in context,group,False,derived_empirical,0.333,"rolled up from 6 FOR1998 leaf-level mapping(s), 2 agreeing"
FOR1998,3903,Justice and Legal Studies,FOR,4807,Public law,group,False,derived_empirical,0.333,"rolled up from 6 FOR1998 leaf-level mapping(s), 2 agreeing"
FOR1998,390301,Justice Systems and Administration,FOR,480504,Legal institutions (incl. courts and justice systems),field,True,explicit_official_transitive,0.345,FOR1998->180120 (2008)->480504 (2020)
FOR1998,390302,Jurisprudence and Legal Theory,FOR,480506,"Litigation, adjudication and dispute resolution",field,False,explicit_official_transitive,0.312,FOR1998->180123 (2008)->480506 (2020)
FOR1998,390302,Jurisprudence and Legal Theory,FOR,480410,"Legal theory, jurisprudence and legal interpretation",field,True,explicit_official_transitive,0.659,FOR1998->180122 (2008)->480410 (2020)
FOR1998,390303,Human Rights,FOR,500104,Human rights and justice issues (excl. law),field,False,explicit_official_transitive,0.558,FOR1998->220104 (2008)->500104 (2020)
FOR1998,390303,Human Rights,FOR,480703,Domestic human rights law,field,True,explicit_official_transitive,0.857,FOR1998->180114 (2008)->480703 (2020)
FOR1998,390304,Counselling and Mediation Services,FOR,480506,"Litigation, adjudication and dispute resolution",field,True,explicit_official_transitive,0.469,FOR1998->180123 (2008)->480506 (2020)
FOR1998,390305,Law and Society,FOR,480404,Law and religion,field,True,explicit_official_transitive,0.9,FOR1998->180119 (2008)->480404 (2020)
FOR1998,390399,Justice and Legal Studies not elsewhere classified,FOR,480504,Legal institutions (incl. courts and justice systems),field,False,explicit_official_transitive,0.233,FOR1998->180120 (2008)->480504 (2020)
FOR1998,390399,Justice and Legal Studies not elsewhere classified,FOR,480501,Access to justice,field,False,explicit_official_transitive,0.209,FOR1998->180102 (2008)->480501 (2020)
FOR1998,390399,Justice and Legal Studies not elsewhere classified,FOR,480799,Public law not elsewhere classified,field,True,explicit_official_transitive,0.667,FOR1998->180199 (2008)->480799 (2020)
FOR1998,3904,Law Enforcement,FOR,4805,Legal systems,group,False,derived_empirical,0.167,"rolled up from 6 FOR1998 leaf-level mapping(s), 1 agreeing"
FOR1998,3904,Law Enforcement,FOR,4402,Criminology,group,True,derived_empirical,0.833,"rolled up from 6 FOR1998 leaf-level mapping(s), 5 agreeing"
FOR1998,390401,Criminology,FOR,440205,Criminological theories,field,True,explicit_official_transitive,0.588,FOR1998->160204 (2008)->440205 (2020)
FOR1998,390401,Criminology,FOR,440299,Criminology not elsewhere classified,field,False,explicit_official_transitive,0.468,FOR1998->160299 (2008)->440299 (2020)
FOR1998,390401,Criminology,FOR,440212,Private policing and security services,field,False,explicit_official_transitive,0.245,FOR1998->160206 (2008)->440212 (2020)
FOR1998,390401,Criminology,FOR,440203,Courts and sentencing,field,False,explicit_official_transitive,0.312,FOR1998->160203 (2008)->440203 (2020)
FOR1998,390401,Criminology,FOR,440201,Causes and prevention of crime,field,False,explicit_official_transitive,0.195,FOR1998->160201 (2008)->440201 (2020)
FOR1998,390402,Evidence and Procedure,FOR,440211,"Police administration, procedures and practice",field,False,explicit_official_transitive,0.471,FOR1998->160205 (2008)->440211 (2020)
FOR1998,390402,Evidence and Procedure,FOR,480503,Criminal procedure,field,False,explicit_official_transitive,0.667,FOR1998->180110 (2008)->480503 (2020)
FOR1998,390402,Evidence and Procedure,FOR,480502,Civil procedure,field,True,explicit_official_transitive,0.711,FOR1998->180104 (2008)->480502 (2020)
FOR1998,390403,"Police Administration, Procedures and Practice",FOR,440211,"Police administration, procedures and practice",field,True,explicit_official_transitive,0.9,FOR1998->160205 (2008)->440211 (2020)
FOR1998,390404,Detection and Prevention of Crime; Security Services,FOR,440212,Private policing and security services,field,False,explicit_official_transitive,0.6,FOR1998->160206 (2008)->440212 (2020)
FOR1998,390404,Detection and Prevention of Crime; Security Services,FOR,440201,Causes and prevention of crime,field,True,explicit_official_transitive,0.61,FOR1998->160201 (2008)->440201 (2020)
FOR1998,390405,Correctional Theory and Services; Penology,FOR,440202,"Correctional theory, offender treatment and rehabilitation",field,True,explicit_official_transitive,0.9,FOR1998->160202 (2008)->440202 (2020)
FOR1998,390499,Law Enforcement not elsewhere classified,FOR,440212,Private policing and security services,field,False,explicit_official_transitive,0.205,FOR1998->160206 (2008)->440212 (2020)
FOR1998,390499,Law Enforcement not elsewhere classified,FOR,440205,Criminological theories,field,False,explicit_official_transitive,0.254,FOR1998->160204 (2008)->440205 (2020)
FOR1998,390499,Law Enforcement not elsewhere classified,FOR,440201,Causes and prevention of crime,field,False,explicit_official_transitive,0.343,FOR1998->160201 (2008)->440201 (2020)
FOR1998,390499,Law Enforcement not elsewhere classified,FOR,440203,Courts and sentencing,field,False,explicit_official_transitive,0.262,FOR1998->160203 (2008)->440203 (2020)
FOR1998,390499,Law Enforcement not elsewhere classified,FOR,440299,Criminology not elsewhere classified,field,True,explicit_official_transitive,0.711,FOR1998->160299 (2008)->440299 (2020)
FOR1998,3999,"Other Law, Justice and Law Enforcement",FOR,4899,Other law and legal studies,group,False,derived_empirical,0.5,"rolled up from 2 FOR1998 leaf-level mapping(s), 1 agreeing"
FOR1998,3999,"Other Law, Justice and Law Enforcement",FOR,5002,History and philosophy of specific fields,group,True,derived_empirical,0.5,"rolled up from 2 FOR1998 leaf-level mapping(s), 1 agreeing"
FOR1998,399901,History and Philosophy of Law and Justice,FOR,500202,History and philosophy of law and justice,field,True,explicit_official_transitive,0.9,FOR1998->220204 (2008)->500202 (2020)
FOR1998,399999,"Law, Justice and Law Enforcement not elsewhere classified",FOR,451116,Ngā ture Māori (Māori legislation),field,False,explicit_official_transitive,0.659,FOR1998->180299 (2008)->451116 (2020)
FOR1998,399999,"Law, Justice and Law Enforcement not elsewhere classified",FOR,489999,Other law and legal studies not elsewhere classified,field,True,explicit_official_transitive,0.718,FOR1998->189999 (2008)->489999 (2020)
FOR1998,399999,"Law, Justice and Law Enforcement not elsewhere classified",FOR,451109,Ngā tikanga Māori (Māori customary law),field,False,explicit_official_transitive,0.208,FOR1998->180201 (2008)->451109 (2020)
FOR1998,399999,"Law, Justice and Law Enforcement not elsewhere classified",FOR,451124,Ngā ture rawa Māori (Māori resource law),field,False,explicit_official_transitive,0.192,FOR1998->180202 (2008)->451124 (2020)
FOR1998,399999,"Law, Justice and Law Enforcement not elsewhere classified",FOR,451130,Te Tiriti o Waitangi (The Treaty of Waitangi),field,False,explicit_official_transitive,0.157,FOR1998->180203 (2008)->451130 (2020)
FOR1998,399999,"Law, Justice and Law Enforcement not elsewhere classified",FOR,451114,Te ture Whenua (Māori land law),field,False,explicit_official_transitive,0.227,FOR1998->180204 (2008)->451114 (2020)
FOR1998,40,"JOURNALISM, LIBRARIANSHIP AND CURATORIAL STUDIES",FOR,43,"HISTORY, HERITAGE AND ARCHAEOLOGY",division,True,derived_empirical,0.364,"rolled up from 11 FOR1998 leaf-level mapping(s), 4 agreeing"
FOR1998,40,"JOURNALISM, LIBRARIANSHIP AND CURATORIAL STUDIES",FOR,47,"LANGUAGE, COMMUNICATION AND CULTURE",division,False,derived_empirical,0.273,"rolled up from 11 FOR1998 leaf-level mapping(s), 3 agreeing"
FOR1998,40,"JOURNALISM, LIBRARIANSHIP AND CURATORIAL STUDIES",FOR,36,CREATIVE ARTS AND WRITING,division,False,derived_empirical,0.273,"rolled up from 11 FOR1998 leaf-level mapping(s), 3 agreeing"
FOR1998,40,"JOURNALISM, LIBRARIANSHIP AND CURATORIAL STUDIES",FOR,46,INFORMATION AND COMPUTING SCIENCES,division,False,derived_empirical,0.091,"rolled up from 11 FOR1998 leaf-level mapping(s), 1 agreeing"
FOR1998,4001,"Journalism, Communication and Media",FOR,3602,Creative and professional writing,group,True,derived_empirical,0.6,"rolled up from 5 FOR1998 leaf-level mapping(s), 3 agreeing"
FOR1998,4001,"Journalism, Communication and Media",FOR,4701,Communication and media studies,group,False,derived_empirical,0.4,"rolled up from 5 FOR1998 leaf-level mapping(s), 2 agreeing"
FOR1998,400101,Journalism,FOR,470105,Journalism studies,field,True,explicit_official_transitive,0.9,FOR1998->190301 (2008)->470105 (2020)
FOR1998,400102,Technical Writing,FOR,360205,Technical writing,field,True,explicit_official_transitive,0.9,FOR1998->190303 (2008)->360205 (2020)
FOR1998,400103,Professional Creative Writing,FOR,360201,Creative writing (incl. scriptwriting),field,True,explicit_official_transitive,0.492,FOR1998->190402 (2008)->360201 (2020)
FOR1998,400104,Communication and Media Studies,FOR,470101,Communication studies,field,True,explicit_official_transitive,0.808,FOR1998->200101 (2008)->470101 (2020)
FOR1998,400104,Communication and Media Studies,FOR,470199,Communication and media studies not elsewhere classified,field,False,explicit_official_transitive,0.713,FOR1998->200199 (2008)->470199 (2020)
FOR1998,400104,Communication and Media Studies,FOR,470104,International and development communication,field,False,explicit_official_transitive,0.351,FOR1998->200103 (2008)->470104 (2020)
FOR1998,400104,Communication and Media Studies,FOR,470102,Communication technology and digital media studies,field,False,explicit_official_transitive,0.765,FOR1998->200102 (2008)->470102 (2020)
FOR1998,400104,Communication and Media Studies,FOR,470108,"Organisational, interpersonal and intercultural communication",field,False,explicit_official_transitive,0.283,FOR1998->200105 (2008)->470108 (2020)
FOR1998,400104,Communication and Media Studies,FOR,470107,Media studies,field,False,explicit_official_transitive,0.591,FOR1998->200104 (2008)->470107 (2020)
FOR1998,400199,"Journalism, Communication and Media not elsewhere classified",FOR,360203,Professional writing and journalism practice,field,False,explicit_official_transitive,0.2,FOR1998->190302 (2008)->360203 (2020)
FOR1998,400199,"Journalism, Communication and Media not elsewhere classified",FOR,360299,Creative and professional writing not elsewhere classified,field,True,explicit_official_transitive,0.717,FOR1998->190399 (2008)->360299 (2020)
FOR1998,4002,Librarianship,FOR,4610,Library and information studies,group,True,derived_empirical,1.0,"rolled up from 1 FOR1998 leaf-level mapping(s), 1 agreeing"
FOR1998,400201,Librarianship,FOR,461006,Library studies,field,True,explicit_official_transitive,0.9,FOR1998->080706 (2008)->461006 (2020)
FOR1998,4003,Curatorial Studies,FOR,4302,"Heritage, archive and museum studies",group,True,derived_empirical,1.0,"rolled up from 4 FOR1998 leaf-level mapping(s), 4 agreeing"
FOR1998,400301,Museum Studies,FOR,430202,"Critical heritage, museum and archive studies",field,True,explicit_official_transitive,0.9,FOR1998->210204 (2008)->430202 (2020)
FOR1998,400302,Archival Studies,FOR,430201,"Archival, repository and related studies",field,True,explicit_official_transitive,0.571,FOR1998->210201 (2008)->430201 (2020)
FOR1998,400303,Materials Conservation,FOR,430209,Materials conservation,field,True,explicit_official_transitive,0.9,FOR1998->210203 (2008)->430209 (2020)
FOR1998,400399,Curatorial Studies not elsewhere classified,FOR,430299,"Heritage, archive and museum studies not elsewhere classified",field,True,explicit_official_transitive,0.878,FOR1998->210299 (2008)->430299 (2020)
FOR1998,400399,Curatorial Studies not elsewhere classified,FOR,430201,"Archival, repository and related studies",field,False,explicit_official_transitive,0.361,FOR1998->210201 (2008)->430201 (2020)
FOR1998,400399,Curatorial Studies not elsewhere classified,FOR,430205,Heritage and cultural conservation,field,False,explicit_official_transitive,0.312,FOR1998->210202 (2008)->430205 (2020)
FOR1998,4099,"Other Journalism, Librarianship and Curatorial Studies",FOR,4799,"Other language, communication and culture",group,True,derived_empirical,1.0,"rolled up from 1 FOR1998 leaf-level mapping(s), 1 agreeing"
FOR1998,409999,"Other Journalism, Librarianship and Curatorial Studies",FOR,439999,"Other history, heritage and archaeology not elsewhere classified",field,False,explicit_official_transitive,0.294,FOR1998->219999 (2008)->439999 (2020)
FOR1998,409999,"Other Journalism, Librarianship and Curatorial Studies",FOR,369999,Other creative arts and writing not elsewhere classified,field,False,explicit_official_transitive,0.122,FOR1998->199999 (2008)->369999 (2020)
FOR1998,409999,"Other Journalism, Librarianship and Curatorial Studies",FOR,469999,Other information and computing sciences not elsewhere classified,field,False,explicit_official_transitive,0.319,FOR1998->089999 (2008)->469999 (2020)
FOR1998,409999,"Other Journalism, Librarianship and Curatorial Studies",FOR,479999,"Other language, communication and culture not elsewhere classified",field,True,explicit_official_transitive,0.333,FOR1998->209999 (2008)->479999 (2020)
FOR1998,41,THE ARTS,FOR,40,ENGINEERING,division,False,derived_empirical,0.045,"rolled up from 22 FOR1998 leaf-level mapping(s), 1 agreeing"
FOR1998,41,THE ARTS,FOR,45,INDIGENOUS STUDIES,division,False,derived_empirical,0.045,"rolled up from 22 FOR1998 leaf-level mapping(s), 1 agreeing"
FOR1998,41,THE ARTS,FOR,42,HEALTH SCIENCES,division,False,derived_empirical,0.045,"rolled up from 22 FOR1998 leaf-level mapping(s), 1 agreeing"
FOR1998,41,THE ARTS,FOR,36,CREATIVE ARTS AND WRITING,division,True,derived_empirical,0.591,"rolled up from 22 FOR1998 leaf-level mapping(s), 13 agreeing"
FOR1998,41,THE ARTS,FOR,33,BUILT ENVIRONMENT AND DESIGN,division,False,derived_empirical,0.273,"rolled up from 22 FOR1998 leaf-level mapping(s), 6 agreeing"
FOR1998,4101,Performing Arts,FOR,4513,"Pacific Peoples culture, language and history",group,False,derived_empirical,0.2,"rolled up from 5 FOR1998 leaf-level mapping(s), 1 agreeing"
FOR1998,4101,Performing Arts,FOR,4201,Allied health and rehabilitation science,group,False,derived_empirical,0.2,"rolled up from 5 FOR1998 leaf-level mapping(s), 1 agreeing"
FOR1998,4101,Performing Arts,FOR,3604,Performing arts,group,True,derived_empirical,0.6,"rolled up from 5 FOR1998 leaf-level mapping(s), 3 agreeing"
FOR1998,410101,Music,FOR,360301,Music cognition,field,False,explicit_official_transitive,0.455,FOR1998->190406 (2008)->360301 (2020)
FOR1998,410101,Music,FOR,420103,Music therapy,field,True,explicit_official_transitive,0.556,FOR1998->190408 (2008)->420103 (2020)
FOR1998,410101,Music,FOR,360306,Musicology and ethnomusicology,field,False,explicit_official_transitive,0.286,FOR1998->190409 (2008)->360306 (2020)
FOR1998,410101,Music,FOR,360304,Music performance,field,False,explicit_official_transitive,0.455,FOR1998->190407 (2008)->360304 (2020)
FOR1998,410102,"Drama, Theatre and Performance Studies",FOR,360403,"Drama, theatre and performance studies",field,True,explicit_official_transitive,0.9,FOR1998->190404 (2008)->360403 (2020)
FOR1998,410102,"Drama, Theatre and Performance Studies",FOR,360201,Creative writing (incl. scriptwriting),field,False,explicit_official_transitive,0.297,FOR1998->190402 (2008)->360201 (2020)
FOR1998,410103,Dance,FOR,360402,Dance and dance studies,field,True,explicit_official_transitive,0.9,FOR1998->190403 (2008)->360402 (2020)
FOR1998,410104,Indigenous Performing Arts,FOR,451313,Pacific Peoples music and performing arts,field,True,explicit_official_transitive,0.737,FOR1998->190410 (2008)->451313 (2020)
FOR1998,410104,Indigenous Performing Arts,FOR,450111,Aboriginal and Torres Strait Islander music and performing arts,field,False,explicit_official_transitive,0.532,FOR1998->190401 (2008)->450111 (2020)
FOR1998,410104,Indigenous Performing Arts,FOR,450715,Te puoro me ngā mahi a te rēhia o te Māori (Māori music and performing arts),field,False,explicit_official_transitive,0.723,FOR1998->190405 (2008)->450715 (2020)
FOR1998,410199,Performing Arts not elsewhere classified,FOR,360499,Performing arts not elsewhere classified,field,True,explicit_official_transitive,0.9,FOR1998->190499 (2008)->360499 (2020)
FOR1998,4102,Visual Arts and Crafts,FOR,3606,Visual arts,group,True,derived_empirical,1.0,"rolled up from 5 FOR1998 leaf-level mapping(s), 5 agreeing"
FOR1998,410201,Graphic Arts,FOR,360699,Visual arts not elsewhere classified,field,True,explicit_official_transitive,0.203,FOR1998->190599 (2008)->360699 (2020)
FOR1998,410202,Fine Arts (incl. Sculpture and Painting),FOR,360602,Fine arts,field,True,explicit_official_transitive,0.9,FOR1998->190502 (2008)->360602 (2020)
FOR1998,410203,Photography,FOR,360604,"Photography, video and lens-based practice",field,True,explicit_official_transitive,0.9,FOR1998->190503 (2008)->360604 (2020)
FOR1998,410204,Crafts,FOR,360601,Crafts,field,True,explicit_official_transitive,0.9,FOR1998->190501 (2008)->360601 (2020)
FOR1998,410299,Visual Arts and Crafts not elsewhere classified,FOR,360699,Visual arts not elsewhere classified,field,True,explicit_official_transitive,0.9,FOR1998->190599 (2008)->360699 (2020)
FOR1998,410299,Visual Arts and Crafts not elsewhere classified,FOR,360603,Performance art,field,False,explicit_official_transitive,0.278,FOR1998->190504 (2008)->360603 (2020)
FOR1998,4103,"Cinema, Electronic Arts and Multimedia",FOR,3605,Screen and digital media,group,True,derived_empirical,1.0,"rolled up from 4 FOR1998 leaf-level mapping(s), 4 agreeing"
FOR1998,410301,Film and Video,FOR,360505,Screen media,field,True,explicit_official_transitive,0.9,FOR1998->190204 (2008)->360505 (2020)
FOR1998,410302,Cinema Studies,FOR,360501,Cinema studies,field,True,explicit_official_transitive,0.9,FOR1998->190201 (2008)->360501 (2020)
FOR1998,410303,Multimedia,FOR,360502,Computer gaming and animation,field,False,explicit_official_transitive,0.205,FOR1998->190202 (2008)->360502 (2020)
FOR1998,410303,Multimedia,FOR,360503,Digital and electronic media art,field,True,explicit_official_transitive,0.533,FOR1998->190203 (2008)->360503 (2020)
FOR1998,410303,Multimedia,FOR,360504,Interactive media,field,False,explicit_official_transitive,0.519,FOR1998->190205 (2008)->360504 (2020)
FOR1998,410304,Other Cinema and Electronic Arts,FOR,360599,Screen and digital media not elsewhere classified,field,True,explicit_official_transitive,0.9,FOR1998->190299 (2008)->360599 (2020)
FOR1998,4104,Design Studies,FOR,4010,Engineering practice and education,group,False,derived_empirical,0.167,"rolled up from 6 FOR1998 leaf-level mapping(s), 1 agreeing"
FOR1998,4104,Design Studies,FOR,3303,Design,group,True,derived_empirical,0.833,"rolled up from 6 FOR1998 leaf-level mapping(s), 5 agreeing"
FOR1998,410401,Design Theory,FOR,330304,"Design history, theory and criticism",field,True,explicit_official_transitive,0.684,FOR1998->120301 (2008)->330304 (2020)
FOR1998,410402,Design Innovation,FOR,330310,Interaction and experience design,field,True,explicit_official_transitive,0.9,FOR1998->120302 (2008)->330310 (2020)
FOR1998,410403,Design Studio Practice,FOR,330305,Design management,field,True,explicit_official_transitive,0.579,FOR1998->120303 (2008)->330305 (2020)
FOR1998,410404,Design Management and Professional Practice,FOR,330305,Design management,field,True,explicit_official_transitive,0.887,FOR1998->120303 (2008)->330305 (2020)
FOR1998,410405,Design History and Cultural Theory,FOR,330304,"Design history, theory and criticism",field,True,explicit_official_transitive,0.847,FOR1998->120301 (2008)->330304 (2020)
FOR1998,410499,Design Studies not elsewhere classified,FOR,401001,Engineering design,field,True,explicit_official_transitive,0.756,FOR1998->120499 (2008)->401001 (2020)
FOR1998,410499,Design Studies not elsewhere classified,FOR,330310,Interaction and experience design,field,False,explicit_official_transitive,0.174,FOR1998->120304 (2008)->330310 (2020)
FOR1998,410499,Design Studies not elsewhere classified,FOR,401001,Engineering design,field,False,explicit_official_transitive,0.185,FOR1998->120404 (2008)->401001 (2020)
FOR1998,410499,Design Studies not elsewhere classified,FOR,330309,Industrial and product design,field,False,explicit_official_transitive,0.214,FOR1998->120305 (2008)->330309 (2020)
FOR1998,410499,Design Studies not elsewhere classified,FOR,401001,Engineering design,field,False,explicit_official_transitive,0.246,FOR1998->120403 (2008)->401001 (2020)
FOR1998,410499,Design Studies not elsewhere classified,FOR,330399,Design not elsewhere classified,field,False,explicit_official_transitive,0.745,FOR1998->120399 (2008)->330399 (2020)
FOR1998,410499,Design Studies not elsewhere classified,FOR,401001,Engineering design,field,False,explicit_official_transitive,0.358,FOR1998->120402 (2008)->401001 (2020)
FOR1998,410499,Design Studies not elsewhere classified,FOR,330315,Textile and fashion design,field,False,explicit_official_transitive,0.185,FOR1998->120306 (2008)->330315 (2020)
FOR1998,410499,Design Studies not elsewhere classified,FOR,401001,Engineering design,field,False,explicit_official_transitive,0.373,FOR1998->120401 (2008)->401001 (2020)
FOR1998,410499,Design Studies not elsewhere classified,FOR,401001,Engineering design,field,False,explicit_official_transitive,0.179,FOR1998->120405 (2008)->401001 (2020)
FOR1998,410499,Design Studies not elsewhere classified,FOR,330316,Visual communication design (incl. graphic design),field,False,explicit_official_transitive,0.247,FOR1998->120307 (2008)->330316 (2020)
FOR1998,4199,Other Arts,FOR,3601,"Art history, theory and criticism",group,True,derived_empirical,0.5,"rolled up from 2 FOR1998 leaf-level mapping(s), 1 agreeing"
FOR1998,4199,Other Arts,FOR,3399,Other built environment and design,group,False,derived_empirical,0.5,"rolled up from 2 FOR1998 leaf-level mapping(s), 1 agreeing"
FOR1998,419901,Art History and Appreciation,FOR,360102,Art history,field,True,explicit_official_transitive,0.564,FOR1998->190102 (2008)->360102 (2020)
FOR1998,419901,Art History and Appreciation,FOR,360199,"Art history, theory and criticism not elsewhere classified",field,False,explicit_official_transitive,0.468,FOR1998->190199 (2008)->360199 (2020)
FOR1998,419901,Art History and Appreciation,FOR,360103,Art theory,field,False,explicit_official_transitive,0.421,FOR1998->190103 (2008)->360103 (2020)
FOR1998,419901,Art History and Appreciation,FOR,360101,Art criticism,field,False,explicit_official_transitive,0.293,FOR1998->190101 (2008)->360101 (2020)
FOR1998,419901,Art History and Appreciation,FOR,360104,Visual cultures,field,False,explicit_official_transitive,0.233,FOR1998->190104 (2008)->360104 (2020)
FOR1998,419999,The Arts not elsewhere classified,FOR,369999,Other creative arts and writing not elsewhere classified,field,False,explicit_official_transitive,0.681,FOR1998->199999 (2008)->369999 (2020)
FOR1998,419999,The Arts not elsewhere classified,FOR,339999,Other built environment and design not elsewhere classified,field,True,explicit_official_transitive,0.698,FOR1998->129999 (2008)->339999 (2020)
FOR1998,42,LANGUAGE AND CULTURE,FOR,45,INDIGENOUS STUDIES,division,False,derived_empirical,0.056,"rolled up from 54 FOR1998 leaf-level mapping(s), 3 agreeing"
FOR1998,42,LANGUAGE AND CULTURE,FOR,44,HUMAN SOCIETY,division,False,derived_empirical,0.019,"rolled up from 54 FOR1998 leaf-level mapping(s), 1 agreeing"
FOR1998,42,LANGUAGE AND CULTURE,FOR,47,"LANGUAGE, COMMUNICATION AND CULTURE",division,True,derived_empirical,0.926,"rolled up from 54 FOR1998 leaf-level mapping(s), 50 agreeing"
FOR1998,4201,Language Studies,FOR,4703,Language studies,group,True,derived_empirical,0.957,"rolled up from 23 FOR1998 leaf-level mapping(s), 22 agreeing"
FOR1998,4201,Language Studies,FOR,4501,"Aboriginal and Torres Strait Islander culture, language and history",group,False,derived_empirical,0.043,"rolled up from 23 FOR1998 leaf-level mapping(s), 1 agreeing"
FOR1998,420101,English,FOR,470305,Early English languages,field,False,explicit_official_transitive,0.467,FOR1998->200301 (2008)->470305 (2020)
FOR1998,420101,English,FOR,470307,English language,field,True,explicit_official_transitive,0.609,FOR1998->200302 (2008)->470307 (2020)
FOR1998,420102,English as a Second Language,FOR,470306,English as a second language,field,True,explicit_official_transitive,0.9,FOR1998->200303 (2008)->470306 (2020)
FOR1998,420103,Aboriginal Languages,FOR,450108,Aboriginal and Torres Strait Islander linguistics and languages,field,True,explicit_official_transitive,0.9,FOR1998->200319 (2008)->450108 (2020)
FOR1998,420104,Latin,FOR,470316,Latin and classical Greek languages,field,True,explicit_official_transitive,0.25,FOR1998->200305 (2008)->470316 (2020)
FOR1998,420105,Greek,FOR,470399,Language studies not elsewhere classified,field,False,explicit_official_transitive,0.174,FOR1998->200399 (2008)->470399 (2020)
FOR1998,420105,Greek,FOR,470316,Latin and classical Greek languages,field,True,explicit_official_transitive,0.25,FOR1998->200305 (2008)->470316 (2020)
FOR1998,420106,French,FOR,470308,French language,field,True,explicit_official_transitive,0.9,FOR1998->200306 (2008)->470308 (2020)
FOR1998,420107,German,FOR,470309,German language,field,True,explicit_official_transitive,0.9,FOR1998->200307 (2008)->470309 (2020)
FOR1998,420108,Italian,FOR,470313,Italian language,field,True,explicit_official_transitive,0.9,FOR1998->200309 (2008)->470313 (2020)
FOR1998,420109,Spanish,FOR,470310,Iberian languages,field,True,explicit_official_transitive,0.25,FOR1998->200308 (2008)->470310 (2020)
FOR1998,420110,Russian,FOR,470302,Central and Eastern European languages (incl. Russian),field,True,explicit_official_transitive,0.23,FOR1998->200304 (2008)->470302 (2020)
FOR1998,420111,Other European Languages,FOR,470302,Central and Eastern European languages (incl. Russian),field,False,explicit_official_transitive,0.564,FOR1998->200304 (2008)->470302 (2020)
FOR1998,420111,Other European Languages,FOR,470319,Other European languages,field,True,explicit_official_transitive,0.9,FOR1998->200310 (2008)->470319 (2020)
FOR1998,420111,Other European Languages,FOR,470310,Iberian languages,field,False,explicit_official_transitive,0.683,FOR1998->200308 (2008)->470310 (2020)
FOR1998,420112,Chinese Languages,FOR,470303,Chinese languages,field,True,explicit_official_transitive,0.9,FOR1998->200311 (2008)->470303 (2020)
FOR1998,420113,Japanese,FOR,470314,Japanese language,field,True,explicit_official_transitive,0.9,FOR1998->200312 (2008)->470314 (2020)
FOR1998,420114,Indonesian Languages,FOR,470312,Indonesian languages,field,True,explicit_official_transitive,0.9,FOR1998->200313 (2008)->470312 (2020)
FOR1998,420115,Malaysian Languages,FOR,470320,South-East Asian languages (excl. Indonesian),field,True,explicit_official_transitive,0.5,FOR1998->200314 (2008)->470320 (2020)
FOR1998,420116,Indian Languages,FOR,470311,Indian languages,field,True,explicit_official_transitive,0.9,FOR1998->200315 (2008)->470311 (2020)
FOR1998,420117,Korean,FOR,470315,Korean language,field,True,explicit_official_transitive,0.9,FOR1998->200316 (2008)->470315 (2020)
FOR1998,420118,Vietnamese Languages,FOR,470320,South-East Asian languages (excl. Indonesian),field,True,explicit_official_transitive,0.369,FOR1998->200314 (2008)->470320 (2020)
FOR1998,420119,Thai Languages,FOR,470320,South-East Asian languages (excl. Indonesian),field,True,explicit_official_transitive,0.475,FOR1998->200314 (2008)->470320 (2020)
FOR1998,420120,Other Asian Languages,FOR,470317,Middle Eastern languages,field,False,explicit_official_transitive,0.622,FOR1998->200318 (2008)->470317 (2020)
FOR1998,420120,Other Asian Languages,FOR,470318,Other Asian languages (excl. South-East Asian),field,True,explicit_official_transitive,0.627,FOR1998->200317 (2008)->470318 (2020)
FOR1998,420120,Other Asian Languages,FOR,470320,South-East Asian languages (excl. Indonesian),field,False,explicit_official_transitive,0.606,FOR1998->200314 (2008)->470320 (2020)
FOR1998,420121,Comparative Language Studies,FOR,470304,Comparative language studies,field,True,explicit_official_transitive,0.9,FOR1998->200322 (2008)->470304 (2020)
FOR1998,420122,Oracy and Oral Traditions,FOR,470399,Language studies not elsewhere classified,field,True,explicit_official_transitive,0.242,FOR1998->200399 (2008)->470399 (2020)
FOR1998,420199,Language Studies not elsewhere classified,FOR,470399,Language studies not elsewhere classified,field,True,explicit_official_transitive,0.9,FOR1998->200399 (2008)->470399 (2020)
FOR1998,420199,Language Studies not elsewhere classified,FOR,470321,Translation and interpretation studies,field,False,explicit_official_transitive,0.329,FOR1998->200323 (2008)->470321 (2020)
FOR1998,420199,Language Studies not elsewhere classified,FOR,451310,Pacific Peoples linguistics and languages,field,False,explicit_official_transitive,0.31,FOR1998->200320 (2008)->451310 (2020)
FOR1998,420199,Language Studies not elsewhere classified,FOR,470317,Middle Eastern languages,field,False,explicit_official_transitive,0.277,FOR1998->200318 (2008)->470317 (2020)
FOR1998,420199,Language Studies not elsewhere classified,FOR,450712,Te mātai i te reo Māori me te reo Māori (Māori linguistics and languages),field,False,explicit_official_transitive,0.229,FOR1998->200321 (2008)->450712 (2020)
FOR1998,4202,Literature Studies,FOR,4705,Literary studies,group,True,derived_empirical,0.952,"rolled up from 21 FOR1998 leaf-level mapping(s), 20 agreeing"
FOR1998,4202,Literature Studies,FOR,4501,"Aboriginal and Torres Strait Islander culture, language and history",group,False,derived_empirical,0.048,"rolled up from 21 FOR1998 leaf-level mapping(s), 1 agreeing"
FOR1998,420201,British and Irish,FOR,470504,British and Irish literature,field,True,explicit_official_transitive,0.9,FOR1998->200503 (2008)->470504 (2020)
FOR1998,420202,Australian and New Zealand,FOR,450109,"Aboriginal and Torres Strait Islander literature, journalism and professional writing",field,True,explicit_official_transitive,0.432,FOR1998->200501 (2008)->450109 (2020)
FOR1998,420202,Australian and New Zealand,FOR,450713,"Te mātākōrero, te kawe kōrero me te tuhituhi ngaio o te Māori (Māori literature, journalism and professional writing)",field,False,explicit_official_transitive,0.19,FOR1998->200504 (2008)->450713 (2020)
FOR1998,420202,Australian and New Zealand,FOR,470502,Australian literature (excl. Aboriginal and Torres Strait Islander literature),field,False,explicit_official_transitive,0.423,FOR1998->200502 (2008)->470502 (2020)
FOR1998,420202,Australian and New Zealand,FOR,470522,New Zealand literature (excl. Māori literature),field,False,explicit_official_transitive,0.301,FOR1998->200505 (2008)->470522 (2020)
FOR1998,420203,North American,FOR,470523,North American literature,field,True,explicit_official_transitive,0.9,FOR1998->200506 (2008)->470523 (2020)
FOR1998,420204,South American,FOR,470520,Literature in Spanish and Portuguese,field,True,explicit_official_transitive,0.2,FOR1998->200514 (2008)->470520 (2020)
FOR1998,420205,Latin and Classical Greek,FOR,470513,Latin and classical Greek literature,field,True,explicit_official_transitive,0.9,FOR1998->200510 (2008)->470513 (2020)
FOR1998,420206,French,FOR,470516,Literature in French,field,True,explicit_official_transitive,0.462,FOR1998->200511 (2008)->470516 (2020)
FOR1998,420207,German,FOR,470517,Literature in German,field,True,explicit_official_transitive,0.462,FOR1998->200512 (2008)->470517 (2020)
FOR1998,420208,Italian,FOR,470518,Literature in Italian,field,True,explicit_official_transitive,0.9,FOR1998->200513 (2008)->470518 (2020)
FOR1998,420209,Russian,FOR,470505,Central and Eastern European literature (incl. Russian),field,True,explicit_official_transitive,0.226,FOR1998->200509 (2008)->470505 (2020)
FOR1998,420210,Other European,FOR,470520,Literature in Spanish and Portuguese,field,False,explicit_official_transitive,0.32,FOR1998->200514 (2008)->470520 (2020)
FOR1998,420210,Other European,FOR,470505,Central and Eastern European literature (incl. Russian),field,False,explicit_official_transitive,0.348,FOR1998->200509 (2008)->470505 (2020)
FOR1998,420210,Other European,FOR,470516,Literature in French,field,False,explicit_official_transitive,0.412,FOR1998->200511 (2008)->470516 (2020)
FOR1998,420210,Other European,FOR,470517,Literature in German,field,False,explicit_official_transitive,0.471,FOR1998->200512 (2008)->470517 (2020)
FOR1998,420210,Other European,FOR,470525,Other European literature,field,True,explicit_official_transitive,0.718,FOR1998->200515 (2008)->470525 (2020)
FOR1998,420211,Chinese,FOR,470515,Literature in Chinese,field,True,explicit_official_transitive,0.9,FOR1998->200517 (2008)->470515 (2020)
FOR1998,420212,Japanese,FOR,470519,Literature in Japanese,field,True,explicit_official_transitive,0.9,FOR1998->200518 (2008)->470519 (2020)
FOR1998,420213,Indonesian,FOR,470511,Indonesian literature,field,True,explicit_official_transitive,0.9,FOR1998->200516 (2008)->470511 (2020)
FOR1998,420214,Indian,FOR,470510,Indian literature,field,True,explicit_official_transitive,0.9,FOR1998->200520 (2008)->470510 (2020)
FOR1998,420215,Other Asian,FOR,470524,Other Asian literature (excl. South-East Asian),field,True,explicit_official_transitive,0.379,FOR1998->200522 (2008)->470524 (2020)
FOR1998,420215,Other Asian,FOR,470512,Korean literature,field,False,explicit_official_transitive,0.357,FOR1998->200521 (2008)->470512 (2020)
FOR1998,420215,Other Asian,FOR,470529,South-East Asian literature (excl. Indonesian),field,False,explicit_official_transitive,0.351,FOR1998->200519 (2008)->470529 (2020)
FOR1998,420215,Other Asian,FOR,470521,Middle Eastern literature,field,False,explicit_official_transitive,0.278,FOR1998->200523 (2008)->470521 (2020)
FOR1998,420216,Comparative Literature Studies,FOR,470507,Comparative and transnational literature,field,True,explicit_official_transitive,0.9,FOR1998->200524 (2008)->470507 (2020)
FOR1998,420217,Textual Transmission and the Material Record,FOR,470530,Stylistics and textual analysis,field,True,explicit_official_transitive,0.347,FOR1998->200526 (2008)->470530 (2020)
FOR1998,420218,Literary Theory,FOR,470514,Literary theory,field,True,explicit_official_transitive,0.9,FOR1998->200525 (2008)->470514 (2020)
FOR1998,420219,Stylistics,FOR,470530,Stylistics and textual analysis,field,True,explicit_official_transitive,0.488,FOR1998->200526 (2008)->470530 (2020)
FOR1998,420220,"Folklore, Myth and Mythologies",FOR,470599,Literary studies not elsewhere classified,field,True,explicit_official_transitive,0.225,FOR1998->200599 (2008)->470599 (2020)
FOR1998,420299,Literature Studies not elsewhere classified,FOR,470599,Literary studies not elsewhere classified,field,True,explicit_official_transitive,0.9,FOR1998->200599 (2008)->470599 (2020)
FOR1998,420299,Literature Studies not elsewhere classified,FOR,470521,Middle Eastern literature,field,False,explicit_official_transitive,0.294,FOR1998->200523 (2008)->470521 (2020)
FOR1998,420299,Literature Studies not elsewhere classified,FOR,470526,Other literatures in English,field,False,explicit_official_transitive,0.507,FOR1998->200508 (2008)->470526 (2020)
FOR1998,420299,Literature Studies not elsewhere classified,FOR,451311,"Pacific Peoples literature, journalism and professional writing",field,False,explicit_official_transitive,0.328,FOR1998->200507 (2008)->451311 (2020)
FOR1998,420299,Literature Studies not elsewhere classified,FOR,470516,Literature in French,field,False,explicit_official_transitive,0.508,FOR1998->200511 (2008)->470516 (2020)
FOR1998,4203,Cultural Studies,FOR,4501,"Aboriginal and Torres Strait Islander culture, language and history",group,False,derived_empirical,0.111,"rolled up from 9 FOR1998 leaf-level mapping(s), 1 agreeing"
FOR1998,4203,Cultural Studies,FOR,4405,Gender studies,group,False,derived_empirical,0.111,"rolled up from 9 FOR1998 leaf-level mapping(s), 1 agreeing"
FOR1998,4203,Cultural Studies,FOR,4702,Cultural studies,group,True,derived_empirical,0.778,"rolled up from 9 FOR1998 leaf-level mapping(s), 7 agreeing"
FOR1998,420301,Cultural Policy Studies,FOR,470201,Arts and cultural policy,field,True,explicit_official_transitive,0.638,FOR1998->160502 (2008)->470201 (2020)
FOR1998,420302,Cultural Theory,FOR,470207,Cultural theory,field,True,explicit_official_transitive,0.9,FOR1998->200204 (2008)->470207 (2020)
FOR1998,420303,"Culture, Gender, Sexuality",FOR,440508,Transgender studies,field,True,explicit_official_transitive,0.9,FOR1998->200205 (2008)->440508 (2020)
FOR1998,420304,Screen and Media Culture,FOR,470214,Screen and media culture,field,True,explicit_official_transitive,0.9,FOR1998->200212 (2008)->470214 (2020)
FOR1998,420305,Aboriginal Cultural Studies,FOR,450104,Aboriginal and Torres Strait Islander culture,field,True,explicit_official_transitive,0.9,FOR1998->200201 (2008)->450104 (2020)
FOR1998,420306,Postcolonial and Global Cultural Studies,FOR,470210,Globalisation and culture,field,False,explicit_official_transitive,0.431,FOR1998->200206 (2008)->470210 (2020)
FOR1998,420306,Postcolonial and Global Cultural Studies,FOR,470213,Postcolonial studies,field,True,explicit_official_transitive,0.667,FOR1998->200211 (2008)->470213 (2020)
FOR1998,420307,Consumption and Everyday Life,FOR,470203,Consumption and everyday life,field,True,explicit_official_transitive,0.9,FOR1998->200203 (2008)->470203 (2020)
FOR1998,420308,"Multicultural, Intercultural and Cross-cultural Studies",FOR,470212,"Multicultural, intercultural and cross-cultural studies",field,True,explicit_official_transitive,0.9,FOR1998->200209 (2008)->470212 (2020)
FOR1998,420399,Cultural Studies not elsewhere classified,FOR,470202,Asian cultural studies,field,False,explicit_official_transitive,0.508,FOR1998->200202 (2008)->470202 (2020)
FOR1998,420399,Cultural Studies not elsewhere classified,FOR,451304,Pacific Peoples cultural history,field,False,explicit_official_transitive,0.492,FOR1998->200210 (2008)->451304 (2020)
FOR1998,420399,Cultural Studies not elsewhere classified,FOR,450706,Te hītori ahurea Māori (Māori cultural history),field,False,explicit_official_transitive,0.508,FOR1998->200207 (2008)->450706 (2020)
FOR1998,420399,Cultural Studies not elsewhere classified,FOR,470299,Cultural studies not elsewhere classified,field,True,explicit_official_transitive,0.9,FOR1998->200299 (2008)->470299 (2020)
FOR1998,420399,Cultural Studies not elsewhere classified,FOR,470211,Migrant cultural studies,field,False,explicit_official_transitive,0.492,FOR1998->200208 (2008)->470211 (2020)
FOR1998,4299,Other Language and Culture,FOR,4799,"Other language, communication and culture",group,True,derived_empirical,1.0,"rolled up from 1 FOR1998 leaf-level mapping(s), 1 agreeing"
FOR1998,429999,Other Language and Culture,FOR,479999,"Other language, communication and culture not elsewhere classified",field,True,explicit_official_transitive,0.465,FOR1998->209999 (2008)->479999 (2020)
FOR1998,43,HISTORY AND ARCHAEOLOGY,FOR,50,PHILOSOPHY AND RELIGIOUS STUDIES,division,False,derived_empirical,0.045,"rolled up from 22 FOR1998 leaf-level mapping(s), 1 agreeing"
FOR1998,43,HISTORY AND ARCHAEOLOGY,FOR,43,"HISTORY, HERITAGE AND ARCHAEOLOGY",division,True,derived_empirical,0.864,"rolled up from 22 FOR1998 leaf-level mapping(s), 19 agreeing"
FOR1998,43,HISTORY AND ARCHAEOLOGY,FOR,45,INDIGENOUS STUDIES,division,False,derived_empirical,0.091,"rolled up from 22 FOR1998 leaf-level mapping(s), 2 agreeing"
FOR1998,4301,Historical Studies,FOR,4303,Historical studies,group,True,derived_empirical,0.846,"rolled up from 13 FOR1998 leaf-level mapping(s), 11 agreeing"
FOR1998,4301,Historical Studies,FOR,4507,"Te ahurea, reo me te hītori o te Māori (Māori culture, language and history)",group,False,derived_empirical,0.077,"rolled up from 13 FOR1998 leaf-level mapping(s), 1 agreeing"
FOR1998,4301,Historical Studies,FOR,5002,History and philosophy of specific fields,group,False,derived_empirical,0.077,"rolled up from 13 FOR1998 leaf-level mapping(s), 1 agreeing"
FOR1998,430101,History: Australian,FOR,430302,Australian history,field,True,explicit_official_transitive,0.22,FOR1998->210303 (2008)->430302 (2020)
FOR1998,430101,History: Australian,FOR,450107,Aboriginal and Torres Strait Islander history,field,False,explicit_official_transitive,0.219,FOR1998->210301 (2008)->450107 (2020)
FOR1998,430102,History: Asian,FOR,430301,Asian history,field,True,explicit_official_transitive,0.9,FOR1998->210302 (2008)->430301 (2020)
FOR1998,430103,History: Pacific,FOR,451308,Pacific Peoples history,field,False,explicit_official_transitive,0.328,FOR1998->210313 (2008)->451308 (2020)
FOR1998,430103,History: Pacific,FOR,430320,New Zealand history,field,False,explicit_official_transitive,0.4,FOR1998->210311 (2008)->430320 (2020)
FOR1998,430103,History: Pacific,FOR,450710,Te hītori Māori (Māori history),field,True,explicit_official_transitive,0.483,FOR1998->210309 (2008)->450710 (2020)
FOR1998,430104,History: North American,FOR,430321,North American history,field,True,explicit_official_transitive,0.9,FOR1998->210312 (2008)->430321 (2020)
FOR1998,430105,History: Latin American,FOR,430317,Latin and South American history,field,True,explicit_official_transitive,0.9,FOR1998->210308 (2008)->430317 (2020)
FOR1998,430106,History: African,FOR,430318,Middle Eastern and North African history,field,True,explicit_official_transitive,0.48,FOR1998->210310 (2008)->430318 (2020)
FOR1998,430107,History: British,FOR,430304,British history,field,True,explicit_official_transitive,0.9,FOR1998->210305 (2008)->430304 (2020)
FOR1998,430108,History: European,FOR,430308,"European history (excl. British, classical Greek and Roman)",field,True,explicit_official_transitive,0.9,FOR1998->210307 (2008)->430308 (2020)
FOR1998,430109,History: Middle Eastern,FOR,430318,Middle Eastern and North African history,field,True,explicit_official_transitive,0.491,FOR1998->210310 (2008)->430318 (2020)
FOR1998,430110,History: Classical Greek and Roman,FOR,430305,Classical Greek and Roman history,field,True,explicit_official_transitive,0.9,FOR1998->210306 (2008)->430305 (2020)
FOR1998,430111,History: Other,FOR,350501,Business and labour history,field,False,explicit_official_transitive,0.341,FOR1998->220201 (2008)->350501 (2020)
FOR1998,430111,History: Other,FOR,500205,History and philosophy of the humanities,field,True,explicit_official_transitive,0.444,FOR1998->220207 (2008)->500205 (2020)
FOR1998,430111,History: Other,FOR,430399,Historical studies not elsewhere classified,field,False,explicit_official_transitive,0.421,FOR1998->210399 (2008)->430399 (2020)
FOR1998,430111,History: Other,FOR,500206,History and philosophy of the social sciences,field,False,explicit_official_transitive,0.407,FOR1998->220208 (2008)->500206 (2020)
FOR1998,430112,Biography,FOR,430303,Biography,field,True,explicit_official_transitive,0.9,FOR1998->210304 (2008)->430303 (2020)
FOR1998,430199,Historical Studies not elsewhere classified,FOR,500205,History and philosophy of the humanities,field,False,explicit_official_transitive,0.289,FOR1998->220207 (2008)->500205 (2020)
FOR1998,430199,Historical Studies not elsewhere classified,FOR,500206,History and philosophy of the social sciences,field,False,explicit_official_transitive,0.341,FOR1998->220208 (2008)->500206 (2020)
FOR1998,430199,Historical Studies not elsewhere classified,FOR,430399,Historical studies not elsewhere classified,field,True,explicit_official_transitive,0.9,FOR1998->210399 (2008)->430399 (2020)
FOR1998,430199,Historical Studies not elsewhere classified,FOR,350501,Business and labour history,field,False,explicit_official_transitive,0.171,FOR1998->220201 (2008)->350501 (2020)
FOR1998,4302,Archaeology and Prehistory,FOR,4301,Archaeology,group,True,derived_empirical,0.875,"rolled up from 8 FOR1998 leaf-level mapping(s), 7 agreeing"
FOR1998,4302,Archaeology and Prehistory,FOR,4513,"Pacific Peoples culture, language and history",group,False,derived_empirical,0.125,"rolled up from 8 FOR1998 leaf-level mapping(s), 1 agreeing"
FOR1998,430201,Archaeology of Hunter-Gatherer Societies (incl. Pleistocene Archaeology),FOR,450101,Aboriginal and Torres Strait Islander archaeology,field,False,explicit_official_transitive,0.43,FOR1998->210101 (2008)->450101 (2020)
FOR1998,430201,Archaeology of Hunter-Gatherer Societies (incl. Pleistocene Archaeology),FOR,430104,"Archaeology of Europe, the Mediterranean and the Levant",field,False,explicit_official_transitive,0.425,FOR1998->210105 (2008)->430104 (2020)
FOR1998,430201,Archaeology of Hunter-Gatherer Societies (incl. Pleistocene Archaeology),FOR,430102,"Archaeology of Asia, Africa and the Americas",field,False,explicit_official_transitive,0.379,FOR1998->210103 (2008)->430102 (2020)
FOR1998,430201,Archaeology of Hunter-Gatherer Societies (incl. Pleistocene Archaeology),FOR,451301,Archaeology of New Guinea and Pacific Islands (excl. New Zealand),field,True,explicit_official_transitive,0.526,FOR1998->210106 (2008)->451301 (2020)
FOR1998,430201,Archaeology of Hunter-Gatherer Societies (incl. Pleistocene Archaeology),FOR,450704,Te mātai whaipara Māori (Māori archaeology),field,False,explicit_official_transitive,0.315,FOR1998->210109 (2008)->450704 (2020)
FOR1998,430202,Archaeology of Agricultural and Pastoral Societies,FOR,451301,Archaeology of New Guinea and Pacific Islands (excl. New Zealand),field,False,explicit_official_transitive,0.452,FOR1998->210106 (2008)->451301 (2020)
FOR1998,430202,Archaeology of Agricultural and Pastoral Societies,FOR,450704,Te mātai whaipara Māori (Māori archaeology),field,False,explicit_official_transitive,0.328,FOR1998->210109 (2008)->450704 (2020)
FOR1998,430202,Archaeology of Agricultural and Pastoral Societies,FOR,430104,"Archaeology of Europe, the Mediterranean and the Levant",field,False,explicit_official_transitive,0.476,FOR1998->210105 (2008)->430104 (2020)
FOR1998,430202,Archaeology of Agricultural and Pastoral Societies,FOR,430102,"Archaeology of Asia, Africa and the Americas",field,True,explicit_official_transitive,0.574,FOR1998->210103 (2008)->430102 (2020)
FOR1998,430202,Archaeology of Agricultural and Pastoral Societies,FOR,430105,Archaeology of New Zealand (excl. Māori),field,False,explicit_official_transitive,0.533,FOR1998->210107 (2008)->430105 (2020)
FOR1998,430202,Archaeology of Agricultural and Pastoral Societies,FOR,430103,Archaeology of Australia (excl. Aboriginal and Torres Strait Islander),field,False,explicit_official_transitive,0.533,FOR1998->210104 (2008)->430103 (2020)
FOR1998,430203,"Archaeology of Complex Societies: Europe, the Mediterranean and the Levant",FOR,430104,"Archaeology of Europe, the Mediterranean and the Levant",field,True,explicit_official_transitive,0.853,FOR1998->210105 (2008)->430104 (2020)
FOR1998,430204,"Archaeology of Complex Societies: Asia, Africa, Oceania and the Americas",FOR,430105,Archaeology of New Zealand (excl. Māori),field,False,explicit_official_transitive,0.5,FOR1998->210107 (2008)->430105 (2020)
FOR1998,430204,"Archaeology of Complex Societies: Asia, Africa, Oceania and the Americas",FOR,451301,Archaeology of New Guinea and Pacific Islands (excl. New Zealand),field,False,explicit_official_transitive,0.438,FOR1998->210106 (2008)->451301 (2020)
FOR1998,430204,"Archaeology of Complex Societies: Asia, Africa, Oceania and the Americas",FOR,450704,Te mātai whaipara Māori (Māori archaeology),field,False,explicit_official_transitive,0.247,FOR1998->210109 (2008)->450704 (2020)
FOR1998,430204,"Archaeology of Complex Societies: Asia, Africa, Oceania and the Americas",FOR,430102,"Archaeology of Asia, Africa and the Americas",field,True,explicit_official_transitive,0.759,FOR1998->210103 (2008)->430102 (2020)
FOR1998,430204,"Archaeology of Complex Societies: Asia, Africa, Oceania and the Americas",FOR,430103,Archaeology of Australia (excl. Aboriginal and Torres Strait Islander),field,False,explicit_official_transitive,0.493,FOR1998->210104 (2008)->430103 (2020)
FOR1998,430205,Historical Archaeology (incl. Industrial Archaeology),FOR,430107,Historical archaeology (incl. industrial archaeology),field,True,explicit_official_transitive,0.9,FOR1998->210108 (2008)->430107 (2020)
FOR1998,430206,Maritime Archaeology,FOR,430108,Maritime archaeology,field,True,explicit_official_transitive,0.9,FOR1998->210110 (2008)->430108 (2020)
FOR1998,430207,Archaeological Science,FOR,430101,Archaeological science,field,True,explicit_official_transitive,0.9,FOR1998->210102 (2008)->430101 (2020)
FOR1998,430299,Archaeology and Prehistory not elsewhere classified,FOR,430199,Archaeology not elsewhere classified,field,True,explicit_official_transitive,0.828,FOR1998->210199 (2008)->430199 (2020)
FOR1998,430299,Archaeology and Prehistory not elsewhere classified,FOR,450101,Aboriginal and Torres Strait Islander archaeology,field,False,explicit_official_transitive,0.22,FOR1998->210101 (2008)->450101 (2020)
FOR1998,4399,Other History and Archaeology,FOR,4399,"Other history, heritage and archaeology",group,True,derived_empirical,1.0,"rolled up from 1 FOR1998 leaf-level mapping(s), 1 agreeing"
FOR1998,439999,Other History and Archaeology,FOR,500206,History and philosophy of the social sciences,field,False,explicit_official_transitive,0.432,FOR1998->220208 (2008)->500206 (2020)
FOR1998,439999,Other History and Archaeology,FOR,350501,Business and labour history,field,False,explicit_official_transitive,0.357,FOR1998->220201 (2008)->350501 (2020)
FOR1998,439999,Other History and Archaeology,FOR,439999,"Other history, heritage and archaeology not elsewhere classified",field,True,explicit_official_transitive,0.597,FOR1998->219999 (2008)->439999 (2020)
FOR1998,439999,Other History and Archaeology,FOR,500205,History and philosophy of the humanities,field,False,explicit_official_transitive,0.464,FOR1998->220207 (2008)->500205 (2020)
FOR1998,44,PHILOSOPHY AND RELIGION,FOR,50,PHILOSOPHY AND RELIGIOUS STUDIES,division,True,derived_empirical,0.963,"rolled up from 27 FOR1998 leaf-level mapping(s), 26 agreeing"
FOR1998,44,PHILOSOPHY AND RELIGION,FOR,52,PSYCHOLOGY,division,False,derived_empirical,0.037,"rolled up from 27 FOR1998 leaf-level mapping(s), 1 agreeing"
FOR1998,4401,Philosophy,FOR,5002,History and philosophy of specific fields,group,False,derived_empirical,0.062,"rolled up from 16 FOR1998 leaf-level mapping(s), 1 agreeing"
FOR1998,4401,Philosophy,FOR,5001,Applied ethics,group,False,derived_empirical,0.062,"rolled up from 16 FOR1998 leaf-level mapping(s), 1 agreeing"
FOR1998,4401,Philosophy,FOR,5003,Philosophy,group,True,derived_empirical,0.875,"rolled up from 16 FOR1998 leaf-level mapping(s), 14 agreeing"
FOR1998,440101,Aesthetics,FOR,500301,Aesthetics,field,True,explicit_official_transitive,0.9,FOR1998->220301 (2008)->500301 (2020)
FOR1998,440102,Epistemology,FOR,500305,Epistemology,field,True,explicit_official_transitive,0.9,FOR1998->220304 (2008)->500305 (2020)
FOR1998,440103,Ethical Theory,FOR,500306,Ethical theory,field,True,explicit_official_transitive,0.9,FOR1998->220305 (2008)->500306 (2020)
FOR1998,440104,Applied Ethics (incl. Bioethics and Environmental Ethics),FOR,500304,Environmental philosophy,field,False,explicit_official_transitive,0.42,FOR1998->220303 (2008)->500304 (2020)
FOR1998,440104,Applied Ethics (incl. Bioethics and Environmental Ethics),FOR,500102,Business ethics,field,False,explicit_official_transitive,0.25,FOR1998->220102 (2008)->500102 (2020)
FOR1998,440104,Applied Ethics (incl. Bioethics and Environmental Ethics),FOR,500103,Ethical use of new technology,field,False,explicit_official_transitive,0.341,FOR1998->220103 (2008)->500103 (2020)
FOR1998,440104,Applied Ethics (incl. Bioethics and Environmental Ethics),FOR,500104,Human rights and justice issues (excl. law),field,False,explicit_official_transitive,0.295,FOR1998->220104 (2008)->500104 (2020)
FOR1998,440104,Applied Ethics (incl. Bioethics and Environmental Ethics),FOR,500199,Applied ethics not elsewhere classified,field,False,explicit_official_transitive,0.438,FOR1998->220199 (2008)->500199 (2020)
FOR1998,440104,Applied Ethics (incl. Bioethics and Environmental Ethics),FOR,500107,Professional ethics,field,True,explicit_official_transitive,0.631,FOR1998->220107 (2008)->500107 (2020)
FOR1998,440104,Applied Ethics (incl. Bioethics and Environmental Ethics),FOR,500101,Bioethics,field,False,explicit_official_transitive,0.471,FOR1998->220101 (2008)->500101 (2020)
FOR1998,440105,History of Philosophy and History of Ideas,FOR,500208,History of philosophy,field,True,explicit_official_transitive,0.667,FOR1998->220210 (2008)->500208 (2020)
FOR1998,440105,History of Philosophy and History of Ideas,FOR,500207,History of ideas,field,False,explicit_official_transitive,0.552,FOR1998->220209 (2008)->500207 (2020)
FOR1998,440106,Logic,FOR,500308,Logic,field,True,explicit_official_transitive,0.9,FOR1998->220308 (2008)->500308 (2020)
FOR1998,440107,Metaphysics,FOR,500309,Metaphysics,field,True,explicit_official_transitive,0.9,FOR1998->220309 (2008)->500309 (2020)
FOR1998,440108,Philosophy of Language,FOR,500314,Philosophy of language,field,True,explicit_official_transitive,0.9,FOR1998->220313 (2008)->500314 (2020)
FOR1998,440109,Philosophy of Mind (excl. Cognition),FOR,500315,Philosophy of mind (excl. cognition),field,True,explicit_official_transitive,0.9,FOR1998->220314 (2008)->500315 (2020)
FOR1998,440110,Social Philosophy,FOR,500321,Social and political philosophy,field,True,explicit_official_transitive,0.9,FOR1998->220319 (2008)->500321 (2020)
FOR1998,440111,Phenomenology,FOR,500310,Phenomenology,field,True,explicit_official_transitive,0.9,FOR1998->220310 (2008)->500310 (2020)
FOR1998,440112,Hermeneutic Theory,FOR,500302,Critical theory,field,True,explicit_official_transitive,0.9,FOR1998->220307 (2008)->500302 (2020)
FOR1998,440113,Comparative Philosophy,FOR,500318,Philosophy of specific cultures (incl. comparative philosophy),field,True,explicit_official_transitive,0.524,FOR1998->220316 (2008)->500318 (2020)
FOR1998,440114,Philosophy of Action,FOR,500311,Philosophical psychology (incl. moral psychology and philosophy of action),field,True,explicit_official_transitive,0.9,FOR1998->220311 (2008)->500311 (2020)
FOR1998,440115,"Philosophy of Specific Cultures (e.g. Ancient Greek, Chinese)",FOR,500318,Philosophy of specific cultures (incl. comparative philosophy),field,True,explicit_official_transitive,0.699,FOR1998->220316 (2008)->500318 (2020)
FOR1998,440199,Philosophy not elsewhere classified,FOR,500205,History and philosophy of the humanities,field,False,explicit_official_transitive,0.533,FOR1998->220207 (2008)->500205 (2020)
FOR1998,440199,Philosophy not elsewhere classified,FOR,500320,Psychoanalytic philosophy,field,False,explicit_official_transitive,0.333,FOR1998->220318 (2008)->500320 (2020)
FOR1998,440199,Philosophy not elsewhere classified,FOR,500399,Philosophy not elsewhere classified,field,True,explicit_official_transitive,0.9,FOR1998->220399 (2008)->500399 (2020)
FOR1998,440199,Philosophy not elsewhere classified,FOR,440503,Feminist theory,field,False,explicit_official_transitive,0.28,FOR1998->220306 (2008)->440503 (2020)
FOR1998,440199,Philosophy not elsewhere classified,FOR,500206,History and philosophy of the social sciences,field,False,explicit_official_transitive,0.525,FOR1998->220208 (2008)->500206 (2020)
FOR1998,440199,Philosophy not elsewhere classified,FOR,500303,Decision theory,field,False,explicit_official_transitive,0.28,FOR1998->220302 (2008)->500303 (2020)
FOR1998,440199,Philosophy not elsewhere classified,FOR,500319,Poststructuralism,field,False,explicit_official_transitive,0.231,FOR1998->220317 (2008)->500319 (2020)
FOR1998,4402,Religion and Religious Traditions,FOR,5003,Philosophy,group,False,derived_empirical,0.1,"rolled up from 10 FOR1998 leaf-level mapping(s), 1 agreeing"
FOR1998,4402,Religion and Religious Traditions,FOR,5205,Social and personality psychology,group,False,derived_empirical,0.1,"rolled up from 10 FOR1998 leaf-level mapping(s), 1 agreeing"
FOR1998,4402,Religion and Religious Traditions,FOR,5004,Religious studies,group,True,derived_empirical,0.8,"rolled up from 10 FOR1998 leaf-level mapping(s), 8 agreeing"
FOR1998,440201,Hindu Studies,FOR,500406,Studies in eastern religious traditions,field,True,explicit_official_transitive,0.269,FOR1998->220406 (2008)->500406 (2020)
FOR1998,440202,Buddhist Studies,FOR,500406,Studies in eastern religious traditions,field,True,explicit_official_transitive,0.255,FOR1998->220406 (2008)->500406 (2020)
FOR1998,440203,Jewish Studies,FOR,500404,Jewish studies,field,True,explicit_official_transitive,0.9,FOR1998->220404 (2008)->500404 (2020)
FOR1998,440204,Christian Theology (incl. Biblical Studies and Church History),FOR,500401,Christian studies,field,True,explicit_official_transitive,0.9,FOR1998->220401 (2008)->500401 (2020)
FOR1998,440205,Islamic Studies,FOR,500403,Islamic studies,field,True,explicit_official_transitive,0.9,FOR1998->220403 (2008)->500403 (2020)
FOR1998,440206,Studies in Other Religious Traditions,FOR,500407,"Studies in religious traditions (excl. Eastern, Jewish, Christian and Islamic traditions)",field,True,explicit_official_transitive,0.9,FOR1998->220407 (2008)->500407 (2020)
FOR1998,440207,Religion and Society,FOR,500405,"Religion, society and culture",field,True,explicit_official_transitive,0.9,FOR1998->220405 (2008)->500405 (2020)
FOR1998,440208,Psychology of Religion,FOR,520504,Psychology of religion,field,True,explicit_official_transitive,0.9,FOR1998->170111 (2008)->520504 (2020)
FOR1998,440209,Philosophy of Religion,FOR,500316,Philosophy of religion,field,True,explicit_official_transitive,0.9,FOR1998->220315 (2008)->500316 (2020)
FOR1998,440299,Religion and Religious Traditions not elsewhere classified,FOR,500406,Studies in eastern religious traditions,field,False,explicit_official_transitive,0.557,FOR1998->220406 (2008)->500406 (2020)
FOR1998,440299,Religion and Religious Traditions not elsewhere classified,FOR,500499,Religious studies not elsewhere classified,field,True,explicit_official_transitive,0.9,FOR1998->220499 (2008)->500499 (2020)
FOR1998,440299,Religion and Religious Traditions not elsewhere classified,FOR,500402,Comparative religious studies,field,False,explicit_official_transitive,0.391,FOR1998->220402 (2008)->500402 (2020)
FOR1998,4499,Other Philosophy and Religion,FOR,5099,Other philosophy and religious studies,group,True,derived_empirical,1.0,"rolled up from 1 FOR1998 leaf-level mapping(s), 1 agreeing"
FOR1998,449999,Other Philosophy and Religion,FOR,509999,Other philosophy and religious studies not elsewhere classified,field,True,explicit_official_transitive,0.535,FOR1998->229999 (2008)->509999 (2020)
FOR1998,449999,Other Philosophy and Religion,FOR,500205,History and philosophy of the humanities,field,False,explicit_official_transitive,0.493,FOR1998->220207 (2008)->500205 (2020)
FOR1998,449999,Other Philosophy and Religion,FOR,500206,History and philosophy of the social sciences,field,False,explicit_official_transitive,0.459,FOR1998->220208 (2008)->500206 (2020)
