source_system,source_code,source_label,system,canonical_code,canonical_label,canonical_level,is_primary,match_method,confidence,notes
FOR2008,01,MATHEMATICAL SCIENCES,FOR,49,MATHEMATICAL SCIENCES,division,True,derived_empirical,1.0,"rolled up from 40 FOR2008 leaf-level mapping(s), 40 agreeing"
FOR2008,0101,PURE MATHEMATICS,FOR,4904,Pure mathematics,group,True,derived_empirical,1.0,"rolled up from 13 FOR2008 leaf-level mapping(s), 13 agreeing"
FOR2008,010101,Algebra and Number Theory,FOR,490401,Algebra and number theory,field,True,explicit_official,1.0,
FOR2008,010102,Algebraic and Differential Geometry,FOR,490402,Algebraic and differential geometry,field,True,explicit_official,1.0,
FOR2008,010103,"Category Theory, K Theory, Homological Algebra",FOR,490403,"Category theory, k theory, homological algebra",field,True,explicit_official,1.0,
FOR2008,010104,Combinatorics and Discrete Mathematics (excl. Physical Combinatorics),FOR,490404,Combinatorics and discrete mathematics (excl. physical combinatorics),field,True,explicit_official,1.0,
FOR2008,010105,Group Theory and Generalisations,FOR,490405,Group theory and generalisations,field,True,explicit_official,1.0,
FOR2008,010106,"Lie Groups, Harmonic and Fourier Analysis",FOR,490406,"Lie groups, harmonic and Fourier analysis",field,True,explicit_official,1.0,
FOR2008,010107,"Mathematical Logic, Set Theory, Lattices and Universal Algebra",FOR,490407,"Mathematical logic, set theory, lattices and universal algebra",field,True,explicit_official,1.0,
FOR2008,010108,Operator Algebras and Functional Analysis,FOR,490408,Operator algebras and functional analysis,field,True,explicit_official,1.0,
FOR2008,010109,"Ordinary Differential Equations, Difference Equations and Dynamical Systems",FOR,490409,"Ordinary differential equations, difference equations and dynamical systems",field,True,explicit_official,1.0,
FOR2008,010110,Partial Differential Equations,FOR,490410,Partial differential equations,field,True,explicit_official,1.0,
FOR2008,010111,Real and Complex Functions (incl. Several Variables),FOR,490411,Real and complex functions (incl. several variables),field,True,explicit_official,1.0,
FOR2008,010112,Topology,FOR,490412,Topology,field,True,explicit_official,1.0,
FOR2008,010199,Pure Mathematics not elsewhere classified,FOR,490499,Pure mathematics not elsewhere classified,field,True,explicit_official,1.0,
FOR2008,0102,APPLIED MATHEMATICS,FOR,4901,Applied mathematics,group,True,derived_empirical,1.0,"rolled up from 8 FOR2008 leaf-level mapping(s), 8 agreeing"
FOR2008,010201,Approximation Theory and Asymptotic Methods,FOR,490101,Approximation theory and asymptotic methods,field,True,explicit_official,1.0,
FOR2008,010202,Biological Mathematics,FOR,490102,Biological mathematics,field,True,explicit_official,1.0,
FOR2008,010203,"Calculus of Variations, Systems Theory and Control Theory",FOR,490103,"Calculus of variations, mathematical aspects of systems theory and control theory",field,True,explicit_official,1.0,
FOR2008,010204,Dynamical Systems in Applications,FOR,490105,Dynamical systems in applications,field,True,explicit_official,1.0,
FOR2008,010205,Financial Mathematics,FOR,490106,Financial mathematics,field,True,explicit_official,1.0,
FOR2008,010206,Operations Research,FOR,490108,Operations research,field,True,explicit_official,1.0,
FOR2008,010207,Theoretical and Applied Mechanics,FOR,490109,Theoretical and applied mechanics,field,True,explicit_official,1.0,
FOR2008,010299,Applied Mathematics not elsewhere classified,FOR,490104,Complex systems,field,False,lexical,0.271,lexical tiebreak among 3 p-flagged candidates
FOR2008,010299,Applied Mathematics not elsewhere classified,FOR,490199,Applied mathematics not elsewhere classified,field,True,lexical,1.0,lexical tiebreak among 3 p-flagged candidates
FOR2008,010299,Applied Mathematics not elsewhere classified,FOR,490107,Mathematical methods and special functions,field,False,lexical,0.349,lexical tiebreak among 3 p-flagged candidates
FOR2008,0103,NUMERICAL AND COMPUTATIONAL MATHEMATICS,FOR,4903,Numerical and computational mathematics,group,True,derived_empirical,1.0,"rolled up from 4 FOR2008 leaf-level mapping(s), 4 agreeing"
FOR2008,010301,Numerical Analysis,FOR,490302,Numerical analysis,field,True,explicit_official,1.0,
FOR2008,010302,Numerical Solution of Differential and Integral Equations,FOR,490303,Numerical solution of differential and integral equations,field,True,explicit_official,1.0,
FOR2008,010303,Optimisation,FOR,490304,Optimisation,field,True,explicit_official,1.0,
FOR2008,010399,Numerical and Computational Mathematics not elsewhere classified,FOR,490301,Experimental mathematics,field,False,lexical,0.432,lexical tiebreak among 2 p-flagged candidates
FOR2008,010399,Numerical and Computational Mathematics not elsewhere classified,FOR,490399,Numerical and computational mathematics not elsewhere classified,field,True,lexical,1.0,lexical tiebreak among 2 p-flagged candidates
FOR2008,0104,STATISTICS,FOR,4905,Statistics,group,True,derived_empirical,1.0,"rolled up from 7 FOR2008 leaf-level mapping(s), 7 agreeing"
FOR2008,010401,Applied Statistics,FOR,490508,Statistical data science,field,False,lexical,0.476,lexical tiebreak among 6 p-flagged candidates
FOR2008,010401,Applied Statistics,FOR,490511,Time series and spatial modelling,field,False,lexical,0.353,lexical tiebreak among 6 p-flagged candidates
FOR2008,010401,Applied Statistics,FOR,490503,Computational statistics,field,False,lexical,0.619,lexical tiebreak among 6 p-flagged candidates
FOR2008,010401,Applied Statistics,FOR,490507,Spatial statistics,field,False,lexical,0.722,lexical tiebreak among 6 p-flagged candidates
FOR2008,010401,Applied Statistics,FOR,490501,Applied statistics,field,True,lexical,1.0,lexical tiebreak among 6 p-flagged candidates
FOR2008,010401,Applied Statistics,FOR,490505,Large and complex data theory,field,False,lexical,0.34,lexical tiebreak among 6 p-flagged candidates
FOR2008,010402,Biostatistics,FOR,490502,Biostatistics,field,True,explicit_official,1.0,
FOR2008,010403,Forensic Statistics,FOR,490504,"Forensic evaluation, inference and statistics",field,True,explicit_official,1.0,
FOR2008,010404,Probability Theory,FOR,490506,Probability theory,field,True,explicit_official,1.0,
FOR2008,010405,Statistical Theory,FOR,490509,Statistical theory,field,True,explicit_official,1.0,
FOR2008,010406,Stochastic Analysis and Modelling,FOR,490510,Stochastic analysis and modelling,field,True,explicit_official,1.0,
FOR2008,010499,Statistics not elsewhere classified,FOR,490599,Statistics not elsewhere classified,field,True,explicit_official,1.0,
FOR2008,0105,MATHEMATICAL PHYSICS,FOR,4902,Mathematical physics,group,True,derived_empirical,1.0,"rolled up from 7 FOR2008 leaf-level mapping(s), 7 agreeing"
FOR2008,010501,Algebraic Structures in Mathematical Physics,FOR,490201,Algebraic structures in mathematical physics,field,True,explicit_official,1.0,
FOR2008,010502,Integrable Systems (Classical and Quantum),FOR,490202,Integrable systems (classical and quantum),field,True,explicit_official,1.0,
FOR2008,010503,"Mathematical Aspects of Classical Mechanics, Quantum Mechanics and Quantum Information Theory",FOR,490203,"Mathematical aspects of classical mechanics, quantum mechanics and quantum information theory",field,True,explicit_official,1.0,
FOR2008,010504,Mathematical Aspects of General Relativity,FOR,490204,Mathematical aspects of general relativity,field,True,explicit_official,1.0,
FOR2008,010505,"Mathematical Aspects of Quantum and Conformal Field Theory, Quantum Gravity and String Theory",FOR,490205,"Mathematical aspects of quantum and conformal field theory, quantum gravity and string theory",field,True,explicit_official,1.0,
FOR2008,010506,"Statistical Mechanics, Physical Combinatorics and Mathematical Aspects of Condensed Matter",FOR,490206,"Statistical mechanics, physical combinatorics and mathematical aspects of condensed matter",field,True,explicit_official,1.0,
FOR2008,010599,Mathematical Physics not elsewhere classified,FOR,490299,Mathematical physics not elsewhere classified,field,True,explicit_official,1.0,
FOR2008,0199,OTHER MATHEMATICAL SCIENCES,FOR,4999,Other mathematical sciences,group,True,derived_empirical,1.0,"rolled up from 1 FOR2008 leaf-level mapping(s), 1 agreeing"
FOR2008,019999,Mathematical Sciences not elsewhere classified,FOR,499999,Other mathematical sciences not elsewhere classified,field,True,lexical,0.939,lexical tiebreak among 6 p-flagged candidates
FOR2008,019999,Mathematical Sciences not elsewhere classified,FOR,451905,Global Indigenous studies sciences,field,False,lexical,0.275,lexical tiebreak among 6 p-flagged candidates
FOR2008,019999,Mathematical Sciences not elsewhere classified,FOR,450609,"Aboriginal and Torres Strait Islander mathematical, physical and chemical sciences (excl. astronomy and cosmology)",field,False,lexical,0.35,lexical tiebreak among 6 p-flagged candidates
FOR2008,019999,Mathematical Sciences not elsewhere classified,FOR,451709,"Pacific Peoples mathematical, physical and chemical sciences (excl. astronomy and cosmology)",field,False,lexical,0.406,lexical tiebreak among 6 p-flagged candidates
FOR2008,019999,Mathematical Sciences not elsewhere classified,FOR,451999,"Other Indigenous data, methodologies and global Indigenous studies not elsewhere classified",field,False,lexical,0.569,lexical tiebreak among 6 p-flagged candidates
FOR2008,019999,Mathematical Sciences not elsewhere classified,FOR,451210,"Ngā pūtaiao pāngarau, ōkiko, matū hoki - hāunga te mātai arorangi me te mātai tuarangi o te Māori (Māori mathematical, physical and chemical sciences - excl. astronomy and cosmology)",field,False,lexical,0.246,lexical tiebreak among 6 p-flagged candidates
FOR2008,02,PHYSICAL SCIENCES,FOR,40,ENGINEERING,division,False,derived_empirical,0.023,"rolled up from 43 FOR2008 leaf-level mapping(s), 1 agreeing"
FOR2008,02,PHYSICAL SCIENCES,FOR,51,PHYSICAL SCIENCES,division,True,derived_empirical,0.977,"rolled up from 43 FOR2008 leaf-level mapping(s), 42 agreeing"
FOR2008,0201,ASTRONOMICAL AND SPACE SCIENCES,FOR,5109,Space sciences,group,False,derived_empirical,0.182,"rolled up from 11 FOR2008 leaf-level mapping(s), 2 agreeing"
FOR2008,0201,ASTRONOMICAL AND SPACE SCIENCES,FOR,5101,Astronomical sciences,group,True,derived_empirical,0.818,"rolled up from 11 FOR2008 leaf-level mapping(s), 9 agreeing"
FOR2008,020101,Astrobiology,FOR,510101,Astrobiology,field,True,explicit_official,1.0,
FOR2008,020102,Astronomical and Space Instrumentation,FOR,510906,Space instrumentation,field,False,lexical,0.712,lexical tiebreak among 2 p-flagged candidates
FOR2008,020102,Astronomical and Space Instrumentation,FOR,510102,Astronomical instrumentation,field,True,lexical,0.848,lexical tiebreak among 2 p-flagged candidates
FOR2008,020103,Cosmology and Extragalactic Astronomy,FOR,510103,Cosmology and extragalactic astronomy,field,True,explicit_official,1.0,
FOR2008,020104,Galactic Astronomy,FOR,510104,Galactic astronomy,field,True,explicit_official,1.0,
FOR2008,020105,General Relativity and Gravitational Waves,FOR,510105,General relativity and gravitational waves,field,True,explicit_official,1.0,
FOR2008,020106,High Energy Astrophysics; Cosmic Rays,FOR,510106,High energy astrophysics and galactic cosmic rays,field,True,lexical,0.837,lexical tiebreak among 2 p-flagged candidates
FOR2008,020106,High Energy Astrophysics; Cosmic Rays,FOR,510904,Solar system energetic particles,field,False,lexical,0.348,lexical tiebreak among 2 p-flagged candidates
FOR2008,020107,"Mesospheric, Ionospheric and Magnetospheric Physics",FOR,510903,"Mesospheric, thermospheric, ionospheric and magnetospheric physics",field,True,explicit_official,1.0,
FOR2008,020108,Planetary Science (excl. Extraterrestrial Geology),FOR,510905,Solar system planetary science (excl. planetary geology),field,True,lexical,0.698,lexical tiebreak among 2 p-flagged candidates
FOR2008,020108,Planetary Science (excl. Extraterrestrial Geology),FOR,510107,Planetary science (excl. solar system and planetary geology),field,False,lexical,0.691,lexical tiebreak among 2 p-flagged candidates
FOR2008,020109,Space and Solar Physics,FOR,510902,Heliophysics and space weather,field,False,lexical,0.34,lexical tiebreak among 2 p-flagged candidates
FOR2008,020109,Space and Solar Physics,FOR,510108,Solar physics,field,True,lexical,0.722,lexical tiebreak among 2 p-flagged candidates
FOR2008,020110,Stellar Astronomy and Planetary Systems,FOR,510109,Stellar astronomy and planetary systems,field,True,explicit_official,1.0,
FOR2008,020199,Astronomical and Space Sciences not elsewhere classified,FOR,510199,Astronomical sciences not elsewhere classified,field,True,lexical,0.902,lexical tiebreak among 6 p-flagged candidates
FOR2008,020199,Astronomical and Space Sciences not elsewhere classified,FOR,510999,Space sciences not elsewhere classified,field,False,lexical,0.821,lexical tiebreak among 6 p-flagged candidates
FOR2008,020199,Astronomical and Space Sciences not elsewhere classified,FOR,451201,Te mātai arorangi me te mātai tuarangi o te Māori (Māori astronomy and cosmology),field,False,lexical,0.234,lexical tiebreak among 6 p-flagged candidates
FOR2008,020199,Astronomical and Space Sciences not elsewhere classified,FOR,451701,Pacific Peoples astronomy and cosmology,field,False,lexical,0.337,lexical tiebreak among 6 p-flagged candidates
FOR2008,020199,Astronomical and Space Sciences not elsewhere classified,FOR,450601,Aboriginal and Torres Strait Islander astronomy and cosmology,field,False,lexical,0.274,lexical tiebreak among 6 p-flagged candidates
FOR2008,020199,Astronomical and Space Sciences not elsewhere classified,FOR,510901,Astrodynamics and space situational awareness,field,False,lexical,0.535,lexical tiebreak among 6 p-flagged candidates
FOR2008,0202,"ATOMIC, MOLECULAR, NUCLEAR, PARTICLE AND PLASMA PHYSICS",FOR,5106,Nuclear and plasma physics,group,True,derived_empirical,0.6,"rolled up from 5 FOR2008 leaf-level mapping(s), 3 agreeing"
FOR2008,0202,"ATOMIC, MOLECULAR, NUCLEAR, PARTICLE AND PLASMA PHYSICS",FOR,5102,"Atomic, molecular and optical physics",group,False,derived_empirical,0.2,"rolled up from 5 FOR2008 leaf-level mapping(s), 1 agreeing"
FOR2008,0202,"ATOMIC, MOLECULAR, NUCLEAR, PARTICLE AND PLASMA PHYSICS",FOR,5107,Particle and high energy physics,group,False,derived_empirical,0.2,"rolled up from 5 FOR2008 leaf-level mapping(s), 1 agreeing"
FOR2008,020201,Atomic and Molecular Physics,FOR,510201,Atomic and molecular physics,field,True,explicit_official,1.0,
FOR2008,020202,Nuclear Physics,FOR,510601,Nuclear physics,field,True,explicit_official,1.0,
FOR2008,020203,Particle Physics,FOR,510703,Particle physics,field,True,explicit_official,1.0,
FOR2008,020204,Plasma Physics; Fusion Plasmas; Electrical Discharges,FOR,510602,Plasma physics; fusion plasmas; electrical discharges,field,True,explicit_official,1.0,
FOR2008,020299,"Atomic, Molecular, Nuclear, Particle and Plasma Physics not elsewhere classified",FOR,510799,Particle and high energy physics not elsewhere classified,field,False,lexical,0.672,lexical tiebreak among 3 p-flagged candidates
FOR2008,020299,"Atomic, Molecular, Nuclear, Particle and Plasma Physics not elsewhere classified",FOR,510701,Astroparticle physics and particle cosmology,field,False,lexical,0.355,lexical tiebreak among 3 p-flagged candidates
FOR2008,020299,"Atomic, Molecular, Nuclear, Particle and Plasma Physics not elsewhere classified",FOR,510699,Nuclear and plasma physics not elsewhere classified,field,True,lexical,0.779,lexical tiebreak among 3 p-flagged candidates
FOR2008,0203,CLASSICAL PHYSICS,FOR,4012,Fluid mechanics and thermal engineering,group,False,derived_empirical,0.2,"rolled up from 5 FOR2008 leaf-level mapping(s), 1 agreeing"
FOR2008,0203,CLASSICAL PHYSICS,FOR,5103,Classical physics,group,True,derived_empirical,0.8,"rolled up from 5 FOR2008 leaf-level mapping(s), 4 agreeing"
FOR2008,020301,Acoustics and Acoustical Devices; Waves,FOR,510301,Acoustics and acoustical devices; waves,field,True,explicit_official,1.0,
FOR2008,020302,Electrostatics and Electrodynamics,FOR,510303,Electrostatics and electrodynamics,field,True,explicit_official,1.0,
FOR2008,020303,Fluid Physics,FOR,401210,Microfluidics and nanofluidics,field,True,lexical,0.372,lexical tiebreak among 3 p-flagged candidates
FOR2008,020303,Fluid Physics,FOR,401207,Fundamental and theoretical fluid dynamics,field,False,lexical,0.364,lexical tiebreak among 3 p-flagged candidates
FOR2008,020303,Fluid Physics,FOR,401211,Multiphysics flows (incl. multiphase and reacting flows),field,False,lexical,0.261,lexical tiebreak among 3 p-flagged candidates
FOR2008,020304,Thermodynamics and Statistical Physics,FOR,510304,Thermodynamics and statistical physics,field,True,explicit_official,1.0,
FOR2008,020399,Classical Physics not elsewhere classified,FOR,510399,Classical physics not elsewhere classified,field,True,explicit_official,1.0,
FOR2008,0204,CONDENSED MATTER PHYSICS,FOR,5104,Condensed matter physics,group,True,derived_empirical,1.0,"rolled up from 7 FOR2008 leaf-level mapping(s), 7 agreeing"
FOR2008,020401,Condensed Matter Characterisation Technique Development,FOR,510401,Condensed matter characterisation technique development,field,True,explicit_official,1.0,
FOR2008,020402,Condensed Matter Imaging,FOR,510402,Condensed matter imaging,field,True,explicit_official,1.0,
FOR2008,020403,Condensed Matter Modelling and Density Functional Theory,FOR,510403,Condensed matter modelling and density functional theory,field,True,explicit_official,1.0,
FOR2008,020404,Electronic and Magnetic Properties of Condensed Matter; Superconductivity,FOR,510404,Electronic and magnetic properties of condensed matter; superconductivity,field,True,explicit_official,1.0,
FOR2008,020405,Soft Condensed Matter,FOR,510405,Soft condensed matter,field,True,explicit_official,1.0,
FOR2008,020406,Surfaces and Structural Properties of Condensed Matter,FOR,510407,Surface properties of condensed matter,field,False,lexical,0.826,lexical tiebreak among 3 p-flagged candidates
FOR2008,020406,Surfaces and Structural Properties of Condensed Matter,FOR,510406,Structural properties of condensed matter,field,True,lexical,0.863,lexical tiebreak among 3 p-flagged candidates
FOR2008,020406,Surfaces and Structural Properties of Condensed Matter,FOR,340307,Structure and dynamics of materials,field,False,lexical,0.472,lexical tiebreak among 3 p-flagged candidates
FOR2008,020499,Condensed Matter Physics not elsewhere classified,FOR,510499,Condensed matter physics not elsewhere classified,field,True,explicit_official,1.0,
FOR2008,0205,OPTICAL PHYSICS,FOR,5103,Classical physics,group,False,derived_empirical,0.2,"rolled up from 5 FOR2008 leaf-level mapping(s), 1 agreeing"
FOR2008,0205,OPTICAL PHYSICS,FOR,5102,"Atomic, molecular and optical physics",group,True,derived_empirical,0.8,"rolled up from 5 FOR2008 leaf-level mapping(s), 4 agreeing"
FOR2008,020501,Classical and Physical Optics,FOR,510302,Classical and physical optics,field,True,explicit_official,1.0,
FOR2008,020502,Lasers and Quantum Electronics,FOR,510202,Lasers and quantum electronics,field,True,explicit_official,1.0,
FOR2008,020503,Nonlinear Optics and Spectroscopy,FOR,510203,Nonlinear optics and spectroscopy,field,True,explicit_official,1.0,
FOR2008,020504,"Photonics, Optoelectronics and Optical Communications",FOR,510204,"Photonics, optoelectronics and optical communications",field,True,explicit_official,1.0,
FOR2008,020599,Optical Physics not elsewhere classified,FOR,510299,"Atomic, molecular and optical physics not elsewhere classified",field,True,lexical,0.784,lexical tiebreak among 2 p-flagged candidates
FOR2008,020599,Optical Physics not elsewhere classified,FOR,510205,Terahertz physics,field,False,lexical,0.351,lexical tiebreak among 2 p-flagged candidates
FOR2008,0206,QUANTUM PHYSICS,FOR,5108,Quantum physics,group,True,derived_empirical,0.8,"rolled up from 5 FOR2008 leaf-level mapping(s), 4 agreeing"
FOR2008,0206,QUANTUM PHYSICS,FOR,5107,Particle and high energy physics,group,False,derived_empirical,0.2,"rolled up from 5 FOR2008 leaf-level mapping(s), 1 agreeing"
FOR2008,020601,Degenerate Quantum Gases and Atom Optics,FOR,510801,Degenerate quantum gases and atom optics,field,True,explicit_official,1.0,
FOR2008,020602,Field Theory and String Theory,FOR,510702,Field theory and string theory,field,True,explicit_official,1.0,
FOR2008,020603,"Quantum Information, Computation and Communication",FOR,400912,Quantum engineering systems (incl. computing and communications),field,False,lexical,0.719,lexical tiebreak among 2 p-flagged candidates
FOR2008,020603,"Quantum Information, Computation and Communication",FOR,510803,"Quantum information, computation and communication",field,True,lexical,1.0,lexical tiebreak among 2 p-flagged candidates
FOR2008,020604,Quantum Optics,FOR,510804,Quantum optics and quantum optomechanics,field,True,explicit_official,1.0,
FOR2008,020699,Quantum Physics not elsewhere classified,FOR,510899,Quantum physics not elsewhere classified,field,True,lexical,1.0,lexical tiebreak among 3 p-flagged candidates
FOR2008,020699,Quantum Physics not elsewhere classified,FOR,510802,Foundations of quantum mechanics,field,False,lexical,0.333,lexical tiebreak among 3 p-flagged candidates
FOR2008,020699,Quantum Physics not elsewhere classified,FOR,510805,Quantum technologies,field,False,lexical,0.467,lexical tiebreak among 3 p-flagged candidates
FOR2008,0299,OTHER PHYSICAL SCIENCES,FOR,5105,Medical and biological physics,group,True,derived_empirical,0.4,"rolled up from 5 FOR2008 leaf-level mapping(s), 2 agreeing"
FOR2008,0299,OTHER PHYSICAL SCIENCES,FOR,5110,Synchrotrons and accelerators,group,False,derived_empirical,0.2,"rolled up from 5 FOR2008 leaf-level mapping(s), 1 agreeing"
FOR2008,0299,OTHER PHYSICAL SCIENCES,FOR,5199,Other physical sciences,group,False,derived_empirical,0.4,"rolled up from 5 FOR2008 leaf-level mapping(s), 2 agreeing"
FOR2008,029901,Biological Physics,FOR,510501,Biological physics,field,True,explicit_official,1.0,
FOR2008,029902,Complex Physical Systems,FOR,519901,Complex physical systems,field,True,explicit_official,1.0,
FOR2008,029903,Medical Physics,FOR,510502,Medical physics,field,True,explicit_official,1.0,
FOR2008,029904,Synchrotrons; Accelerators; Instruments and Techniques,FOR,511003,Synchrotrons,field,False,lexical,0.364,lexical tiebreak among 3 p-flagged candidates
FOR2008,029904,Synchrotrons; Accelerators; Instruments and Techniques,FOR,511002,Instruments and techniques,field,True,lexical,0.65,lexical tiebreak among 3 p-flagged candidates
FOR2008,029904,Synchrotrons; Accelerators; Instruments and Techniques,FOR,511001,Accelerators,field,False,lexical,0.364,lexical tiebreak among 3 p-flagged candidates
FOR2008,029999,Physical Sciences not elsewhere classified,FOR,451905,Global Indigenous studies sciences,field,False,lexical,0.289,lexical tiebreak among 7 p-flagged candidates
FOR2008,029999,Physical Sciences not elsewhere classified,FOR,451210,"Ngā pūtaiao pāngarau, ōkiko, matū hoki - hāunga te mātai arorangi me te mātai tuarangi o te Māori (Māori mathematical, physical and chemical sciences - excl. astronomy and cosmology)",field,False,lexical,0.214,lexical tiebreak among 7 p-flagged candidates
FOR2008,029999,Physical Sciences not elsewhere classified,FOR,450609,"Aboriginal and Torres Strait Islander mathematical, physical and chemical sciences (excl. astronomy and cosmology)",field,False,lexical,0.308,lexical tiebreak among 7 p-flagged candidates
FOR2008,029999,Physical Sciences not elsewhere classified,FOR,451709,"Pacific Peoples mathematical, physical and chemical sciences (excl. astronomy and cosmology)",field,False,lexical,0.358,lexical tiebreak among 7 p-flagged candidates
FOR2008,029999,Physical Sciences not elsewhere classified,FOR,510599,Medical and biological physics not elsewhere classified,field,False,lexical,0.66,lexical tiebreak among 7 p-flagged candidates
FOR2008,029999,Physical Sciences not elsewhere classified,FOR,519999,Other physical sciences not elsewhere classified,field,True,lexical,0.933,lexical tiebreak among 7 p-flagged candidates
FOR2008,029999,Physical Sciences not elsewhere classified,FOR,511099,Synchrotrons and accelerators not elsewhere classified,field,False,lexical,0.625,lexical tiebreak among 7 p-flagged candidates
FOR2008,03,CHEMICAL SCIENCES,FOR,34,CHEMICAL SCIENCES,division,True,derived_empirical,0.982,"rolled up from 56 FOR2008 leaf-level mapping(s), 55 agreeing"
FOR2008,03,CHEMICAL SCIENCES,FOR,37,EARTH SCIENCES,division,False,derived_empirical,0.018,"rolled up from 56 FOR2008 leaf-level mapping(s), 1 agreeing"
FOR2008,0301,ANALYTICAL CHEMISTRY,FOR,3401,Analytical chemistry,group,True,derived_empirical,1.0,"rolled up from 9 FOR2008 leaf-level mapping(s), 9 agreeing"
FOR2008,030101,Analytical Spectrometry,FOR,340101,Analytical spectrometry,field,True,explicit_official,1.0,
FOR2008,030102,Electroanalytical Chemistry,FOR,340103,Electroanalytical chemistry,field,True,explicit_official,1.0,
FOR2008,030103,Flow Analysis,FOR,340104,Flow analysis,field,True,explicit_official,1.0,
FOR2008,030104,Immunological and Bioassay Methods,FOR,340102,Bioassays,field,True,explicit_official,1.0,
FOR2008,030105,Instrumental Methods (excl. Immunological and Bioassay Methods),FOR,340105,Instrumental methods (excl. immunological and bioassay methods),field,True,explicit_official,1.0,
FOR2008,030106,"Quality Assurance, Chemometrics, Traceability and Metrological Chemistry",FOR,340107,"Quality assurance, chemometrics, traceability and metrological chemistry",field,True,explicit_official,1.0,
FOR2008,030107,Sensor Technology (Chemical aspects),FOR,340108,Sensor technology (incl. chemical aspects),field,True,explicit_official,1.0,
FOR2008,030108,Separation Science,FOR,340106,Metabolomic chemistry,field,False,lexical,0.103,lexical tiebreak among 2 p-flagged candidates
FOR2008,030108,Separation Science,FOR,340109,Separation science,field,True,lexical,1.0,lexical tiebreak among 2 p-flagged candidates
FOR2008,030199,Analytical Chemistry not elsewhere classified,FOR,340199,Analytical chemistry not elsewhere classified,field,True,explicit_official,1.0,
FOR2008,0302,INORGANIC CHEMISTRY,FOR,3402,Inorganic chemistry,group,True,derived_empirical,1.0,"rolled up from 8 FOR2008 leaf-level mapping(s), 8 agreeing"
FOR2008,030201,Bioinorganic Chemistry,FOR,340201,Bioinorganic chemistry,field,True,explicit_official,1.0,
FOR2008,030202,f-Block Chemistry,FOR,340203,F-block chemistry,field,True,explicit_official,1.0,
FOR2008,030203,Inorganic Green Chemistry,FOR,340204,Inorganic green chemistry,field,True,explicit_official,1.0,
FOR2008,030204,Main Group Metal Chemistry,FOR,340205,Main group metal chemistry,field,True,explicit_official,1.0,
FOR2008,030205,Non-metal Chemistry,FOR,340208,Non-metal chemistry,field,True,explicit_official,1.0,
FOR2008,030206,Solid State Chemistry,FOR,340301,Inorganic materials (incl. nanomaterials),field,False,lexical,0.355,lexical tiebreak among 3 p-flagged candidates
FOR2008,030206,Solid State Chemistry,FOR,340307,Structure and dynamics of materials,field,False,lexical,0.321,lexical tiebreak among 3 p-flagged candidates
FOR2008,030206,Solid State Chemistry,FOR,340210,Solid state chemistry,field,True,lexical,1.0,lexical tiebreak among 3 p-flagged candidates
FOR2008,030207,Transition Metal Chemistry,FOR,340211,Transition metal chemistry,field,True,lexical,1.0,lexical tiebreak among 4 p-flagged candidates
FOR2008,030207,Transition Metal Chemistry,FOR,340206,Metal cluster chemistry,field,False,lexical,0.612,lexical tiebreak among 4 p-flagged candidates
FOR2008,030207,Transition Metal Chemistry,FOR,340301,Inorganic materials (incl. nanomaterials),field,False,lexical,0.418,lexical tiebreak among 4 p-flagged candidates
FOR2008,030207,Transition Metal Chemistry,FOR,340207,Metal organic frameworks,field,False,lexical,0.36,lexical tiebreak among 4 p-flagged candidates
FOR2008,030299,Inorganic Chemistry not elsewhere classified,FOR,340299,Inorganic chemistry not elsewhere classified,field,True,explicit_official,1.0,
FOR2008,0303,MACROMOLECULAR AND MATERIALS CHEMISTRY,FOR,3403,Macromolecular and materials chemistry,group,True,derived_empirical,1.0,"rolled up from 8 FOR2008 leaf-level mapping(s), 8 agreeing"
FOR2008,030301,Chemical Characterisation of Materials,FOR,340302,Macromolecular materials,field,False,lexical,0.516,lexical tiebreak among 3 p-flagged candidates
FOR2008,030301,Chemical Characterisation of Materials,FOR,340301,Inorganic materials (incl. nanomaterials),field,False,lexical,0.304,lexical tiebreak among 3 p-flagged candidates
FOR2008,030301,Chemical Characterisation of Materials,FOR,340307,Structure and dynamics of materials,field,True,lexical,0.521,lexical tiebreak among 3 p-flagged candidates
FOR2008,030302,Nanochemistry and Supramolecular Chemistry,FOR,340303,Nanochemistry,field,False,lexical,0.473,lexical tiebreak among 4 p-flagged candidates
FOR2008,030302,Nanochemistry and Supramolecular Chemistry,FOR,340301,Inorganic materials (incl. nanomaterials),field,False,lexical,0.169,lexical tiebreak among 4 p-flagged candidates
FOR2008,030302,Nanochemistry and Supramolecular Chemistry,FOR,340308,Supramolecular chemistry,field,True,lexical,0.727,lexical tiebreak among 4 p-flagged candidates
FOR2008,030302,Nanochemistry and Supramolecular Chemistry,FOR,340207,Metal organic frameworks,field,False,lexical,0.303,lexical tiebreak among 4 p-flagged candidates
FOR2008,030303,Optical Properties of Materials,FOR,340304,Optical properties of materials,field,True,explicit_official,1.0,
FOR2008,030304,Physical Chemistry of Materials,FOR,340305,Physical properties of materials,field,True,lexical,0.794,lexical tiebreak among 2 p-flagged candidates
FOR2008,030304,Physical Chemistry of Materials,FOR,340302,Macromolecular materials,field,False,lexical,0.473,lexical tiebreak among 2 p-flagged candidates
FOR2008,030305,Polymerisation Mechanisms,FOR,340306,Polymerisation mechanisms,field,True,explicit_official,1.0,
FOR2008,030306,Synthesis of Materials,FOR,340207,Metal organic frameworks,field,False,lexical,0.348,lexical tiebreak among 4 p-flagged candidates
FOR2008,030306,Synthesis of Materials,FOR,340301,Inorganic materials (incl. nanomaterials),field,False,lexical,0.381,lexical tiebreak among 4 p-flagged candidates
FOR2008,030306,Synthesis of Materials,FOR,340302,Macromolecular materials,field,True,lexical,0.478,lexical tiebreak among 4 p-flagged candidates
FOR2008,030306,Synthesis of Materials,FOR,340303,Nanochemistry,field,False,lexical,0.4,lexical tiebreak among 4 p-flagged candidates
FOR2008,030307,Theory and Design of Materials,FOR,340309,Theory and design of materials,field,True,lexical,1.0,lexical tiebreak among 2 p-flagged candidates
FOR2008,030307,Theory and Design of Materials,FOR,340307,Structure and dynamics of materials,field,False,lexical,0.677,lexical tiebreak among 2 p-flagged candidates
FOR2008,030399,Macromolecular and Materials Chemistry not elsewhere classified,FOR,340399,Macromolecular and materials chemistry not elsewhere classified,field,True,lexical,1.0,lexical tiebreak among 2 p-flagged candidates
FOR2008,030399,Macromolecular and Materials Chemistry not elsewhere classified,FOR,340302,Macromolecular materials,field,False,lexical,0.552,lexical tiebreak among 2 p-flagged candidates
FOR2008,0304,MEDICINAL AND BIOMOLECULAR CHEMISTRY,FOR,3404,Medicinal and biomolecular chemistry,group,True,derived_empirical,1.0,"rolled up from 7 FOR2008 leaf-level mapping(s), 7 agreeing"
FOR2008,030401,Biologically Active Molecules,FOR,340106,Metabolomic chemistry,field,False,lexical,0.28,lexical tiebreak among 2 p-flagged candidates
FOR2008,030401,Biologically Active Molecules,FOR,340401,Biologically active molecules,field,True,lexical,1.0,lexical tiebreak among 2 p-flagged candidates
FOR2008,030402,Biomolecular Modelling and Design,FOR,340402,Biomolecular modelling and design,field,True,explicit_official,1.0,
FOR2008,030403,Characterisation of Biological Macromolecules,FOR,340403,Characterisation of biological macromolecules,field,True,explicit_official,1.0,
FOR2008,030404,Cheminformatics and Quantitative Structure-Activity Relationships,FOR,340404,Cheminformatics and quantitative structure-activity relationships,field,True,explicit_official,1.0,
FOR2008,030405,Molecular Medicine,FOR,340406,Molecular medicine,field,True,explicit_official,1.0,
FOR2008,030406,Proteins and Peptides,FOR,340407,Proteins and peptides,field,True,explicit_official,1.0,
FOR2008,030499,Medicinal and Biomolecular Chemistry not elsewhere classified,FOR,340405,Glycoconjugates,field,False,lexical,0.053,lexical tiebreak among 3 p-flagged candidates
FOR2008,030499,Medicinal and Biomolecular Chemistry not elsewhere classified,FOR,340499,Medicinal and biomolecular chemistry not elsewhere classified,field,True,lexical,1.0,lexical tiebreak among 3 p-flagged candidates
FOR2008,030499,Medicinal and Biomolecular Chemistry not elsewhere classified,FOR,340106,Metabolomic chemistry,field,False,lexical,0.341,lexical tiebreak among 3 p-flagged candidates
FOR2008,0305,ORGANIC CHEMISTRY,FOR,3405,Organic chemistry,group,True,derived_empirical,1.0,"rolled up from 6 FOR2008 leaf-level mapping(s), 6 agreeing"
FOR2008,030501,Free Radical Chemistry,FOR,340501,Free radical chemistry,field,True,explicit_official,1.0,
FOR2008,030502,Natural Products Chemistry,FOR,340502,Natural products and bioactive compounds,field,True,explicit_official,1.0,
FOR2008,030503,Organic Chemical Synthesis,FOR,340503,Organic chemical synthesis,field,True,explicit_official,1.0,
FOR2008,030504,Organic Green Chemistry,FOR,340504,Organic green chemistry,field,True,explicit_official,1.0,
FOR2008,030505,Physical Organic Chemistry,FOR,340505,Physical organic chemistry,field,True,explicit_official,1.0,
FOR2008,030599,Organic Chemistry not elsewhere classified,FOR,340599,Organic chemistry not elsewhere classified,field,True,explicit_official,1.0,
FOR2008,0306,PHYSICAL CHEMISTRY (INCL. STRUCTURAL),FOR,3406,Physical chemistry,group,True,derived_empirical,0.875,"rolled up from 8 FOR2008 leaf-level mapping(s), 7 agreeing"
FOR2008,0306,PHYSICAL CHEMISTRY (INCL. STRUCTURAL),FOR,3403,Macromolecular and materials chemistry,group,False,derived_empirical,0.125,"rolled up from 8 FOR2008 leaf-level mapping(s), 1 agreeing"
FOR2008,030601,Catalysis and Mechanisms of Reactions,FOR,340601,Catalysis and mechanisms of reactions,field,True,explicit_official,1.0,
FOR2008,030602,Chemical Thermodynamics and Energetics,FOR,340602,Chemical thermodynamics and energetics,field,True,explicit_official,1.0,
FOR2008,030603,Colloid and Surface Chemistry,FOR,340603,Colloid and surface chemistry,field,True,explicit_official,1.0,
FOR2008,030604,Electrochemistry,FOR,340604,Electrochemistry,field,True,explicit_official,1.0,
FOR2008,030605,Solution Chemistry,FOR,340608,Solution chemistry,field,True,explicit_official,1.0,
FOR2008,030606,Structural Chemistry and Spectroscopy,FOR,340302,Macromolecular materials,field,False,lexical,0.164,lexical tiebreak among 4 p-flagged candidates
FOR2008,030606,Structural Chemistry and Spectroscopy,FOR,340202,Crystallography,field,False,lexical,0.231,lexical tiebreak among 4 p-flagged candidates
FOR2008,030606,Structural Chemistry and Spectroscopy,FOR,340605,Molecular imaging (incl. electron microscopy and neutron diffraction),field,False,lexical,0.283,lexical tiebreak among 4 p-flagged candidates
FOR2008,030606,Structural Chemistry and Spectroscopy,FOR,340307,Structure and dynamics of materials,field,True,lexical,0.5,lexical tiebreak among 4 p-flagged candidates
FOR2008,030607,Transport Properties and Non-Equilibrium Processes,FOR,340609,Transport properties and non-equilibrium processes,field,True,explicit_official,1.0,
FOR2008,030699,Physical Chemistry not elsewhere classified,FOR,340699,Physical chemistry not elsewhere classified,field,True,lexical,1.0,lexical tiebreak among 2 p-flagged candidates
FOR2008,030699,Physical Chemistry not elsewhere classified,FOR,340606,Photochemistry,field,False,lexical,0.386,lexical tiebreak among 2 p-flagged candidates
FOR2008,0307,THEORETICAL AND COMPUTATIONAL CHEMISTRY,FOR,3406,Physical chemistry,group,False,derived_empirical,0.2,"rolled up from 5 FOR2008 leaf-level mapping(s), 1 agreeing"
FOR2008,0307,THEORETICAL AND COMPUTATIONAL CHEMISTRY,FOR,3407,Theoretical and computational chemistry,group,True,derived_empirical,0.8,"rolled up from 5 FOR2008 leaf-level mapping(s), 4 agreeing"
FOR2008,030701,Quantum Chemistry,FOR,340701,Computational chemistry,field,False,lexical,0.65,lexical tiebreak among 2 p-flagged candidates
FOR2008,030701,Quantum Chemistry,FOR,340704,Theoretical quantum chemistry,field,True,lexical,0.739,lexical tiebreak among 2 p-flagged candidates
FOR2008,030702,Radiation and Matter,FOR,340702,Radiation and matter,field,True,explicit_official,1.0,
FOR2008,030703,Reaction Kinetics and Dynamics,FOR,340607,Reaction kinetics and dynamics,field,True,explicit_official,1.0,
FOR2008,030704,Statistical Mechanics in Chemistry,FOR,340703,Statistical mechanics in chemistry,field,True,explicit_official,1.0,
FOR2008,030799,Theoretical and Computational Chemistry not elsewhere classified,FOR,340799,Theoretical and computational chemistry not elsewhere classified,field,True,lexical,1.0,lexical tiebreak among 2 p-flagged candidates
FOR2008,030799,Theoretical and Computational Chemistry not elsewhere classified,FOR,340701,Computational chemistry,field,False,lexical,0.529,lexical tiebreak among 2 p-flagged candidates
FOR2008,0399,OTHER CHEMICAL SCIENCES,FOR,3499,Other chemical sciences,group,True,derived_empirical,0.6,"rolled up from 5 FOR2008 leaf-level mapping(s), 3 agreeing"
FOR2008,0399,OTHER CHEMICAL SCIENCES,FOR,3701,Atmospheric sciences,group,False,derived_empirical,0.2,"rolled up from 5 FOR2008 leaf-level mapping(s), 1 agreeing"
FOR2008,0399,OTHER CHEMICAL SCIENCES,FOR,3402,Inorganic chemistry,group,False,derived_empirical,0.2,"rolled up from 5 FOR2008 leaf-level mapping(s), 1 agreeing"
FOR2008,039901,Environmental Chemistry (incl. Atmospheric Chemistry),FOR,370104,"Atmospheric composition, chemistry and processes",field,True,explicit_official,1.0,
FOR2008,039902,Forensic Chemistry,FOR,349901,Forensic chemistry,field,True,explicit_official,1.0,
FOR2008,039903,Industrial Chemistry,FOR,349999,Other chemical sciences not elsewhere classified,field,True,explicit_official,0.324,partial (p-flagged) single correspondence
FOR2008,039904,Organometallic Chemistry,FOR,340209,Organometallic chemistry,field,True,lexical,1.0,lexical tiebreak among 2 p-flagged candidates
FOR2008,039904,Organometallic Chemistry,FOR,340206,Metal cluster chemistry,field,False,lexical,0.681,lexical tiebreak among 2 p-flagged candidates
FOR2008,039999,Chemical Sciences not elsewhere classified,FOR,451905,Global Indigenous studies sciences,field,False,lexical,0.289,lexical tiebreak among 5 p-flagged candidates
FOR2008,039999,Chemical Sciences not elsewhere classified,FOR,450609,"Aboriginal and Torres Strait Islander mathematical, physical and chemical sciences (excl. astronomy and cosmology)",field,False,lexical,0.308,lexical tiebreak among 5 p-flagged candidates
FOR2008,039999,Chemical Sciences not elsewhere classified,FOR,451709,"Pacific Peoples mathematical, physical and chemical sciences (excl. astronomy and cosmology)",field,False,lexical,0.358,lexical tiebreak among 5 p-flagged candidates
FOR2008,039999,Chemical Sciences not elsewhere classified,FOR,349999,Other chemical sciences not elsewhere classified,field,True,lexical,0.933,lexical tiebreak among 5 p-flagged candidates
FOR2008,039999,Chemical Sciences not elsewhere classified,FOR,451210,"Ngā pūtaiao pāngarau, ōkiko, matū hoki - hāunga te mātai arorangi me te mātai tuarangi o te Māori (Māori mathematical, physical and chemical sciences - excl. astronomy and cosmology)",field,False,lexical,0.214,lexical tiebreak among 5 p-flagged candidates
FOR2008,04,EARTH SCIENCES,FOR,40,ENGINEERING,division,False,derived_empirical,0.02,"rolled up from 51 FOR2008 leaf-level mapping(s), 1 agreeing"
FOR2008,04,EARTH SCIENCES,FOR,37,EARTH SCIENCES,division,True,derived_empirical,0.98,"rolled up from 51 FOR2008 leaf-level mapping(s), 50 agreeing"
FOR2008,0401,ATMOSPHERIC SCIENCES,FOR,3701,Atmospheric sciences,group,True,derived_empirical,0.778,"rolled up from 9 FOR2008 leaf-level mapping(s), 7 agreeing"
FOR2008,0401,ATMOSPHERIC SCIENCES,FOR,3702,Climate change science,group,False,derived_empirical,0.222,"rolled up from 9 FOR2008 leaf-level mapping(s), 2 agreeing"
FOR2008,040101,Atmospheric Aerosols,FOR,370103,Atmospheric aerosols,field,True,explicit_official,1.0,
FOR2008,040102,Atmospheric Dynamics,FOR,370105,Atmospheric dynamics,field,True,explicit_official,1.0,
FOR2008,040103,Atmospheric Radiation,FOR,370106,Atmospheric radiation,field,True,explicit_official,1.0,
FOR2008,040104,Climate Change Processes,FOR,370203,Greenhouse gas inventories and fluxes,field,False,lexical,0.23,lexical tiebreak among 4 p-flagged candidates
FOR2008,040104,Climate Change Processes,FOR,370202,Climatology,field,False,lexical,0.4,lexical tiebreak among 4 p-flagged candidates
FOR2008,040104,Climate Change Processes,FOR,370201,Climate change processes,field,True,lexical,1.0,lexical tiebreak among 4 p-flagged candidates
FOR2008,040104,Climate Change Processes,FOR,370299,Climate change science not elsewhere classified,field,False,lexical,0.563,lexical tiebreak among 4 p-flagged candidates
FOR2008,040105,Climatology (excl. Climate Change Processes),FOR,370202,Climatology,field,True,explicit_official,0.4,partial (p-flagged) single correspondence
FOR2008,040106,Cloud Physics,FOR,370107,Cloud physics,field,True,explicit_official,1.0,
FOR2008,040107,Meteorology,FOR,370108,Meteorology,field,True,explicit_official,1.0,
FOR2008,040108,Tropospheric and Stratospheric Physics,FOR,370109,Tropospheric and stratospheric physics,field,True,explicit_official,1.0,partial (p-flagged) single correspondence
FOR2008,040199,Atmospheric Sciences not elsewhere classified,FOR,370199,Atmospheric sciences not elsewhere classified,field,True,lexical,1.0,lexical tiebreak among 3 p-flagged candidates
FOR2008,040199,Atmospheric Sciences not elsewhere classified,FOR,370109,Tropospheric and stratospheric physics,field,False,lexical,0.434,lexical tiebreak among 3 p-flagged candidates
FOR2008,040199,Atmospheric Sciences not elsewhere classified,FOR,370102,Air pollution processes and air quality measurement,field,False,lexical,0.292,lexical tiebreak among 3 p-flagged candidates
FOR2008,0402,GEOCHEMISTRY,FOR,3703,Geochemistry,group,True,derived_empirical,1.0,"rolled up from 5 FOR2008 leaf-level mapping(s), 5 agreeing"
FOR2008,040201,Exploration Geochemistry,FOR,370301,Exploration geochemistry,field,True,explicit_official,1.0,
FOR2008,040202,Inorganic Geochemistry,FOR,370302,Inorganic geochemistry,field,True,explicit_official,1.0,
FOR2008,040203,Isotope Geochemistry,FOR,370303,Isotope geochemistry,field,True,explicit_official,1.0,
FOR2008,040204,Organic Geochemistry,FOR,370304,Organic geochemistry,field,True,explicit_official,1.0,
FOR2008,040299,Geochemistry not elsewhere classified,FOR,370399,Geochemistry not elsewhere classified,field,True,explicit_official,1.0,
FOR2008,0403,GEOLOGY,FOR,3705,Geology,group,True,derived_empirical,1.0,"rolled up from 15 FOR2008 leaf-level mapping(s), 15 agreeing"
FOR2008,040301,Basin Analysis,FOR,370510,"Stratigraphy (incl. biostratigraphy, sequence stratigraphy and basin analysis)",field,True,explicit_official,0.304,partial (p-flagged) single correspondence
FOR2008,040302,Extraterrestrial Geology,FOR,370507,Planetary geology,field,True,explicit_official,1.0,
FOR2008,040303,Geochronology,FOR,370502,Geochronology,field,True,explicit_official,1.0,
FOR2008,040304,Igneous and Metamorphic Petrology,FOR,370503,Igneous and metamorphic petrology,field,True,explicit_official,1.0,
FOR2008,040305,Marine Geoscience,FOR,370504,Marine geoscience,field,True,explicit_official,1.0,
FOR2008,040306,Mineralogy and Crystallography,FOR,370505,Mineralogy and crystallography,field,True,lexical,1.0,lexical tiebreak among 2 p-flagged candidates
FOR2008,040306,Mineralogy and Crystallography,FOR,370501,Biomineralisation,field,False,lexical,0.383,lexical tiebreak among 2 p-flagged candidates
FOR2008,040307,Ore Deposit Petrology,FOR,370508,Resource geoscience,field,True,explicit_official,0.4,partial (p-flagged) single correspondence
FOR2008,040308,Palaeontology (incl. Palynology),FOR,370506,Palaeontology (incl. palynology),field,True,explicit_official,1.0,
FOR2008,040309,Petroleum and Coal Geology,FOR,370508,Resource geoscience,field,True,explicit_official,0.311,partial (p-flagged) single correspondence
FOR2008,040310,Sedimentology,FOR,370509,Sedimentology,field,True,explicit_official,1.0,
FOR2008,040311,Stratigraphy (incl. Biostratigraphy and Sequence Stratigraphy),FOR,370510,"Stratigraphy (incl. biostratigraphy, sequence stratigraphy and basin analysis)",field,True,explicit_official,0.829,partial (p-flagged) single correspondence
FOR2008,040312,Structural Geology,FOR,370511,Structural geology and tectonics,field,True,explicit_official,0.72,partial (p-flagged) single correspondence
FOR2008,040313,Tectonics,FOR,370511,Structural geology and tectonics,field,True,explicit_official,0.439,partial (p-flagged) single correspondence
FOR2008,040314,Volcanology,FOR,370512,Volcanology,field,True,explicit_official,1.0,
FOR2008,040399,Geology not elsewhere classified,FOR,370599,Geology not elsewhere classified,field,True,explicit_official,1.0,
FOR2008,0404,GEOPHYSICS,FOR,4012,Fluid mechanics and thermal engineering,group,False,derived_empirical,0.125,"rolled up from 8 FOR2008 leaf-level mapping(s), 1 agreeing"
FOR2008,0404,GEOPHYSICS,FOR,3706,Geophysics,group,True,derived_empirical,0.875,"rolled up from 8 FOR2008 leaf-level mapping(s), 7 agreeing"
FOR2008,040401,Electrical and Electromagnetic Methods in Geophysics,FOR,370602,Electrical and electromagnetic methods in geophysics,field,True,explicit_official,1.0,
FOR2008,040402,Geodynamics,FOR,370604,Geodynamics,field,True,explicit_official,1.0,
FOR2008,040403,Geophysical Fluid Dynamics,FOR,401208,Geophysical and environmental fluid flows,field,True,explicit_official,1.0,
FOR2008,040404,Geothermics and Radiometrics,FOR,370605,Geothermics and radiometrics,field,True,explicit_official,1.0,
FOR2008,040405,Gravimetrics,FOR,370606,Gravimetrics,field,True,explicit_official,1.0,
FOR2008,040406,Magnetism and Palaeomagnetism,FOR,370607,Magnetism and palaeomagnetism,field,True,explicit_official,1.0,
FOR2008,040407,Seismology and Seismic Exploration,FOR,370609,Seismology and seismic exploration,field,True,explicit_official,1.0,
FOR2008,040499,Geophysics not elsewhere classified,FOR,370601,Applied geophysics,field,False,lexical,0.377,lexical tiebreak among 3 p-flagged candidates
FOR2008,040499,Geophysics not elsewhere classified,FOR,370699,Geophysics not elsewhere classified,field,True,lexical,1.0,lexical tiebreak among 3 p-flagged candidates
FOR2008,040499,Geophysics not elsewhere classified,FOR,370608,Petrophysics and rock mechanics,field,False,lexical,0.455,lexical tiebreak among 3 p-flagged candidates
FOR2008,0405,OCEANOGRAPHY,FOR,3708,Oceanography,group,True,derived_empirical,1.0,"rolled up from 4 FOR2008 leaf-level mapping(s), 4 agreeing"
FOR2008,040501,Biological Oceanography,FOR,370801,Biological oceanography,field,True,explicit_official,1.0,
FOR2008,040502,Chemical Oceanography,FOR,370802,Chemical oceanography,field,True,explicit_official,1.0,
FOR2008,040503,Physical Oceanography,FOR,370803,Physical oceanography,field,True,explicit_official,1.0,
FOR2008,040599,Oceanography not elsewhere classified,FOR,370899,Oceanography not elsewhere classified,field,True,explicit_official,1.0,
FOR2008,0406,PHYSICAL GEOGRAPHY AND ENVIRONMENTAL GEOSCIENCE,FOR,3709,Physical geography and environmental geoscience,group,True,derived_empirical,0.778,"rolled up from 9 FOR2008 leaf-level mapping(s), 7 agreeing"
FOR2008,0406,PHYSICAL GEOGRAPHY AND ENVIRONMENTAL GEOSCIENCE,FOR,3707,Hydrology,group,False,derived_empirical,0.222,"rolled up from 9 FOR2008 leaf-level mapping(s), 2 agreeing"
FOR2008,040601,Geomorphology and Regolith and Landscape Evolution,FOR,370906,Regolith and landscape evolution,field,True,lexical,0.78,lexical tiebreak among 2 p-flagged candidates
FOR2008,040601,Geomorphology and Regolith and Landscape Evolution,FOR,370901,Geomorphology and earth surface processes,field,False,lexical,0.593,lexical tiebreak among 2 p-flagged candidates
FOR2008,040602,Glaciology,FOR,370902,Glaciology,field,True,explicit_official,1.0,
FOR2008,040603,Hydrogeology,FOR,370799,Hydrology not elsewhere classified,field,False,lexical,0.391,lexical tiebreak among 5 p-flagged candidates
FOR2008,040603,Hydrogeology,FOR,370701,Contaminant hydrology,field,False,lexical,0.545,lexical tiebreak among 5 p-flagged candidates
FOR2008,040603,Hydrogeology,FOR,370703,Groundwater hydrology,field,False,lexical,0.545,lexical tiebreak among 5 p-flagged candidates
FOR2008,040603,Hydrogeology,FOR,370702,Ecohydrology,field,True,lexical,0.75,lexical tiebreak among 5 p-flagged candidates
FOR2008,040603,Hydrogeology,FOR,370705,Urban hydrology,field,False,lexical,0.667,lexical tiebreak among 5 p-flagged candidates
FOR2008,040604,Natural Hazards,FOR,370903,Natural hazards,field,True,explicit_official,1.0,
FOR2008,040605,Palaeoclimatology,FOR,370904,Palaeoclimatology,field,True,explicit_official,1.0,
FOR2008,040606,Quaternary Environments,FOR,370905,Quaternary environments,field,True,explicit_official,1.0,
FOR2008,040607,Surface Processes,FOR,370901,Geomorphology and earth surface processes,field,True,explicit_official,0.586,partial (p-flagged) single correspondence
FOR2008,040608,Surfacewater Hydrology,FOR,370704,Surface water hydrology,field,True,explicit_official,1.0,
FOR2008,040699,Physical Geography and Environmental Geoscience not elsewhere classified,FOR,370999,Physical geography and environmental geoscience not elsewhere classified,field,True,lexical,1.0,lexical tiebreak among 2 p-flagged candidates
FOR2008,040699,Physical Geography and Environmental Geoscience not elsewhere classified,FOR,370101,Adverse weather events,field,False,lexical,0.213,lexical tiebreak among 2 p-flagged candidates
FOR2008,0499,OTHER EARTH SCIENCES,FOR,3799,Other earth sciences,group,True,derived_empirical,1.0,"rolled up from 1 FOR2008 leaf-level mapping(s), 1 agreeing"
FOR2008,049999,Earth Sciences not elsewhere classified,FOR,379999,Other earth sciences not elsewhere classified,field,True,lexical,0.929,lexical tiebreak among 12 p-flagged candidates
FOR2008,049999,Earth Sciences not elsewhere classified,FOR,451599,Pacific Peoples environmental knowledges not elsewhere classified,field,False,lexical,0.615,lexical tiebreak among 12 p-flagged candidates
FOR2008,049999,Earth Sciences not elsewhere classified,FOR,450999,Ngā mātauranga taiao o te Māori kāore anō kia whakarōpūtia i wāhi kē (Māori environmental knowledges not elsewhere classified),field,False,lexical,0.436,lexical tiebreak among 12 p-flagged candidates
FOR2008,049999,Earth Sciences not elsewhere classified,FOR,450399,Aboriginal and Torres Strait Islander environmental knowledges and management not elsewhere classified,field,False,lexical,0.468,lexical tiebreak among 12 p-flagged candidates
FOR2008,049999,Earth Sciences not elsewhere classified,FOR,370402,Earth and space science informatics,field,False,lexical,0.378,lexical tiebreak among 12 p-flagged candidates
FOR2008,049999,Earth Sciences not elsewhere classified,FOR,370499,Geoinformatics not elsewhere classified,field,False,lexical,0.769,lexical tiebreak among 12 p-flagged candidates
FOR2008,049999,Earth Sciences not elsewhere classified,FOR,379901,Earth system sciences,field,False,lexical,0.467,lexical tiebreak among 12 p-flagged candidates
FOR2008,049999,Earth Sciences not elsewhere classified,FOR,450302,Aboriginal and Torres Strait Islander earth sciences,field,False,lexical,0.308,lexical tiebreak among 12 p-flagged candidates
FOR2008,049999,Earth Sciences not elsewhere classified,FOR,450902,Ngā pūtaiao-ā-nuku o te Māori (Māori earth sciences),field,False,lexical,0.308,lexical tiebreak among 12 p-flagged candidates
FOR2008,049999,Earth Sciences not elsewhere classified,FOR,370403,Geoscience data visualisation,field,False,lexical,0.294,lexical tiebreak among 12 p-flagged candidates
FOR2008,049999,Earth Sciences not elsewhere classified,FOR,451502,Pacific Peoples earth sciences,field,False,lexical,0.406,lexical tiebreak among 12 p-flagged candidates
FOR2008,049999,Earth Sciences not elsewhere classified,FOR,370401,Computational modelling and simulation in earth sciences,field,False,lexical,0.295,lexical tiebreak among 12 p-flagged candidates
FOR2008,05,ENVIRONMENTAL SCIENCES,FOR,45,INDIGENOUS STUDIES,division,False,derived_empirical,0.125,"rolled up from 24 FOR2008 leaf-level mapping(s), 3 agreeing"
FOR2008,05,ENVIRONMENTAL SCIENCES,FOR,41,ENVIRONMENTAL SCIENCES,division,True,derived_empirical,0.875,"rolled up from 24 FOR2008 leaf-level mapping(s), 21 agreeing"
FOR2008,0501,ECOLOGICAL APPLICATIONS,FOR,4102,Ecological applications,group,True,derived_empirical,0.8,"rolled up from 5 FOR2008 leaf-level mapping(s), 4 agreeing"
FOR2008,0501,ECOLOGICAL APPLICATIONS,FOR,4101,Climate change impacts and adaptation,group,False,derived_empirical,0.2,"rolled up from 5 FOR2008 leaf-level mapping(s), 1 agreeing"
FOR2008,050101,Ecological Impacts of Climate Change,FOR,410102,Ecological impacts of climate change and ecological adaptation,field,True,lexical,0.735,lexical tiebreak among 2 p-flagged candidates
FOR2008,050101,Ecological Impacts of Climate Change,FOR,410199,Climate change impacts and adaptation not elsewhere classified,field,False,lexical,0.286,lexical tiebreak among 2 p-flagged candidates
FOR2008,050102,Ecosystem Function,FOR,410203,Ecosystem function,field,True,lexical,1.0,lexical tiebreak among 2 p-flagged candidates
FOR2008,050102,Ecosystem Function,FOR,410204,Ecosystem services (incl. pollination),field,False,lexical,0.571,lexical tiebreak among 2 p-flagged candidates
FOR2008,050103,Invasive Species Ecology,FOR,410202,Biosecurity science and invasive species ecology,field,True,explicit_official,1.0,
FOR2008,050104,Landscape Ecology,FOR,410206,Landscape ecology,field,True,explicit_official,1.0,
FOR2008,050199,Ecological Applications not elsewhere classified,FOR,410204,Ecosystem services (incl. pollination),field,False,lexical,0.349,lexical tiebreak among 6 p-flagged candidates
FOR2008,050199,Ecological Applications not elsewhere classified,FOR,410205,Fire ecology,field,False,lexical,0.2,lexical tiebreak among 6 p-flagged candidates
FOR2008,050199,Ecological Applications not elsewhere classified,FOR,410299,Ecological applications not elsewhere classified,field,True,lexical,1.0,lexical tiebreak among 6 p-flagged candidates
FOR2008,050199,Ecological Applications not elsewhere classified,FOR,410199,Climate change impacts and adaptation not elsewhere classified,field,False,lexical,0.691,lexical tiebreak among 6 p-flagged candidates
FOR2008,050199,Ecological Applications not elsewhere classified,FOR,410103,Human impacts of climate change and human adaptation,field,False,lexical,0.22,lexical tiebreak among 6 p-flagged candidates
FOR2008,050199,Ecological Applications not elsewhere classified,FOR,410201,Bioavailability and ecotoxicology,field,False,lexical,0.148,lexical tiebreak among 6 p-flagged candidates
FOR2008,0502,ENVIRONMENTAL SCIENCE AND MANAGEMENT,FOR,4515,Pacific Peoples environmental knowledges,group,False,derived_empirical,0.083,"rolled up from 12 FOR2008 leaf-level mapping(s), 1 agreeing"
FOR2008,0502,ENVIRONMENTAL SCIENCE AND MANAGEMENT,FOR,4509,Ngā mātauranga taiao o te Māori (Māori environmental knowledges),group,False,derived_empirical,0.083,"rolled up from 12 FOR2008 leaf-level mapping(s), 1 agreeing"
FOR2008,0502,ENVIRONMENTAL SCIENCE AND MANAGEMENT,FOR,4503,Aboriginal and Torres Strait Islander environmental knowledges and management,group,False,derived_empirical,0.083,"rolled up from 12 FOR2008 leaf-level mapping(s), 1 agreeing"
FOR2008,0502,ENVIRONMENTAL SCIENCE AND MANAGEMENT,FOR,4104,Environmental management,group,True,derived_empirical,0.75,"rolled up from 12 FOR2008 leaf-level mapping(s), 9 agreeing"
FOR2008,050201,Aboriginal and Torres Strait Islander Environmental Knowledge,FOR,450304,Aboriginal and Torres Strait Islander environmental knowledges,field,True,lexical,0.992,lexical tiebreak among 4 p-flagged candidates
FOR2008,050201,Aboriginal and Torres Strait Islander Environmental Knowledge,FOR,450303,Aboriginal and Torres Strait Islander environmental conservation,field,False,lexical,0.864,lexical tiebreak among 4 p-flagged candidates
FOR2008,050201,Aboriginal and Torres Strait Islander Environmental Knowledge,FOR,450307,Aboriginal and Torres Strait Islander marine environment science,field,False,lexical,0.832,lexical tiebreak among 4 p-flagged candidates
FOR2008,050201,Aboriginal and Torres Strait Islander Environmental Knowledge,FOR,450306,Aboriginal and Torres Strait Islander land and water management,field,False,lexical,0.71,lexical tiebreak among 4 p-flagged candidates
FOR2008,050202,Conservation and Biodiversity,FOR,410401,Conservation and biodiversity,field,True,explicit_official,1.0,
FOR2008,050203,Environmental Education and Extension,FOR,410403,Environmental education and extension,field,True,explicit_official,1.0,
FOR2008,050204,Environmental Impact Assessment,FOR,410402,Environmental assessment and monitoring,field,True,explicit_official,1.0,
FOR2008,050205,Environmental Management,FOR,410404,Environmental management,field,True,explicit_official,1.0,partial (p-flagged) single correspondence
FOR2008,050206,Environmental Monitoring,FOR,410501,Environmental biogeochemistry,field,False,lexical,0.679,lexical tiebreak among 6 p-flagged candidates
FOR2008,050206,Environmental Monitoring,FOR,410599,Pollution and contamination not elsewhere classified,field,False,lexical,0.289,lexical tiebreak among 6 p-flagged candidates
FOR2008,050206,Environmental Monitoring,FOR,410502,Noise and wave pollution processes and measurement,field,False,lexical,0.297,lexical tiebreak among 6 p-flagged candidates
FOR2008,050206,Environmental Monitoring,FOR,410404,Environmental management,field,True,lexical,0.708,lexical tiebreak among 6 p-flagged candidates
FOR2008,050206,Environmental Monitoring,FOR,410504,Surface water quality processes and contaminated sediment assessment,field,False,lexical,0.283,lexical tiebreak among 6 p-flagged candidates
FOR2008,050206,Environmental Monitoring,FOR,410503,Groundwater quality processes and contaminated land assessment,field,False,lexical,0.163,lexical tiebreak among 6 p-flagged candidates
FOR2008,050207,Environmental Rehabilitation (excl. Bioremediation),FOR,410405,Environmental rehabilitation and restoration,field,True,explicit_official,1.0,
FOR2008,050208,Māori Environmental Knowledge,FOR,450903,Te whāomoomo taiao o te Māori (Māori environmental conservation),field,False,lexical,0.473,lexical tiebreak among 4 p-flagged candidates
FOR2008,050208,Māori Environmental Knowledge,FOR,450907,Te pūtaiao taiao moana o te Māori (Māori marine environment science),field,False,lexical,0.412,lexical tiebreak among 4 p-flagged candidates
FOR2008,050208,Māori Environmental Knowledge,FOR,450906,Te whakahaere whenua me te wai o te Māori (Māori land and water management),field,False,lexical,0.231,lexical tiebreak among 4 p-flagged candidates
FOR2008,050208,Māori Environmental Knowledge,FOR,450904,Ngā mātauranga taiao o te Māori (Māori environmental knowledges),field,True,lexical,0.624,lexical tiebreak among 4 p-flagged candidates
FOR2008,050209,Natural Resource Management,FOR,410406,Natural resource management,field,True,explicit_official,1.0,
FOR2008,050210,Pacific Peoples Environmental Knowledge,FOR,451504,Pacific Peoples environmental knowledges,field,True,lexical,0.987,lexical tiebreak among 4 p-flagged candidates
FOR2008,050210,Pacific Peoples Environmental Knowledge,FOR,451503,Pacific Peoples environmental conservation,field,False,lexical,0.79,lexical tiebreak among 4 p-flagged candidates
FOR2008,050210,Pacific Peoples Environmental Knowledge,FOR,451507,Pacific Peoples marine environment science,field,False,lexical,0.741,lexical tiebreak among 4 p-flagged candidates
FOR2008,050210,Pacific Peoples Environmental Knowledge,FOR,451506,Pacific Peoples land and water management,field,False,lexical,0.55,lexical tiebreak among 4 p-flagged candidates
FOR2008,050211,Wildlife and Habitat Management,FOR,410407,Wildlife and habitat management,field,True,lexical,1.0,lexical tiebreak among 3 p-flagged candidates
FOR2008,050211,Wildlife and Habitat Management,FOR,300307,Environmental studies in animal production,field,False,lexical,0.164,lexical tiebreak among 3 p-flagged candidates
FOR2008,050211,Wildlife and Habitat Management,FOR,410404,Environmental management,field,False,lexical,0.582,lexical tiebreak among 3 p-flagged candidates
FOR2008,050299,Environmental Science and Management not elsewhere classified,FOR,410503,Groundwater quality processes and contaminated land assessment,field,False,lexical,0.374,lexical tiebreak among 8 p-flagged candidates
FOR2008,050299,Environmental Science and Management not elsewhere classified,FOR,410103,Human impacts of climate change and human adaptation,field,False,lexical,0.23,lexical tiebreak among 8 p-flagged candidates
FOR2008,050299,Environmental Science and Management not elsewhere classified,FOR,410199,Climate change impacts and adaptation not elsewhere classified,field,False,lexical,0.618,lexical tiebreak among 8 p-flagged candidates
FOR2008,050299,Environmental Science and Management not elsewhere classified,FOR,410599,Pollution and contamination not elsewhere classified,field,False,lexical,0.655,lexical tiebreak among 8 p-flagged candidates
FOR2008,050299,Environmental Science and Management not elsewhere classified,FOR,410499,Environmental management not elsewhere classified,field,True,lexical,0.891,lexical tiebreak among 8 p-flagged candidates
FOR2008,050299,Environmental Science and Management not elsewhere classified,FOR,410502,Noise and wave pollution processes and measurement,field,False,lexical,0.306,lexical tiebreak among 8 p-flagged candidates
FOR2008,050299,Environmental Science and Management not elsewhere classified,FOR,410504,Surface water quality processes and contaminated sediment assessment,field,False,lexical,0.372,lexical tiebreak among 8 p-flagged candidates
FOR2008,050299,Environmental Science and Management not elsewhere classified,FOR,410501,Environmental biogeochemistry,field,False,lexical,0.467,lexical tiebreak among 8 p-flagged candidates
FOR2008,0503,SOIL SCIENCES,FOR,4106,Soil sciences,group,True,derived_empirical,0.833,"rolled up from 6 FOR2008 leaf-level mapping(s), 5 agreeing"
FOR2008,0503,SOIL SCIENCES,FOR,4101,Climate change impacts and adaptation,group,False,derived_empirical,0.167,"rolled up from 6 FOR2008 leaf-level mapping(s), 1 agreeing"
FOR2008,050301,Carbon Sequestration Science,FOR,410101,Carbon sequestration science,field,True,explicit_official,1.0,
FOR2008,050302,Land Capability and Soil Degradation,FOR,410601,Land capability and soil productivity,field,True,explicit_official,1.0,
FOR2008,050303,Soil Biology,FOR,410603,Soil biology,field,True,lexical,1.0,lexical tiebreak among 2 p-flagged candidates
FOR2008,050303,Soil Biology,FOR,410602,Pedology and pedometrics,field,False,lexical,0.278,lexical tiebreak among 2 p-flagged candidates
FOR2008,050304,Soil Chemistry (excl. Carbon Sequestration Science),FOR,410604,Soil chemistry and soil carbon sequestration (excl. carbon sequestration science),field,True,lexical,0.773,lexical tiebreak among 3 p-flagged candidates
FOR2008,050304,Soil Chemistry (excl. Carbon Sequestration Science),FOR,410602,Pedology and pedometrics,field,False,lexical,0.24,lexical tiebreak among 3 p-flagged candidates
FOR2008,050304,Soil Chemistry (excl. Carbon Sequestration Science),FOR,300204,Agricultural management of nutrients,field,False,lexical,0.23,lexical tiebreak among 3 p-flagged candidates
FOR2008,050305,Soil Physics,FOR,410605,Soil physics,field,True,lexical,1.0,lexical tiebreak among 2 p-flagged candidates
FOR2008,050305,Soil Physics,FOR,410602,Pedology and pedometrics,field,False,lexical,0.389,lexical tiebreak among 2 p-flagged candidates
FOR2008,050399,Soil Sciences not elsewhere classified,FOR,410699,Soil sciences not elsewhere classified,field,True,lexical,1.0,lexical tiebreak among 2 p-flagged candidates
FOR2008,050399,Soil Sciences not elsewhere classified,FOR,410602,Pedology and pedometrics,field,False,lexical,0.065,lexical tiebreak among 2 p-flagged candidates
FOR2008,0599,OTHER ENVIRONMENTAL SCIENCES,FOR,4199,Other environmental sciences,group,True,derived_empirical,1.0,"rolled up from 1 FOR2008 leaf-level mapping(s), 1 agreeing"
FOR2008,059999,Environmental Sciences not elsewhere classified,FOR,419999,Other environmental sciences not elsewhere classified,field,True,lexical,0.94,lexical tiebreak among 5 p-flagged candidates
FOR2008,059999,Environmental Sciences not elsewhere classified,FOR,451599,Pacific Peoples environmental knowledges not elsewhere classified,field,False,lexical,0.75,lexical tiebreak among 5 p-flagged candidates
FOR2008,059999,Environmental Sciences not elsewhere classified,FOR,450399,Aboriginal and Torres Strait Islander environmental knowledges and management not elsewhere classified,field,False,lexical,0.564,lexical tiebreak among 5 p-flagged candidates
FOR2008,059999,Environmental Sciences not elsewhere classified,FOR,450999,Ngā mātauranga taiao o te Māori kāore anō kia whakarōpūtia i wāhi kē (Māori environmental knowledges not elsewhere classified),field,False,lexical,0.486,lexical tiebreak among 5 p-flagged candidates
FOR2008,059999,Environmental Sciences not elsewhere classified,FOR,451902,Global Indigenous studies environmental knowledges and management,field,False,lexical,0.357,lexical tiebreak among 5 p-flagged candidates
FOR2008,06,BIOLOGICAL SCIENCES,FOR,31,BIOLOGICAL SCIENCES,division,True,derived_empirical,1.0,"rolled up from 80 FOR2008 leaf-level mapping(s), 80 agreeing"
FOR2008,0601,BIOCHEMISTRY AND CELL BIOLOGY,FOR,3101,Biochemistry and cell biology,group,True,derived_empirical,0.933,"rolled up from 15 FOR2008 leaf-level mapping(s), 14 agreeing"
FOR2008,0601,BIOCHEMISTRY AND CELL BIOLOGY,FOR,3102,Bioinformatics and computational biology,group,False,derived_empirical,0.067,"rolled up from 15 FOR2008 leaf-level mapping(s), 1 agreeing"
FOR2008,060101,Analytical Biochemistry,FOR,310101,Analytical biochemistry,field,True,explicit_official,1.0,
FOR2008,060102,Bioinformatics,FOR,310206,Sequence analysis,field,False,lexical,0.129,lexical tiebreak among 9 p-flagged candidates
FOR2008,060102,Bioinformatics,FOR,310207,Statistical and quantitative genetics,field,False,lexical,0.314,lexical tiebreak among 9 p-flagged candidates
FOR2008,060102,Bioinformatics,FOR,310204,Genomics and transcriptomics,field,False,lexical,0.238,lexical tiebreak among 9 p-flagged candidates
FOR2008,060102,Bioinformatics,FOR,310203,Computational ecology and phylogenetics,field,False,lexical,0.34,lexical tiebreak among 9 p-flagged candidates
FOR2008,060102,Bioinformatics,FOR,310201,Bioinformatic methods development,field,True,lexical,0.596,lexical tiebreak among 9 p-flagged candidates
FOR2008,060102,Bioinformatics,FOR,310205,Proteomics and metabolomics,field,False,lexical,0.293,lexical tiebreak among 9 p-flagged candidates
FOR2008,060102,Bioinformatics,FOR,310208,Translational and applied bioinformatics,field,False,lexical,0.519,lexical tiebreak among 9 p-flagged candidates
FOR2008,060102,Bioinformatics,FOR,310299,Bioinformatics and computational biology not elsewhere classified,field,False,lexical,0.354,lexical tiebreak among 9 p-flagged candidates
FOR2008,060102,Bioinformatics,FOR,310202,Biological network analysis,field,False,lexical,0.488,lexical tiebreak among 9 p-flagged candidates
FOR2008,060103,"Cell Development, Proliferation and Death",FOR,310102,"Cell development, proliferation and death",field,True,explicit_official,1.0,
FOR2008,060104,Cell Metabolism,FOR,310103,Cell metabolism,field,True,explicit_official,1.0,
FOR2008,060105,Cell Neurochemistry,FOR,310104,Cell neurochemistry,field,True,explicit_official,1.0,
FOR2008,060106,"Cellular Interactions (incl. Adhesion, Matrix, Cell Wall)",FOR,310107,Glycobiology,field,False,lexical,0.145,lexical tiebreak among 2 p-flagged candidates
FOR2008,060106,"Cellular Interactions (incl. Adhesion, Matrix, Cell Wall)",FOR,310105,"Cellular interactions (incl. adhesion, matrix, cell wall)",field,True,lexical,1.0,lexical tiebreak among 2 p-flagged candidates
FOR2008,060107,Enzymes,FOR,310106,Enzymes,field,True,explicit_official,1.0,
FOR2008,060108,Protein Trafficking,FOR,310108,Protein trafficking,field,True,explicit_official,1.0,
FOR2008,060109,Proteomics and Intermolecular Interactions (excl. Medical Proteomics),FOR,310109,Proteomics and intermolecular interactions (excl. medical proteomics),field,True,explicit_official,1.0,
FOR2008,060110,Receptors and Membrane Biology,FOR,310110,Receptors and membrane biology,field,True,explicit_official,1.0,
FOR2008,060111,Signal Transduction,FOR,310111,Signal transduction,field,True,explicit_official,1.0,
FOR2008,060112,Structural Biology (incl. Macromolecular Modelling),FOR,310112,Structural biology (incl. macromolecular modelling),field,True,explicit_official,1.0,
FOR2008,060113,Synthetic Biology,FOR,310113,Synthetic biology,field,True,explicit_official,1.0,
FOR2008,060114,Systems Biology,FOR,310114,Systems biology,field,True,explicit_official,1.0,
FOR2008,060199,Biochemistry and Cell Biology not elsewhere classified,FOR,310107,Glycobiology,field,False,lexical,0.242,lexical tiebreak among 2 p-flagged candidates
FOR2008,060199,Biochemistry and Cell Biology not elsewhere classified,FOR,310199,Biochemistry and cell biology not elsewhere classified,field,True,lexical,1.0,lexical tiebreak among 2 p-flagged candidates
FOR2008,0602,ECOLOGY,FOR,3103,Ecology,group,True,derived_empirical,1.0,"rolled up from 9 FOR2008 leaf-level mapping(s), 9 agreeing"
FOR2008,060201,Behavioural Ecology,FOR,310301,Behavioural ecology,field,True,explicit_official,1.0,partial (p-flagged) single correspondence
FOR2008,060202,Community Ecology (excl. Invasive Species Ecology),FOR,310302,Community ecology (excl. invasive species ecology),field,True,explicit_official,1.0,
FOR2008,060203,Ecological Physiology,FOR,310303,Ecological physiology,field,True,explicit_official,1.0,
FOR2008,060204,Freshwater Ecology,FOR,310304,Freshwater ecology,field,True,explicit_official,1.0,
FOR2008,060205,Marine and Estuarine Ecology (incl. Marine Ichthyology),FOR,310305,Marine and estuarine ecology (incl. marine ichthyology),field,True,explicit_official,1.0,
FOR2008,060206,Palaeoecology,FOR,310306,Palaeoecology,field,True,explicit_official,1.0,
FOR2008,060207,Population Ecology,FOR,310307,Population ecology,field,True,explicit_official,1.0,
FOR2008,060208,Terrestrial Ecology,FOR,300702,Forest biodiversity,field,False,lexical,0.368,lexical tiebreak among 3 p-flagged candidates
FOR2008,060208,Terrestrial Ecology,FOR,310308,Terrestrial ecology,field,True,lexical,1.0,lexical tiebreak among 3 p-flagged candidates
FOR2008,060208,Terrestrial Ecology,FOR,300703,Forest ecosystems,field,False,lexical,0.5,lexical tiebreak among 3 p-flagged candidates
FOR2008,060299,Ecology not elsewhere classified,FOR,310399,Ecology not elsewhere classified,field,True,lexical,1.0,lexical tiebreak among 4 p-flagged candidates
FOR2008,060299,Ecology not elsewhere classified,FOR,300703,Forest ecosystems,field,False,lexical,0.286,lexical tiebreak among 4 p-flagged candidates
FOR2008,060299,Ecology not elsewhere classified,FOR,310405,Evolutionary ecology,field,False,lexical,0.269,lexical tiebreak among 4 p-flagged candidates
FOR2008,060299,Ecology not elsewhere classified,FOR,300702,Forest biodiversity,field,False,lexical,0.275,lexical tiebreak among 4 p-flagged candidates
FOR2008,0603,EVOLUTIONARY BIOLOGY,FOR,3103,Ecology,group,False,derived_empirical,0.083,"rolled up from 12 FOR2008 leaf-level mapping(s), 1 agreeing"
FOR2008,0603,EVOLUTIONARY BIOLOGY,FOR,3104,Evolutionary biology,group,True,derived_empirical,0.917,"rolled up from 12 FOR2008 leaf-level mapping(s), 11 agreeing"
FOR2008,060301,Animal Systematics and Taxonomy,FOR,310409,Microbial taxonomy,field,False,lexical,0.49,lexical tiebreak among 2 p-flagged candidates
FOR2008,060301,Animal Systematics and Taxonomy,FOR,310401,Animal systematics and taxonomy,field,True,lexical,1.0,lexical tiebreak among 2 p-flagged candidates
FOR2008,060302,Biogeography and Phylogeography,FOR,310402,Biogeography and phylogeography,field,True,explicit_official,1.0,
FOR2008,060303,Biological Adaptation,FOR,310403,Biological adaptation,field,True,explicit_official,1.0,
FOR2008,060304,Ethology and Sociobiology,FOR,310301,Behavioural ecology,field,True,explicit_official,0.318,partial (p-flagged) single correspondence
FOR2008,060305,Evolution of Developmental Systems,FOR,310404,Evolution of developmental systems,field,True,explicit_official,1.0,
FOR2008,060306,Evolutionary Impacts of Climate Change,FOR,310406,Evolutionary impacts of climate change,field,True,explicit_official,1.0,
FOR2008,060307,Host-Parasite Interactions,FOR,310407,Host-parasite interactions,field,True,explicit_official,1.0,
FOR2008,060308,Life Histories,FOR,310408,Life histories,field,True,explicit_official,1.0,
FOR2008,060309,Phylogeny and Comparative Analysis,FOR,310410,Phylogeny and comparative analysis,field,True,explicit_official,1.0,
FOR2008,060310,Plant Systematics and Taxonomy,FOR,310411,Plant and fungus systematics and taxonomy,field,True,lexical,0.845,lexical tiebreak among 2 p-flagged candidates
FOR2008,060310,Plant Systematics and Taxonomy,FOR,310409,Microbial taxonomy,field,False,lexical,0.542,lexical tiebreak among 2 p-flagged candidates
FOR2008,060311,Speciation and Extinction,FOR,310412,Speciation and extinction,field,True,explicit_official,1.0,
FOR2008,060399,Evolutionary Biology not elsewhere classified,FOR,310405,Evolutionary ecology,field,False,lexical,0.554,lexical tiebreak among 3 p-flagged candidates
FOR2008,060399,Evolutionary Biology not elsewhere classified,FOR,310409,Microbial taxonomy,field,False,lexical,0.19,lexical tiebreak among 3 p-flagged candidates
FOR2008,060399,Evolutionary Biology not elsewhere classified,FOR,310499,Evolutionary biology not elsewhere classified,field,True,lexical,1.0,lexical tiebreak among 3 p-flagged candidates
FOR2008,0604,GENETICS,FOR,3105,Genetics,group,True,derived_empirical,1.0,"rolled up from 13 FOR2008 leaf-level mapping(s), 13 agreeing"
FOR2008,060401,Anthropological Genetics,FOR,310501,Anthropological genetics,field,True,explicit_official,1.0,
FOR2008,060402,Cell and Nuclear Division,FOR,310502,Cell and nuclear division,field,True,explicit_official,1.0,
FOR2008,060403,Developmental Genetics (incl. Sex Determination),FOR,310503,Developmental genetics (incl. sex determination),field,True,explicit_official,1.0,
FOR2008,060404,Epigenetics (incl. Genome Methylation and Epigenomics),FOR,310504,Epigenetics (incl. genome methylation and epigenomics),field,True,explicit_official,1.0,
FOR2008,060405,Gene Expression (incl. Microarray and other genome-wide approaches),FOR,310505,Gene expression (incl. microarray and other genome-wide approaches),field,True,explicit_official,1.0,
FOR2008,060406,Genetic Immunology,FOR,310507,Genetic immunology,field,True,explicit_official,1.0,
FOR2008,060407,Genome Structure and Regulation,FOR,310508,Genome structure and regulation,field,True,explicit_official,1.0,
FOR2008,060408,Genomics,FOR,310509,Genomics,field,True,explicit_official,1.0,
FOR2008,060409,Molecular Evolution,FOR,310510,Molecular evolution,field,True,explicit_official,1.0,
FOR2008,060410,Neurogenetics,FOR,310511,Neurogenetics,field,True,explicit_official,1.0,
FOR2008,060411,"Population, Ecological and Evolutionary Genetics",FOR,310599,Genetics not elsewhere classified,field,True,explicit_official,0.198,partial (p-flagged) single correspondence
FOR2008,060412,Quantitative Genetics (incl. Disease and Trait Mapping Genetics),FOR,310506,Gene mapping,field,True,explicit_official,1.0,
FOR2008,060499,Genetics not elsewhere classified,FOR,450605,Aboriginal and Torres Strait Islander genomics,field,False,lexical,0.152,lexical tiebreak among 5 p-flagged candidates
FOR2008,060499,Genetics not elsewhere classified,FOR,451705,Pacific Peoples genomics,field,False,lexical,0.211,lexical tiebreak among 5 p-flagged candidates
FOR2008,060499,Genetics not elsewhere classified,FOR,451206,Te mātai huingaira o te Māori (Māori genomics),field,False,lexical,0.152,lexical tiebreak among 5 p-flagged candidates
FOR2008,060499,Genetics not elsewhere classified,FOR,520201,Behavioural genetics,field,False,lexical,0.302,lexical tiebreak among 5 p-flagged candidates
FOR2008,060499,Genetics not elsewhere classified,FOR,310599,Genetics not elsewhere classified,field,True,lexical,1.0,lexical tiebreak among 5 p-flagged candidates
FOR2008,0605,MICROBIOLOGY,FOR,3107,Microbiology,group,True,derived_empirical,1.0,"rolled up from 7 FOR2008 leaf-level mapping(s), 7 agreeing"
FOR2008,060501,Bacteriology,FOR,310701,Bacteriology,field,True,explicit_official,1.0,
FOR2008,060502,Infectious Agents,FOR,310702,Infectious agents,field,True,explicit_official,1.0,
FOR2008,060503,Microbial Genetics,FOR,310704,Microbial genetics,field,True,explicit_official,1.0,
FOR2008,060504,Microbial Ecology,FOR,310703,Microbial ecology,field,True,explicit_official,1.0,
FOR2008,060505,Mycology,FOR,310705,Mycology,field,True,explicit_official,1.0,
FOR2008,060506,Virology,FOR,310706,Virology,field,True,explicit_official,1.0,
FOR2008,060599,Microbiology not elsewhere classified,FOR,310799,Microbiology not elsewhere classified,field,True,explicit_official,1.0,
FOR2008,0606,PHYSIOLOGY,FOR,3109,Zoology,group,True,derived_empirical,1.0,"rolled up from 5 FOR2008 leaf-level mapping(s), 5 agreeing"
FOR2008,060601,Animal Physiology - Biophysics,FOR,310908,Animal physiology - biophysics,field,True,explicit_official,1.0,
FOR2008,060602,Animal Physiology - Cell,FOR,310909,Animal physiology - cell,field,True,explicit_official,1.0,
FOR2008,060603,Animal Physiology - Systems,FOR,310910,Animal physiology - systems,field,True,explicit_official,1.0,
FOR2008,060604,Comparative Physiology,FOR,310912,Comparative physiology,field,True,explicit_official,1.0,
FOR2008,060699,Physiology not elsewhere classified,FOR,310999,Zoology not elsewhere classified,field,True,explicit_official,0.896,partial (p-flagged) single correspondence
FOR2008,0607,PLANT BIOLOGY,FOR,3108,Plant biology,group,True,derived_empirical,1.0,"rolled up from 6 FOR2008 leaf-level mapping(s), 6 agreeing"
FOR2008,060701,Phycology (incl. Marine Grasses),FOR,310801,Phycology (incl. marine grasses),field,True,explicit_official,1.0,
FOR2008,060702,Plant Cell and Molecular Biology,FOR,310802,Plant biochemistry,field,False,lexical,0.4,lexical tiebreak among 2 p-flagged candidates
FOR2008,060702,Plant Cell and Molecular Biology,FOR,310803,Plant cell and molecular biology,field,True,lexical,1.0,lexical tiebreak among 2 p-flagged candidates
FOR2008,060703,Plant Developmental and Reproductive Biology,FOR,310804,Plant developmental and reproductive biology,field,True,lexical,1.0,lexical tiebreak among 3 p-flagged candidates
FOR2008,060703,Plant Developmental and Reproductive Biology,FOR,300413,Pollination biology and systems,field,False,lexical,0.347,lexical tiebreak among 3 p-flagged candidates
FOR2008,060703,Plant Developmental and Reproductive Biology,FOR,310802,Plant biochemistry,field,False,lexical,0.323,lexical tiebreak among 3 p-flagged candidates
FOR2008,060704,Plant Pathology,FOR,310805,Plant pathology,field,True,lexical,1.0,lexical tiebreak among 2 p-flagged candidates
FOR2008,060704,Plant Pathology,FOR,310802,Plant biochemistry,field,False,lexical,0.485,lexical tiebreak among 2 p-flagged candidates
FOR2008,060705,Plant Physiology,FOR,310806,Plant physiology,field,True,lexical,1.0,lexical tiebreak among 2 p-flagged candidates
FOR2008,060705,Plant Physiology,FOR,310802,Plant biochemistry,field,False,lexical,0.529,lexical tiebreak among 2 p-flagged candidates
FOR2008,060799,Plant Biology not elsewhere classified,FOR,310899,Plant biology not elsewhere classified,field,True,lexical,1.0,lexical tiebreak among 2 p-flagged candidates
FOR2008,060799,Plant Biology not elsewhere classified,FOR,310802,Plant biochemistry,field,False,lexical,0.429,lexical tiebreak among 2 p-flagged candidates
FOR2008,0608,ZOOLOGY,FOR,3109,Zoology,group,True,derived_empirical,1.0,"rolled up from 10 FOR2008 leaf-level mapping(s), 10 agreeing"
FOR2008,060801,Animal Behaviour,FOR,310901,Animal behaviour,field,True,explicit_official,1.0,
FOR2008,060802,Animal Cell and Molecular Biology,FOR,310902,Animal cell and molecular biology,field,True,explicit_official,1.0,
FOR2008,060803,Animal Developmental and Reproductive Biology,FOR,310903,Animal developmental and reproductive biology,field,True,explicit_official,1.0,
FOR2008,060804,Animal Immunology,FOR,310905,Animal immunology,field,True,explicit_official,1.0,
FOR2008,060805,Animal Neurobiology,FOR,310906,Animal neurobiology,field,True,explicit_official,1.0,
FOR2008,060806,Animal Physiological Ecology,FOR,310907,Animal physiological ecology,field,True,explicit_official,1.0,
FOR2008,060807,Animal Structure and Function,FOR,310911,Animal structure and function,field,True,explicit_official,1.0,
FOR2008,060808,Invertebrate Biology,FOR,310913,Invertebrate biology,field,True,explicit_official,1.0,
FOR2008,060809,Vertebrate Biology,FOR,310914,Vertebrate biology,field,True,explicit_official,1.0,
FOR2008,060899,Zoology not elsewhere classified,FOR,300413,Pollination biology and systems,field,False,lexical,0.349,lexical tiebreak among 3 p-flagged candidates
FOR2008,060899,Zoology not elsewhere classified,FOR,310904,Animal diet and nutrition,field,False,lexical,0.14,lexical tiebreak among 3 p-flagged candidates
FOR2008,060899,Zoology not elsewhere classified,FOR,310999,Zoology not elsewhere classified,field,True,lexical,1.0,lexical tiebreak among 3 p-flagged candidates
FOR2008,0699,OTHER BIOLOGICAL SCIENCES,FOR,3199,Other biological sciences,group,True,derived_empirical,1.0,"rolled up from 3 FOR2008 leaf-level mapping(s), 3 agreeing"
FOR2008,069901,Forensic Biology,FOR,319901,Forensic biology,field,True,explicit_official,1.0,
FOR2008,069902,Global Change Biology,FOR,319902,Global change biology,field,True,explicit_official,1.0,
FOR2008,069999,Biological Sciences not elsewhere classified,FOR,450602,Aboriginal and Torres Strait Islander biological sciences,field,False,lexical,0.376,lexical tiebreak among 8 p-flagged candidates
FOR2008,069999,Biological Sciences not elsewhere classified,FOR,451202,Ngā pūtaiao koiora o te Māori (Māori biological sciences),field,False,lexical,0.376,lexical tiebreak among 8 p-flagged candidates
FOR2008,069999,Biological Sciences not elsewhere classified,FOR,451702,Pacific Peoples biological sciences,field,False,lexical,0.481,lexical tiebreak among 8 p-flagged candidates
FOR2008,069999,Biological Sciences not elsewhere classified,FOR,451299,Ngā pūtaiao Māori kāore anō kia whakarōpūhia i wāhi kē (Māori sciences not elsewhere classified),field,False,lexical,0.557,lexical tiebreak among 8 p-flagged candidates
FOR2008,069999,Biological Sciences not elsewhere classified,FOR,450699,Aboriginal and Torres Strait Islander sciences not elsewhere classified,field,False,lexical,0.696,lexical tiebreak among 8 p-flagged candidates
FOR2008,069999,Biological Sciences not elsewhere classified,FOR,451799,Pacific Peoples sciences not elsewhere classified,field,False,lexical,0.817,lexical tiebreak among 8 p-flagged candidates
FOR2008,069999,Biological Sciences not elsewhere classified,FOR,451905,Global Indigenous studies sciences,field,False,lexical,0.333,lexical tiebreak among 8 p-flagged candidates
FOR2008,069999,Biological Sciences not elsewhere classified,FOR,319999,Other biological sciences not elsewhere classified,field,True,lexical,0.936,lexical tiebreak among 8 p-flagged candidates
FOR2008,07,AGRICULTURAL AND VETERINARY SCIENCES,FOR,30,"AGRICULTURAL, VETERINARY AND FOOD SCIENCES",division,True,derived_empirical,1.0,"rolled up from 66 FOR2008 leaf-level mapping(s), 66 agreeing"
FOR2008,0701,"Agriculture, Land and Farm Management",FOR,3002,"Agriculture, land and farm management",group,True,derived_empirical,1.0,"rolled up from 9 FOR2008 leaf-level mapping(s), 9 agreeing"
FOR2008,070101,Agricultural Land Management,FOR,300202,Agricultural land management,field,True,explicit_official,1.0,
FOR2008,070102,Agricultural Land Planning,FOR,300203,Agricultural land planning,field,True,explicit_official,1.0,
FOR2008,070103,Agricultural Production Systems Simulation,FOR,300205,Agricultural production systems simulation,field,True,explicit_official,1.0,
FOR2008,070104,Agricultural Spatial Analysis and Modelling,FOR,300206,Agricultural spatial analysis and modelling,field,True,explicit_official,1.0,
FOR2008,070105,Agricultural Systems Analysis and Modelling,FOR,300207,Agricultural systems analysis and modelling,field,True,explicit_official,1.0,partial (p-flagged) single correspondence
FOR2008,070106,"Farm Management, Rural Management and Agribusiness",FOR,300208,"Farm management, rural management and agribusiness",field,True,explicit_official,1.0,
FOR2008,070107,Farming Systems Research,FOR,300207,Agricultural systems analysis and modelling,field,True,explicit_official,0.388,partial (p-flagged) single correspondence
FOR2008,070108,Sustainable Agricultural Development,FOR,300210,Sustainable agricultural development,field,True,explicit_official,1.0,
FOR2008,070199,"Agriculture, Land and Farm Management not elsewhere classified",FOR,300299,"Agriculture, land and farm management not elsewhere classified",field,True,explicit_official,1.0,
FOR2008,0702,Animal Production,FOR,3003,Animal production,group,True,derived_empirical,1.0,"rolled up from 8 FOR2008 leaf-level mapping(s), 8 agreeing"
FOR2008,070201,Animal Breeding,FOR,300109,Non-genetically modified uses of biotechnology,field,False,lexical,0.295,lexical tiebreak among 2 p-flagged candidates
FOR2008,070201,Animal Breeding,FOR,300305,Animal reproduction and breeding,field,True,lexical,0.638,lexical tiebreak among 2 p-flagged candidates
FOR2008,070202,Animal Growth and Development,FOR,300301,Animal growth and development,field,True,explicit_official,1.0,
FOR2008,070203,Animal Management,FOR,300302,Animal management,field,True,explicit_official,1.0,
FOR2008,070204,Animal Nutrition,FOR,300303,Animal nutrition,field,True,explicit_official,1.0,
FOR2008,070205,Animal Protection (Pests and Pathogens),FOR,300304,Animal protection (incl. pests and pathogens),field,True,explicit_official,1.0,
FOR2008,070206,Animal Reproduction,FOR,300305,Animal reproduction and breeding,field,True,explicit_official,0.745,partial (p-flagged) single correspondence
FOR2008,070207,Humane Animal Treatment,FOR,300306,Animal welfare,field,True,explicit_official,1.0,
FOR2008,070299,Animal Production not elsewhere classified,FOR,300399,Animal production not elsewhere classified,field,True,explicit_official,1.0,
FOR2008,0703,Crop and Pasture Production,FOR,3004,Crop and pasture production,group,True,derived_empirical,1.0,"rolled up from 9 FOR2008 leaf-level mapping(s), 9 agreeing"
FOR2008,070301,Agro-ecosystem Function and Prediction,FOR,300402,Agro-ecosystem function and prediction,field,True,explicit_official,1.0,
FOR2008,070302,Agronomy,FOR,300403,Agronomy,field,True,explicit_official,1.0,
FOR2008,070303,Crop and Pasture Biochemistry and Physiology,FOR,300404,Crop and pasture biochemistry and physiology,field,True,explicit_official,1.0,
FOR2008,070304,Crop and Pasture Biomass and Bioproducts,FOR,300405,Crop and pasture biomass and bioproducts,field,True,explicit_official,1.0,
FOR2008,070305,Crop and Pasture Improvement (Selection and Breeding),FOR,300406,Crop and pasture improvement (incl. selection and breeding),field,True,lexical,0.946,lexical tiebreak among 3 p-flagged candidates
FOR2008,070305,Crop and Pasture Improvement (Selection and Breeding),FOR,300209,Germplasm management,field,False,lexical,0.301,lexical tiebreak among 3 p-flagged candidates
FOR2008,070305,Crop and Pasture Improvement (Selection and Breeding),FOR,300109,Non-genetically modified uses of biotechnology,field,False,lexical,0.222,lexical tiebreak among 3 p-flagged candidates
FOR2008,070306,Crop and Pasture Nutrition,FOR,300407,Crop and pasture nutrition,field,True,explicit_official,1.0,
FOR2008,070307,Crop and Pasture Post Harvest Technologies (incl. Transportation and Storage),FOR,300408,Crop and pasture post harvest technologies (incl. transportation and storage),field,True,explicit_official,1.0,
FOR2008,070308,"Crop and Pasture Protection (Pests, Diseases and Weeds)",FOR,300409,"Crop and pasture protection (incl. pests, diseases and weeds)",field,True,lexical,0.948,lexical tiebreak among 2 p-flagged candidates
FOR2008,070308,"Crop and Pasture Protection (Pests, Diseases and Weeds)",FOR,300410,Crop and pasture waste water use,field,False,lexical,0.529,lexical tiebreak among 2 p-flagged candidates
FOR2008,070399,Crop and Pasture Production not elsewhere classified,FOR,300410,Crop and pasture waste water use,field,False,lexical,0.5,lexical tiebreak among 4 p-flagged candidates
FOR2008,070399,Crop and Pasture Production not elsewhere classified,FOR,300499,Crop and pasture production not elsewhere classified,field,True,lexical,1.0,lexical tiebreak among 4 p-flagged candidates
FOR2008,070399,Crop and Pasture Production not elsewhere classified,FOR,300412,Organic and low chemical input crop production,field,False,lexical,0.408,lexical tiebreak among 4 p-flagged candidates
FOR2008,070399,Crop and Pasture Production not elsewhere classified,FOR,300209,Germplasm management,field,False,lexical,0.167,lexical tiebreak among 4 p-flagged candidates
FOR2008,0704,Fisheries Sciences,FOR,3005,Fisheries sciences,group,True,derived_empirical,1.0,"rolled up from 7 FOR2008 leaf-level mapping(s), 7 agreeing"
FOR2008,070401,Aquaculture,FOR,300501,Aquaculture,field,True,explicit_official,1.0,
FOR2008,070402,Aquatic Ecosystem Studies and Stock Assessment,FOR,300502,Aquaculture and fisheries stock assessment,field,True,explicit_official,1.0,
FOR2008,070403,Fisheries Management,FOR,300505,Fisheries management,field,True,explicit_official,1.0,
FOR2008,070404,Fish Pests and Diseases,FOR,300503,Fish pests and diseases,field,True,explicit_official,1.0,
FOR2008,070405,Fish Physiology and Genetics,FOR,300504,Fish physiology and genetics,field,True,explicit_official,1.0,
FOR2008,070406,Post-Harvest Fisheries Technologies (incl. Transportation),FOR,300506,Post-harvest fisheries technologies (incl. transportation),field,True,explicit_official,1.0,
FOR2008,070499,Fisheries Sciences not elsewhere classified,FOR,451505,Pacific Peoples fisheries and customary fisheries,field,False,lexical,0.391,lexical tiebreak among 4 p-flagged candidates
FOR2008,070499,Fisheries Sciences not elsewhere classified,FOR,450905,Te ahumoana me te ahumoana tuku iho o te Māori (Māori fisheries and customary fisheries),field,False,lexical,0.275,lexical tiebreak among 4 p-flagged candidates
FOR2008,070499,Fisheries Sciences not elsewhere classified,FOR,300599,Fisheries sciences not elsewhere classified,field,True,lexical,1.0,lexical tiebreak among 4 p-flagged candidates
FOR2008,070499,Fisheries Sciences not elsewhere classified,FOR,450305,Aboriginal and Torres Strait Islander fisheries and customary fisheries,field,False,lexical,0.316,lexical tiebreak among 4 p-flagged candidates
FOR2008,0705,Forestry Sciences,FOR,3007,Forestry sciences,group,True,derived_empirical,1.0,"rolled up from 11 FOR2008 leaf-level mapping(s), 11 agreeing"
FOR2008,070501,Agroforestry,FOR,300701,Agroforestry,field,True,explicit_official,1.0,
FOR2008,070502,Forestry Biomass and Bioproducts,FOR,300705,Forestry biomass and bioproducts,field,True,explicit_official,1.0,
FOR2008,070503,Forestry Fire Management,FOR,300706,Forestry fire management,field,True,explicit_official,1.0,
FOR2008,070504,Forestry Management and Environment,FOR,300707,Forestry management and environment,field,True,explicit_official,1.0,
FOR2008,070505,"Forestry Pests, Health and Diseases",FOR,300704,Forest health and pathology,field,True,explicit_official,1.0,
FOR2008,070506,Forestry Product Quality Assessment,FOR,300708,Forestry product quality assessment,field,True,explicit_official,1.0,
FOR2008,070507,Tree Improvement (Selection and Breeding),FOR,300709,Tree improvement (incl. selection and breeding),field,True,explicit_official,1.0,
FOR2008,070508,Tree Nutrition and Physiology,FOR,300710,Tree nutrition and physiology,field,True,explicit_official,1.0,
FOR2008,070509,Wood Fibre Processing,FOR,300711,Wood fibre processing,field,True,explicit_official,1.0,
FOR2008,070510,Wood Processing,FOR,300712,Wood processing,field,True,explicit_official,1.0,
FOR2008,070599,Forestry Sciences not elsewhere classified,FOR,300799,Forestry sciences not elsewhere classified,field,True,explicit_official,1.0,
FOR2008,0706,Horticultural Production,FOR,3008,Horticultural production,group,True,derived_empirical,1.0,"rolled up from 6 FOR2008 leaf-level mapping(s), 6 agreeing"
FOR2008,070601,Horticultural Crop Growth and Development,FOR,300802,Horticultural crop growth and development,field,True,lexical,1.0,lexical tiebreak among 2 p-flagged candidates
FOR2008,070601,Horticultural Crop Growth and Development,FOR,300801,Field organic and low chemical input horticulture,field,False,lexical,0.267,lexical tiebreak among 2 p-flagged candidates
FOR2008,070602,Horticultural Crop Improvement (Selection and Breeding),FOR,300803,Horticultural crop improvement (incl. selection and breeding),field,True,lexical,0.948,lexical tiebreak among 3 p-flagged candidates
FOR2008,070602,Horticultural Crop Improvement (Selection and Breeding),FOR,300209,Germplasm management,field,False,lexical,0.213,lexical tiebreak among 3 p-flagged candidates
FOR2008,070602,Horticultural Crop Improvement (Selection and Breeding),FOR,300109,Non-genetically modified uses of biotechnology,field,False,lexical,0.297,lexical tiebreak among 3 p-flagged candidates
FOR2008,070603,"Horticultural Crop Protection (Pests, Diseases and Weeds)",FOR,300804,"Horticultural crop protection (incl. pests, diseases and weeds)",field,True,explicit_official,1.0,
FOR2008,070604,Oenology and Viticulture,FOR,300801,Field organic and low chemical input horticulture,field,False,lexical,0.466,lexical tiebreak among 2 p-flagged candidates
FOR2008,070604,Oenology and Viticulture,FOR,300805,Oenology and viticulture,field,True,lexical,1.0,lexical tiebreak among 2 p-flagged candidates
FOR2008,070605,Post Harvest Horticultural Technologies (incl. Transportation and Storage),FOR,300806,Post harvest horticultural technologies (incl. transportation and storage),field,True,explicit_official,1.0,
FOR2008,070699,Horticultural Production not elsewhere classified,FOR,300899,Horticultural production not elsewhere classified,field,True,lexical,1.0,lexical tiebreak among 2 p-flagged candidates
FOR2008,070699,Horticultural Production not elsewhere classified,FOR,300412,Organic and low chemical input crop production,field,False,lexical,0.379,lexical tiebreak among 2 p-flagged candidates
FOR2008,0707,Veterinary Sciences,FOR,3009,Veterinary sciences,group,True,derived_empirical,1.0,"rolled up from 13 FOR2008 leaf-level mapping(s), 13 agreeing"
FOR2008,070701,Veterinary Anaesthesiology and Intensive Care,FOR,300901,Veterinary anaesthesiology and intensive care,field,True,explicit_official,1.0,
FOR2008,070702,Veterinary Anatomy and Physiology,FOR,300902,Veterinary anatomy and physiology,field,True,explicit_official,1.0,
FOR2008,070703,Veterinary Diagnosis and Diagnostics,FOR,300913,Veterinary urology,field,False,lexical,0.444,lexical tiebreak among 2 p-flagged candidates
FOR2008,070703,Veterinary Diagnosis and Diagnostics,FOR,300904,Veterinary diagnosis and diagnostics,field,True,lexical,1.0,lexical tiebreak among 2 p-flagged candidates
FOR2008,070704,Veterinary Epidemiology,FOR,300905,Veterinary epidemiology,field,True,explicit_official,1.0,
FOR2008,070705,Veterinary Immunology,FOR,300906,Veterinary immunology,field,True,explicit_official,1.0,
FOR2008,070706,Veterinary Medicine,FOR,300907,Veterinary medicine (excl. urology),field,True,lexical,0.704,lexical tiebreak among 2 p-flagged candidates
FOR2008,070706,Veterinary Medicine,FOR,300913,Veterinary urology,field,False,lexical,0.595,lexical tiebreak among 2 p-flagged candidates
FOR2008,070707,Veterinary Microbiology (excl. Virology),FOR,300908,Veterinary mycology,field,True,lexical,0.61,lexical tiebreak among 2 p-flagged candidates
FOR2008,070707,Veterinary Microbiology (excl. Virology),FOR,300903,Veterinary bacteriology,field,False,lexical,0.603,lexical tiebreak among 2 p-flagged candidates
FOR2008,070708,Veterinary Parasitology,FOR,300909,Veterinary parasitology,field,True,explicit_official,1.0,
FOR2008,070709,Veterinary Pathology,FOR,300910,Veterinary pathology,field,True,explicit_official,1.0,
FOR2008,070710,Veterinary Pharmacology,FOR,300911,Veterinary pharmacology,field,True,explicit_official,1.0,
FOR2008,070711,Veterinary Surgery,FOR,300912,Veterinary surgery,field,True,explicit_official,1.0,
FOR2008,070712,Veterinary Virology,FOR,300914,Veterinary virology,field,True,explicit_official,1.0,
FOR2008,070799,Veterinary Sciences not elsewhere classified,FOR,300999,Veterinary sciences not elsewhere classified,field,True,explicit_official,1.0,
FOR2008,0799,Other Agricultural and Veterinary Sciences,FOR,3099,"Other agricultural, veterinary and food sciences",group,False,derived_empirical,0.333,"rolled up from 3 FOR2008 leaf-level mapping(s), 1 agreeing"
FOR2008,0799,Other Agricultural and Veterinary Sciences,FOR,3004,Crop and pasture production,group,False,derived_empirical,0.333,"rolled up from 3 FOR2008 leaf-level mapping(s), 1 agreeing"
FOR2008,0799,Other Agricultural and Veterinary Sciences,FOR,3002,"Agriculture, land and farm management",group,True,derived_empirical,0.333,"rolled up from 3 FOR2008 leaf-level mapping(s), 1 agreeing"
FOR2008,079901,"Agricultural Hydrology (Drainage, Flooding, Irrigation, Quality, etc.)",FOR,300201,Agricultural hydrology,field,True,explicit_official,1.0,
FOR2008,079902,Fertilisers and Agrochemicals (incl. Application),FOR,300401,Agrochemicals and biocides (incl. application),field,False,lexical,0.695,lexical tiebreak among 2 p-flagged candidates
FOR2008,079902,Fertilisers and Agrochemicals (incl. Application),FOR,300411,Fertilisers (incl. application),field,True,lexical,0.775,lexical tiebreak among 2 p-flagged candidates
FOR2008,079999,Agricultural and Veterinary Sciences not elsewhere classified,FOR,451501,Pacific Peoples agriculture and forestry,field,False,lexical,0.376,lexical tiebreak among 7 p-flagged candidates
FOR2008,079999,Agricultural and Veterinary Sciences not elsewhere classified,FOR,451599,Pacific Peoples environmental knowledges not elsewhere classified,field,False,lexical,0.587,lexical tiebreak among 7 p-flagged candidates
FOR2008,079999,Agricultural and Veterinary Sciences not elsewhere classified,FOR,450399,Aboriginal and Torres Strait Islander environmental knowledges and management not elsewhere classified,field,False,lexical,0.54,lexical tiebreak among 7 p-flagged candidates
FOR2008,079999,Agricultural and Veterinary Sciences not elsewhere classified,FOR,309999,"Other agricultural, veterinary and food sciences not elsewhere classified",field,True,lexical,0.851,lexical tiebreak among 7 p-flagged candidates
FOR2008,079999,Agricultural and Veterinary Sciences not elsewhere classified,FOR,450901,Te ahuwhenua me ngā mahi ngahere o te Māori (Māori agriculture and forestry),field,False,lexical,0.277,lexical tiebreak among 7 p-flagged candidates
FOR2008,079999,Agricultural and Veterinary Sciences not elsewhere classified,FOR,450301,Aboriginal and Torres Strait Islander agriculture and forestry,field,False,lexical,0.309,lexical tiebreak among 7 p-flagged candidates
FOR2008,079999,Agricultural and Veterinary Sciences not elsewhere classified,FOR,450999,Ngā mātauranga taiao o te Māori kāore anō kia whakarōpūtia i wāhi kē (Māori environmental knowledges not elsewhere classified),field,False,lexical,0.439,lexical tiebreak among 7 p-flagged candidates
FOR2008,08,INFORMATION AND COMPUTING SCIENCES,FOR,46,INFORMATION AND COMPUTING SCIENCES,division,True,derived_empirical,0.908,"rolled up from 65 FOR2008 leaf-level mapping(s), 59 agreeing"
FOR2008,08,INFORMATION AND COMPUTING SCIENCES,FOR,42,HEALTH SCIENCES,division,False,derived_empirical,0.015,"rolled up from 65 FOR2008 leaf-level mapping(s), 1 agreeing"
FOR2008,08,INFORMATION AND COMPUTING SCIENCES,FOR,49,MATHEMATICAL SCIENCES,division,False,derived_empirical,0.015,"rolled up from 65 FOR2008 leaf-level mapping(s), 1 agreeing"
FOR2008,08,INFORMATION AND COMPUTING SCIENCES,FOR,45,INDIGENOUS STUDIES,division,False,derived_empirical,0.062,"rolled up from 65 FOR2008 leaf-level mapping(s), 4 agreeing"
FOR2008,0801,Artificial Intelligence and Image Processing,FOR,4603,Computer vision and multimedia computation,group,False,derived_empirical,0.25,"rolled up from 12 FOR2008 leaf-level mapping(s), 3 agreeing"
FOR2008,0801,Artificial Intelligence and Image Processing,FOR,4602,Artificial intelligence,group,True,derived_empirical,0.5,"rolled up from 12 FOR2008 leaf-level mapping(s), 6 agreeing"
FOR2008,0801,Artificial Intelligence and Image Processing,FOR,4605,Data management and data science,group,False,derived_empirical,0.083,"rolled up from 12 FOR2008 leaf-level mapping(s), 1 agreeing"
FOR2008,0801,Artificial Intelligence and Image Processing,FOR,4607,"Graphics, augmented reality and games",group,False,derived_empirical,0.167,"rolled up from 12 FOR2008 leaf-level mapping(s), 2 agreeing"
FOR2008,080101,Adaptive Agents and Intelligent Robotics,FOR,461105,Reinforcement learning,field,False,lexical,0.323,lexical tiebreak among 5 p-flagged candidates
FOR2008,080101,Adaptive Agents and Intelligent Robotics,FOR,460205,Intelligent robotics,field,True,lexical,0.667,lexical tiebreak among 5 p-flagged candidates
FOR2008,080101,Adaptive Agents and Intelligent Robotics,FOR,460202,Autonomous agents and multiagent systems,field,False,lexical,0.55,lexical tiebreak among 5 p-flagged candidates
FOR2008,080101,Adaptive Agents and Intelligent Robotics,FOR,460808,Mixed initiative and human-in-the-loop,field,False,lexical,0.436,lexical tiebreak among 5 p-flagged candidates
FOR2008,080101,Adaptive Agents and Intelligent Robotics,FOR,460810,Social robotics,field,False,lexical,0.4,lexical tiebreak among 5 p-flagged candidates
FOR2008,080102,Artificial Life,FOR,460201,Artificial life and complex adaptive systems,field,True,explicit_official,1.0,
FOR2008,080103,Computer Graphics,FOR,460807,Information visualisation,field,False,lexical,0.238,lexical tiebreak among 4 p-flagged candidates
FOR2008,080103,Computer Graphics,FOR,460706,Serious games,field,False,lexical,0.4,lexical tiebreak among 4 p-flagged candidates
FOR2008,080103,Computer Graphics,FOR,460701,Computer aided design,field,False,lexical,0.526,lexical tiebreak among 4 p-flagged candidates
FOR2008,080103,Computer Graphics,FOR,460702,Computer graphics,field,True,lexical,1.0,lexical tiebreak among 4 p-flagged candidates
FOR2008,080104,Computer Vision,FOR,460305,Image and video coding,field,False,lexical,0.378,lexical tiebreak among 6 p-flagged candidates
FOR2008,080104,Computer Vision,FOR,460301,Active sensing,field,False,lexical,0.483,lexical tiebreak among 6 p-flagged candidates
FOR2008,080104,Computer Vision,FOR,460304,Computer vision,field,True,lexical,1.0,lexical tiebreak among 6 p-flagged candidates
FOR2008,080104,Computer Vision,FOR,461102,Context learning,field,False,lexical,0.452,lexical tiebreak among 6 p-flagged candidates
FOR2008,080104,Computer Vision,FOR,460303,Computational imaging,field,False,lexical,0.5,lexical tiebreak among 6 p-flagged candidates
FOR2008,080104,Computer Vision,FOR,460309,Video processing,field,False,lexical,0.323,lexical tiebreak among 6 p-flagged candidates
FOR2008,080105,Expert Systems,FOR,460510,Recommender systems,field,True,lexical,0.667,lexical tiebreak among 2 p-flagged candidates
FOR2008,080105,Expert Systems,FOR,460206,Knowledge representation and reasoning,field,False,lexical,0.192,lexical tiebreak among 2 p-flagged candidates
FOR2008,080106,Image Processing,FOR,460306,Image processing,field,True,explicit_official,1.0,
FOR2008,080107,Natural Language Processing,FOR,460208,Natural language processing,field,True,lexical,1.0,lexical tiebreak among 4 p-flagged candidates
FOR2008,080107,Natural Language Processing,FOR,460212,Speech recognition,field,False,lexical,0.133,lexical tiebreak among 4 p-flagged candidates
FOR2008,080107,Natural Language Processing,FOR,460704,Interactive narrative,field,False,lexical,0.208,lexical tiebreak among 4 p-flagged candidates
FOR2008,080107,Natural Language Processing,FOR,460211,Speech production,field,False,lexical,0.364,lexical tiebreak among 4 p-flagged candidates
FOR2008,080108,"Neural, Evolutionary and Fuzzy Computation",FOR,460705,Procedural content generation,field,False,lexical,0.394,lexical tiebreak among 5 p-flagged candidates
FOR2008,080108,"Neural, Evolutionary and Fuzzy Computation",FOR,460204,Fuzzy computation,field,False,lexical,0.576,lexical tiebreak among 5 p-flagged candidates
FOR2008,080108,"Neural, Evolutionary and Fuzzy Computation",FOR,460203,Evolutionary computation,field,True,lexical,0.727,lexical tiebreak among 5 p-flagged candidates
FOR2008,080108,"Neural, Evolutionary and Fuzzy Computation",FOR,461104,Neural networks,field,False,lexical,0.351,lexical tiebreak among 5 p-flagged candidates
FOR2008,080108,"Neural, Evolutionary and Fuzzy Computation",FOR,461103,Deep learning,field,False,lexical,0.291,lexical tiebreak among 5 p-flagged candidates
FOR2008,080109,Pattern Recognition and Data Mining,FOR,460308,Pattern recognition,field,True,lexical,0.704,lexical tiebreak among 7 p-flagged candidates
FOR2008,080109,Pattern Recognition and Data Mining,FOR,461106,Semi- and unsupervised learning,field,False,lexical,0.394,lexical tiebreak among 7 p-flagged candidates
FOR2008,080109,Pattern Recognition and Data Mining,FOR,461103,Deep learning,field,False,lexical,0.292,lexical tiebreak among 7 p-flagged candidates
FOR2008,080109,Pattern Recognition and Data Mining,FOR,460502,Data mining and knowledge discovery,field,False,lexical,0.314,lexical tiebreak among 7 p-flagged candidates
FOR2008,080109,Pattern Recognition and Data Mining,FOR,461104,Neural networks,field,False,lexical,0.12,lexical tiebreak among 7 p-flagged candidates
FOR2008,080109,Pattern Recognition and Data Mining,FOR,461199,Machine learning not elsewhere classified,field,False,lexical,0.184,lexical tiebreak among 7 p-flagged candidates
FOR2008,080109,Pattern Recognition and Data Mining,FOR,460501,Data engineering and data science,field,False,lexical,0.529,lexical tiebreak among 7 p-flagged candidates
FOR2008,080110,Simulation and Modelling,FOR,460207,Modelling and simulation,field,True,explicit_official,1.0,
FOR2008,080111,Virtual Reality and Related Simulation,FOR,460307,Multimodal analysis and synthesis,field,False,lexical,0.423,lexical tiebreak among 5 p-flagged candidates
FOR2008,080111,Virtual Reality and Related Simulation,FOR,460703,Entertainment and gaming,field,False,lexical,0.419,lexical tiebreak among 5 p-flagged candidates
FOR2008,080111,Virtual Reality and Related Simulation,FOR,460708,Virtual and mixed reality,field,True,lexical,0.476,lexical tiebreak among 5 p-flagged candidates
FOR2008,080111,Virtual Reality and Related Simulation,FOR,460301,Active sensing,field,False,lexical,0.231,lexical tiebreak among 5 p-flagged candidates
FOR2008,080111,Virtual Reality and Related Simulation,FOR,460706,Serious games,field,False,lexical,0.118,lexical tiebreak among 5 p-flagged candidates
FOR2008,080199,Artificial Intelligence and Image Processing not elsewhere classified,FOR,460799,"Graphics, augmented reality and games not elsewhere classified",field,False,lexical,0.641,lexical tiebreak among 25 p-flagged candidates
FOR2008,080199,Artificial Intelligence and Image Processing not elsewhere classified,FOR,461199,Machine learning not elsewhere classified,field,False,lexical,0.564,lexical tiebreak among 25 p-flagged candidates
FOR2008,080199,Artificial Intelligence and Image Processing not elsewhere classified,FOR,460703,Entertainment and gaming,field,False,lexical,0.323,lexical tiebreak among 25 p-flagged candidates
FOR2008,080199,Artificial Intelligence and Image Processing not elsewhere classified,FOR,460706,Serious games,field,False,lexical,0.098,lexical tiebreak among 25 p-flagged candidates
FOR2008,080199,Artificial Intelligence and Image Processing not elsewhere classified,FOR,460707,Sound and music computing,field,False,lexical,0.255,lexical tiebreak among 25 p-flagged candidates
FOR2008,080199,Artificial Intelligence and Image Processing not elsewhere classified,FOR,460399,Computer vision and multimedia computation not elsewhere classified,field,False,lexical,0.618,lexical tiebreak among 25 p-flagged candidates
FOR2008,080199,Artificial Intelligence and Image Processing not elsewhere classified,FOR,461106,Semi- and unsupervised learning,field,False,lexical,0.24,lexical tiebreak among 25 p-flagged candidates
FOR2008,080199,Artificial Intelligence and Image Processing not elsewhere classified,FOR,460206,Knowledge representation and reasoning,field,False,lexical,0.262,lexical tiebreak among 25 p-flagged candidates
FOR2008,080199,Artificial Intelligence and Image Processing not elsewhere classified,FOR,460299,Artificial intelligence not elsewhere classified,field,True,lexical,0.821,lexical tiebreak among 25 p-flagged candidates
FOR2008,080199,Artificial Intelligence and Image Processing not elsewhere classified,FOR,460808,Mixed initiative and human-in-the-loop,field,False,lexical,0.374,lexical tiebreak among 25 p-flagged candidates
FOR2008,080199,Artificial Intelligence and Image Processing not elsewhere classified,FOR,460303,Computational imaging,field,False,lexical,0.289,lexical tiebreak among 25 p-flagged candidates
FOR2008,080199,Artificial Intelligence and Image Processing not elsewhere classified,FOR,461105,Reinforcement learning,field,False,lexical,0.132,lexical tiebreak among 25 p-flagged candidates
FOR2008,080199,Artificial Intelligence and Image Processing not elsewhere classified,FOR,460309,Video processing,field,False,lexical,0.306,lexical tiebreak among 25 p-flagged candidates
FOR2008,080199,Artificial Intelligence and Image Processing not elsewhere classified,FOR,460705,Procedural content generation,field,False,lexical,0.286,lexical tiebreak among 25 p-flagged candidates
FOR2008,080199,Artificial Intelligence and Image Processing not elsewhere classified,FOR,460810,Social robotics,field,False,lexical,0.238,lexical tiebreak among 25 p-flagged candidates
FOR2008,080199,Artificial Intelligence and Image Processing not elsewhere classified,FOR,460210,Satisfiability and optimisation,field,False,lexical,0.36,lexical tiebreak among 25 p-flagged candidates
FOR2008,080199,Artificial Intelligence and Image Processing not elsewhere classified,FOR,460209,Planning and decision making,field,False,lexical,0.309,lexical tiebreak among 25 p-flagged candidates
FOR2008,080199,Artificial Intelligence and Image Processing not elsewhere classified,FOR,460301,Active sensing,field,False,lexical,0.241,lexical tiebreak among 25 p-flagged candidates
FOR2008,080199,Artificial Intelligence and Image Processing not elsewhere classified,FOR,460302,Audio processing,field,False,lexical,0.306,lexical tiebreak among 25 p-flagged candidates
FOR2008,080199,Artificial Intelligence and Image Processing not elsewhere classified,FOR,460305,Image and video coding,field,False,lexical,0.33,lexical tiebreak among 25 p-flagged candidates
FOR2008,080199,Artificial Intelligence and Image Processing not elsewhere classified,FOR,460307,Multimodal analysis and synthesis,field,False,lexical,0.275,lexical tiebreak among 25 p-flagged candidates
FOR2008,080199,Artificial Intelligence and Image Processing not elsewhere classified,FOR,460704,Interactive narrative,field,False,lexical,0.222,lexical tiebreak among 25 p-flagged candidates
FOR2008,080199,Artificial Intelligence and Image Processing not elsewhere classified,FOR,461102,Context learning,field,False,lexical,0.235,lexical tiebreak among 25 p-flagged candidates
FOR2008,080199,Artificial Intelligence and Image Processing not elsewhere classified,FOR,461101,Adversarial machine learning,field,False,lexical,0.309,lexical tiebreak among 25 p-flagged candidates
FOR2008,080199,Artificial Intelligence and Image Processing not elsewhere classified,FOR,460212,Speech recognition,field,False,lexical,0.092,lexical tiebreak among 25 p-flagged candidates
FOR2008,0802,Computation Theory and Mathematics,FOR,4613,Theory of computation,group,True,derived_empirical,0.833,"rolled up from 6 FOR2008 leaf-level mapping(s), 5 agreeing"
FOR2008,0802,Computation Theory and Mathematics,FOR,4901,Applied mathematics,group,False,derived_empirical,0.167,"rolled up from 6 FOR2008 leaf-level mapping(s), 1 agreeing"
FOR2008,080201,Analysis of Algorithms and Complexity,FOR,461302,Computational complexity and computability,field,False,lexical,0.38,lexical tiebreak among 3 p-flagged candidates
FOR2008,080201,Analysis of Algorithms and Complexity,FOR,461305,Data structures and algorithms,field,True,lexical,0.388,lexical tiebreak among 3 p-flagged candidates
FOR2008,080201,Analysis of Algorithms and Complexity,FOR,460506,"Graph, social and multimedia data",field,False,lexical,0.371,lexical tiebreak among 3 p-flagged candidates
FOR2008,080202,Applied Discrete Mathematics,FOR,490199,Applied mathematics not elsewhere classified,field,True,explicit_official,0.528,partial (p-flagged) single correspondence
FOR2008,080203,Computational Logic and Formal Languages,FOR,461205,Requirements engineering,field,False,lexical,0.281,lexical tiebreak among 4 p-flagged candidates
FOR2008,080203,Computational Logic and Formal Languages,FOR,460210,Satisfiability and optimisation,field,False,lexical,0.197,lexical tiebreak among 4 p-flagged candidates
FOR2008,080203,Computational Logic and Formal Languages,FOR,461203,Formal methods for software,field,False,lexical,0.269,lexical tiebreak among 4 p-flagged candidates
FOR2008,080203,Computational Logic and Formal Languages,FOR,461303,Computational logic and formal languages,field,True,lexical,1.0,lexical tiebreak among 4 p-flagged candidates
FOR2008,080204,Mathematical Software,FOR,461306,Numerical computation and mathematical software,field,True,lexical,0.618,lexical tiebreak among 2 p-flagged candidates
FOR2008,080204,Mathematical Software,FOR,461304,Concurrency theory,field,False,lexical,0.256,lexical tiebreak among 2 p-flagged candidates
FOR2008,080205,Numerical Computation,FOR,461306,Numerical computation and mathematical software,field,True,lexical,0.618,lexical tiebreak among 2 p-flagged candidates
FOR2008,080205,Numerical Computation,FOR,461304,Concurrency theory,field,False,lexical,0.256,lexical tiebreak among 2 p-flagged candidates
FOR2008,080299,Computation Theory and Mathematics not elsewhere classified,FOR,461399,Theory of computation not elsewhere classified,field,True,lexical,0.686,lexical tiebreak among 2 p-flagged candidates
FOR2008,080299,Computation Theory and Mathematics not elsewhere classified,FOR,460506,"Graph, social and multimedia data",field,False,lexical,0.239,lexical tiebreak among 2 p-flagged candidates
FOR2008,0803,Computer Software,FOR,4604,Cybersecurity and privacy,group,False,derived_empirical,0.1,"rolled up from 10 FOR2008 leaf-level mapping(s), 1 agreeing"
FOR2008,0803,Computer Software,FOR,4612,Software engineering,group,True,derived_empirical,0.5,"rolled up from 10 FOR2008 leaf-level mapping(s), 5 agreeing"
FOR2008,0803,Computer Software,FOR,4603,Computer vision and multimedia computation,group,False,derived_empirical,0.1,"rolled up from 10 FOR2008 leaf-level mapping(s), 1 agreeing"
FOR2008,0803,Computer Software,FOR,4606,Distributed computing and systems software,group,False,derived_empirical,0.1,"rolled up from 10 FOR2008 leaf-level mapping(s), 1 agreeing"
FOR2008,0803,Computer Software,FOR,4613,Theory of computation,group,False,derived_empirical,0.1,"rolled up from 10 FOR2008 leaf-level mapping(s), 1 agreeing"
FOR2008,0803,Computer Software,FOR,4601,Applied computing,group,False,derived_empirical,0.1,"rolled up from 10 FOR2008 leaf-level mapping(s), 1 agreeing"
FOR2008,080301,Bioinformatics Software,FOR,460103,Applications in life sciences,field,True,explicit_official,1.0,
FOR2008,080302,Computer System Architecture,FOR,461206,Software architecture,field,True,lexical,0.653,lexical tiebreak among 2 p-flagged candidates
FOR2008,080302,Computer System Architecture,FOR,460604,Dependable systems,field,False,lexical,0.391,lexical tiebreak among 2 p-flagged candidates
FOR2008,080303,Computer System Security,FOR,461101,Adversarial machine learning,field,False,lexical,0.192,lexical tiebreak among 9 p-flagged candidates
FOR2008,080303,Computer System Security,FOR,460404,Digital forensics,field,False,lexical,0.098,lexical tiebreak among 9 p-flagged candidates
FOR2008,080303,Computer System Security,FOR,460406,Software and application security,field,False,lexical,0.386,lexical tiebreak among 9 p-flagged candidates
FOR2008,080303,Computer System Security,FOR,460404,Digital forensics,field,False,lexical,0.098,lexical tiebreak among 9 p-flagged candidates
FOR2008,080303,Computer System Security,FOR,460405,Hardware security,field,False,lexical,0.488,lexical tiebreak among 9 p-flagged candidates
FOR2008,080303,Computer System Security,FOR,460402,Data and information privacy,field,False,lexical,0.231,lexical tiebreak among 9 p-flagged candidates
FOR2008,080303,Computer System Security,FOR,460499,Cybersecurity and privacy not elsewhere classified,field,False,lexical,0.297,lexical tiebreak among 9 p-flagged candidates
FOR2008,080303,Computer System Security,FOR,460407,System and network security,field,True,lexical,0.588,lexical tiebreak among 9 p-flagged candidates
FOR2008,080303,Computer System Security,FOR,460403,Data security and protection,field,False,lexical,0.385,lexical tiebreak among 9 p-flagged candidates
FOR2008,080304,Concurrent Programming,FOR,461304,Concurrency theory,field,True,lexical,0.55,lexical tiebreak among 3 p-flagged candidates
FOR2008,080304,Concurrent Programming,FOR,460602,Concurrent/parallel systems and technologies,field,False,lexical,0.424,lexical tiebreak among 3 p-flagged candidates
FOR2008,080304,Concurrent Programming,FOR,460607,High performance computing,field,False,lexical,0.292,lexical tiebreak among 3 p-flagged candidates
FOR2008,080305,Multimedia Programming,FOR,460399,Computer vision and multimedia computation not elsewhere classified,field,True,explicit_official,0.337,partial (p-flagged) single correspondence
FOR2008,080306,Open Software,FOR,461299,Software engineering not elsewhere classified,field,True,explicit_official,0.276,partial (p-flagged) single correspondence
FOR2008,080307,Operating Systems,FOR,460610,Operating systems,field,True,explicit_official,1.0,
FOR2008,080308,Programming Languages,FOR,461204,Programming languages,field,True,explicit_official,1.0,
FOR2008,080309,Software Engineering,FOR,461205,Requirements engineering,field,False,lexical,0.636,lexical tiebreak among 6 p-flagged candidates
FOR2008,080309,Software Engineering,FOR,461202,Empirical software engineering,field,False,lexical,0.8,lexical tiebreak among 6 p-flagged candidates
FOR2008,080309,Software Engineering,FOR,461203,Formal methods for software,field,False,lexical,0.34,lexical tiebreak among 6 p-flagged candidates
FOR2008,080309,Software Engineering,FOR,461207,"Software quality, processes and metrics",field,False,lexical,0.475,lexical tiebreak among 6 p-flagged candidates
FOR2008,080309,Software Engineering,FOR,461201,Automated software engineering,field,True,lexical,0.8,lexical tiebreak among 6 p-flagged candidates
FOR2008,080309,Software Engineering,FOR,461208,"Software testing, verification and validation",field,False,lexical,0.492,lexical tiebreak among 6 p-flagged candidates
FOR2008,080399,Computer Software not elsewhere classified,FOR,460611,Performance evaluation,field,False,lexical,0.25,lexical tiebreak among 23 p-flagged candidates
FOR2008,080399,Computer Software not elsewhere classified,FOR,460506,"Graph, social and multimedia data",field,False,lexical,0.213,lexical tiebreak among 23 p-flagged candidates
FOR2008,080399,Computer Software not elsewhere classified,FOR,461299,Software engineering not elsewhere classified,field,True,lexical,0.759,lexical tiebreak among 23 p-flagged candidates
FOR2008,080399,Computer Software not elsewhere classified,FOR,460604,Dependable systems,field,False,lexical,0.133,lexical tiebreak among 23 p-flagged candidates
FOR2008,080399,Computer Software not elsewhere classified,FOR,461208,"Software testing, verification and validation",field,False,lexical,0.391,lexical tiebreak among 23 p-flagged candidates
FOR2008,080399,Computer Software not elsewhere classified,FOR,460606,Energy-efficient computing,field,False,lexical,0.206,lexical tiebreak among 23 p-flagged candidates
FOR2008,080399,Computer Software not elsewhere classified,FOR,460507,Information extraction and fusion,field,False,lexical,0.32,lexical tiebreak among 23 p-flagged candidates
FOR2008,080399,Computer Software not elsewhere classified,FOR,460707,Sound and music computing,field,False,lexical,0.209,lexical tiebreak among 23 p-flagged candidates
FOR2008,080399,Computer Software not elsewhere classified,FOR,460504,Data quality,field,False,lexical,0.074,lexical tiebreak among 23 p-flagged candidates
FOR2008,080399,Computer Software not elsewhere classified,FOR,460805,"Fairness, accountability, transparency, trust and ethics of computer systems",field,False,lexical,0.22,lexical tiebreak among 23 p-flagged candidates
FOR2008,080399,Computer Software not elsewhere classified,FOR,460899,Human-centred computing not elsewhere classified,field,False,lexical,0.689,lexical tiebreak among 23 p-flagged candidates
FOR2008,080399,Computer Software not elsewhere classified,FOR,461207,"Software quality, processes and metrics",field,False,lexical,0.42,lexical tiebreak among 23 p-flagged candidates
FOR2008,080399,Computer Software not elsewhere classified,FOR,460804,Computing education,field,False,lexical,0.393,lexical tiebreak among 23 p-flagged candidates
FOR2008,080399,Computer Software not elsewhere classified,FOR,461203,Formal methods for software,field,False,lexical,0.377,lexical tiebreak among 23 p-flagged candidates
FOR2008,080399,Computer Software not elsewhere classified,FOR,460105,Applications in social sciences and education,field,False,lexical,0.322,lexical tiebreak among 23 p-flagged candidates
FOR2008,080399,Computer Software not elsewhere classified,FOR,460807,Information visualisation,field,False,lexical,0.179,lexical tiebreak among 23 p-flagged candidates
FOR2008,080399,Computer Software not elsewhere classified,FOR,461205,Requirements engineering,field,False,lexical,0.152,lexical tiebreak among 23 p-flagged candidates
FOR2008,080399,Computer Software not elsewhere classified,FOR,460101,Applications in arts and humanities,field,False,lexical,0.26,lexical tiebreak among 23 p-flagged candidates
FOR2008,080399,Computer Software not elsewhere classified,FOR,461201,Automated software engineering,field,False,lexical,0.528,lexical tiebreak among 23 p-flagged candidates
FOR2008,080399,Computer Software not elsewhere classified,FOR,460399,Computer vision and multimedia computation not elsewhere classified,field,False,lexical,0.697,lexical tiebreak among 23 p-flagged candidates
FOR2008,080399,Computer Software not elsewhere classified,FOR,460104,Applications in physical sciences,field,False,lexical,0.213,lexical tiebreak among 23 p-flagged candidates
FOR2008,080399,Computer Software not elsewhere classified,FOR,460106,Spatial data and applications,field,False,lexical,0.085,lexical tiebreak among 23 p-flagged candidates
FOR2008,080399,Computer Software not elsewhere classified,FOR,460499,Cybersecurity and privacy not elsewhere classified,field,False,lexical,0.674,lexical tiebreak among 23 p-flagged candidates
FOR2008,0804,Data Format,FOR,4604,Cybersecurity and privacy,group,False,derived_empirical,0.4,"rolled up from 5 FOR2008 leaf-level mapping(s), 2 agreeing"
FOR2008,0804,Data Format,FOR,4609,Information systems,group,False,derived_empirical,0.2,"rolled up from 5 FOR2008 leaf-level mapping(s), 1 agreeing"
FOR2008,0804,Data Format,FOR,4613,Theory of computation,group,True,derived_empirical,0.4,"rolled up from 5 FOR2008 leaf-level mapping(s), 2 agreeing"
FOR2008,080401,Coding and Information Theory,FOR,461301,"Coding, information theory and compression",field,True,explicit_official,1.0,
FOR2008,080402,Data Encryption,FOR,460401,Cryptography,field,True,explicit_official,1.0,
FOR2008,080403,Data Structures,FOR,461305,Data structures and algorithms,field,True,lexical,0.667,lexical tiebreak among 2 p-flagged candidates
FOR2008,080403,Data Structures,FOR,460503,"Data models, storage and indexing",field,False,lexical,0.375,lexical tiebreak among 2 p-flagged candidates
FOR2008,080404,Markup Languages,FOR,460999,Information systems not elsewhere classified,field,True,explicit_official,0.233,partial (p-flagged) single correspondence
FOR2008,080499,Data Format not elsewhere classified,FOR,460402,Data and information privacy,field,True,lexical,0.438,lexical tiebreak among 6 p-flagged candidates
FOR2008,080499,Data Format not elsewhere classified,FOR,460501,Data engineering and data science,field,False,lexical,0.377,lexical tiebreak among 6 p-flagged candidates
FOR2008,080499,Data Format not elsewhere classified,FOR,460504,Data quality,field,False,lexical,0.292,lexical tiebreak among 6 p-flagged candidates
FOR2008,080499,Data Format not elsewhere classified,FOR,460707,Sound and music computing,field,False,lexical,0.262,lexical tiebreak among 6 p-flagged candidates
FOR2008,080499,Data Format not elsewhere classified,FOR,460606,Energy-efficient computing,field,False,lexical,0.129,lexical tiebreak among 6 p-flagged candidates
FOR2008,080499,Data Format not elsewhere classified,FOR,460506,"Graph, social and multimedia data",field,False,lexical,0.116,lexical tiebreak among 6 p-flagged candidates
FOR2008,0805,Distributed Computing,FOR,4606,Distributed computing and systems software,group,True,derived_empirical,0.833,"rolled up from 6 FOR2008 leaf-level mapping(s), 5 agreeing"
FOR2008,0805,Distributed Computing,FOR,4608,Human-centred computing,group,False,derived_empirical,0.167,"rolled up from 6 FOR2008 leaf-level mapping(s), 1 agreeing"
FOR2008,080501,Distributed and Grid Systems,FOR,460601,Cloud computing,field,False,lexical,0.233,lexical tiebreak among 3 p-flagged candidates
FOR2008,080501,Distributed and Grid Systems,FOR,460605,Distributed systems and algorithms,field,True,lexical,0.613,lexical tiebreak among 3 p-flagged candidates
FOR2008,080501,Distributed and Grid Systems,FOR,460604,Dependable systems,field,False,lexical,0.522,lexical tiebreak among 3 p-flagged candidates
FOR2008,080502,Mobile Technologies,FOR,460608,Mobile computing,field,True,explicit_official,1.0,
FOR2008,080503,Networking and Communications,FOR,460609,Networking and communications,field,True,explicit_official,1.0,
FOR2008,080504,Ubiquitous Computing,FOR,460809,Pervasive computing,field,True,lexical,0.564,lexical tiebreak among 3 p-flagged candidates
FOR2008,080504,Ubiquitous Computing,FOR,460603,Cyberphysical systems and internet of things,field,False,lexical,0.312,lexical tiebreak among 3 p-flagged candidates
FOR2008,080504,Ubiquitous Computing,FOR,460511,Stream and sensor data,field,False,lexical,0.19,lexical tiebreak among 3 p-flagged candidates
FOR2008,080505,Web Technologies (excl. Web Search),FOR,460612,Service oriented computing,field,True,lexical,0.23,lexical tiebreak among 2 p-flagged candidates
FOR2008,080505,Web Technologies (excl. Web Search),FOR,460510,Recommender systems,field,False,lexical,0.185,lexical tiebreak among 2 p-flagged candidates
FOR2008,080599,Distributed Computing not elsewhere classified,FOR,460601,Cloud computing,field,False,lexical,0.393,lexical tiebreak among 11 p-flagged candidates
FOR2008,080599,Distributed Computing not elsewhere classified,FOR,460499,Cybersecurity and privacy not elsewhere classified,field,False,lexical,0.667,lexical tiebreak among 11 p-flagged candidates
FOR2008,080599,Distributed Computing not elsewhere classified,FOR,460804,Computing education,field,False,lexical,0.369,lexical tiebreak among 11 p-flagged candidates
FOR2008,080599,Distributed Computing not elsewhere classified,FOR,460606,Energy-efficient computing,field,False,lexical,0.333,lexical tiebreak among 11 p-flagged candidates
FOR2008,080599,Distributed Computing not elsewhere classified,FOR,460699,Distributed computing and systems software not elsewhere classified,field,True,lexical,0.814,lexical tiebreak among 11 p-flagged candidates
FOR2008,080599,Distributed Computing not elsewhere classified,FOR,460611,Performance evaluation,field,False,lexical,0.147,lexical tiebreak among 11 p-flagged candidates
FOR2008,080599,Distributed Computing not elsewhere classified,FOR,461207,"Software quality, processes and metrics",field,False,lexical,0.141,lexical tiebreak among 11 p-flagged candidates
FOR2008,080599,Distributed Computing not elsewhere classified,FOR,460604,Dependable systems,field,False,lexical,0.188,lexical tiebreak among 11 p-flagged candidates
FOR2008,080599,Distributed Computing not elsewhere classified,FOR,460511,Stream and sensor data,field,False,lexical,0.324,lexical tiebreak among 11 p-flagged candidates
FOR2008,080599,Distributed Computing not elsewhere classified,FOR,460507,Information extraction and fusion,field,False,lexical,0.228,lexical tiebreak among 11 p-flagged candidates
FOR2008,080599,Distributed Computing not elsewhere classified,FOR,460402,Data and information privacy,field,False,lexical,0.162,lexical tiebreak among 11 p-flagged candidates
FOR2008,0806,Information Systems,FOR,4608,Human-centred computing,group,False,derived_empirical,0.067,"rolled up from 15 FOR2008 leaf-level mapping(s), 1 agreeing"
FOR2008,0806,Information Systems,FOR,4609,Information systems,group,True,derived_empirical,0.6,"rolled up from 15 FOR2008 leaf-level mapping(s), 9 agreeing"
FOR2008,0806,Information Systems,FOR,4605,Data management and data science,group,False,derived_empirical,0.133,"rolled up from 15 FOR2008 leaf-level mapping(s), 2 agreeing"
FOR2008,0806,Information Systems,FOR,4512,Ngā pūtaiao Māori (Māori sciences),group,False,derived_empirical,0.067,"rolled up from 15 FOR2008 leaf-level mapping(s), 1 agreeing"
FOR2008,0806,Information Systems,FOR,4506,Aboriginal and Torres Strait Islander sciences,group,False,derived_empirical,0.067,"rolled up from 15 FOR2008 leaf-level mapping(s), 1 agreeing"
FOR2008,0806,Information Systems,FOR,4517,Pacific Peoples sciences,group,False,derived_empirical,0.067,"rolled up from 15 FOR2008 leaf-level mapping(s), 1 agreeing"
FOR2008,080601,Aboriginal and Torres Strait Islander Information and Knowledge Systems,FOR,450115,Aboriginal and Torres Strait Islander research methods,field,False,lexical,0.656,lexical tiebreak among 4 p-flagged candidates
FOR2008,080601,Aboriginal and Torres Strait Islander Information and Knowledge Systems,FOR,451907,Indigenous methodologies,field,False,lexical,0.105,lexical tiebreak among 4 p-flagged candidates
FOR2008,080601,Aboriginal and Torres Strait Islander Information and Knowledge Systems,FOR,450606,Aboriginal and Torres Strait Islander information and knowledge management systems,field,True,lexical,0.928,lexical tiebreak among 4 p-flagged candidates
FOR2008,080601,Aboriginal and Torres Strait Islander Information and Knowledge Systems,FOR,451906,Indigenous data and data technologies,field,False,lexical,0.241,lexical tiebreak among 4 p-flagged candidates
FOR2008,080602,Computer-Human Interaction,FOR,460910,Information systems user experience design and development,field,False,lexical,0.19,lexical tiebreak among 13 p-flagged candidates
FOR2008,080602,Computer-Human Interaction,FOR,460307,Multimodal analysis and synthesis,field,False,lexical,0.271,lexical tiebreak among 13 p-flagged candidates
FOR2008,080602,Computer-Human Interaction,FOR,460806,Human-computer interaction,field,True,lexical,0.769,lexical tiebreak among 13 p-flagged candidates
FOR2008,080602,Computer-Human Interaction,FOR,461003,Human information interaction and retrieval,field,False,lexical,0.493,lexical tiebreak among 13 p-flagged candidates
FOR2008,080602,Computer-Human Interaction,FOR,460704,Interactive narrative,field,False,lexical,0.426,lexical tiebreak among 13 p-flagged candidates
FOR2008,080602,Computer-Human Interaction,FOR,460801,Accessible computing,field,False,lexical,0.348,lexical tiebreak among 13 p-flagged candidates
FOR2008,080602,Computer-Human Interaction,FOR,460802,Affective computing,field,False,lexical,0.356,lexical tiebreak among 13 p-flagged candidates
FOR2008,080602,Computer-Human Interaction,FOR,460808,Mixed initiative and human-in-the-loop,field,False,lexical,0.406,lexical tiebreak among 13 p-flagged candidates
FOR2008,080602,Computer-Human Interaction,FOR,460807,Information visualisation,field,False,lexical,0.314,lexical tiebreak among 13 p-flagged candidates
FOR2008,080602,Computer-Human Interaction,FOR,460803,Collaborative and social computing,field,False,lexical,0.267,lexical tiebreak among 13 p-flagged candidates
FOR2008,080602,Computer-Human Interaction,FOR,460810,Social robotics,field,False,lexical,0.195,lexical tiebreak among 13 p-flagged candidates
FOR2008,080602,Computer-Human Interaction,FOR,460703,Entertainment and gaming,field,False,lexical,0.36,lexical tiebreak among 13 p-flagged candidates
FOR2008,080602,Computer-Human Interaction,FOR,460706,Serious games,field,False,lexical,0.205,lexical tiebreak among 13 p-flagged candidates
FOR2008,080603,Conceptual Modelling,FOR,460903,"Information modelling, management and ontologies",field,True,lexical,0.353,lexical tiebreak among 2 p-flagged candidates
FOR2008,080603,Conceptual Modelling,FOR,460507,Information extraction and fusion,field,False,lexical,0.264,lexical tiebreak among 2 p-flagged candidates
FOR2008,080604,Database Management,FOR,460511,Stream and sensor data,field,False,lexical,0.195,lexical tiebreak among 7 p-flagged candidates
FOR2008,080604,Database Management,FOR,460507,Information extraction and fusion,field,False,lexical,0.269,lexical tiebreak among 7 p-flagged candidates
FOR2008,080604,Database Management,FOR,460599,Data management and data science not elsewhere classified,field,False,lexical,0.395,lexical tiebreak among 7 p-flagged candidates
FOR2008,080604,Database Management,FOR,460504,Data quality,field,False,lexical,0.387,lexical tiebreak among 7 p-flagged candidates
FOR2008,080604,Database Management,FOR,460509,Query processing and optimisation,field,False,lexical,0.154,lexical tiebreak among 7 p-flagged candidates
FOR2008,080604,Database Management,FOR,460505,Database systems,field,True,lexical,0.629,lexical tiebreak among 7 p-flagged candidates
FOR2008,080604,Database Management,FOR,460506,"Graph, social and multimedia data",field,False,lexical,0.154,lexical tiebreak among 7 p-flagged candidates
FOR2008,080605,Decision Support and Group Support Systems,FOR,460902,Decision support and group support systems,field,True,lexical,1.0,lexical tiebreak among 4 p-flagged candidates
FOR2008,080605,Decision Support and Group Support Systems,FOR,460803,Collaborative and social computing,field,False,lexical,0.289,lexical tiebreak among 4 p-flagged candidates
FOR2008,080605,Decision Support and Group Support Systems,FOR,460510,Recommender systems,field,False,lexical,0.361,lexical tiebreak among 4 p-flagged candidates
FOR2008,080605,Decision Support and Group Support Systems,FOR,460507,Information extraction and fusion,field,False,lexical,0.32,lexical tiebreak among 4 p-flagged candidates
FOR2008,080606,Global Information Systems,FOR,460911,"Inter-organisational, extra-organisational and global information systems",field,True,explicit_official,1.0,
FOR2008,080607,Information Engineering and Theory,FOR,460912,Knowledge and information management,field,True,explicit_official,1.0,
FOR2008,080608,Information Systems Development Methodologies,FOR,460905,Information systems development methodologies and practice,field,True,explicit_official,1.0,
FOR2008,080609,Information Systems Management,FOR,460901,Business process management,field,False,lexical,0.561,lexical tiebreak among 3 p-flagged candidates
FOR2008,080609,Information Systems Management,FOR,460904,Information security management,field,True,lexical,0.82,lexical tiebreak among 3 p-flagged candidates
FOR2008,080609,Information Systems Management,FOR,460908,Information systems organisation and management,field,False,lexical,0.779,lexical tiebreak among 3 p-flagged candidates
FOR2008,080610,Information Systems Organisation,FOR,460901,Business process management,field,False,lexical,0.339,lexical tiebreak among 3 p-flagged candidates
FOR2008,080610,Information Systems Organisation,FOR,460908,Information systems organisation and management,field,True,lexical,0.81,lexical tiebreak among 3 p-flagged candidates
FOR2008,080610,Information Systems Organisation,FOR,460507,Information extraction and fusion,field,False,lexical,0.585,lexical tiebreak among 3 p-flagged candidates
FOR2008,080611,Information Systems Theory,FOR,460909,"Information systems philosophy, research methods and theory",field,True,explicit_official,1.0,
FOR2008,080612,Interorganisational Information Systems and Web Services,FOR,460507,Information extraction and fusion,field,True,lexical,0.449,lexical tiebreak among 2 p-flagged candidates
FOR2008,080612,Interorganisational Information Systems and Web Services,FOR,460612,Service oriented computing,field,False,lexical,0.171,lexical tiebreak among 2 p-flagged candidates
FOR2008,080613,Māori Information and Knowledge Systems,FOR,451209,Ngā tikanga whakahaere mōhiotanga Māori (Māori knowledge management methods),field,False,lexical,0.4,lexical tiebreak among 8 p-flagged candidates
FOR2008,080613,Māori Information and Knowledge Systems,FOR,451207,Ngā pūnaha whakahaere mōhiohio me te mātauranga o te Māori (Māori information and knowledge management systems),field,True,lexical,0.52,lexical tiebreak among 8 p-flagged candidates
FOR2008,080613,Māori Information and Knowledge Systems,FOR,451208,Te wairua auaha o te Māori (Māori innovation),field,False,lexical,0.333,lexical tiebreak among 8 p-flagged candidates
FOR2008,080613,Māori Information and Knowledge Systems,FOR,451906,Indigenous data and data technologies,field,False,lexical,0.395,lexical tiebreak among 8 p-flagged candidates
FOR2008,080613,Māori Information and Knowledge Systems,FOR,451907,Indigenous methodologies,field,False,lexical,0.254,lexical tiebreak among 8 p-flagged candidates
FOR2008,080613,Māori Information and Knowledge Systems,FOR,450720,Ngā tikanga rangahau o te Māori (Māori research methods),field,False,lexical,0.274,lexical tiebreak among 8 p-flagged candidates
FOR2008,080613,Māori Information and Knowledge Systems,FOR,450717,Ngā Kaupapa Māori (Māori projects),field,False,lexical,0.274,lexical tiebreak among 8 p-flagged candidates
FOR2008,080613,Māori Information and Knowledge Systems,FOR,451204,Te mana motuhake o ngā raraunga Māori (Māori data sovereignty),field,False,lexical,0.277,lexical tiebreak among 8 p-flagged candidates
FOR2008,080614,Pacific Peoples Information and Knowledge Systems,FOR,451906,Indigenous data and data technologies,field,False,lexical,0.419,lexical tiebreak among 6 p-flagged candidates
FOR2008,080614,Pacific Peoples Information and Knowledge Systems,FOR,451317,Pacific Peoples research methods,field,False,lexical,0.469,lexical tiebreak among 6 p-flagged candidates
FOR2008,080614,Pacific Peoples Information and Knowledge Systems,FOR,451708,Pacific Peoples knowledge management methods,field,False,lexical,0.624,lexical tiebreak among 6 p-flagged candidates
FOR2008,080614,Pacific Peoples Information and Knowledge Systems,FOR,451907,Indigenous methodologies,field,False,lexical,0.219,lexical tiebreak among 6 p-flagged candidates
FOR2008,080614,Pacific Peoples Information and Knowledge Systems,FOR,451707,Pacific Peoples innovation,field,False,lexical,0.64,lexical tiebreak among 6 p-flagged candidates
FOR2008,080614,Pacific Peoples Information and Knowledge Systems,FOR,451706,Pacific Peoples information and knowledge management systems,field,True,lexical,0.899,lexical tiebreak among 6 p-flagged candidates
FOR2008,080699,Information Systems not elsewhere classified,FOR,460899,Human-centred computing not elsewhere classified,field,False,lexical,0.587,lexical tiebreak among 16 p-flagged candidates
FOR2008,080699,Information Systems not elsewhere classified,FOR,460402,Data and information privacy,field,False,lexical,0.361,lexical tiebreak among 16 p-flagged candidates
FOR2008,080699,Information Systems not elsewhere classified,FOR,460906,Information systems education,field,False,lexical,0.603,lexical tiebreak among 16 p-flagged candidates
FOR2008,080699,Information Systems not elsewhere classified,FOR,460907,Information systems for sustainable development and the public good,field,False,lexical,0.523,lexical tiebreak among 16 p-flagged candidates
FOR2008,080699,Information Systems not elsewhere classified,FOR,460599,Data management and data science not elsewhere classified,field,False,lexical,0.634,lexical tiebreak among 16 p-flagged candidates
FOR2008,080699,Information Systems not elsewhere classified,FOR,460803,Collaborative and social computing,field,False,lexical,0.333,lexical tiebreak among 16 p-flagged candidates
FOR2008,080699,Information Systems not elsewhere classified,FOR,460807,Information visualisation,field,False,lexical,0.464,lexical tiebreak among 16 p-flagged candidates
FOR2008,080699,Information Systems not elsewhere classified,FOR,460509,Query processing and optimisation,field,False,lexical,0.234,lexical tiebreak among 16 p-flagged candidates
FOR2008,080699,Information Systems not elsewhere classified,FOR,460999,Information systems not elsewhere classified,field,True,lexical,1.0,lexical tiebreak among 16 p-flagged candidates
FOR2008,080699,Information Systems not elsewhere classified,FOR,460501,Data engineering and data science,field,False,lexical,0.26,lexical tiebreak among 16 p-flagged candidates
FOR2008,080699,Information Systems not elsewhere classified,FOR,460511,Stream and sensor data,field,False,lexical,0.182,lexical tiebreak among 16 p-flagged candidates
FOR2008,080699,Information Systems not elsewhere classified,FOR,451907,Indigenous methodologies,field,False,lexical,0.265,lexical tiebreak among 16 p-flagged candidates
FOR2008,080699,Information Systems not elsewhere classified,FOR,460707,Sound and music computing,field,False,lexical,0.058,lexical tiebreak among 16 p-flagged candidates
FOR2008,080699,Information Systems not elsewhere classified,FOR,460804,Computing education,field,False,lexical,0.222,lexical tiebreak among 16 p-flagged candidates
FOR2008,080699,Information Systems not elsewhere classified,FOR,460504,Data quality,field,False,lexical,0.143,lexical tiebreak among 16 p-flagged candidates
FOR2008,080699,Information Systems not elsewhere classified,FOR,460510,Recommender systems,field,False,lexical,0.317,lexical tiebreak among 16 p-flagged candidates
FOR2008,0807,Library and Information Studies,FOR,4610,Library and information studies,group,True,derived_empirical,0.7,"rolled up from 10 FOR2008 leaf-level mapping(s), 7 agreeing"
FOR2008,0807,Library and Information Studies,FOR,4506,Aboriginal and Torres Strait Islander sciences,group,False,derived_empirical,0.1,"rolled up from 10 FOR2008 leaf-level mapping(s), 1 agreeing"
FOR2008,0807,Library and Information Studies,FOR,4605,Data management and data science,group,False,derived_empirical,0.1,"rolled up from 10 FOR2008 leaf-level mapping(s), 1 agreeing"
FOR2008,0807,Library and Information Studies,FOR,4203,Health services and systems,group,False,derived_empirical,0.1,"rolled up from 10 FOR2008 leaf-level mapping(s), 1 agreeing"
FOR2008,080701,Aboriginal and Torres Strait Islander Knowledge Management,FOR,450608,Aboriginal and Torres Strait Islander knowledge management methods,field,True,lexical,0.935,lexical tiebreak among 2 p-flagged candidates
FOR2008,080701,Aboriginal and Torres Strait Islander Knowledge Management,FOR,450607,Aboriginal and Torres Strait Islander innovation,field,False,lexical,0.792,lexical tiebreak among 2 p-flagged candidates
FOR2008,080702,Health Informatics,FOR,420308,Health informatics and information systems,field,True,lexical,0.6,lexical tiebreak among 2 p-flagged candidates
FOR2008,080702,Health Informatics,FOR,460102,Applications in health,field,False,lexical,0.3,lexical tiebreak among 2 p-flagged candidates
FOR2008,080703,Human Information Behaviour,FOR,461002,Human information behaviour,field,True,lexical,1.0,lexical tiebreak among 2 p-flagged candidates
FOR2008,080703,Human Information Behaviour,FOR,461003,Human information interaction and retrieval,field,False,lexical,0.657,lexical tiebreak among 2 p-flagged candidates
FOR2008,080704,Information Retrieval and Web Search,FOR,460508,Information retrieval and web search,field,True,lexical,1.0,lexical tiebreak among 4 p-flagged candidates
FOR2008,080704,Information Retrieval and Web Search,FOR,460506,"Graph, social and multimedia data",field,False,lexical,0.319,lexical tiebreak among 4 p-flagged candidates
FOR2008,080704,Information Retrieval and Web Search,FOR,460509,Query processing and optimisation,field,False,lexical,0.261,lexical tiebreak among 4 p-flagged candidates
FOR2008,080704,Information Retrieval and Web Search,FOR,461003,Human information interaction and retrieval,field,False,lexical,0.532,lexical tiebreak among 4 p-flagged candidates
FOR2008,080705,Informetrics,FOR,461005,Informetrics,field,True,explicit_official,1.0,
FOR2008,080706,Librarianship,FOR,461006,Library studies,field,True,explicit_official,1.0,
FOR2008,080707,Organisation of Information and Knowledge Resources,FOR,461008,Organisation of information and knowledge resources,field,True,explicit_official,1.0,
FOR2008,080708,Records and Information Management (excl. Business Records and Information Management),FOR,461009,Recordkeeping informatics,field,True,explicit_official,1.0,
FOR2008,080709,Social and Community Informatics,FOR,461010,Social and community informatics,field,True,explicit_official,1.0,
FOR2008,080799,Library and Information Studies not elsewhere classified,FOR,461099,Library and information studies not elsewhere classified,field,True,lexical,1.0,lexical tiebreak among 5 p-flagged candidates
FOR2008,080799,Library and Information Studies not elsewhere classified,FOR,461001,Digital curation and preservation,field,False,lexical,0.337,lexical tiebreak among 5 p-flagged candidates
FOR2008,080799,Library and Information Studies not elsewhere classified,FOR,461004,"Information governance, policy and ethics",field,False,lexical,0.33,lexical tiebreak among 5 p-flagged candidates
FOR2008,080799,Library and Information Studies not elsewhere classified,FOR,460510,Recommender systems,field,False,lexical,0.24,lexical tiebreak among 5 p-flagged candidates
FOR2008,080799,Library and Information Studies not elsewhere classified,FOR,461007,Open access,field,False,lexical,0.149,lexical tiebreak among 5 p-flagged candidates
FOR2008,0899,Other Information and Computing Sciences,FOR,4699,Other information and computing sciences,group,True,derived_empirical,1.0,"rolled up from 1 FOR2008 leaf-level mapping(s), 1 agreeing"
FOR2008,089999,Information and Computing Sciences not elsewhere classified,FOR,451799,Pacific Peoples sciences not elsewhere classified,field,False,lexical,0.704,lexical tiebreak among 16 p-flagged candidates
FOR2008,089999,Information and Computing Sciences not elsewhere classified,FOR,451299,Ngā pūtaiao Māori kāore anō kia whakarōpūhia i wāhi kē (Māori sciences not elsewhere classified),field,False,lexical,0.581,lexical tiebreak among 16 p-flagged candidates
FOR2008,089999,Information and Computing Sciences not elsewhere classified,FOR,460101,Applications in arts and humanities,field,False,lexical,0.34,lexical tiebreak among 16 p-flagged candidates
FOR2008,089999,Information and Computing Sciences not elsewhere classified,FOR,450603,Aboriginal and Torres Strait Islander computing technology use and design,field,False,lexical,0.364,lexical tiebreak among 16 p-flagged candidates
FOR2008,089999,Information and Computing Sciences not elsewhere classified,FOR,451203,Te whakamahi me te hoahoa o te hangarau rorohiko o te Māori (Māori computing technology use and design),field,False,lexical,0.296,lexical tiebreak among 16 p-flagged candidates
FOR2008,089999,Information and Computing Sciences not elsewhere classified,FOR,451905,Global Indigenous studies sciences,field,False,lexical,0.301,lexical tiebreak among 16 p-flagged candidates
FOR2008,089999,Information and Computing Sciences not elsewhere classified,FOR,460404,Digital forensics,field,False,lexical,0.211,lexical tiebreak among 16 p-flagged candidates
FOR2008,089999,Information and Computing Sciences not elsewhere classified,FOR,469999,Other information and computing sciences not elsewhere classified,field,True,lexical,0.952,lexical tiebreak among 16 p-flagged candidates
FOR2008,089999,Information and Computing Sciences not elsewhere classified,FOR,451703,Pacific Peoples computing technology use and design,field,False,lexical,0.364,lexical tiebreak among 16 p-flagged candidates
FOR2008,089999,Information and Computing Sciences not elsewhere classified,FOR,460199,Applied computing not elsewhere classified,field,False,lexical,0.733,lexical tiebreak among 16 p-flagged candidates
FOR2008,089999,Information and Computing Sciences not elsewhere classified,FOR,460899,Human-centred computing not elsewhere classified,field,False,lexical,0.729,lexical tiebreak among 16 p-flagged candidates
FOR2008,089999,Information and Computing Sciences not elsewhere classified,FOR,450699,Aboriginal and Torres Strait Islander sciences not elsewhere classified,field,False,lexical,0.708,lexical tiebreak among 16 p-flagged candidates
FOR2008,089999,Information and Computing Sciences not elsewhere classified,FOR,461307,Quantum computation,field,False,lexical,0.282,lexical tiebreak among 16 p-flagged candidates
FOR2008,089999,Information and Computing Sciences not elsewhere classified,FOR,451999,"Other Indigenous data, methodologies and global Indigenous studies not elsewhere classified",field,False,lexical,0.6,lexical tiebreak among 16 p-flagged candidates
FOR2008,089999,Information and Computing Sciences not elsewhere classified,FOR,460106,Spatial data and applications,field,False,lexical,0.182,lexical tiebreak among 16 p-flagged candidates
FOR2008,089999,Information and Computing Sciences not elsewhere classified,FOR,460804,Computing education,field,False,lexical,0.308,lexical tiebreak among 16 p-flagged candidates
FOR2008,09,ENGINEERING,FOR,40,ENGINEERING,division,True,derived_empirical,0.947,"rolled up from 131 FOR2008 leaf-level mapping(s), 124 agreeing"
FOR2008,09,ENGINEERING,FOR,37,EARTH SCIENCES,division,False,derived_empirical,0.008,"rolled up from 131 FOR2008 leaf-level mapping(s), 1 agreeing"
FOR2008,09,ENGINEERING,FOR,30,"AGRICULTURAL, VETERINARY AND FOOD SCIENCES",division,False,derived_empirical,0.046,"rolled up from 131 FOR2008 leaf-level mapping(s), 6 agreeing"
FOR2008,0901,Aerospace Engineering,FOR,4012,Fluid mechanics and thermal engineering,group,False,derived_empirical,0.111,"rolled up from 9 FOR2008 leaf-level mapping(s), 1 agreeing"
FOR2008,0901,Aerospace Engineering,FOR,4001,Aerospace engineering,group,True,derived_empirical,0.889,"rolled up from 9 FOR2008 leaf-level mapping(s), 8 agreeing"
FOR2008,090101,Aerodynamics (excl. Hypersonic Aerodynamics),FOR,401201,Aerodynamics (excl. hypersonic aerodynamics),field,True,explicit_official,1.0,
FOR2008,090102,Aerospace Materials,FOR,400101,Aerospace materials,field,True,explicit_official,1.0,
FOR2008,090103,Aerospace Structures,FOR,400102,Aerospace structures,field,True,explicit_official,1.0,
FOR2008,090104,Aircraft Performance and Flight Control Systems,FOR,400103,Aircraft performance and flight control systems,field,True,explicit_official,1.0,
FOR2008,090105,Avionics,FOR,400104,Avionics,field,True,explicit_official,1.0,
FOR2008,090106,Flight Dynamics,FOR,400105,Flight dynamics,field,True,explicit_official,1.0,
FOR2008,090107,Hypersonic Propulsion and Hypersonic Aerodynamics,FOR,400106,Hypersonic propulsion and hypersonic aerothermodynamics,field,True,explicit_official,1.0,
FOR2008,090108,"Satellite, Space Vehicle and Missile Design and Testing",FOR,400107,"Satellite, space vehicle and missile design and testing",field,True,explicit_official,1.0,
FOR2008,090199,Aerospace Engineering not elsewhere classified,FOR,400199,Aerospace engineering not elsewhere classified,field,True,lexical,1.0,lexical tiebreak among 2 p-flagged candidates
FOR2008,090199,Aerospace Engineering not elsewhere classified,FOR,401206,Fluid-structure interaction and aeroacoustics,field,False,lexical,0.176,lexical tiebreak among 2 p-flagged candidates
FOR2008,0902,Automotive Engineering,FOR,4002,Automotive engineering,group,True,derived_empirical,1.0,"rolled up from 6 FOR2008 leaf-level mapping(s), 6 agreeing"
FOR2008,090201,Automotive Combustion and Fuel Engineering (incl. Alternative/Renewable Fuels),FOR,400201,Automotive combustion and fuel engineering,field,True,explicit_official,1.0,
FOR2008,090202,Automotive Engineering Materials,FOR,400202,Automotive engineering materials,field,True,explicit_official,1.0,
FOR2008,090203,Automotive Mechatronics,FOR,400203,Automotive mechatronics and autonomous systems,field,True,explicit_official,1.0,
FOR2008,090204,Automotive Safety Engineering,FOR,400204,Automotive safety engineering,field,True,explicit_official,1.0,
FOR2008,090205,Hybrid Vehicles and Powertrains,FOR,400205,Hybrid and electric vehicles and powertrains,field,True,explicit_official,1.0,
FOR2008,090299,Automotive Engineering not elsewhere classified,FOR,400299,Automotive engineering not elsewhere classified,field,True,explicit_official,1.0,
FOR2008,0903,Biomedical Engineering,FOR,4003,Biomedical engineering,group,True,derived_empirical,1.0,"rolled up from 6 FOR2008 leaf-level mapping(s), 6 agreeing"
FOR2008,090301,Biomaterials,FOR,400302,Biomaterials,field,True,explicit_official,1.0,
FOR2008,090302,Biomechanical Engineering,FOR,400303,Biomechanical engineering,field,True,explicit_official,1.0,
FOR2008,090303,Biomedical Instrumentation,FOR,400305,Biomedical instrumentation,field,True,explicit_official,1.0,
FOR2008,090304,Medical Devices,FOR,400308,Medical devices,field,True,explicit_official,1.0,
FOR2008,090305,Rehabilitation Engineering,FOR,400310,Rehabilitation engineering,field,True,explicit_official,1.0,
FOR2008,090399,Biomedical Engineering not elsewhere classified,FOR,401203,Biomedical fluid mechanics,field,False,lexical,0.411,lexical tiebreak among 8 p-flagged candidates
FOR2008,090399,Biomedical Engineering not elsewhere classified,FOR,400309,Neural engineering,field,False,lexical,0.462,lexical tiebreak among 8 p-flagged candidates
FOR2008,090399,Biomedical Engineering not elsewhere classified,FOR,400304,Biomedical imaging,field,False,lexical,0.462,lexical tiebreak among 8 p-flagged candidates
FOR2008,090399,Biomedical Engineering not elsewhere classified,FOR,400307,Mechanobiology,field,False,lexical,0.164,lexical tiebreak among 8 p-flagged candidates
FOR2008,090399,Biomedical Engineering not elsewhere classified,FOR,401202,Bio-fluids,field,False,lexical,0.175,lexical tiebreak among 8 p-flagged candidates
FOR2008,090399,Biomedical Engineering not elsewhere classified,FOR,400306,Computational physiology,field,False,lexical,0.225,lexical tiebreak among 8 p-flagged candidates
FOR2008,090399,Biomedical Engineering not elsewhere classified,FOR,400301,Biofabrication,field,False,lexical,0.23,lexical tiebreak among 8 p-flagged candidates
FOR2008,090399,Biomedical Engineering not elsewhere classified,FOR,400399,Biomedical engineering not elsewhere classified,field,True,lexical,1.0,lexical tiebreak among 8 p-flagged candidates
FOR2008,0904,Chemical Engineering,FOR,4004,Chemical engineering,group,True,derived_empirical,0.909,"rolled up from 11 FOR2008 leaf-level mapping(s), 10 agreeing"
FOR2008,0904,Chemical Engineering,FOR,4012,Fluid mechanics and thermal engineering,group,False,derived_empirical,0.091,"rolled up from 11 FOR2008 leaf-level mapping(s), 1 agreeing"
FOR2008,090401,Carbon Capture Engineering (excl. Sequestration),FOR,400401,Carbon capture engineering (excl. sequestration),field,True,explicit_official,1.0,
FOR2008,090402,Catalytic Process Engineering,FOR,400408,Reaction engineering (excl. nuclear reactions),field,True,explicit_official,1.0,
FOR2008,090403,Chemical Engineering Design,FOR,400403,Chemical engineering design,field,True,explicit_official,1.0,
FOR2008,090404,Membrane and Separation Technologies,FOR,400409,Separation technologies,field,True,explicit_official,1.0,
FOR2008,090405,Non-automotive Combustion and Fuel Engineering (incl. Alternative/Renewable Fuels),FOR,400402,Chemical and thermal processes in energy and combustion,field,True,explicit_official,1.0,
FOR2008,090406,Powder and Particle Technology,FOR,400406,Powder and particle technology,field,True,explicit_official,1.0,
FOR2008,090407,Process Control and Simulation,FOR,400407,Process control and simulation,field,True,explicit_official,1.0,
FOR2008,090408,Rheology,FOR,401212,Non-Newtonian fluid flows (incl. rheology),field,True,explicit_official,1.0,
FOR2008,090409,Wastewater Treatment Processes,FOR,400410,Wastewater treatment processes,field,True,explicit_official,1.0,partial (p-flagged) single correspondence
FOR2008,090410,Water Treatment Processes,FOR,400411,Water treatment processes,field,True,explicit_official,1.0,partial (p-flagged) single correspondence
FOR2008,090499,Chemical Engineering not elsewhere classified,FOR,400499,Chemical engineering not elsewhere classified,field,True,lexical,1.0,lexical tiebreak among 2 p-flagged candidates
FOR2008,090499,Chemical Engineering not elsewhere classified,FOR,400404,Electrochemical energy storage and conversion,field,False,lexical,0.444,lexical tiebreak among 2 p-flagged candidates
FOR2008,0905,Civil Engineering,FOR,4005,Civil engineering,group,True,derived_empirical,1.0,"rolled up from 10 FOR2008 leaf-level mapping(s), 10 agreeing"
FOR2008,090501,Civil Geotechnical Engineering,FOR,400502,Civil geotechnical engineering,field,True,explicit_official,1.0,
FOR2008,090502,Construction Engineering,FOR,400504,Construction engineering,field,True,explicit_official,1.0,
FOR2008,090503,Construction Materials,FOR,400505,Construction materials,field,True,explicit_official,1.0,
FOR2008,090504,Earthquake Engineering,FOR,400506,Earthquake engineering,field,True,explicit_official,1.0,
FOR2008,090505,Infrastructure Engineering and Asset Management,FOR,400508,Infrastructure engineering and asset management,field,True,explicit_official,1.0,
FOR2008,090506,Structural Engineering,FOR,400510,Structural engineering,field,True,explicit_official,1.0,
FOR2008,090507,Transport Engineering,FOR,400512,Transport engineering,field,True,explicit_official,1.0,
FOR2008,090508,Water Quality Engineering,FOR,400513,Water resources engineering,field,True,lexical,0.731,lexical tiebreak among 3 p-flagged candidates
FOR2008,090508,Water Quality Engineering,FOR,400410,Wastewater treatment processes,field,False,lexical,0.436,lexical tiebreak among 3 p-flagged candidates
FOR2008,090508,Water Quality Engineering,FOR,400411,Water treatment processes,field,False,lexical,0.48,lexical tiebreak among 3 p-flagged candidates
FOR2008,090509,Water Resources Engineering,FOR,400513,Water resources engineering,field,True,explicit_official,1.0,partial (p-flagged) single correspondence
FOR2008,090599,Civil Engineering not elsewhere classified,FOR,400511,Timber engineering,field,False,lexical,0.433,lexical tiebreak among 6 p-flagged candidates
FOR2008,090599,Civil Engineering not elsewhere classified,FOR,400501,Architectural engineering,field,False,lexical,0.448,lexical tiebreak among 6 p-flagged candidates
FOR2008,090599,Civil Engineering not elsewhere classified,FOR,400599,Civil engineering not elsewhere classified,field,True,lexical,1.0,lexical tiebreak among 6 p-flagged candidates
FOR2008,090599,Civil Engineering not elsewhere classified,FOR,400503,Complex civil systems,field,False,lexical,0.254,lexical tiebreak among 6 p-flagged candidates
FOR2008,090599,Civil Engineering not elsewhere classified,FOR,400509,Structural dynamics,field,False,lexical,0.197,lexical tiebreak among 6 p-flagged candidates
FOR2008,090599,Civil Engineering not elsewhere classified,FOR,400507,Fire safety engineering,field,False,lexical,0.4,lexical tiebreak among 6 p-flagged candidates
FOR2008,0906,Electrical and Electronic Engineering,FOR,4008,Electrical engineering,group,True,derived_empirical,0.4,"rolled up from 10 FOR2008 leaf-level mapping(s), 4 agreeing"
FOR2008,0906,Electrical and Electronic Engineering,FOR,4007,"Control engineering, mechatronics and robotics",group,False,derived_empirical,0.1,"rolled up from 10 FOR2008 leaf-level mapping(s), 1 agreeing"
FOR2008,0906,Electrical and Electronic Engineering,FOR,4009,"Electronics, sensors and digital hardware",group,False,derived_empirical,0.4,"rolled up from 10 FOR2008 leaf-level mapping(s), 4 agreeing"
FOR2008,0906,Electrical and Electronic Engineering,FOR,4006,Communications engineering,group,False,derived_empirical,0.1,"rolled up from 10 FOR2008 leaf-level mapping(s), 1 agreeing"
FOR2008,090601,Circuits and Systems,FOR,400802,Electrical circuits and systems,field,False,lexical,0.784,lexical tiebreak among 2 p-flagged candidates
FOR2008,090601,Circuits and Systems,FOR,400801,Circuits and systems,field,True,lexical,1.0,lexical tiebreak among 2 p-flagged candidates
FOR2008,090602,"Control Systems, Robotics and Automation",FOR,461105,Reinforcement learning,field,False,lexical,0.194,lexical tiebreak among 5 p-flagged candidates
FOR2008,090602,"Control Systems, Robotics and Automation",FOR,400702,Automation engineering,field,False,lexical,0.323,lexical tiebreak among 5 p-flagged candidates
FOR2008,090602,"Control Systems, Robotics and Automation",FOR,400709,Medical robotics,field,False,lexical,0.393,lexical tiebreak among 5 p-flagged candidates
FOR2008,090602,"Control Systems, Robotics and Automation",FOR,400701,Assistive robots and technology,field,True,lexical,0.535,lexical tiebreak among 5 p-flagged candidates
FOR2008,090602,"Control Systems, Robotics and Automation",FOR,400706,Field robotics,field,False,lexical,0.37,lexical tiebreak among 5 p-flagged candidates
FOR2008,090603,Industrial Electronics,FOR,400907,Industrial electronics,field,True,explicit_official,1.0,
FOR2008,090604,Microelectronics and Integrated Circuits,FOR,400908,Microelectronics,field,True,explicit_official,1.0,
FOR2008,090605,"Photodetectors, Optical Sensors and Solar Cells",FOR,400910,Photovoltaic devices (solar cells),field,True,lexical,0.568,lexical tiebreak among 2 p-flagged candidates
FOR2008,090605,"Photodetectors, Optical Sensors and Solar Cells",FOR,400909,"Photonic and electro-optical devices, sensors and systems (excl. communications)",field,False,lexical,0.567,lexical tiebreak among 2 p-flagged candidates
FOR2008,090606,Photonics and Electro-Optical Engineering (excl. Communications),FOR,400909,"Photonic and electro-optical devices, sensors and systems (excl. communications)",field,True,explicit_official,0.778,partial (p-flagged) single correspondence
FOR2008,090607,Power and Energy Systems Engineering (excl. Renewable Power),FOR,400803,"Electrical energy generation (incl. renewables, excl. photovoltaics)",field,True,lexical,0.5,lexical tiebreak among 3 p-flagged candidates
FOR2008,090607,Power and Energy Systems Engineering (excl. Renewable Power),FOR,400804,Electrical energy storage,field,False,lexical,0.329,lexical tiebreak among 3 p-flagged candidates
FOR2008,090607,Power and Energy Systems Engineering (excl. Renewable Power),FOR,400805,"Electrical energy transmission, networks and systems",field,False,lexical,0.321,lexical tiebreak among 3 p-flagged candidates
FOR2008,090608,Renewable Power and Energy Systems Engineering (excl. Solar Cells),FOR,400803,"Electrical energy generation (incl. renewables, excl. photovoltaics)",field,True,explicit_official,0.328,partial (p-flagged) single correspondence
FOR2008,090609,Signal Processing,FOR,460707,Sound and music computing,field,False,lexical,0.333,lexical tiebreak among 2 p-flagged candidates
FOR2008,090609,Signal Processing,FOR,400607,Signal processing,field,True,lexical,1.0,lexical tiebreak among 2 p-flagged candidates
FOR2008,090699,Electrical and Electronic Engineering not elsewhere classified,FOR,400999,"Electronics, sensors and digital hardware not elsewhere classified",field,False,lexical,0.641,lexical tiebreak among 8 p-flagged candidates
FOR2008,090699,Electrical and Electronic Engineering not elsewhere classified,FOR,400899,Electrical engineering not elsewhere classified,field,True,lexical,0.862,lexical tiebreak among 8 p-flagged candidates
FOR2008,090699,Electrical and Electronic Engineering not elsewhere classified,FOR,400911,Power electronics,field,False,lexical,0.354,lexical tiebreak among 8 p-flagged candidates
FOR2008,090699,Electrical and Electronic Engineering not elsewhere classified,FOR,400806,Electrical machines and drives,field,False,lexical,0.413,lexical tiebreak among 8 p-flagged candidates
FOR2008,090699,Electrical and Electronic Engineering not elsewhere classified,FOR,400906,Electronic sensors,field,False,lexical,0.375,lexical tiebreak among 8 p-flagged candidates
FOR2008,090699,Electrical and Electronic Engineering not elsewhere classified,FOR,400905,Electronic instrumentation,field,False,lexical,0.341,lexical tiebreak among 8 p-flagged candidates
FOR2008,090699,Electrical and Electronic Engineering not elsewhere classified,FOR,400808,Photovoltaic power systems,field,False,lexical,0.273,lexical tiebreak among 8 p-flagged candidates
FOR2008,090699,Electrical and Electronic Engineering not elsewhere classified,FOR,400807,Engineering electromagnetics,field,False,lexical,0.333,lexical tiebreak among 8 p-flagged candidates
FOR2008,0907,Environmental Engineering,FOR,4011,Environmental engineering,group,True,derived_empirical,1.0,"rolled up from 4 FOR2008 leaf-level mapping(s), 4 agreeing"
FOR2008,090701,Environmental Engineering Design,FOR,401103,Global and planetary environmental engineering,field,False,lexical,0.641,lexical tiebreak among 2 p-flagged candidates
FOR2008,090701,Environmental Engineering Design,FOR,401102,Environmentally sustainable engineering,field,True,lexical,0.704,lexical tiebreak among 2 p-flagged candidates
FOR2008,090702,Environmental Engineering Modelling,FOR,401101,Air pollution modelling and control,field,False,lexical,0.4,lexical tiebreak among 3 p-flagged candidates
FOR2008,090702,Environmental Engineering Modelling,FOR,401102,Environmentally sustainable engineering,field,True,lexical,0.676,lexical tiebreak among 3 p-flagged candidates
FOR2008,090702,Environmental Engineering Modelling,FOR,401103,Global and planetary environmental engineering,field,False,lexical,0.617,lexical tiebreak among 3 p-flagged candidates
FOR2008,090703,Environmental Technologies,FOR,401102,Environmentally sustainable engineering,field,True,lexical,0.615,lexical tiebreak among 2 p-flagged candidates
FOR2008,090703,Environmental Technologies,FOR,401103,Global and planetary environmental engineering,field,False,lexical,0.528,lexical tiebreak among 2 p-flagged candidates
FOR2008,090799,Environmental Engineering not elsewhere classified,FOR,401106,"Waste management, reduction, reuse and recycling",field,False,lexical,0.224,lexical tiebreak among 5 p-flagged candidates
FOR2008,090799,Environmental Engineering not elsewhere classified,FOR,401199,Environmental engineering not elsewhere classified,field,True,lexical,1.0,lexical tiebreak among 5 p-flagged candidates
FOR2008,090799,Environmental Engineering not elsewhere classified,FOR,401103,Global and planetary environmental engineering,field,False,lexical,0.521,lexical tiebreak among 5 p-flagged candidates
FOR2008,090799,Environmental Engineering not elsewhere classified,FOR,401104,Health and ecological risk assessment,field,False,lexical,0.184,lexical tiebreak among 5 p-flagged candidates
FOR2008,090799,Environmental Engineering not elsewhere classified,FOR,401105,Life cycle assessment and industrial ecology,field,False,lexical,0.213,lexical tiebreak among 5 p-flagged candidates
FOR2008,0908,Food Sciences,FOR,3006,Food sciences,group,True,derived_empirical,0.857,"rolled up from 7 FOR2008 leaf-level mapping(s), 6 agreeing"
FOR2008,0908,Food Sciences,FOR,4004,Chemical engineering,group,False,derived_empirical,0.143,"rolled up from 7 FOR2008 leaf-level mapping(s), 1 agreeing"
FOR2008,090801,Food Chemistry and Molecular Gastronomy (excl. Wine),FOR,300602,Food chemistry and food sensory science,field,True,explicit_official,1.0,
FOR2008,090802,Food Engineering,FOR,400405,Food engineering,field,True,lexical,1.0,lexical tiebreak among 2 p-flagged candidates
FOR2008,090802,Food Engineering,FOR,300607,Food technology,field,False,lexical,0.516,lexical tiebreak among 2 p-flagged candidates
FOR2008,090803,Food Nutritional Balance,FOR,300603,Food nutritional balance,field,True,explicit_official,1.0,
FOR2008,090804,"Food Packaging, Preservation and Safety",FOR,300606,Food sustainability,field,False,lexical,0.414,lexical tiebreak among 3 p-flagged candidates
FOR2008,090804,"Food Packaging, Preservation and Safety",FOR,300604,"Food packaging, preservation and processing",field,True,lexical,0.829,lexical tiebreak among 3 p-flagged candidates
FOR2008,090804,"Food Packaging, Preservation and Safety",FOR,300605,"Food safety, traceability, certification and authenticity",field,False,lexical,0.562,lexical tiebreak among 3 p-flagged candidates
FOR2008,090805,Food Processing,FOR,300604,"Food packaging, preservation and processing",field,True,lexical,0.517,lexical tiebreak among 2 p-flagged candidates
FOR2008,090805,Food Processing,FOR,300607,Food technology,field,False,lexical,0.467,lexical tiebreak among 2 p-flagged candidates
FOR2008,090806,Wine Chemistry and Wine Sensory Science,FOR,300607,Food technology,field,False,lexical,0.148,lexical tiebreak among 2 p-flagged candidates
FOR2008,090806,Wine Chemistry and Wine Sensory Science,FOR,300601,Beverage chemistry and beverage sensory science,field,True,lexical,0.767,lexical tiebreak among 2 p-flagged candidates
FOR2008,090899,Food Sciences not elsewhere classified,FOR,300699,Food sciences not elsewhere classified,field,True,lexical,1.0,lexical tiebreak among 2 p-flagged candidates
FOR2008,090899,Food Sciences not elsewhere classified,FOR,300606,Food sustainability,field,False,lexical,0.316,lexical tiebreak among 2 p-flagged candidates
FOR2008,0909,Geomatic Engineering,FOR,4013,Geomatic engineering,group,True,derived_empirical,0.857,"rolled up from 7 FOR2008 leaf-level mapping(s), 6 agreeing"
FOR2008,0909,Geomatic Engineering,FOR,3706,Geophysics,group,False,derived_empirical,0.143,"rolled up from 7 FOR2008 leaf-level mapping(s), 1 agreeing"
FOR2008,090901,Cartography,FOR,401301,Cartography and digital mapping,field,True,explicit_official,1.0,
FOR2008,090902,Geodesy,FOR,370603,Geodesy,field,True,explicit_official,1.0,
FOR2008,090903,Geospatial Information Systems,FOR,401302,Geospatial information systems and geospatial data modelling,field,True,explicit_official,1.0,
FOR2008,090904,Navigation and Position Fixing,FOR,401303,Navigation and position fixing,field,True,explicit_official,1.0,
FOR2008,090905,Photogrammetry and Remote Sensing,FOR,401304,Photogrammetry and remote sensing,field,True,explicit_official,1.0,
FOR2008,090906,Surveying (incl. Hydrographic Surveying),FOR,401306,Surveying (incl. hydrographic surveying),field,True,explicit_official,1.0,
FOR2008,090999,Geomatic Engineering not elsewhere classified,FOR,401305,Satellite-based positioning,field,False,lexical,0.222,lexical tiebreak among 2 p-flagged candidates
FOR2008,090999,Geomatic Engineering not elsewhere classified,FOR,401399,Geomatic engineering not elsewhere classified,field,True,lexical,1.0,lexical tiebreak among 2 p-flagged candidates
FOR2008,0910,Manufacturing Engineering,FOR,4007,"Control engineering, mechatronics and robotics",group,False,derived_empirical,0.077,"rolled up from 13 FOR2008 leaf-level mapping(s), 1 agreeing"
FOR2008,0910,Manufacturing Engineering,FOR,4014,Manufacturing engineering,group,True,derived_empirical,0.923,"rolled up from 13 FOR2008 leaf-level mapping(s), 12 agreeing"
FOR2008,091001,CAD/CAM Systems,FOR,401402,CAD/CAM systems,field,True,explicit_official,1.0,
FOR2008,091002,Flexible Manufacturing Systems,FOR,401403,Flexible manufacturing systems,field,True,explicit_official,1.0,
FOR2008,091003,Machine Tools,FOR,401405,Machine tools,field,True,explicit_official,1.0,
FOR2008,091004,Machining,FOR,401406,Machining,field,True,explicit_official,1.0,
FOR2008,091005,Manufacturing Management,FOR,401407,Manufacturing management,field,True,explicit_official,1.0,
FOR2008,091006,Manufacturing Processes and Technologies (excl. Textiles),FOR,401408,Manufacturing processes and technologies (excl. textiles),field,True,explicit_official,1.0,
FOR2008,091007,Manufacturing Robotics and Mechatronics (excl. Automotive Mechatronics),FOR,400707,Manufacturing robotics,field,True,explicit_official,1.0,
FOR2008,091008,Manufacturing Safety and Quality,FOR,401409,Manufacturing safety and quality,field,True,explicit_official,1.0,
FOR2008,091009,Microtechnology,FOR,401410,Microtechnology,field,True,explicit_official,1.0,
FOR2008,091010,"Packaging, Storage and Transportation (excl. Food and Agricultural Products)",FOR,401411,"Packaging, storage and transportation (excl. food and agricultural products)",field,True,explicit_official,1.0,
FOR2008,091011,Precision Engineering,FOR,401412,Precision engineering,field,True,explicit_official,1.0,
FOR2008,091012,Textile Technology,FOR,401413,Textile technology,field,True,explicit_official,1.0,
FOR2008,091099,Manufacturing Engineering not elsewhere classified,FOR,401401,Additive manufacturing,field,False,lexical,0.361,lexical tiebreak among 4 p-flagged candidates
FOR2008,091099,Manufacturing Engineering not elsewhere classified,FOR,401801,Micro- and nanosystems,field,False,lexical,0.25,lexical tiebreak among 4 p-flagged candidates
FOR2008,091099,Manufacturing Engineering not elsewhere classified,FOR,401499,Manufacturing engineering not elsewhere classified,field,True,lexical,1.0,lexical tiebreak among 4 p-flagged candidates
FOR2008,091099,Manufacturing Engineering not elsewhere classified,FOR,401404,Industrial engineering,field,False,lexical,0.472,lexical tiebreak among 4 p-flagged candidates
FOR2008,0911,Maritime Engineering,FOR,4015,Maritime engineering,group,True,derived_empirical,1.0,"rolled up from 7 FOR2008 leaf-level mapping(s), 7 agreeing"
FOR2008,091101,Marine Engineering,FOR,401501,Marine engineering,field,True,explicit_official,1.0,
FOR2008,091102,Naval Architecture,FOR,401502,Naval architecture,field,True,explicit_official,1.0,
FOR2008,091103,Ocean Engineering,FOR,401503,Ocean engineering,field,True,explicit_official,1.0,
FOR2008,091104,Ship and Platform Hydrodynamics,FOR,401504,Ship and platform structures (incl. maritime hydrodynamics),field,True,explicit_official,0.689,partial (p-flagged) single correspondence
FOR2008,091105,Ship and Platform Structures,FOR,401504,Ship and platform structures (incl. maritime hydrodynamics),field,True,explicit_official,0.644,partial (p-flagged) single correspondence
FOR2008,091106,Special Vehicles,FOR,401505,Special vehicles,field,True,explicit_official,1.0,
FOR2008,091199,Maritime Engineering not elsewhere classified,FOR,401599,Maritime engineering not elsewhere classified,field,True,explicit_official,1.0,
FOR2008,0912,Materials Engineering,FOR,4016,Materials engineering,group,True,derived_empirical,1.0,"rolled up from 11 FOR2008 leaf-level mapping(s), 11 agreeing"
FOR2008,091201,Ceramics,FOR,401601,Ceramics,field,True,explicit_official,1.0,
FOR2008,091202,Composite and Hybrid Materials,FOR,401602,Composite and hybrid materials,field,True,explicit_official,1.0,
FOR2008,091203,Compound Semiconductors,FOR,401603,Compound semiconductors,field,True,explicit_official,1.0,
FOR2008,091204,Elemental Semiconductors,FOR,401604,Elemental semiconductors,field,True,explicit_official,1.0,
FOR2008,091205,Functional Materials,FOR,401605,Functional materials,field,True,explicit_official,1.0,
FOR2008,091206,Glass,FOR,401606,Glass,field,True,explicit_official,1.0,
FOR2008,091207,Metals and Alloy Materials,FOR,401607,Metals and alloy materials,field,True,explicit_official,1.0,
FOR2008,091208,Organic Semiconductors,FOR,401608,Organic semiconductors,field,True,explicit_official,1.0,
FOR2008,091209,Polymers and Plastics,FOR,401609,Polymers and plastics,field,True,explicit_official,1.0,
FOR2008,091210,"Timber, Pulp and Paper",FOR,401610,"Timber, pulp and paper",field,True,explicit_official,1.0,
FOR2008,091299,Materials Engineering not elsewhere classified,FOR,401611,Wearable materials,field,False,lexical,0.281,lexical tiebreak among 3 p-flagged candidates
FOR2008,091299,Materials Engineering not elsewhere classified,FOR,409903,Granular mechanics,field,False,lexical,0.156,lexical tiebreak among 3 p-flagged candidates
FOR2008,091299,Materials Engineering not elsewhere classified,FOR,401699,Materials engineering not elsewhere classified,field,True,lexical,1.0,lexical tiebreak among 3 p-flagged candidates
FOR2008,0913,Mechanical Engineering,FOR,4007,"Control engineering, mechatronics and robotics",group,False,derived_empirical,0.2,"rolled up from 10 FOR2008 leaf-level mapping(s), 2 agreeing"
FOR2008,0913,Mechanical Engineering,FOR,4017,Mechanical engineering,group,True,derived_empirical,0.8,"rolled up from 10 FOR2008 leaf-level mapping(s), 8 agreeing"
FOR2008,091301,Acoustics and Noise Control (excl. Architectural Acoustics),FOR,401701,Acoustics and noise control (excl. architectural acoustics),field,True,explicit_official,1.0,
FOR2008,091302,Automation and Control Engineering,FOR,400710,Micro-manipulation,field,False,lexical,0.269,lexical tiebreak among 5 p-flagged candidates
FOR2008,091302,Automation and Control Engineering,FOR,400711,"Simulation, modelling, and programming of mechatronics systems",field,False,lexical,0.354,lexical tiebreak among 5 p-flagged candidates
FOR2008,091302,Automation and Control Engineering,FOR,400705,Control engineering,field,False,lexical,0.717,lexical tiebreak among 5 p-flagged candidates
FOR2008,091302,Automation and Control Engineering,FOR,400708,Mechatronics hardware design and architecture,field,False,lexical,0.354,lexical tiebreak among 5 p-flagged candidates
FOR2008,091302,Automation and Control Engineering,FOR,400702,Automation engineering,field,True,lexical,0.786,lexical tiebreak among 5 p-flagged candidates
FOR2008,091303,Autonomous Vehicles,FOR,400703,Autonomous vehicle systems,field,True,explicit_official,1.0,
FOR2008,091304,"Dynamics, Vibration and Vibration Control",FOR,401702,"Dynamics, vibration and vibration control",field,True,explicit_official,1.0,
FOR2008,091305,"Energy Generation, Conversion and Storage Engineering",FOR,401703,"Energy generation, conversion and storage (excl. chemical and electrical)",field,True,explicit_official,1.0,
FOR2008,091306,Microelectromechanical Systems (MEMS),FOR,401705,Microelectromechanical systems (MEMS),field,True,explicit_official,1.0,
FOR2008,091307,Numerical Modelling and Mechanical Characterisation,FOR,401706,Numerical modelling and mechanical characterisation,field,True,explicit_official,1.0,
FOR2008,091308,Solid Mechanics,FOR,401707,Solid mechanics,field,True,explicit_official,1.0,
FOR2008,091309,Tribology,FOR,401708,Tribology,field,True,explicit_official,1.0,
FOR2008,091399,Mechanical Engineering not elsewhere classified,FOR,401799,Mechanical engineering not elsewhere classified,field,True,lexical,1.0,lexical tiebreak among 4 p-flagged candidates
FOR2008,091399,Mechanical Engineering not elsewhere classified,FOR,400799,"Control engineering, mechatronics and robotics not elsewhere classified",field,False,lexical,0.678,lexical tiebreak among 4 p-flagged candidates
FOR2008,091399,Mechanical Engineering not elsewhere classified,FOR,401704,Mechanical engineering asset management,field,False,lexical,0.628,lexical tiebreak among 4 p-flagged candidates
FOR2008,091399,Mechanical Engineering not elsewhere classified,FOR,400704,Biomechatronics,field,False,lexical,0.29,lexical tiebreak among 4 p-flagged candidates
FOR2008,0914,Resources Engineering and Extractive Metallurgy,FOR,4019,Resources engineering and extractive metallurgy,group,True,derived_empirical,1.0,"rolled up from 8 FOR2008 leaf-level mapping(s), 8 agreeing"
FOR2008,091401,Electrometallurgy,FOR,401901,Electrometallurgy,field,True,explicit_official,1.0,
FOR2008,091402,Geomechanics and Resources Geotechnical Engineering,FOR,401902,Geomechanics and resources geotechnical engineering,field,True,explicit_official,1.0,
FOR2008,091403,Hydrometallurgy,FOR,401903,Hydrometallurgy,field,True,explicit_official,1.0,
FOR2008,091404,Mineral Processing/Beneficiation,FOR,401904,Mineral processing/beneficiation,field,True,explicit_official,1.0,
FOR2008,091405,Mining Engineering,FOR,401905,Mining engineering,field,True,explicit_official,1.0,
FOR2008,091406,Petroleum and Reservoir Engineering,FOR,401907,Petroleum and reservoir engineering,field,True,explicit_official,1.0,
FOR2008,091407,Pyrometallurgy,FOR,401908,Pyrometallurgy,field,True,explicit_official,1.0,
FOR2008,091499,Resources Engineering and Extractive Metallurgy not elsewhere classified,FOR,401999,Resources engineering and extractive metallurgy not elsewhere classified,field,True,explicit_official,1.0,
FOR2008,0915,Interdisciplinary Engineering,FOR,4019,Resources engineering and extractive metallurgy,group,False,derived_empirical,0.111,"rolled up from 9 FOR2008 leaf-level mapping(s), 1 agreeing"
FOR2008,0915,Interdisciplinary Engineering,FOR,4010,Engineering practice and education,group,False,derived_empirical,0.333,"rolled up from 9 FOR2008 leaf-level mapping(s), 3 agreeing"
FOR2008,0915,Interdisciplinary Engineering,FOR,4012,Fluid mechanics and thermal engineering,group,True,derived_empirical,0.556,"rolled up from 9 FOR2008 leaf-level mapping(s), 5 agreeing"
FOR2008,091501,Computational Fluid Dynamics,FOR,401204,"Computational methods in fluid flow, heat and mass transfer (incl. computational fluid dynamics)",field,True,explicit_official,0.452,partial (p-flagged) single correspondence
FOR2008,091502,Computational Heat Transfer,FOR,401204,"Computational methods in fluid flow, heat and mass transfer (incl. computational fluid dynamics)",field,True,explicit_official,0.439,partial (p-flagged) single correspondence
FOR2008,091503,Engineering Practice,FOR,401003,Engineering practice,field,True,explicit_official,1.0,
FOR2008,091504,Fluidisation and Fluid Mechanics,FOR,401299,Fluid mechanics and thermal engineering not elsewhere classified,field,True,explicit_official,1.0,
FOR2008,091505,Heat and Mass Transfer Operations,FOR,401205,"Experimental methods in fluid flow, heat and mass transfer",field,True,explicit_official,1.0,
FOR2008,091506,Nuclear Engineering (incl. Fuel Enrichment and Waste Processing and Storage),FOR,401906,Nuclear engineering (incl. fuel enrichment and waste processing and storage),field,True,explicit_official,1.0,
FOR2008,091507,Risk Engineering (excl. Earthquake Engineering),FOR,401005,Risk engineering,field,True,explicit_official,1.0,
FOR2008,091508,Turbulent Flows,FOR,401213,Turbulent flows,field,True,explicit_official,1.0,
FOR2008,091599,Interdisciplinary Engineering not elsewhere classified,FOR,401006,Systems engineering,field,False,lexical,0.411,lexical tiebreak among 3 p-flagged candidates
FOR2008,091599,Interdisciplinary Engineering not elsewhere classified,FOR,401004,Humanitarian engineering,field,False,lexical,0.41,lexical tiebreak among 3 p-flagged candidates
FOR2008,091599,Interdisciplinary Engineering not elsewhere classified,FOR,401099,Engineering practice and education not elsewhere classified,field,True,lexical,0.637,lexical tiebreak among 3 p-flagged candidates
FOR2008,0999,Other Engineering,FOR,4099,Other engineering,group,True,derived_empirical,1.0,"rolled up from 3 FOR2008 leaf-level mapping(s), 3 agreeing"
FOR2008,099901,Agricultural Engineering,FOR,409901,Agricultural engineering,field,True,explicit_official,1.0,
FOR2008,099902,Engineering Instrumentation,FOR,409902,Engineering instrumentation,field,True,explicit_official,1.0,
FOR2008,099999,Engineering not elsewhere classified,FOR,451799,Pacific Peoples sciences not elsewhere classified,field,False,lexical,0.659,lexical tiebreak among 9 p-flagged candidates
FOR2008,099999,Engineering not elsewhere classified,FOR,450604,Aboriginal and Torres Strait Islander engineering,field,False,lexical,0.259,lexical tiebreak among 9 p-flagged candidates
FOR2008,099999,Engineering not elsewhere classified,FOR,450699,Aboriginal and Torres Strait Islander sciences not elsewhere classified,field,False,lexical,0.617,lexical tiebreak among 9 p-flagged candidates
FOR2008,099999,Engineering not elsewhere classified,FOR,451704,Pacific Peoples engineering,field,False,lexical,0.349,lexical tiebreak among 9 p-flagged candidates
FOR2008,099999,Engineering not elsewhere classified,FOR,409999,Other engineering not elsewhere classified,field,True,lexical,0.923,lexical tiebreak among 9 p-flagged candidates
FOR2008,099999,Engineering not elsewhere classified,FOR,401209,Hydrodynamics and hydraulic engineering,field,False,lexical,0.293,lexical tiebreak among 9 p-flagged candidates
FOR2008,099999,Engineering not elsewhere classified,FOR,451299,Ngā pūtaiao Māori kāore anō kia whakarōpūhia i wāhi kē (Māori sciences not elsewhere classified),field,False,lexical,0.424,lexical tiebreak among 9 p-flagged candidates
FOR2008,099999,Engineering not elsewhere classified,FOR,451205,Te mātauranga pūkaha o te Māori (Māori engineering),field,False,lexical,0.253,lexical tiebreak among 9 p-flagged candidates
FOR2008,099999,Engineering not elsewhere classified,FOR,451905,Global Indigenous studies sciences,field,False,lexical,0.171,lexical tiebreak among 9 p-flagged candidates
FOR2008,10,TECHNOLOGY,FOR,30,"AGRICULTURAL, VETERINARY AND FOOD SCIENCES",division,False,derived_empirical,0.161,"rolled up from 62 FOR2008 leaf-level mapping(s), 10 agreeing"
FOR2008,10,TECHNOLOGY,FOR,41,ENVIRONMENTAL SCIENCES,division,False,derived_empirical,0.145,"rolled up from 62 FOR2008 leaf-level mapping(s), 9 agreeing"
FOR2008,10,TECHNOLOGY,FOR,31,BIOLOGICAL SCIENCES,division,False,derived_empirical,0.129,"rolled up from 62 FOR2008 leaf-level mapping(s), 8 agreeing"
FOR2008,10,TECHNOLOGY,FOR,32,BIOMEDICAL AND CLINICAL SCIENCES,division,False,derived_empirical,0.129,"rolled up from 62 FOR2008 leaf-level mapping(s), 8 agreeing"
FOR2008,10,TECHNOLOGY,FOR,46,INFORMATION AND COMPUTING SCIENCES,division,False,derived_empirical,0.016,"rolled up from 62 FOR2008 leaf-level mapping(s), 1 agreeing"
FOR2008,10,TECHNOLOGY,FOR,40,ENGINEERING,division,True,derived_empirical,0.419,"rolled up from 62 FOR2008 leaf-level mapping(s), 26 agreeing"
FOR2008,1001,Agricultural Biotechnology,FOR,3001,Agricultural biotechnology,group,True,derived_empirical,1.0,"rolled up from 10 FOR2008 leaf-level mapping(s), 10 agreeing"
FOR2008,100101,Agricultural Biotechnology Diagnostics (incl. Biosensors),FOR,300101,Agricultural biotechnology diagnostics (incl. biosensors),field,True,explicit_official,1.0,
FOR2008,100102,Agricultural Marine Biotechnology,FOR,300102,Agricultural marine biotechnology,field,True,explicit_official,1.0,
FOR2008,100103,Agricultural Molecular Engineering of Nucleic Acids and Proteins,FOR,300103,Agricultural molecular engineering of nucleic acids and proteins,field,True,explicit_official,1.0,
FOR2008,100104,Genetically Modified Animals,FOR,300104,Genetically modified animals,field,True,explicit_official,1.0,
FOR2008,100105,Genetically Modified Field Crops and Pasture,FOR,300105,Genetically modified field crops and pasture,field,True,explicit_official,1.0,
FOR2008,100106,Genetically Modified Horticulture Plants,FOR,300106,Genetically modified horticulture plants,field,True,explicit_official,1.0,
FOR2008,100107,Genetically Modified Trees,FOR,300107,Genetically modified trees,field,True,explicit_official,1.0,
FOR2008,100108,Livestock cloning,FOR,300108,Livestock cloning,field,True,explicit_official,1.0,
FOR2008,100109,Transgenesis,FOR,300110,Transgenesis,field,True,explicit_official,1.0,
FOR2008,100199,Agricultural Biotechnology not elsewhere classified,FOR,300199,Agricultural biotechnology not elsewhere classified,field,True,explicit_official,1.0,partial (p-flagged) single correspondence
FOR2008,1002,Environmental Biotechnology,FOR,4103,Environmental biotechnology,group,True,derived_empirical,1.0,"rolled up from 7 FOR2008 leaf-level mapping(s), 7 agreeing"
FOR2008,100201,Biodiscovery,FOR,410301,Biodiscovery,field,True,explicit_official,1.0,
FOR2008,100202,Biological Control,FOR,410302,Biological control,field,True,explicit_official,1.0,
FOR2008,100203,Bioremediation,FOR,410303,Bioremediation,field,True,explicit_official,1.0,
FOR2008,100204,Environmental Biotechnology Diagnostics (incl. Biosensors),FOR,410304,Environmental biotechnology diagnostics (incl. biosensors),field,True,explicit_official,1.0,
FOR2008,100205,Environmental Marine Biotechnology,FOR,410305,Environmental marine biotechnology,field,True,explicit_official,1.0,
FOR2008,100206,Environmental Molecular Engineering of Nucleic Acids and Proteins,FOR,410399,Environmental biotechnology not elsewhere classified,field,True,explicit_official,0.325,partial (p-flagged) single correspondence
FOR2008,100299,Environmental Biotechnology not elsewhere classified,FOR,410399,Environmental biotechnology not elsewhere classified,field,True,explicit_official,1.0,partial (p-flagged) single correspondence
FOR2008,1003,Industrial Biotechnology,FOR,3106,Industrial biotechnology,group,True,derived_empirical,1.0,"rolled up from 7 FOR2008 leaf-level mapping(s), 7 agreeing"
FOR2008,100301,Biocatalysis and Enzyme Technology,FOR,310601,Biocatalysis and enzyme technology,field,True,explicit_official,1.0,
FOR2008,100302,"Bioprocessing, Bioproduction and Bioproducts",FOR,310602,"Bioprocessing, bioproduction and bioproducts",field,True,explicit_official,1.0,
FOR2008,100303,Fermentation,FOR,310603,Fermentation,field,True,explicit_official,1.0,
FOR2008,100304,Industrial Biotechnology Diagnostics (incl. Biosensors),FOR,310604,Industrial biotechnology diagnostics (incl. biosensors),field,True,explicit_official,1.0,
FOR2008,100305,Industrial Microbiology (incl. Biofeedstocks),FOR,310605,Industrial microbiology (incl. biofeedstocks),field,True,explicit_official,1.0,
FOR2008,100306,Industrial Molecular Engineering of Nucleic Acids and Proteins,FOR,310606,Industrial molecular engineering of nucleic acids and proteins,field,True,explicit_official,1.0,
FOR2008,100399,Industrial Biotechnology not elsewhere classified,FOR,310699,Industrial biotechnology not elsewhere classified,field,True,explicit_official,1.0,partial (p-flagged) single correspondence
FOR2008,1004,Medical Biotechnology,FOR,3206,Medical biotechnology,group,True,derived_empirical,1.0,"rolled up from 5 FOR2008 leaf-level mapping(s), 5 agreeing"
FOR2008,100401,Gene and Molecular Therapy,FOR,320601,Gene and molecular therapy,field,True,explicit_official,1.0,
FOR2008,100402,Medical Biotechnology Diagnostics (incl. Biosensors),FOR,320602,Medical biotechnology diagnostics (incl. biosensors),field,True,explicit_official,1.0,
FOR2008,100403,Medical Molecular Engineering of Nucleic Acids and Proteins,FOR,320603,Medical molecular engineering of nucleic acids and proteins,field,True,explicit_official,1.0,
FOR2008,100404,Regenerative Medicine (incl. Stem Cells and Tissue Engineering),FOR,320606,Regenerative medicine (incl. stem cells),field,True,lexical,0.777,lexical tiebreak among 2 p-flagged candidates
FOR2008,100404,Regenerative Medicine (incl. Stem Cells and Tissue Engineering),FOR,400311,Tissue engineering,field,False,lexical,0.444,lexical tiebreak among 2 p-flagged candidates
FOR2008,100499,Medical Biotechnology not elsewhere classified,FOR,320699,Medical biotechnology not elsewhere classified,field,True,explicit_official,1.0,partial (p-flagged) single correspondence
FOR2008,1005,Communications Technologies,FOR,4006,Communications engineering,group,True,derived_empirical,1.0,"rolled up from 11 FOR2008 leaf-level mapping(s), 11 agreeing"
FOR2008,100501,Antennas and Propagation,FOR,400601,Antennas and propagation,field,True,explicit_official,1.0,
FOR2008,100502,Broadband and Modem Technology,FOR,400699,Communications engineering not elsewhere classified,field,True,explicit_official,0.148,partial (p-flagged) single correspondence
FOR2008,100503,Computer Communications Networks,FOR,400604,Network engineering,field,True,explicit_official,1.0,
FOR2008,100504,Data Communications,FOR,400602,Data communications,field,True,explicit_official,1.0,
FOR2008,100505,Microwave and Millimetrewave Theory and Technology,FOR,400608,Wireless communication systems and technologies (incl. microwave and millimetrewave),field,True,explicit_official,0.418,partial (p-flagged) single correspondence
FOR2008,100506,Optical Fibre Communications,FOR,400605,Optical fibre communication systems and technologies,field,True,explicit_official,0.7,partial (p-flagged) single correspondence
FOR2008,100507,Optical Networks and Systems,FOR,400605,Optical fibre communication systems and technologies,field,True,explicit_official,0.5,partial (p-flagged) single correspondence
FOR2008,100508,Satellite Communications,FOR,400606,Satellite communications,field,True,explicit_official,1.0,
FOR2008,100509,Video Communications,FOR,400699,Communications engineering not elsewhere classified,field,True,explicit_official,0.394,partial (p-flagged) single correspondence
FOR2008,100510,Wireless Communications,FOR,400608,Wireless communication systems and technologies (incl. microwave and millimetrewave),field,True,explicit_official,0.43,partial (p-flagged) single correspondence
FOR2008,100599,Communications Technologies not elsewhere classified,FOR,400603,"Molecular, biological, and multi-scale communications",field,False,lexical,0.267,lexical tiebreak among 3 p-flagged candidates
FOR2008,100599,Communications Technologies not elsewhere classified,FOR,400913,Radio frequency engineering,field,False,lexical,0.329,lexical tiebreak among 3 p-flagged candidates
FOR2008,100599,Communications Technologies not elsewhere classified,FOR,400699,Communications engineering not elsewhere classified,field,True,lexical,0.874,lexical tiebreak among 3 p-flagged candidates
FOR2008,1006,Computer Hardware,FOR,4009,"Electronics, sensors and digital hardware",group,True,derived_empirical,0.857,"rolled up from 7 FOR2008 leaf-level mapping(s), 6 agreeing"
FOR2008,1006,Computer Hardware,FOR,4606,Distributed computing and systems software,group,False,derived_empirical,0.143,"rolled up from 7 FOR2008 leaf-level mapping(s), 1 agreeing"
FOR2008,100601,Arithmetic and Logic Structures,FOR,400902,Digital electronic devices,field,True,explicit_official,0.421,partial (p-flagged) single correspondence
FOR2008,100602,"Input, Output and Data Devices",FOR,400901,Analog electronics and interfaces,field,True,explicit_official,1.0,
FOR2008,100603,Logic Design,FOR,400902,Digital electronic devices,field,True,explicit_official,0.421,partial (p-flagged) single correspondence
FOR2008,100604,Memory Structures,FOR,400999,"Electronics, sensors and digital hardware not elsewhere classified",field,True,explicit_official,0.217,partial (p-flagged) single correspondence
FOR2008,100605,Performance Evaluation; Testing and Simulation of Reliability,FOR,400904,"Electronic device and system performance evaluation, testing and simulation",field,True,explicit_official,1.0,
FOR2008,100606,Processor Architectures,FOR,400903,Digital processor architectures,field,True,lexical,0.852,lexical tiebreak among 2 p-flagged candidates
FOR2008,100606,Processor Architectures,FOR,400902,Digital electronic devices,field,False,lexical,0.204,lexical tiebreak among 2 p-flagged candidates
FOR2008,100699,Computer Hardware not elsewhere classified,FOR,460606,Energy-efficient computing,field,True,explicit_official,0.206,partial (p-flagged) single correspondence
FOR2008,1007,Nanotechnology,FOR,3106,Industrial biotechnology,group,False,derived_empirical,0.071,"rolled up from 14 FOR2008 leaf-level mapping(s), 1 agreeing"
FOR2008,1007,Nanotechnology,FOR,4018,Nanotechnology,group,True,derived_empirical,0.643,"rolled up from 14 FOR2008 leaf-level mapping(s), 9 agreeing"
FOR2008,1007,Nanotechnology,FOR,3206,Medical biotechnology,group,False,derived_empirical,0.143,"rolled up from 14 FOR2008 leaf-level mapping(s), 2 agreeing"
FOR2008,1007,Nanotechnology,FOR,4103,Environmental biotechnology,group,False,derived_empirical,0.143,"rolled up from 14 FOR2008 leaf-level mapping(s), 2 agreeing"
FOR2008,100701,Environmental Nanotechnology,FOR,410306,Environmental nanotechnology and nanometrology,field,True,explicit_official,0.757,partial (p-flagged) single correspondence
FOR2008,100702,Molecular and Organic Electronics,FOR,401802,Molecular and organic electronics,field,True,explicit_official,1.0,
FOR2008,100703,Nanobiotechnology,FOR,310607,Nanobiotechnology,field,True,explicit_official,1.0,
FOR2008,100704,Nanoelectromechanical Systems,FOR,401803,Nanoelectromechanical systems,field,True,explicit_official,1.0,
FOR2008,100705,Nanoelectronics,FOR,401804,Nanoelectronics,field,True,explicit_official,1.0,
FOR2008,100706,"Nanofabrication, Growth and Self Assembly",FOR,401805,"Nanofabrication, growth and self assembly",field,True,explicit_official,1.0,
FOR2008,100707,Nanomanufacturing,FOR,401806,Nanomanufacturing,field,True,explicit_official,1.0,
FOR2008,100708,Nanomaterials,FOR,401807,Nanomaterials,field,True,explicit_official,1.0,
FOR2008,100709,Nanomedicine,FOR,320604,Nanomedicine,field,True,explicit_official,1.0,
FOR2008,100710,Nanometrology,FOR,410306,Environmental nanotechnology and nanometrology,field,True,explicit_official,0.441,partial (p-flagged) single correspondence
FOR2008,100711,Nanophotonics,FOR,401809,Nanophotonics,field,True,explicit_official,1.0,
FOR2008,100712,Nanoscale Characterisation,FOR,401810,Nanoscale characterisation,field,True,explicit_official,1.0,
FOR2008,100713,"Nanotoxicology, Health and Safety",FOR,320605,"Nanotoxicology, health and safety",field,True,explicit_official,1.0,
FOR2008,100799,Nanotechnology not elsewhere classified,FOR,401899,Nanotechnology not elsewhere classified,field,True,lexical,1.0,lexical tiebreak among 2 p-flagged candidates
FOR2008,100799,Nanotechnology not elsewhere classified,FOR,401808,Nanometrology,field,False,lexical,0.385,lexical tiebreak among 2 p-flagged candidates
FOR2008,1099,Other Technology,FOR,3206,Medical biotechnology,group,True,derived_empirical,1.0,"rolled up from 1 FOR2008 leaf-level mapping(s), 1 agreeing"
FOR2008,109999,Technology not elsewhere classified,FOR,310699,Industrial biotechnology not elsewhere classified,field,False,lexical,0.833,lexical tiebreak among 5 p-flagged candidates
FOR2008,109999,Technology not elsewhere classified,FOR,320699,Medical biotechnology not elsewhere classified,field,True,lexical,0.864,lexical tiebreak among 5 p-flagged candidates
FOR2008,109999,Technology not elsewhere classified,FOR,300199,Agricultural biotechnology not elsewhere classified,field,False,lexical,0.814,lexical tiebreak among 5 p-flagged candidates
FOR2008,109999,Technology not elsewhere classified,FOR,410399,Environmental biotechnology not elsewhere classified,field,False,lexical,0.805,lexical tiebreak among 5 p-flagged candidates
FOR2008,109999,Technology not elsewhere classified,FOR,400699,Communications engineering not elsewhere classified,field,False,lexical,0.674,lexical tiebreak among 5 p-flagged candidates
FOR2008,11,MEDICAL AND HEALTH SCIENCES,FOR,35,"COMMERCE, MANAGEMENT, TOURISM AND SERVICES",division,False,derived_empirical,0.007,"rolled up from 145 FOR2008 leaf-level mapping(s), 1 agreeing"
FOR2008,11,MEDICAL AND HEALTH SCIENCES,FOR,45,INDIGENOUS STUDIES,division,False,derived_empirical,0.034,"rolled up from 145 FOR2008 leaf-level mapping(s), 5 agreeing"
FOR2008,11,MEDICAL AND HEALTH SCIENCES,FOR,32,BIOMEDICAL AND CLINICAL SCIENCES,division,True,derived_empirical,0.71,"rolled up from 145 FOR2008 leaf-level mapping(s), 103 agreeing"
FOR2008,11,MEDICAL AND HEALTH SCIENCES,FOR,42,HEALTH SCIENCES,division,False,derived_empirical,0.248,"rolled up from 145 FOR2008 leaf-level mapping(s), 36 agreeing"
FOR2008,1101,Medical Biochemistry and Metabolomics,FOR,3205,Medical biochemistry and metabolomics,group,True,derived_empirical,1.0,"rolled up from 8 FOR2008 leaf-level mapping(s), 8 agreeing"
FOR2008,110101,Medical Biochemistry: Amino Acids and Metabolites,FOR,320501,Medical biochemistry - amino acids and metabolites,field,True,explicit_official,1.0,
FOR2008,110102,Medical Biochemistry: Carbohydrates,FOR,320502,Medical biochemistry - carbohydrates,field,True,explicit_official,1.0,
FOR2008,110103,Medical Biochemistry: Inorganic Elements and Compounds,FOR,320503,Medical biochemistry - inorganic elements and compounds,field,True,explicit_official,1.0,
FOR2008,110104,Medical Biochemistry: Lipids,FOR,320504,Medical biochemistry - lipids,field,True,explicit_official,1.0,
FOR2008,110105,Medical Biochemistry: Nucleic Acids,FOR,320505,Medical biochemistry - nucleic acids,field,True,explicit_official,1.0,
FOR2008,110106,Medical Biochemistry: Proteins and Peptides (incl. Medical Proteomics),FOR,320506,Medical biochemistry - proteins and peptides (incl. medical proteomics),field,True,explicit_official,1.0,
FOR2008,110107,Metabolic Medicine,FOR,320507,Metabolic medicine,field,True,explicit_official,1.0,
FOR2008,110199,Medical Biochemistry and Metabolomics not elsewhere classified,FOR,320599,Medical biochemistry and metabolomics not elsewhere classified,field,True,explicit_official,1.0,
FOR2008,1102,Cardiorespiratory Medicine and Haematology,FOR,3201,Cardiovascular medicine and haematology,group,True,derived_empirical,1.0,"rolled up from 4 FOR2008 leaf-level mapping(s), 4 agreeing"
FOR2008,110201,Cardiology (incl. Cardiovascular Diseases),FOR,320101,Cardiology (incl. cardiovascular diseases),field,True,explicit_official,1.0,
FOR2008,110202,Haematology,FOR,320102,Haematology,field,True,explicit_official,1.0,
FOR2008,110203,Respiratory Diseases,FOR,320103,Respiratory diseases,field,True,explicit_official,1.0,
FOR2008,110299,Cardiorespiratory Medicine and Haematology not elsewhere classified,FOR,320199,Cardiovascular medicine and haematology not elsewhere classified,field,True,explicit_official,1.0,
FOR2008,1103,Clinical Sciences,FOR,4201,Allied health and rehabilitation science,group,False,derived_empirical,0.12,"rolled up from 25 FOR2008 leaf-level mapping(s), 3 agreeing"
FOR2008,1103,Clinical Sciences,FOR,3202,Clinical sciences,group,True,derived_empirical,0.88,"rolled up from 25 FOR2008 leaf-level mapping(s), 22 agreeing"
FOR2008,110301,Anaesthesiology,FOR,320201,Anaesthesiology,field,True,explicit_official,1.0,
FOR2008,110302,Clinical Chemistry (diagnostics),FOR,320202,Clinical chemistry (incl. diagnostics),field,True,explicit_official,1.0,
FOR2008,110303,Clinical Microbiology,FOR,320203,Clinical microbiology,field,True,explicit_official,1.0,
FOR2008,110304,Dermatology,FOR,320205,Dermatology,field,True,explicit_official,1.0,
FOR2008,110305,Emergency Medicine,FOR,320219,Paramedicine,field,False,lexical,0.6,lexical tiebreak among 2 p-flagged candidates
FOR2008,110305,Emergency Medicine,FOR,320207,Emergency medicine,field,True,lexical,1.0,lexical tiebreak among 2 p-flagged candidates
FOR2008,110306,Endocrinology,FOR,320208,Endocrinology,field,True,explicit_official,1.0,
FOR2008,110307,Gastroenterology and Hepatology,FOR,320209,Gastroenterology and hepatology,field,True,explicit_official,1.0,
FOR2008,110308,Geriatrics and Gerontology,FOR,420316,Palliative care,field,False,lexical,0.244,lexical tiebreak among 2 p-flagged candidates
FOR2008,110308,Geriatrics and Gerontology,FOR,320210,Geriatrics and gerontology,field,True,lexical,1.0,lexical tiebreak among 2 p-flagged candidates
FOR2008,110309,Infectious Diseases,FOR,320211,Infectious diseases,field,True,explicit_official,1.0,
FOR2008,110310,Intensive Care,FOR,320212,Intensive care,field,True,explicit_official,1.0,
FOR2008,110311,Medical Genetics (excl. Cancer Genetics),FOR,320213,Medical genetics (excl. cancer genetics),field,True,explicit_official,1.0,
FOR2008,110312,Nephrology and Urology,FOR,320214,Nephrology and urology,field,True,explicit_official,1.0,
FOR2008,110313,Nuclear Medicine,FOR,320215,Nuclear medicine,field,True,lexical,1.0,lexical tiebreak among 2 p-flagged candidates
FOR2008,110313,Nuclear Medicine,FOR,320206,Diagnostic radiography,field,False,lexical,0.211,lexical tiebreak among 2 p-flagged candidates
FOR2008,110314,Orthopaedics,FOR,320216,Orthopaedics,field,True,lexical,1.0,lexical tiebreak among 2 p-flagged candidates
FOR2008,110314,Orthopaedics,FOR,420108,Prosthetics and orthotics,field,False,lexical,0.432,lexical tiebreak among 2 p-flagged candidates
FOR2008,110315,Otorhinolaryngology,FOR,320217,Otorhinolaryngology,field,True,explicit_official,1.0,
FOR2008,110316,Pathology (excl. Oral Pathology),FOR,320220,Pathology (excl. oral pathology),field,True,explicit_official,1.0,
FOR2008,110317,Physiotherapy,FOR,420604,Injury prevention,field,False,lexical,0.2,lexical tiebreak among 2 p-flagged candidates
FOR2008,110317,Physiotherapy,FOR,420106,Physiotherapy,field,True,lexical,1.0,lexical tiebreak among 2 p-flagged candidates
FOR2008,110318,Podiatry,FOR,420107,Podiatry,field,True,lexical,1.0,lexical tiebreak among 2 p-flagged candidates
FOR2008,110318,Podiatry,FOR,420108,Prosthetics and orthotics,field,False,lexical,0.242,lexical tiebreak among 2 p-flagged candidates
FOR2008,110319,Psychiatry (incl. Psychotherapy),FOR,420313,Mental health services,field,False,lexical,0.259,lexical tiebreak among 2 p-flagged candidates
FOR2008,110319,Psychiatry (incl. Psychotherapy),FOR,320221,Psychiatry (incl. psychotherapy),field,True,lexical,1.0,lexical tiebreak among 2 p-flagged candidates
FOR2008,110320,Radiology and Organ Imaging,FOR,320206,Diagnostic radiography,field,False,lexical,0.286,lexical tiebreak among 2 p-flagged candidates
FOR2008,110320,Radiology and Organ Imaging,FOR,320222,Radiology and organ imaging,field,True,lexical,1.0,lexical tiebreak among 2 p-flagged candidates
FOR2008,110321,Rehabilitation and Therapy (excl. Physiotherapy),FOR,420110,Speech pathology,field,False,lexical,0.188,lexical tiebreak among 8 p-flagged candidates
FOR2008,110321,Rehabilitation and Therapy (excl. Physiotherapy),FOR,420105,Orthoptics,field,False,lexical,0.207,lexical tiebreak among 8 p-flagged candidates
FOR2008,110321,Rehabilitation and Therapy (excl. Physiotherapy),FOR,420199,Allied health and rehabilitation science not elsewhere classified,field,True,lexical,0.478,lexical tiebreak among 8 p-flagged candidates
FOR2008,110321,Rehabilitation and Therapy (excl. Physiotherapy),FOR,420108,Prosthetics and orthotics,field,False,lexical,0.356,lexical tiebreak among 8 p-flagged candidates
FOR2008,110321,Rehabilitation and Therapy (excl. Physiotherapy),FOR,420102,Audiology,field,False,lexical,0.14,lexical tiebreak among 8 p-flagged candidates
FOR2008,110321,Rehabilitation and Therapy (excl. Physiotherapy),FOR,420101,Arts therapy,field,False,lexical,0.333,lexical tiebreak among 8 p-flagged candidates
FOR2008,110321,Rehabilitation and Therapy (excl. Physiotherapy),FOR,420104,Occupational therapy,field,False,lexical,0.412,lexical tiebreak among 8 p-flagged candidates
FOR2008,110321,Rehabilitation and Therapy (excl. Physiotherapy),FOR,420109,Rehabilitation,field,False,lexical,0.452,lexical tiebreak among 8 p-flagged candidates
FOR2008,110322,Rheumatology and Arthritis,FOR,320223,Rheumatology and arthritis,field,True,explicit_official,1.0,
FOR2008,110323,Surgery,FOR,320226,Surgery,field,True,explicit_official,1.0,
FOR2008,110324,Venereology,FOR,320227,Venereology,field,True,explicit_official,1.0,
FOR2008,110399,Clinical Sciences not elsewhere classified,FOR,320219,Paramedicine,field,False,lexical,0.148,lexical tiebreak among 10 p-flagged candidates
FOR2008,110399,Clinical Sciences not elsewhere classified,FOR,420314,Multimorbidity,field,False,lexical,0.179,lexical tiebreak among 10 p-flagged candidates
FOR2008,110399,Clinical Sciences not elsewhere classified,FOR,420604,Injury prevention,field,False,lexical,0.203,lexical tiebreak among 10 p-flagged candidates
FOR2008,110399,Clinical Sciences not elsewhere classified,FOR,420108,Prosthetics and orthotics,field,False,lexical,0.239,lexical tiebreak among 10 p-flagged candidates
FOR2008,110399,Clinical Sciences not elsewhere classified,FOR,320218,Pain,field,False,lexical,0.087,lexical tiebreak among 10 p-flagged candidates
FOR2008,110399,Clinical Sciences not elsewhere classified,FOR,320301,Craniofacial biology,field,False,lexical,0.323,lexical tiebreak among 10 p-flagged candidates
FOR2008,110399,Clinical Sciences not elsewhere classified,FOR,320299,Clinical sciences not elsewhere classified,field,True,lexical,1.0,lexical tiebreak among 10 p-flagged candidates
FOR2008,110399,Clinical Sciences not elsewhere classified,FOR,320204,Clinimetrics,field,False,lexical,0.259,lexical tiebreak among 10 p-flagged candidates
FOR2008,110399,Clinical Sciences not elsewhere classified,FOR,320224,Rural clinical health,field,False,lexical,0.381,lexical tiebreak among 10 p-flagged candidates
FOR2008,110399,Clinical Sciences not elsewhere classified,FOR,429999,Other health sciences not elsewhere classified,field,False,lexical,0.818,lexical tiebreak among 10 p-flagged candidates
FOR2008,1104,Complementary and Alternative Medicine,FOR,4510,Te hauora me te oranga o te Māori (Māori health and wellbeing),group,False,derived_empirical,0.167,"rolled up from 6 FOR2008 leaf-level mapping(s), 1 agreeing"
FOR2008,1104,Complementary and Alternative Medicine,FOR,4504,Aboriginal and Torres Strait Islander health and wellbeing,group,False,derived_empirical,0.167,"rolled up from 6 FOR2008 leaf-level mapping(s), 1 agreeing"
FOR2008,1104,Complementary and Alternative Medicine,FOR,4208,"Traditional, complementary and integrative medicine",group,True,derived_empirical,0.667,"rolled up from 6 FOR2008 leaf-level mapping(s), 4 agreeing"
FOR2008,110401,Chiropractic,FOR,420801,Chiropractic,field,True,explicit_official,1.0,
FOR2008,110402,Naturopathy,FOR,420802,Naturopathy,field,True,explicit_official,1.0,
FOR2008,110403,Traditional Aboriginal and Torres Strait Islander Medicine and Treatments,FOR,450411,Aboriginal and Torres Strait Islander medicine and treatments,field,True,explicit_official,1.0,
FOR2008,110404,Traditional Chinese Medicine and Treatments,FOR,420803,Traditional Chinese medicine and treatments,field,True,explicit_official,1.0,
FOR2008,110405,Traditional Māori Medicine and Treatments,FOR,451009,Ngā rongoā me ngā whakamaimoa o te Māori (Māori medicine and treatments),field,True,explicit_official,1.0,
FOR2008,110499,Complementary and Alternative Medicine not elsewhere classified,FOR,420899,"Traditional, complementary and integrative medicine not elsewhere classified",field,True,explicit_official,1.0,
FOR2008,1105,Dentistry,FOR,3203,Dentistry,group,True,derived_empirical,1.0,"rolled up from 10 FOR2008 leaf-level mapping(s), 10 agreeing"
FOR2008,110501,Dental Materials and Equipment,FOR,320302,Dental materials and equipment,field,True,explicit_official,1.0,
FOR2008,110502,"Dental Therapeutics, Pharmacology and Toxicology",FOR,320303,"Dental therapeutics, pharmacology and toxicology",field,True,explicit_official,1.0,
FOR2008,110503,Endodontics,FOR,320304,Endodontics,field,True,explicit_official,1.0,
FOR2008,110504,Oral and Maxillofacial Surgery,FOR,320305,Oral and maxillofacial surgery,field,True,lexical,1.0,lexical tiebreak among 3 p-flagged candidates
FOR2008,110504,Oral and Maxillofacial Surgery,FOR,320311,Prosthodontics,field,False,lexical,0.227,lexical tiebreak among 3 p-flagged candidates
FOR2008,110504,Oral and Maxillofacial Surgery,FOR,320306,Oral implantology,field,False,lexical,0.468,lexical tiebreak among 3 p-flagged candidates
FOR2008,110505,Oral Medicine and Pathology,FOR,320307,Oral medicine and pathology,field,True,lexical,1.0,lexical tiebreak among 2 p-flagged candidates
FOR2008,110505,Oral Medicine and Pathology,FOR,320301,Craniofacial biology,field,False,lexical,0.426,lexical tiebreak among 2 p-flagged candidates
FOR2008,110506,Orthodontics and Dentofacial Orthopaedics,FOR,320308,Orthodontics and dentofacial orthopaedics,field,True,lexical,1.0,lexical tiebreak among 2 p-flagged candidates
FOR2008,110506,Orthodontics and Dentofacial Orthopaedics,FOR,320311,Prosthodontics,field,False,lexical,0.4,lexical tiebreak among 2 p-flagged candidates
FOR2008,110507,Paedodontics,FOR,320309,Paedodontics,field,True,explicit_official,1.0,
FOR2008,110508,Periodontics,FOR,320310,Periodontics,field,True,explicit_official,1.0,
FOR2008,110509,Special Needs Dentistry,FOR,320311,Prosthodontics,field,False,lexical,0.324,lexical tiebreak among 2 p-flagged candidates
FOR2008,110509,Special Needs Dentistry,FOR,320312,Special needs dentistry,field,True,lexical,1.0,lexical tiebreak among 2 p-flagged candidates
FOR2008,110599,Dentistry not elsewhere classified,FOR,320311,Prosthodontics,field,False,lexical,0.208,lexical tiebreak among 3 p-flagged candidates
FOR2008,110599,Dentistry not elsewhere classified,FOR,320306,Oral implantology,field,False,lexical,0.118,lexical tiebreak among 3 p-flagged candidates
FOR2008,110599,Dentistry not elsewhere classified,FOR,320399,Dentistry not elsewhere classified,field,True,lexical,1.0,lexical tiebreak among 3 p-flagged candidates
FOR2008,1106,Human Movement and Sports Science,FOR,4207,Sports science and exercise,group,True,derived_empirical,0.8,"rolled up from 5 FOR2008 leaf-level mapping(s), 4 agreeing"
FOR2008,1106,Human Movement and Sports Science,FOR,3202,Clinical sciences,group,False,derived_empirical,0.2,"rolled up from 5 FOR2008 leaf-level mapping(s), 1 agreeing"
FOR2008,110601,Biomechanics,FOR,420701,Biomechanics,field,True,explicit_official,1.0,
FOR2008,110602,Exercise Physiology,FOR,420702,Exercise physiology,field,True,explicit_official,1.0,
FOR2008,110603,Motor Control,FOR,420703,Motor control,field,True,explicit_official,1.0,
FOR2008,110604,Sports Medicine,FOR,420604,Injury prevention,field,False,lexical,0.188,lexical tiebreak among 2 p-flagged candidates
FOR2008,110604,Sports Medicine,FOR,320225,Sports medicine,field,True,lexical,1.0,lexical tiebreak among 2 p-flagged candidates
FOR2008,110699,Human Movement and Sports Science not elsewhere classified,FOR,420799,Sports science and exercise not elsewhere classified,field,True,lexical,0.709,lexical tiebreak among 5 p-flagged candidates
FOR2008,110699,Human Movement and Sports Science not elsewhere classified,FOR,451618,Pacific Peoples sport and physical activity,field,False,lexical,0.297,lexical tiebreak among 5 p-flagged candidates
FOR2008,110699,Human Movement and Sports Science not elsewhere classified,FOR,420604,Injury prevention,field,False,lexical,0.187,lexical tiebreak among 5 p-flagged candidates
FOR2008,110699,Human Movement and Sports Science not elsewhere classified,FOR,450421,Aboriginal and Torres Strait Islander sport and physical activity,field,False,lexical,0.276,lexical tiebreak among 5 p-flagged candidates
FOR2008,110699,Human Movement and Sports Science not elsewhere classified,FOR,451019,Ngā hākinakina me te korikori tinana o te Māori (Māori sport and physical activity),field,False,lexical,0.27,lexical tiebreak among 5 p-flagged candidates
FOR2008,1107,Immunology,FOR,3204,Immunology,group,True,derived_empirical,1.0,"rolled up from 10 FOR2008 leaf-level mapping(s), 10 agreeing"
FOR2008,110701,Allergy,FOR,320401,Allergy,field,True,explicit_official,1.0,
FOR2008,110702,"Applied Immunology (incl. Antibody Engineering, Xenotransplantation and T-cell Therapies)",FOR,320402,"Applied immunology (incl. antibody engineering, xenotransplantation and t-cell therapies)",field,True,explicit_official,1.0,
FOR2008,110703,Autoimmunity,FOR,320403,Autoimmunity,field,True,explicit_official,1.0,
FOR2008,110704,Cellular Immunology,FOR,320404,Cellular immunology,field,True,explicit_official,1.0,
FOR2008,110705,Humoural Immunology and Immunochemistry,FOR,320405,Humoural immunology and immunochemistry,field,True,explicit_official,1.0,
FOR2008,110706,Immunogenetics (incl. Genetic Immunology),FOR,320406,Immunogenetics (incl. genetic immunology),field,True,explicit_official,1.0,
FOR2008,110707,Innate Immunity,FOR,320407,Innate immunity,field,True,explicit_official,1.0,
FOR2008,110708,Transplantation Immunology,FOR,320408,Transplantation immunology,field,True,explicit_official,1.0,
FOR2008,110709,Tumour Immunology,FOR,320409,Tumour immunology,field,True,explicit_official,1.0,
FOR2008,110799,Immunology not elsewhere classified,FOR,320499,Immunology not elsewhere classified,field,True,explicit_official,1.0,
FOR2008,1108,Medical Microbiology,FOR,3207,Medical microbiology,group,True,derived_empirical,1.0,"rolled up from 5 FOR2008 leaf-level mapping(s), 5 agreeing"
FOR2008,110801,Medical Bacteriology,FOR,320701,Medical bacteriology,field,True,lexical,1.0,lexical tiebreak among 2 p-flagged candidates
FOR2008,110801,Medical Bacteriology,FOR,320703,Medical mycology,field,False,lexical,0.778,lexical tiebreak among 2 p-flagged candidates
FOR2008,110802,Medical Infection Agents (incl. Prions),FOR,320702,Medical infection agents (incl. prions),field,True,lexical,1.0,lexical tiebreak among 2 p-flagged candidates
FOR2008,110802,Medical Infection Agents (incl. Prions),FOR,320703,Medical mycology,field,False,lexical,0.4,lexical tiebreak among 2 p-flagged candidates
FOR2008,110803,Medical Parasitology,FOR,320704,Medical parasitology,field,True,explicit_official,1.0,
FOR2008,110804,Medical Virology,FOR,320703,Medical mycology,field,False,lexical,0.812,lexical tiebreak among 2 p-flagged candidates
FOR2008,110804,Medical Virology,FOR,320705,Medical virology,field,True,lexical,1.0,lexical tiebreak among 2 p-flagged candidates
FOR2008,110899,Medical Microbiology not elsewhere classified,FOR,320799,Medical microbiology not elsewhere classified,field,True,explicit_official,1.0,
FOR2008,1109,Neurosciences,FOR,3209,Neurosciences,group,True,derived_empirical,1.0,"rolled up from 7 FOR2008 leaf-level mapping(s), 7 agreeing"
FOR2008,110901,Autonomic Nervous System,FOR,320901,Autonomic nervous system,field,True,explicit_official,1.0,
FOR2008,110902,Cellular Nervous System,FOR,320902,Cellular nervous system,field,True,explicit_official,1.0,
FOR2008,110903,Central Nervous System,FOR,320903,Central nervous system,field,True,lexical,1.0,lexical tiebreak among 2 p-flagged candidates
FOR2008,110903,Central Nervous System,FOR,520203,Cognitive neuroscience,field,False,lexical,0.409,lexical tiebreak among 2 p-flagged candidates
FOR2008,110904,Neurology and Neuromuscular Diseases,FOR,520203,Cognitive neuroscience,field,False,lexical,0.483,lexical tiebreak among 2 p-flagged candidates
FOR2008,110904,Neurology and Neuromuscular Diseases,FOR,320905,Neurology and neuromuscular diseases,field,True,lexical,1.0,lexical tiebreak among 2 p-flagged candidates
FOR2008,110905,Peripheral Nervous System,FOR,320906,Peripheral nervous system,field,True,explicit_official,1.0,
FOR2008,110906,Sensory Systems,FOR,520203,Cognitive neuroscience,field,False,lexical,0.216,lexical tiebreak among 2 p-flagged candidates
FOR2008,110906,Sensory Systems,FOR,320907,Sensory systems,field,True,lexical,1.0,lexical tiebreak among 2 p-flagged candidates
FOR2008,110999,Neurosciences not elsewhere classified,FOR,320999,Neurosciences not elsewhere classified,field,True,lexical,1.0,lexical tiebreak among 3 p-flagged candidates
FOR2008,110999,Neurosciences not elsewhere classified,FOR,320904,Computational neuroscience (incl. mathematical neuroscience and theoretical neuroscience),field,False,lexical,0.378,lexical tiebreak among 3 p-flagged candidates
FOR2008,110999,Neurosciences not elsewhere classified,FOR,520203,Cognitive neuroscience,field,False,lexical,0.4,lexical tiebreak among 3 p-flagged candidates
FOR2008,1110,Nursing,FOR,4205,Nursing,group,True,derived_empirical,0.857,"rolled up from 7 FOR2008 leaf-level mapping(s), 6 agreeing"
FOR2008,1110,Nursing,FOR,4204,Midwifery,group,False,derived_empirical,0.143,"rolled up from 7 FOR2008 leaf-level mapping(s), 1 agreeing"
FOR2008,111001,Aged Care Nursing,FOR,420502,Aged care nursing,field,True,explicit_official,1.0,
FOR2008,111002,Clinical Nursing: Primary (Preventative),FOR,420503,Community and primary care,field,True,explicit_official,1.0,
FOR2008,111003,Clinical Nursing: Secondary (Acute Care),FOR,420501,Acute care,field,True,explicit_official,1.0,
FOR2008,111004,Clinical Nursing: Tertiary (Rehabilitative),FOR,420506,Sub-acute care,field,True,explicit_official,1.0,
FOR2008,111005,Mental Health Nursing,FOR,420403,Psychosocial aspects of childbirth and perinatal mental health,field,False,lexical,0.313,lexical tiebreak among 2 p-flagged candidates
FOR2008,111005,Mental Health Nursing,FOR,420504,Mental health nursing,field,True,lexical,1.0,lexical tiebreak among 2 p-flagged candidates
FOR2008,111006,Midwifery,FOR,420402,Models of care and place of birth,field,False,lexical,0.143,lexical tiebreak among 4 p-flagged candidates
FOR2008,111006,Midwifery,FOR,420499,Midwifery not elsewhere classified,field,False,lexical,0.419,lexical tiebreak among 4 p-flagged candidates
FOR2008,111006,Midwifery,FOR,420403,Psychosocial aspects of childbirth and perinatal mental health,field,False,lexical,0.141,lexical tiebreak among 4 p-flagged candidates
FOR2008,111006,Midwifery,FOR,420401,Clinical midwifery,field,True,lexical,0.667,lexical tiebreak among 4 p-flagged candidates
FOR2008,111099,Nursing not elsewhere classified,FOR,420505,Nursing workforce,field,False,lexical,0.408,lexical tiebreak among 5 p-flagged candidates
FOR2008,111099,Nursing not elsewhere classified,FOR,451612,Pacific Peoples nursing,field,False,lexical,0.255,lexical tiebreak among 5 p-flagged candidates
FOR2008,111099,Nursing not elsewhere classified,FOR,451012,Te mahi tapuhi o te Māori (Māori nursing),field,False,lexical,0.192,lexical tiebreak among 5 p-flagged candidates
FOR2008,111099,Nursing not elsewhere classified,FOR,450415,Aboriginal and Torres Strait Islander nursing,field,False,lexical,0.182,lexical tiebreak among 5 p-flagged candidates
FOR2008,111099,Nursing not elsewhere classified,FOR,420599,Nursing not elsewhere classified,field,True,lexical,1.0,lexical tiebreak among 5 p-flagged candidates
FOR2008,1111,Nutrition and Dietetics,FOR,3210,Nutrition and dietetics,group,True,derived_empirical,1.0,"rolled up from 5 FOR2008 leaf-level mapping(s), 5 agreeing"
FOR2008,111101,Clinical and Sports Nutrition,FOR,321001,Clinical nutrition,field,True,lexical,0.766,lexical tiebreak among 2 p-flagged candidates
FOR2008,111101,Clinical and Sports Nutrition,FOR,321006,Sport and exercise nutrition,field,False,lexical,0.561,lexical tiebreak among 2 p-flagged candidates
FOR2008,111102,Dietetics and Nutrigenomics,FOR,321003,Nutrigenomics and personalised nutrition,field,False,lexical,0.388,lexical tiebreak among 2 p-flagged candidates
FOR2008,111102,Dietetics and Nutrigenomics,FOR,321002,Food properties (incl. characteristics and health benefits),field,True,lexical,0.442,lexical tiebreak among 2 p-flagged candidates
FOR2008,111103,Nutritional Physiology,FOR,321004,Nutritional science,field,True,lexical,0.683,lexical tiebreak among 2 p-flagged candidates
FOR2008,111103,Nutritional Physiology,FOR,321002,Food properties (incl. characteristics and health benefits),field,False,lexical,0.272,lexical tiebreak among 2 p-flagged candidates
FOR2008,111104,Public Nutrition Intervention,FOR,321005,Public health nutrition,field,True,explicit_official,1.0,
FOR2008,111199,Nutrition and Dietetics not elsewhere classified,FOR,321002,Food properties (incl. characteristics and health benefits),field,False,lexical,0.299,lexical tiebreak among 2 p-flagged candidates
FOR2008,111199,Nutrition and Dietetics not elsewhere classified,FOR,321099,Nutrition and dietetics not elsewhere classified,field,True,lexical,1.0,lexical tiebreak among 2 p-flagged candidates
FOR2008,1112,Oncology and Carcinogenesis,FOR,3211,Oncology and carcinogenesis,group,True,derived_empirical,1.0,"rolled up from 10 FOR2008 leaf-level mapping(s), 10 agreeing"
FOR2008,111201,Cancer Cell Biology,FOR,321107,Liquid biopsies,field,False,lexical,0.294,lexical tiebreak among 3 p-flagged candidates
FOR2008,111201,Cancer Cell Biology,FOR,321109,Predictive and prognostic markers,field,False,lexical,0.231,lexical tiebreak among 3 p-flagged candidates
FOR2008,111201,Cancer Cell Biology,FOR,321101,Cancer cell biology,field,True,lexical,1.0,lexical tiebreak among 3 p-flagged candidates
FOR2008,111202,Cancer Diagnosis,FOR,321102,Cancer diagnosis,field,True,lexical,1.0,lexical tiebreak among 2 p-flagged candidates
FOR2008,111202,Cancer Diagnosis,FOR,321107,Liquid biopsies,field,False,lexical,0.387,lexical tiebreak among 2 p-flagged candidates
FOR2008,111203,Cancer Genetics,FOR,321103,Cancer genetics,field,True,explicit_official,1.0,
FOR2008,111204,Cancer Therapy (excl. Chemotherapy and Radiation Therapy),FOR,321104,Cancer therapy (excl. chemotherapy and radiation therapy),field,True,explicit_official,1.0,
FOR2008,111205,Chemotherapy,FOR,321105,Chemotherapy,field,True,explicit_official,1.0,
FOR2008,111206,Haematological Tumours,FOR,321106,Haematological tumours,field,True,explicit_official,1.0,
FOR2008,111207,Molecular Targets,FOR,321108,Molecular targets,field,True,explicit_official,1.0,
FOR2008,111208,Radiation Therapy,FOR,321110,Radiation therapy,field,True,explicit_official,1.0,
FOR2008,111209,Solid Tumours,FOR,321111,Solid tumours,field,True,explicit_official,1.0,
FOR2008,111299,Oncology and Carcinogenesis not elsewhere classified,FOR,321199,Oncology and carcinogenesis not elsewhere classified,field,True,explicit_official,1.0,
FOR2008,1113,Ophthalmology and Optometry,FOR,3212,Ophthalmology and optometry,group,True,derived_empirical,1.0,"rolled up from 4 FOR2008 leaf-level mapping(s), 4 agreeing"
FOR2008,111301,Ophthalmology,FOR,321201,Ophthalmology,field,True,explicit_official,1.0,
FOR2008,111302,Optical Technology,FOR,321202,Optical technology,field,True,explicit_official,1.0,
FOR2008,111303,Vision Science,FOR,321204,Vision science,field,True,lexical,1.0,lexical tiebreak among 3 p-flagged candidates
FOR2008,111303,Vision Science,FOR,420105,Orthoptics,field,False,lexical,0.167,lexical tiebreak among 3 p-flagged candidates
FOR2008,111303,Vision Science,FOR,321203,Optometry,field,False,lexical,0.174,lexical tiebreak among 3 p-flagged candidates
FOR2008,111399,Ophthalmology and Optometry not elsewhere classified,FOR,420105,Orthoptics,field,False,lexical,0.226,lexical tiebreak among 2 p-flagged candidates
FOR2008,111399,Ophthalmology and Optometry not elsewhere classified,FOR,321299,Ophthalmology and optometry not elsewhere classified,field,True,lexical,1.0,lexical tiebreak among 2 p-flagged candidates
FOR2008,1114,Paediatrics and Reproductive Medicine,FOR,3213,Paediatrics,group,False,derived_empirical,0.2,"rolled up from 5 FOR2008 leaf-level mapping(s), 1 agreeing"
FOR2008,1114,Paediatrics and Reproductive Medicine,FOR,3215,Reproductive medicine,group,True,derived_empirical,0.8,"rolled up from 5 FOR2008 leaf-level mapping(s), 4 agreeing"
FOR2008,111401,Foetal Development and Medicine,FOR,321501,Foetal development and medicine,field,True,explicit_official,1.0,
FOR2008,111402,Obstetrics and Gynaecology,FOR,420403,Psychosocial aspects of childbirth and perinatal mental health,field,False,lexical,0.273,lexical tiebreak among 2 p-flagged candidates
FOR2008,111402,Obstetrics and Gynaecology,FOR,321502,Obstetrics and gynaecology,field,True,lexical,1.0,lexical tiebreak among 2 p-flagged candidates
FOR2008,111403,Paediatrics,FOR,321302,Infant and child health,field,False,lexical,0.235,lexical tiebreak among 4 p-flagged candidates
FOR2008,111403,Paediatrics,FOR,321399,Paediatrics not elsewhere classified,field,True,lexical,0.468,lexical tiebreak among 4 p-flagged candidates
FOR2008,111403,Paediatrics,FOR,321303,Neonatology,field,False,lexical,0.273,lexical tiebreak among 4 p-flagged candidates
FOR2008,111403,Paediatrics,FOR,321301,Adolescent health,field,False,lexical,0.286,lexical tiebreak among 4 p-flagged candidates
FOR2008,111404,Reproduction,FOR,321503,Reproduction,field,True,explicit_official,1.0,
FOR2008,111499,Paediatrics and Reproductive Medicine not elsewhere classified,FOR,321599,Reproductive medicine not elsewhere classified,field,True,explicit_official,1.0,
FOR2008,1115,Pharmacology and Pharmaceutical Sciences,FOR,3214,Pharmacology and pharmaceutical sciences,group,True,derived_empirical,1.0,"rolled up from 7 FOR2008 leaf-level mapping(s), 7 agreeing"
FOR2008,111501,Basic Pharmacology,FOR,321401,Basic pharmacology,field,True,explicit_official,1.0,
FOR2008,111502,Clinical Pharmacology and Therapeutics,FOR,321402,Clinical pharmacology and therapeutics,field,True,explicit_official,1.0,
FOR2008,111503,Clinical Pharmacy and Pharmacy Practice,FOR,321403,Clinical pharmacy and pharmacy practice,field,True,explicit_official,1.0,
FOR2008,111504,Pharmaceutical Sciences,FOR,321404,Pharmaceutical delivery technologies,field,False,lexical,0.644,lexical tiebreak among 2 p-flagged candidates
FOR2008,111504,Pharmaceutical Sciences,FOR,321405,Pharmaceutical sciences,field,True,lexical,1.0,lexical tiebreak among 2 p-flagged candidates
FOR2008,111505,Pharmacogenomics,FOR,321406,Pharmacogenomics,field,True,explicit_official,1.0,
FOR2008,111506,Toxicology (incl. Clinical Toxicology),FOR,321407,Toxicology (incl. clinical toxicology),field,True,explicit_official,1.0,
FOR2008,111599,Pharmacology and Pharmaceutical Sciences not elsewhere classified,FOR,321404,Pharmaceutical delivery technologies,field,False,lexical,0.376,lexical tiebreak among 2 p-flagged candidates
FOR2008,111599,Pharmacology and Pharmaceutical Sciences not elsewhere classified,FOR,321499,Pharmacology and pharmaceutical sciences not elsewhere classified,field,True,lexical,1.0,lexical tiebreak among 2 p-flagged candidates
FOR2008,1116,Medical Physiology,FOR,3208,Medical physiology,group,True,derived_empirical,1.0,"rolled up from 4 FOR2008 leaf-level mapping(s), 4 agreeing"
FOR2008,111601,Cell Physiology,FOR,320801,Cell physiology,field,True,explicit_official,1.0,
FOR2008,111602,Human Biophysics,FOR,320802,Human biophysics,field,True,explicit_official,1.0,
FOR2008,111603,Systems Physiology,FOR,320803,Systems physiology,field,True,explicit_official,1.0,
FOR2008,111699,Medical Physiology not elsewhere classified,FOR,320899,Medical physiology not elsewhere classified,field,True,explicit_official,1.0,
FOR2008,1117,Public Health and Health Services,FOR,4510,Te hauora me te oranga o te Māori (Māori health and wellbeing),group,False,derived_empirical,0.053,"rolled up from 19 FOR2008 leaf-level mapping(s), 1 agreeing"
FOR2008,1117,Public Health and Health Services,FOR,4203,Health services and systems,group,True,derived_empirical,0.526,"rolled up from 19 FOR2008 leaf-level mapping(s), 10 agreeing"
FOR2008,1117,Public Health and Health Services,FOR,4206,Public health,group,False,derived_empirical,0.211,"rolled up from 19 FOR2008 leaf-level mapping(s), 4 agreeing"
FOR2008,1117,Public Health and Health Services,FOR,4504,Aboriginal and Torres Strait Islander health and wellbeing,group,False,derived_empirical,0.053,"rolled up from 19 FOR2008 leaf-level mapping(s), 1 agreeing"
FOR2008,1117,Public Health and Health Services,FOR,3505,Human resources and industrial relations,group,False,derived_empirical,0.053,"rolled up from 19 FOR2008 leaf-level mapping(s), 1 agreeing"
FOR2008,1117,Public Health and Health Services,FOR,4202,Epidemiology,group,False,derived_empirical,0.053,"rolled up from 19 FOR2008 leaf-level mapping(s), 1 agreeing"
FOR2008,1117,Public Health and Health Services,FOR,4516,Pacific Peoples health and wellbeing,group,False,derived_empirical,0.053,"rolled up from 19 FOR2008 leaf-level mapping(s), 1 agreeing"
FOR2008,111701,Aboriginal and Torres Strait Islander Health,FOR,450409,Aboriginal and Torres Strait Islander health services,field,False,lexical,0.907,lexical tiebreak among 19 p-flagged candidates
FOR2008,111701,Aboriginal and Torres Strait Islander Health,FOR,450419,Aboriginal and Torres Strait Islander social determinants of health,field,False,lexical,0.793,lexical tiebreak among 19 p-flagged candidates
FOR2008,111701,Aboriginal and Torres Strait Islander Health,FOR,450417,Aboriginal and Torres Strait Islander public health and wellbeing,field,False,lexical,0.807,lexical tiebreak among 19 p-flagged candidates
FOR2008,111701,Aboriginal and Torres Strait Islander Health,FOR,450406,Aboriginal and Torres Strait Islander epidemiology,field,False,lexical,0.851,lexical tiebreak among 19 p-flagged candidates
FOR2008,111701,Aboriginal and Torres Strait Islander Health,FOR,450415,Aboriginal and Torres Strait Islander nursing,field,False,lexical,0.854,lexical tiebreak among 19 p-flagged candidates
FOR2008,111701,Aboriginal and Torres Strait Islander Health,FOR,450412,Aboriginal and Torres Strait Islander men’s health and wellbeing,field,False,lexical,0.815,lexical tiebreak among 19 p-flagged candidates
FOR2008,111701,Aboriginal and Torres Strait Islander Health,FOR,450416,Aboriginal and Torres Strait Islander psychology,field,False,lexical,0.87,lexical tiebreak among 19 p-flagged candidates
FOR2008,111701,Aboriginal and Torres Strait Islander Health,FOR,450408,Aboriginal and Torres Strait Islander health promotion,field,False,lexical,0.898,lexical tiebreak among 19 p-flagged candidates
FOR2008,111701,Aboriginal and Torres Strait Islander Health,FOR,450403,Aboriginal and Torres Strait Islander child health and wellbeing,field,False,lexical,0.815,lexical tiebreak among 19 p-flagged candidates
FOR2008,111701,Aboriginal and Torres Strait Islander Health,FOR,450423,Aboriginal and Torres Strait Islander youth and family social and emotional wellbeing,field,False,lexical,0.651,lexical tiebreak among 19 p-flagged candidates
FOR2008,111701,Aboriginal and Torres Strait Islander Health,FOR,450422,Aboriginal and Torres Strait Islander theory of change models for health,field,False,lexical,0.759,lexical tiebreak among 19 p-flagged candidates
FOR2008,111701,Aboriginal and Torres Strait Islander Health,FOR,450414,Aboriginal and Torres Strait Islander mothers and babies health and wellbeing,field,False,lexical,0.727,lexical tiebreak among 19 p-flagged candidates
FOR2008,111701,Aboriginal and Torres Strait Islander Health,FOR,450413,Aboriginal and Torres Strait Islander midwifery and paediatrics,field,False,lexical,0.766,lexical tiebreak among 19 p-flagged candidates
FOR2008,111701,Aboriginal and Torres Strait Islander Health,FOR,450421,Aboriginal and Torres Strait Islander sport and physical activity,field,False,lexical,0.771,lexical tiebreak among 19 p-flagged candidates
FOR2008,111701,Aboriginal and Torres Strait Islander Health,FOR,450404,Aboriginal and Torres Strait Islander cultural determinants of health,field,False,lexical,0.779,lexical tiebreak among 19 p-flagged candidates
FOR2008,111701,Aboriginal and Torres Strait Islander Health,FOR,450405,Aboriginal and Torres Strait Islander diet and nutrition,field,False,lexical,0.82,lexical tiebreak among 19 p-flagged candidates
FOR2008,111701,Aboriginal and Torres Strait Islander Health,FOR,450420,"Aboriginal and Torres Strait Islander social, emotional, cultural and spiritual wellbeing",field,False,lexical,0.617,lexical tiebreak among 19 p-flagged candidates
FOR2008,111701,Aboriginal and Torres Strait Islander Health,FOR,450401,Aboriginal and Torres Strait Islander and disability,field,False,lexical,0.854,lexical tiebreak among 19 p-flagged candidates
FOR2008,111701,Aboriginal and Torres Strait Islander Health,FOR,450418,Aboriginal and Torres Strait Islander remote health,field,True,lexical,0.926,lexical tiebreak among 19 p-flagged candidates
FOR2008,111702,Aged Health Care,FOR,420301,Aged health care,field,True,explicit_official,1.0,
FOR2008,111703,Care for Disabled,FOR,420318,People with disability,field,True,explicit_official,1.0,
FOR2008,111704,Community Child Health,FOR,420601,Community child health,field,True,lexical,1.0,lexical tiebreak among 2 p-flagged candidates
FOR2008,111704,Community Child Health,FOR,420402,Models of care and place of birth,field,False,lexical,0.291,lexical tiebreak among 2 p-flagged candidates
FOR2008,111705,Environmental and Occupational Health and Safety,FOR,350505,Occupational and workplace health and safety,field,True,lexical,0.652,lexical tiebreak among 2 p-flagged candidates
FOR2008,111705,Environmental and Occupational Health and Safety,FOR,420604,Injury prevention,field,False,lexical,0.185,lexical tiebreak among 2 p-flagged candidates
FOR2008,111706,Epidemiology,FOR,420206,Forensic epidemiology,field,False,lexical,0.727,lexical tiebreak among 11 p-flagged candidates
FOR2008,111706,Epidemiology,FOR,420202,Disease surveillance,field,False,lexical,0.188,lexical tiebreak among 11 p-flagged candidates
FOR2008,111706,Epidemiology,FOR,420208,Nutritional epidemiology,field,False,lexical,0.667,lexical tiebreak among 11 p-flagged candidates
FOR2008,111706,Epidemiology,FOR,420203,Environmental epidemiology,field,False,lexical,0.632,lexical tiebreak among 11 p-flagged candidates
FOR2008,111706,Epidemiology,FOR,420204,Epidemiological methods,field,False,lexical,0.629,lexical tiebreak among 11 p-flagged candidates
FOR2008,111706,Epidemiology,FOR,420201,Behavioural epidemiology,field,False,lexical,0.667,lexical tiebreak among 11 p-flagged candidates
FOR2008,111706,Epidemiology,FOR,420299,Epidemiology not elsewhere classified,field,False,lexical,0.49,lexical tiebreak among 11 p-flagged candidates
FOR2008,111706,Epidemiology,FOR,420209,Occupational epidemiology,field,False,lexical,0.649,lexical tiebreak among 11 p-flagged candidates
FOR2008,111706,Epidemiology,FOR,420210,Social epidemiology,field,True,lexical,0.774,lexical tiebreak among 11 p-flagged candidates
FOR2008,111706,Epidemiology,FOR,420205,Epidemiological modelling,field,False,lexical,0.595,lexical tiebreak among 11 p-flagged candidates
FOR2008,111706,Epidemiology,FOR,420207,Major global burdens of disease,field,False,lexical,0.14,lexical tiebreak among 11 p-flagged candidates
FOR2008,111707,Family Care,FOR,420303,Family care,field,True,lexical,1.0,lexical tiebreak among 2 p-flagged candidates
FOR2008,111707,Family Care,FOR,420402,Models of care and place of birth,field,False,lexical,0.273,lexical tiebreak among 2 p-flagged candidates
FOR2008,111708,Health and Community Services,FOR,420402,Models of care and place of birth,field,False,lexical,0.29,lexical tiebreak among 5 p-flagged candidates
FOR2008,111708,Health and Community Services,FOR,420305,Health and community services,field,True,lexical,1.0,lexical tiebreak among 5 p-flagged candidates
FOR2008,111708,Health and Community Services,FOR,420313,Mental health services,field,False,lexical,0.588,lexical tiebreak among 5 p-flagged candidates
FOR2008,111708,Health and Community Services,FOR,420309,Health management,field,False,lexical,0.522,lexical tiebreak among 5 p-flagged candidates
FOR2008,111708,Health and Community Services,FOR,420311,Health systems,field,False,lexical,0.419,lexical tiebreak among 5 p-flagged candidates
FOR2008,111709,Health Care Administration,FOR,420306,Health care administration,field,True,lexical,1.0,lexical tiebreak among 3 p-flagged candidates
FOR2008,111709,Health Care Administration,FOR,420309,Health management,field,False,lexical,0.558,lexical tiebreak among 3 p-flagged candidates
FOR2008,111709,Health Care Administration,FOR,420311,Health systems,field,False,lexical,0.45,lexical tiebreak among 3 p-flagged candidates
FOR2008,111710,Health Counselling,FOR,420307,Health counselling,field,True,explicit_official,1.0,
FOR2008,111711,Health Information Systems (incl. Surveillance),FOR,420308,Health informatics and information systems,field,True,lexical,0.584,lexical tiebreak among 4 p-flagged candidates
FOR2008,111711,Health Information Systems (incl. Surveillance),FOR,420310,Health surveillance,field,False,lexical,0.576,lexical tiebreak among 4 p-flagged candidates
FOR2008,111711,Health Information Systems (incl. Surveillance),FOR,420311,Health systems,field,False,lexical,0.459,lexical tiebreak among 4 p-flagged candidates
FOR2008,111711,Health Information Systems (incl. Surveillance),FOR,460102,Applications in health,field,False,lexical,0.174,lexical tiebreak among 4 p-flagged candidates
FOR2008,111712,Health Promotion,FOR,420603,Health promotion,field,True,explicit_official,1.0,
FOR2008,111713,Māori Health,FOR,451018,Ngā tokoingoa pāpori o te hauora o te Māori (Māori social determinants of health),field,False,lexical,0.258,lexical tiebreak among 16 p-flagged candidates
FOR2008,111713,Māori Health,FOR,451020,Te ariā o ngā tauira panoni hauora o te Māori (Māori theory of change models for health),field,False,lexical,0.24,lexical tiebreak among 16 p-flagged candidates
FOR2008,111713,Māori Health,FOR,451016,Te hauora mamao o te Māori (Māori remote health),field,True,lexical,0.4,lexical tiebreak among 16 p-flagged candidates
FOR2008,111713,Māori Health,FOR,451007,Te whakatairanga hauora o te Māori (Māori health promotion),field,False,lexical,0.338,lexical tiebreak among 16 p-flagged candidates
FOR2008,111713,Māori Health,FOR,451001,Te whaikaha me te Māori (Māori and disability),field,False,lexical,0.31,lexical tiebreak among 16 p-flagged candidates
FOR2008,111713,Māori Health,FOR,451004,Te horakai me ngā kai o te Māori (Māori diet and nutrition),field,False,lexical,0.254,lexical tiebreak among 16 p-flagged candidates
FOR2008,111713,Māori Health,FOR,451006,Ngā kaupapahere hauora o te Māori (Māori health policy),field,False,lexical,0.358,lexical tiebreak among 16 p-flagged candidates
FOR2008,111713,Māori Health,FOR,451015,Te hauora me te oranga tūmatanui o te Māori (Māori public health and wellbeing),field,False,lexical,0.264,lexical tiebreak among 16 p-flagged candidates
FOR2008,111713,Māori Health,FOR,451003,Ngā tokoingoa ahurea o te hauora o te Māori (Māori cultural determinants of health),field,False,lexical,0.253,lexical tiebreak among 16 p-flagged candidates
FOR2008,111713,Māori Health,FOR,451021,Ngā taiohi me ngā whānau Māori (Māori youth and family),field,False,lexical,0.239,lexical tiebreak among 16 p-flagged candidates
FOR2008,111713,Māori Health,FOR,451019,Ngā hākinakina me te korikori tinana o te Māori (Māori sport and physical activity),field,False,lexical,0.211,lexical tiebreak among 16 p-flagged candidates
FOR2008,111713,Māori Health,FOR,451011,"Te hauora me te oranga ā-whaea, ā-pēpi o te Māori (Māori mothers and babies health and wellbeing)",field,False,lexical,0.22,lexical tiebreak among 16 p-flagged candidates
FOR2008,111713,Māori Health,FOR,451010,Ngā kaiwhakawhānau me te mātai mate tamariki o te Māori (Māori midwifery and paediatrics),field,False,lexical,0.178,lexical tiebreak among 16 p-flagged candidates
FOR2008,111713,Māori Health,FOR,451012,Te mahi tapuhi o te Māori (Māori nursing),field,False,lexical,0.226,lexical tiebreak among 16 p-flagged candidates
FOR2008,111713,Māori Health,FOR,451017,"Te oranga ā-pāpori, ā-hinengaro, ā-ahurea, ā-wairua o te Māori (Māori social, cultural, emotional and spiritual wellbeing)",field,False,lexical,0.134,lexical tiebreak among 16 p-flagged candidates
FOR2008,111713,Māori Health,FOR,451005,Te mātai tahumaero o te Māori (Māori epidemiology),field,False,lexical,0.258,lexical tiebreak among 16 p-flagged candidates
FOR2008,111714,Mental Health,FOR,420313,Mental health services,field,True,lexical,0.743,lexical tiebreak among 4 p-flagged candidates
FOR2008,111714,Mental Health,FOR,451617,"Pacific Peoples social, cultural, emotional and spiritual wellbeing",field,False,lexical,0.175,lexical tiebreak among 4 p-flagged candidates
FOR2008,111714,Mental Health,FOR,450420,"Aboriginal and Torres Strait Islander social, emotional, cultural and spiritual wellbeing",field,False,lexical,0.157,lexical tiebreak among 4 p-flagged candidates
FOR2008,111714,Mental Health,FOR,451017,"Te oranga ā-pāpori, ā-hinengaro, ā-ahurea, ā-wairua o te Māori (Māori social, cultural, emotional and spiritual wellbeing)",field,False,lexical,0.119,lexical tiebreak among 4 p-flagged candidates
FOR2008,111715,Pacific Peoples Health,FOR,451605,Pacific Peoples epidemiology,field,False,lexical,0.72,lexical tiebreak among 18 p-flagged candidates
FOR2008,111715,Pacific Peoples Health,FOR,451604,Pacific Peoples diet and nutrition,field,False,lexical,0.679,lexical tiebreak among 18 p-flagged candidates
FOR2008,111715,Pacific Peoples Health,FOR,451606,Pacific Peoples health policy,field,True,lexical,0.863,lexical tiebreak among 18 p-flagged candidates
FOR2008,111715,Pacific Peoples Health,FOR,451615,Pacific Peoples remote health,field,False,lexical,0.863,lexical tiebreak among 18 p-flagged candidates
FOR2008,111715,Pacific Peoples Health,FOR,451607,Pacific Peoples health promotion,field,False,lexical,0.815,lexical tiebreak among 18 p-flagged candidates
FOR2008,111715,Pacific Peoples Health,FOR,451613,Pacific Peoples psychology,field,False,lexical,0.75,lexical tiebreak among 18 p-flagged candidates
FOR2008,111715,Pacific Peoples Health,FOR,451614,Pacific Peoples public health and wellbeing,field,False,lexical,0.677,lexical tiebreak among 18 p-flagged candidates
FOR2008,111715,Pacific Peoples Health,FOR,451601,Pacific Peoples and disability,field,False,lexical,0.731,lexical tiebreak among 18 p-flagged candidates
FOR2008,111715,Pacific Peoples Health,FOR,451609,Pacific Peoples medicine and treatments,field,False,lexical,0.623,lexical tiebreak among 18 p-flagged candidates
FOR2008,111715,Pacific Peoples Health,FOR,451612,Pacific Peoples nursing,field,False,lexical,0.711,lexical tiebreak among 18 p-flagged candidates
FOR2008,111715,Pacific Peoples Health,FOR,451619,Pacific Peoples theory of change models for health,field,False,lexical,0.611,lexical tiebreak among 18 p-flagged candidates
FOR2008,111715,Pacific Peoples Health,FOR,451618,Pacific Peoples sport and physical activity,field,False,lexical,0.615,lexical tiebreak among 18 p-flagged candidates
FOR2008,111715,Pacific Peoples Health,FOR,451611,Pacific Peoples mothers and babies health and wellbeing,field,False,lexical,0.571,lexical tiebreak among 18 p-flagged candidates
FOR2008,111715,Pacific Peoples Health,FOR,451617,"Pacific Peoples social, cultural, emotional and spiritual wellbeing",field,False,lexical,0.427,lexical tiebreak among 18 p-flagged candidates
FOR2008,111715,Pacific Peoples Health,FOR,451610,Pacific Peoples midwifery and paediatrics,field,False,lexical,0.603,lexical tiebreak among 18 p-flagged candidates
FOR2008,111715,Pacific Peoples Health,FOR,451616,Pacific Peoples social determinants of health,field,False,lexical,0.657,lexical tiebreak among 18 p-flagged candidates
FOR2008,111715,Pacific Peoples Health,FOR,451620,Pacific Peoples youth and family,field,False,lexical,0.667,lexical tiebreak among 18 p-flagged candidates
FOR2008,111715,Pacific Peoples Health,FOR,451603,Pacific Peoples cultural determinants of health,field,False,lexical,0.638,lexical tiebreak among 18 p-flagged candidates
FOR2008,111716,Preventive Medicine,FOR,420317,Patient safety,field,False,lexical,0.303,lexical tiebreak among 2 p-flagged candidates
FOR2008,111716,Preventive Medicine,FOR,420605,Preventative health care,field,True,lexical,0.651,lexical tiebreak among 2 p-flagged candidates
FOR2008,111717,Primary Health Care,FOR,420319,Primary health care,field,True,lexical,1.0,lexical tiebreak among 5 p-flagged candidates
FOR2008,111717,Primary Health Care,FOR,420315,One health,field,False,lexical,0.483,lexical tiebreak among 5 p-flagged candidates
FOR2008,111717,Primary Health Care,FOR,420321,Rural and remote health services,field,False,lexical,0.471,lexical tiebreak among 5 p-flagged candidates
FOR2008,111717,Primary Health Care,FOR,420402,Models of care and place of birth,field,False,lexical,0.269,lexical tiebreak among 5 p-flagged candidates
FOR2008,111717,Primary Health Care,FOR,420304,General practice,field,False,lexical,0.229,lexical tiebreak among 5 p-flagged candidates
FOR2008,111718,Residential Client Care,FOR,420320,Residential client care,field,True,lexical,1.0,lexical tiebreak among 2 p-flagged candidates
FOR2008,111718,Residential Client Care,FOR,420316,Palliative care,field,False,lexical,0.474,lexical tiebreak among 2 p-flagged candidates
FOR2008,111799,Public Health and Health Services not elsewhere classified,FOR,420399,Health services and systems not elsewhere classified,field,False,lexical,0.727,lexical tiebreak among 9 p-flagged candidates
FOR2008,111799,Public Health and Health Services not elsewhere classified,FOR,420604,Injury prevention,field,False,lexical,0.107,lexical tiebreak among 9 p-flagged candidates
FOR2008,111799,Public Health and Health Services not elsewhere classified,FOR,420606,Social determinants of health,field,False,lexical,0.207,lexical tiebreak among 9 p-flagged candidates
FOR2008,111799,Public Health and Health Services not elsewhere classified,FOR,420317,Patient safety,field,False,lexical,0.222,lexical tiebreak among 9 p-flagged candidates
FOR2008,111799,Public Health and Health Services not elsewhere classified,FOR,420302,Digital health,field,False,lexical,0.222,lexical tiebreak among 9 p-flagged candidates
FOR2008,111799,Public Health and Health Services not elsewhere classified,FOR,420321,Rural and remote health services,field,False,lexical,0.511,lexical tiebreak among 9 p-flagged candidates
FOR2008,111799,Public Health and Health Services not elsewhere classified,FOR,420312,Implementation science and evaluation,field,False,lexical,0.337,lexical tiebreak among 9 p-flagged candidates
FOR2008,111799,Public Health and Health Services not elsewhere classified,FOR,420699,Public health not elsewhere classified,field,True,lexical,0.792,lexical tiebreak among 9 p-flagged candidates
FOR2008,111799,Public Health and Health Services not elsewhere classified,FOR,420602,Health equity,field,False,lexical,0.254,lexical tiebreak among 9 p-flagged candidates
FOR2008,1199,Other Medical and Health Sciences,FOR,3206,Medical biotechnology,group,False,derived_empirical,0.25,"rolled up from 4 FOR2008 leaf-level mapping(s), 1 agreeing"
FOR2008,1199,Other Medical and Health Sciences,FOR,4299,Other health sciences,group,False,derived_empirical,0.25,"rolled up from 4 FOR2008 leaf-level mapping(s), 1 agreeing"
FOR2008,1199,Other Medical and Health Sciences,FOR,4201,Allied health and rehabilitation science,group,True,derived_empirical,0.5,"rolled up from 4 FOR2008 leaf-level mapping(s), 2 agreeing"
FOR2008,119901,Podiatry,FOR,4201,Allied health and rehabilitation science,group,True,user_provided,1.0,"hand-coded: no FOR2020 field/group match found officially or by label, resolved by direct user judgment"
FOR2008,119902,Medical Biotechnology,FOR,3206,Medical biotechnology,group,True,user_provided,1.0,"hand-coded: no FOR2020 field/group match found officially or by label, resolved by direct user judgment"
FOR2008,119903,Therapies and Therapeutic Technology,FOR,4201,Allied health and rehabilitation science,group,True,user_provided,1.0,"hand-coded: no FOR2020 field/group match found officially or by label, resolved by direct user judgment"
FOR2008,119999,Medical and Health Sciences not elsewhere classified,FOR,420317,Patient safety,field,False,lexical,0.242,lexical tiebreak among 11 p-flagged candidates
FOR2008,119999,Medical and Health Sciences not elsewhere classified,FOR,451002,"Ngā pūtaiao koiora-hauora, haumanu hoki o te Māori (Māori biomedical and clinical sciences)",field,False,lexical,0.322,lexical tiebreak among 11 p-flagged candidates
FOR2008,119999,Medical and Health Sciences not elsewhere classified,FOR,451099,Te hauora me te oranga o te Māori kāore anō kia whakarōpūhia i wāhi kē (Māori health and wellbeing not elsewhere classified),field,False,lexical,0.466,lexical tiebreak among 11 p-flagged candidates
FOR2008,119999,Medical and Health Sciences not elsewhere classified,FOR,429999,Other health sciences not elsewhere classified,field,True,lexical,0.857,lexical tiebreak among 11 p-flagged candidates
FOR2008,119999,Medical and Health Sciences not elsewhere classified,FOR,329999,Other biomedical and clinical sciences not elsewhere classified,field,False,lexical,0.835,lexical tiebreak among 11 p-flagged candidates
FOR2008,119999,Medical and Health Sciences not elsewhere classified,FOR,420399,Health services and systems not elsewhere classified,field,False,lexical,0.712,lexical tiebreak among 11 p-flagged candidates
FOR2008,119999,Medical and Health Sciences not elsewhere classified,FOR,451699,Pacific Peoples health and wellbeing not elsewhere classified,field,False,lexical,0.673,lexical tiebreak among 11 p-flagged candidates
FOR2008,119999,Medical and Health Sciences not elsewhere classified,FOR,450499,Aboriginal and Torres Strait Islander health and wellbeing not elsewhere classified,field,False,lexical,0.622,lexical tiebreak among 11 p-flagged candidates
FOR2008,119999,Medical and Health Sciences not elsewhere classified,FOR,451602,Pacific Peoples biomedical and clinical science,field,False,lexical,0.444,lexical tiebreak among 11 p-flagged candidates
FOR2008,119999,Medical and Health Sciences not elsewhere classified,FOR,451903,Global Indigenous studies health and wellbeing,field,False,lexical,0.388,lexical tiebreak among 11 p-flagged candidates
FOR2008,119999,Medical and Health Sciences not elsewhere classified,FOR,450402,Aboriginal and Torres Strait Islander biomedical and clinical sciences,field,False,lexical,0.377,lexical tiebreak among 11 p-flagged candidates
FOR2008,12,BUILT ENVIRONMENT AND DESIGN,FOR,33,BUILT ENVIRONMENT AND DESIGN,division,True,derived_empirical,0.833,"rolled up from 36 FOR2008 leaf-level mapping(s), 30 agreeing"
FOR2008,12,BUILT ENVIRONMENT AND DESIGN,FOR,40,ENGINEERING,division,False,derived_empirical,0.167,"rolled up from 36 FOR2008 leaf-level mapping(s), 6 agreeing"
FOR2008,1201,Architecture,FOR,3301,Architecture,group,True,derived_empirical,1.0,"rolled up from 8 FOR2008 leaf-level mapping(s), 8 agreeing"
FOR2008,120101,Architectural Design,FOR,330303,Design for disaster relief,field,False,lexical,0.261,lexical tiebreak among 6 p-flagged candidates
FOR2008,120101,Architectural Design,FOR,330101,Architectural computing and visualisation methods,field,False,lexical,0.493,lexical tiebreak among 6 p-flagged candidates
FOR2008,120101,Architectural Design,FOR,330308,Fire safety design,field,False,lexical,0.474,lexical tiebreak among 6 p-flagged candidates
FOR2008,120101,Architectural Design,FOR,330110,Sustainable architecture,field,False,lexical,0.545,lexical tiebreak among 6 p-flagged candidates
FOR2008,120101,Architectural Design,FOR,330102,Architectural design,field,True,lexical,1.0,lexical tiebreak among 6 p-flagged candidates
FOR2008,120101,Architectural Design,FOR,330106,Architecture for disaster relief,field,False,lexical,0.577,lexical tiebreak among 6 p-flagged candidates
FOR2008,120102,Architectural Heritage and Conservation,FOR,330103,Architectural heritage and conservation,field,True,explicit_official,1.0,
FOR2008,120103,Architectural History and Theory,FOR,330101,Architectural computing and visualisation methods,field,False,lexical,0.568,lexical tiebreak among 2 p-flagged candidates
FOR2008,120103,Architectural History and Theory,FOR,330104,"Architectural history, theory and criticism",field,True,lexical,0.747,lexical tiebreak among 2 p-flagged candidates
FOR2008,120104,"Architectural Science and Technology (incl. Acoustics, Lighting, Structure and Ecologically Sustainable Design)",FOR,330314,Sustainable design,field,False,lexical,0.279,lexical tiebreak among 6 p-flagged candidates
FOR2008,120104,"Architectural Science and Technology (incl. Acoustics, Lighting, Structure and Ecologically Sustainable Design)",FOR,330101,Architectural computing and visualisation methods,field,False,lexical,0.35,lexical tiebreak among 6 p-flagged candidates
FOR2008,120104,"Architectural Science and Technology (incl. Acoustics, Lighting, Structure and Ecologically Sustainable Design)",FOR,330206,"Building science, technologies and systems",field,False,lexical,0.418,lexical tiebreak among 6 p-flagged candidates
FOR2008,120104,"Architectural Science and Technology (incl. Acoustics, Lighting, Structure and Ecologically Sustainable Design)",FOR,330105,Architectural science and technology,field,True,lexical,0.49,lexical tiebreak among 6 p-flagged candidates
FOR2008,120104,"Architectural Science and Technology (incl. Acoustics, Lighting, Structure and Ecologically Sustainable Design)",FOR,330110,Sustainable architecture,field,False,lexical,0.193,lexical tiebreak among 6 p-flagged candidates
FOR2008,120104,"Architectural Science and Technology (incl. Acoustics, Lighting, Structure and Ecologically Sustainable Design)",FOR,330308,Fire safety design,field,False,lexical,0.217,lexical tiebreak among 6 p-flagged candidates
FOR2008,120105,Architecture Management,FOR,330107,Architecture management,field,True,lexical,1.0,lexical tiebreak among 2 p-flagged candidates
FOR2008,120105,Architecture Management,FOR,330106,Architecture for disaster relief,field,False,lexical,0.582,lexical tiebreak among 2 p-flagged candidates
FOR2008,120106,Interior Design,FOR,330108,Interior design,field,True,explicit_official,1.0,
FOR2008,120107,Landscape Architecture,FOR,330109,Landscape architecture,field,True,explicit_official,1.0,
FOR2008,120199,Architecture not elsewhere classified,FOR,451803,Pacific Peoples architecture,field,False,lexical,0.369,lexical tiebreak among 4 p-flagged candidates
FOR2008,120199,Architecture not elsewhere classified,FOR,330199,Architecture not elsewhere classified,field,True,lexical,1.0,lexical tiebreak among 4 p-flagged candidates
FOR2008,120199,Architecture not elsewhere classified,FOR,451103,Te hoahoanga whare o te Māori (Māori architecture),field,False,lexical,0.276,lexical tiebreak among 4 p-flagged candidates
FOR2008,120199,Architecture not elsewhere classified,FOR,450503,Aboriginal and Torres Strait Islander architecture,field,False,lexical,0.276,lexical tiebreak among 4 p-flagged candidates
FOR2008,1202,Building,FOR,3302,Building,group,True,derived_empirical,1.0,"rolled up from 4 FOR2008 leaf-level mapping(s), 4 agreeing"
FOR2008,120201,Building Construction Management and Project Planning,FOR,330205,Building organisational studies,field,False,lexical,0.429,lexical tiebreak among 4 p-flagged candidates
FOR2008,120201,Building Construction Management and Project Planning,FOR,330204,Building information modelling and management,field,False,lexical,0.531,lexical tiebreak among 4 p-flagged candidates
FOR2008,120201,Building Construction Management and Project Planning,FOR,330202,Building construction management and project planning,field,True,lexical,1.0,lexical tiebreak among 4 p-flagged candidates
FOR2008,120201,Building Construction Management and Project Planning,FOR,330203,Building industry studies,field,False,lexical,0.41,lexical tiebreak among 4 p-flagged candidates
FOR2008,120202,Building Science and Techniques,FOR,330204,Building information modelling and management,field,True,explicit_official,0.474,partial (p-flagged) single correspondence
FOR2008,120203,Quantity Surveying,FOR,330204,Building information modelling and management,field,False,lexical,0.159,lexical tiebreak among 4 p-flagged candidates
FOR2008,120203,Quantity Surveying,FOR,330205,Building organisational studies,field,False,lexical,0.204,lexical tiebreak among 4 p-flagged candidates
FOR2008,120203,Quantity Surveying,FOR,330207,Quantity surveying,field,True,lexical,1.0,lexical tiebreak among 4 p-flagged candidates
FOR2008,120203,Quantity Surveying,FOR,330203,Building industry studies,field,False,lexical,0.372,lexical tiebreak among 4 p-flagged candidates
FOR2008,120299,Building not elsewhere classified,FOR,330299,Building not elsewhere classified,field,True,lexical,1.0,lexical tiebreak among 2 p-flagged candidates
FOR2008,120299,Building not elsewhere classified,FOR,330201,Automation and technology in building and construction,field,False,lexical,0.322,lexical tiebreak among 2 p-flagged candidates
FOR2008,1203,Design Practice and Management,FOR,3303,Design,group,True,derived_empirical,1.0,"rolled up from 8 FOR2008 leaf-level mapping(s), 8 agreeing"
FOR2008,120301,Design History and Theory,FOR,330304,"Design history, theory and criticism",field,True,explicit_official,1.0,
FOR2008,120302,Design Innovation,FOR,330310,Interaction and experience design,field,True,explicit_official,0.24,partial (p-flagged) single correspondence
FOR2008,120303,Design Management and Studio and Professional Practice,FOR,330305,Design management,field,True,lexical,0.479,lexical tiebreak among 3 p-flagged candidates
FOR2008,120303,Design Management and Studio and Professional Practice,FOR,330303,Design for disaster relief,field,False,lexical,0.3,lexical tiebreak among 3 p-flagged candidates
FOR2008,120303,Design Management and Studio and Professional Practice,FOR,330306,Design practice and methods,field,False,lexical,0.37,lexical tiebreak among 3 p-flagged candidates
FOR2008,120304,Digital and Interaction Design,FOR,330313,Social design,field,False,lexical,0.465,lexical tiebreak among 4 p-flagged candidates
FOR2008,120304,Digital and Interaction Design,FOR,330301,Data visualisation and computational (incl. parametric and generative) design,field,False,lexical,0.411,lexical tiebreak among 4 p-flagged candidates
FOR2008,120304,Digital and Interaction Design,FOR,330312,Service design,field,False,lexical,0.455,lexical tiebreak among 4 p-flagged candidates
FOR2008,120304,Digital and Interaction Design,FOR,330310,Interaction and experience design,field,True,lexical,0.571,lexical tiebreak among 4 p-flagged candidates
FOR2008,120305,Industrial Design,FOR,330307,Ergonomics design,field,False,lexical,0.529,lexical tiebreak among 3 p-flagged candidates
FOR2008,120305,Industrial Design,FOR,330309,Industrial and product design,field,True,lexical,0.739,lexical tiebreak among 3 p-flagged candidates
FOR2008,120305,Industrial Design,FOR,330308,Fire safety design,field,False,lexical,0.571,lexical tiebreak among 3 p-flagged candidates
FOR2008,120306,Textile and Fashion Design,FOR,330315,Textile and fashion design,field,True,explicit_official,1.0,
FOR2008,120307,Visual Communication Design (incl. Graphic Design),FOR,330316,Visual communication design (incl. graphic design),field,True,explicit_official,1.0,
FOR2008,120399,Design Practice and Management not elsewhere classified,FOR,330399,Design not elsewhere classified,field,True,lexical,0.721,lexical tiebreak among 10 p-flagged candidates
FOR2008,120399,Design Practice and Management not elsewhere classified,FOR,330308,Fire safety design,field,False,lexical,0.164,lexical tiebreak among 10 p-flagged candidates
FOR2008,120399,Design Practice and Management not elsewhere classified,FOR,330302,Design anthropology,field,False,lexical,0.27,lexical tiebreak among 10 p-flagged candidates
FOR2008,120399,Design Practice and Management not elsewhere classified,FOR,451810,Pacific Peoples design practice and management,field,False,lexical,0.594,lexical tiebreak among 10 p-flagged candidates
FOR2008,120399,Design Practice and Management not elsewhere classified,FOR,450510,Aboriginal and Torres Strait Islander design practice and management,field,False,lexical,0.488,lexical tiebreak among 10 p-flagged candidates
FOR2008,120399,Design Practice and Management not elsewhere classified,FOR,330313,Social design,field,False,lexical,0.176,lexical tiebreak among 10 p-flagged candidates
FOR2008,120399,Design Practice and Management not elsewhere classified,FOR,330303,Design for disaster relief,field,False,lexical,0.395,lexical tiebreak among 10 p-flagged candidates
FOR2008,120399,Design Practice and Management not elsewhere classified,FOR,330311,Models and simulations of design,field,False,lexical,0.138,lexical tiebreak among 10 p-flagged candidates
FOR2008,120399,Design Practice and Management not elsewhere classified,FOR,451110,Te whakaharatau me te whakahaere hoahoa o te Māori (Māori design practice and management),field,False,lexical,0.417,lexical tiebreak among 10 p-flagged candidates
FOR2008,120399,Design Practice and Management not elsewhere classified,FOR,330312,Service design,field,False,lexical,0.174,lexical tiebreak among 10 p-flagged candidates
FOR2008,1204,Engineering Design,FOR,4010,Engineering practice and education,group,True,derived_empirical,1.0,"rolled up from 6 FOR2008 leaf-level mapping(s), 6 agreeing"
FOR2008,120401,Engineering Design Empirical Studies,FOR,401001,Engineering design,field,True,explicit_official,0.667,partial (p-flagged) single correspondence
FOR2008,120402,Engineering Design Knowledge,FOR,401001,Engineering design,field,True,explicit_official,0.783,partial (p-flagged) single correspondence
FOR2008,120403,Engineering Design Methods,FOR,401001,Engineering design,field,True,explicit_official,0.818,partial (p-flagged) single correspondence
FOR2008,120404,Engineering Systems Design,FOR,401001,Engineering design,field,True,explicit_official,0.818,partial (p-flagged) single correspondence
FOR2008,120405,Models of Engineering Design,FOR,401001,Engineering design,field,True,explicit_official,0.783,partial (p-flagged) single correspondence
FOR2008,120499,Engineering Design not elsewhere classified,FOR,401001,Engineering design,field,True,explicit_official,0.59,partial (p-flagged) single correspondence
FOR2008,1205,Urban and Regional Planning,FOR,3304,Urban and regional planning,group,True,derived_empirical,1.0,"rolled up from 9 FOR2008 leaf-level mapping(s), 9 agreeing"
FOR2008,120501,Community Planning,FOR,330401,Community planning,field,True,lexical,1.0,lexical tiebreak among 2 p-flagged candidates
FOR2008,120501,Community Planning,FOR,330405,Public participation and community engagement,field,False,lexical,0.381,lexical tiebreak among 2 p-flagged candidates
FOR2008,120502,History and Theory of the Built Environment (excl. Architecture),FOR,330402,History and theory of the built environment (excl. architecture),field,True,explicit_official,1.0,
FOR2008,120503,"Housing Markets, Development, Management",FOR,330412,Urban informatics,field,False,lexical,0.246,lexical tiebreak among 2 p-flagged candidates
FOR2008,120503,"Housing Markets, Development, Management",FOR,330403,"Housing markets, development and management",field,True,lexical,0.94,lexical tiebreak among 2 p-flagged candidates
FOR2008,120504,Land Use and Environmental Planning,FOR,330404,Land use and environmental planning,field,True,lexical,1.0,lexical tiebreak among 4 p-flagged candidates
FOR2008,120504,Land Use and Environmental Planning,FOR,330407,Regulatory planning and development assessment,field,False,lexical,0.296,lexical tiebreak among 4 p-flagged candidates
FOR2008,120504,Land Use and Environmental Planning,FOR,330413,Urban planning and health,field,False,lexical,0.367,lexical tiebreak among 4 p-flagged candidates
FOR2008,120504,Land Use and Environmental Planning,FOR,330408,"Strategic, metropolitan and regional planning",field,False,lexical,0.575,lexical tiebreak among 4 p-flagged candidates
FOR2008,120505,Regional Analysis and Development,FOR,330406,Regional analysis and development,field,True,lexical,1.0,lexical tiebreak among 2 p-flagged candidates
FOR2008,120505,Regional Analysis and Development,FOR,330408,"Strategic, metropolitan and regional planning",field,False,lexical,0.333,lexical tiebreak among 2 p-flagged candidates
FOR2008,120506,Transport Planning,FOR,330408,"Strategic, metropolitan and regional planning",field,False,lexical,0.476,lexical tiebreak among 2 p-flagged candidates
FOR2008,120506,Transport Planning,FOR,330409,Transport planning,field,True,lexical,1.0,lexical tiebreak among 2 p-flagged candidates
FOR2008,120507,Urban Analysis and Development,FOR,330408,"Strategic, metropolitan and regional planning",field,False,lexical,0.32,lexical tiebreak among 3 p-flagged candidates
FOR2008,120507,Urban Analysis and Development,FOR,330410,Urban analysis and development,field,True,lexical,1.0,lexical tiebreak among 3 p-flagged candidates
FOR2008,120507,Urban Analysis and Development,FOR,330412,Urban informatics,field,False,lexical,0.34,lexical tiebreak among 3 p-flagged candidates
FOR2008,120508,Urban Design,FOR,330411,Urban design,field,True,explicit_official,1.0,
FOR2008,120599,Urban and Regional Planning not elsewhere classified,FOR,330499,Urban and regional planning not elsewhere classified,field,True,explicit_official,1.0,
FOR2008,1299,Other Built Environment and Design,FOR,3399,Other built environment and design,group,True,derived_empirical,1.0,"rolled up from 1 FOR2008 leaf-level mapping(s), 1 agreeing"
FOR2008,129999,Built Environment and Design not elsewhere classified,FOR,339999,Other built environment and design not elsewhere classified,field,True,explicit_official,1.0,
FOR2008,13,EDUCATION,FOR,45,INDIGENOUS STUDIES,division,False,derived_empirical,0.158,"rolled up from 38 FOR2008 leaf-level mapping(s), 6 agreeing"
FOR2008,13,EDUCATION,FOR,39,EDUCATION,division,True,derived_empirical,0.842,"rolled up from 38 FOR2008 leaf-level mapping(s), 32 agreeing"
FOR2008,1301,Education Systems,FOR,3903,Education systems,group,True,derived_empirical,0.778,"rolled up from 9 FOR2008 leaf-level mapping(s), 7 agreeing"
FOR2008,1301,Education Systems,FOR,4508,Mātauranga Māori (Māori education),group,False,derived_empirical,0.222,"rolled up from 9 FOR2008 leaf-level mapping(s), 2 agreeing"
FOR2008,130101,Continuing and Community Education,FOR,390301,Continuing and community education,field,True,explicit_official,1.0,
FOR2008,130102,Early Childhood Education (excl. Māori),FOR,390302,Early childhood education,field,True,explicit_official,1.0,
FOR2008,130103,Higher Education,FOR,390303,Higher education,field,True,explicit_official,1.0,
FOR2008,130104,Kura Kaupapa Māori (Māori Primary Education),FOR,450806,Ngā kura kaupapa Māori (Māori primary education),field,True,explicit_official,1.0,
FOR2008,130105,Primary Education (excl. Māori),FOR,390304,Primary education,field,True,explicit_official,1.0,
FOR2008,130106,Secondary Education,FOR,390306,Secondary education,field,True,explicit_official,1.0,
FOR2008,130107,Te Whāriki (Māori Early Childhood Education),FOR,450802,Te Whāriki - te mātauranga kōhungahunga Māori (Māori early childhood education),field,True,explicit_official,1.0,
FOR2008,130108,"Technical, Further and Workplace Education",FOR,390308,"Technical, further and workplace education",field,True,explicit_official,1.0,
FOR2008,130199,Education Systems not elsewhere classified,FOR,390399,Education systems not elsewhere classified,field,True,explicit_official,1.0,
FOR2008,1302,Curriculum and Pedagogy,FOR,3901,Curriculum and pedagogy,group,True,derived_empirical,0.929,"rolled up from 14 FOR2008 leaf-level mapping(s), 13 agreeing"
FOR2008,1302,Curriculum and Pedagogy,FOR,4508,Mātauranga Māori (Māori education),group,False,derived_empirical,0.071,"rolled up from 14 FOR2008 leaf-level mapping(s), 1 agreeing"
FOR2008,130201,"Creative Arts, Media and Communication Curriculum and Pedagogy",FOR,390101,"Creative arts, media and communication curriculum and pedagogy",field,True,explicit_official,1.0,
FOR2008,130202,Curriculum and Pedagogy Theory and Development,FOR,390102,Curriculum and pedagogy theory and development,field,True,explicit_official,1.0,
FOR2008,130203,"Economics, Business and Management Curriculum and Pedagogy",FOR,390103,"Economics, business and management curriculum and pedagogy",field,True,explicit_official,1.0,
FOR2008,130204,"English and Literacy Curriculum and Pedagogy (excl. LOTE, ESL and TESOL)",FOR,390104,"English and literacy curriculum and pedagogy (excl. LOTE, ESL and TESOL)",field,True,explicit_official,1.0,
FOR2008,130205,"Humanities and Social Sciences Curriculum and Pedagogy (excl. Economics, Business and Management)",FOR,390107,"Humanities and social sciences curriculum and pedagogy (excl. economics, business and management)",field,True,lexical,1.0,lexical tiebreak among 2 p-flagged candidates
FOR2008,130205,"Humanities and Social Sciences Curriculum and Pedagogy (excl. Economics, Business and Management)",FOR,390106,Geography education curriculum and pedagogy,field,False,lexical,0.386,lexical tiebreak among 2 p-flagged candidates
FOR2008,130206,Kōhanga Reo (Māori Language Curriculum and Pedagogy),FOR,450805,Te mātauranga reo Māori (Māori language education),field,False,lexical,0.588,lexical tiebreak among 2 p-flagged candidates
FOR2008,130206,Kōhanga Reo (Māori Language Curriculum and Pedagogy),FOR,450801,Ngā kōhanga reo (Māori curriculum and pedagogy),field,True,lexical,0.869,lexical tiebreak among 2 p-flagged candidates
FOR2008,130207,"LOTE, ESL and TESOL Curriculum and Pedagogy (excl. Māori)",FOR,390108,"LOTE, ESL and TESOL curriculum and pedagogy",field,True,explicit_official,1.0,
FOR2008,130208,Mathematics and Numeracy Curriculum and Pedagogy,FOR,390109,Mathematics and numeracy curriculum and pedagogy,field,True,explicit_official,1.0,
FOR2008,130209,"Medicine, Nursing and Health Curriculum and Pedagogy",FOR,390110,"Medicine, nursing and health curriculum and pedagogy",field,True,explicit_official,1.0,
FOR2008,130210,Physical Education and Development Curriculum and Pedagogy,FOR,390111,Physical education and development curriculum and pedagogy,field,True,explicit_official,1.0,
FOR2008,130211,Religion Curriculum and Pedagogy,FOR,390112,Religion curriculum and pedagogy,field,True,explicit_official,1.0,
FOR2008,130212,"Science, Technology and Engineering Curriculum and Pedagogy",FOR,401002,Engineering education,field,False,lexical,0.4,lexical tiebreak among 2 p-flagged candidates
FOR2008,130212,"Science, Technology and Engineering Curriculum and Pedagogy",FOR,390113,"Science, technology and engineering curriculum and pedagogy",field,True,lexical,1.0,lexical tiebreak among 2 p-flagged candidates
FOR2008,130213,Vocational Education and Training Curriculum and Pedagogy,FOR,390114,Vocational education and training curriculum and pedagogy,field,True,lexical,1.0,lexical tiebreak among 2 p-flagged candidates
FOR2008,130213,Vocational Education and Training Curriculum and Pedagogy,FOR,390115,Work integrated learning (incl. internships),field,False,lexical,0.317,lexical tiebreak among 2 p-flagged candidates
FOR2008,130299,Curriculum and Pedagogy not elsewhere classified,FOR,390199,Curriculum and pedagogy not elsewhere classified,field,True,lexical,1.0,lexical tiebreak among 2 p-flagged candidates
FOR2008,130299,Curriculum and Pedagogy not elsewhere classified,FOR,390105,Environmental education curriculum and pedagogy,field,False,lexical,0.484,lexical tiebreak among 2 p-flagged candidates
FOR2008,1303,Specialist Studies in Education,FOR,3904,Specialist studies in education,group,True,derived_empirical,0.714,"rolled up from 14 FOR2008 leaf-level mapping(s), 10 agreeing"
FOR2008,1303,Specialist Studies in Education,FOR,4502,Aboriginal and Torres Strait Islander education,group,False,derived_empirical,0.071,"rolled up from 14 FOR2008 leaf-level mapping(s), 1 agreeing"
FOR2008,1303,Specialist Studies in Education,FOR,4508,Mātauranga Māori (Māori education),group,False,derived_empirical,0.071,"rolled up from 14 FOR2008 leaf-level mapping(s), 1 agreeing"
FOR2008,1303,Specialist Studies in Education,FOR,4514,Pacific Peoples education,group,False,derived_empirical,0.071,"rolled up from 14 FOR2008 leaf-level mapping(s), 1 agreeing"
FOR2008,1303,Specialist Studies in Education,FOR,3903,Education systems,group,False,derived_empirical,0.071,"rolled up from 14 FOR2008 leaf-level mapping(s), 1 agreeing"
FOR2008,130301,Aboriginal and Torres Strait Islander Education,FOR,450201,Aboriginal and Torres Strait Islander curriculum and pedagogy,field,False,lexical,0.778,lexical tiebreak among 14 p-flagged candidates
FOR2008,130301,Aboriginal and Torres Strait Islander Education,FOR,450211,Aboriginal and Torres Strait Islander women’s education,field,False,lexical,0.922,lexical tiebreak among 14 p-flagged candidates
FOR2008,130301,Aboriginal and Torres Strait Islander Education,FOR,450208,Aboriginal and Torres Strait Islander primary education,field,False,lexical,0.922,lexical tiebreak among 14 p-flagged candidates
FOR2008,130301,Aboriginal and Torres Strait Islander Education,FOR,450299,Aboriginal and Torres Strait Islander education not elsewhere classified,field,False,lexical,0.79,lexical tiebreak among 14 p-flagged candidates
FOR2008,130301,Aboriginal and Torres Strait Islander Education,FOR,450207,Aboriginal and Torres Strait Islander men’s education,field,True,lexical,0.94,lexical tiebreak among 14 p-flagged candidates
FOR2008,130301,Aboriginal and Torres Strait Islander Education,FOR,450205,Aboriginal and Torres Strait Islander higher education,field,False,lexical,0.931,lexical tiebreak among 14 p-flagged candidates
FOR2008,130301,Aboriginal and Torres Strait Islander Education,FOR,450210,Aboriginal and Torres Strait Islander student engagement and teaching,field,False,lexical,0.741,lexical tiebreak among 14 p-flagged candidates
FOR2008,130301,Aboriginal and Torres Strait Islander Education,FOR,450202,Aboriginal and Torres Strait Islander early childhood education,field,False,lexical,0.855,lexical tiebreak among 14 p-flagged candidates
FOR2008,130301,Aboriginal and Torres Strait Islander Education,FOR,450212,Cultural responsiveness and working with Aboriginal and Torres Strait Islander communities education,field,False,lexical,0.639,lexical tiebreak among 14 p-flagged candidates
FOR2008,130301,Aboriginal and Torres Strait Islander Education,FOR,450213,"Embedding Aboriginal and Torres Strait Islander knowledges, histories, culture, country, perspectives and ethics in education",field,False,lexical,0.547,lexical tiebreak among 14 p-flagged candidates
FOR2008,130301,Aboriginal and Torres Strait Islander Education,FOR,450209,Aboriginal and Torres Strait Islander secondary education,field,False,lexical,0.904,lexical tiebreak among 14 p-flagged candidates
FOR2008,130301,Aboriginal and Torres Strait Islander Education,FOR,450204,"Aboriginal and Torres Strait Islander technical, further, continuing and community education",field,False,lexical,0.676,lexical tiebreak among 14 p-flagged candidates
FOR2008,130301,Aboriginal and Torres Strait Islander Education,FOR,450203,Aboriginal and Torres Strait Islander educational methods,field,False,lexical,0.904,lexical tiebreak among 14 p-flagged candidates
FOR2008,130301,Aboriginal and Torres Strait Islander Education,FOR,450206,Aboriginal and Torres Strait Islander language education,field,False,lexical,0.913,lexical tiebreak among 14 p-flagged candidates
FOR2008,130302,Comparative and Cross-Cultural Education,FOR,390401,Comparative and cross-cultural education,field,True,explicit_official,1.0,
FOR2008,130303,Education Assessment and Evaluation,FOR,390402,Education assessment and evaluation,field,True,explicit_official,1.0,
FOR2008,130304,"Educational Administration, Management and Leadership",FOR,390403,"Educational administration, management and leadership",field,True,explicit_official,1.0,
FOR2008,130305,Educational Counselling,FOR,390404,Educational counselling,field,True,explicit_official,1.0,
FOR2008,130306,Educational Technology and Computing,FOR,390405,Educational technology and computing,field,True,explicit_official,1.0,
FOR2008,130307,"Ethnic Education (excl. Aboriginal and Torres Strait Islander, Māori and Pacific Peoples)",FOR,390410,"Multicultural education (excl. Aboriginal and Torres Strait Islander, Māori and Pacific Peoples)",field,True,explicit_official,1.0,
FOR2008,130308,"Gender, Sexuality and Education",FOR,390406,"Gender, sexuality and education",field,True,explicit_official,1.0,
FOR2008,130309,Learning Sciences,FOR,390409,Learning sciences,field,True,lexical,1.0,lexical tiebreak among 2 p-flagged candidates
FOR2008,130309,Learning Sciences,FOR,390408,Learning analytics,field,False,lexical,0.571,lexical tiebreak among 2 p-flagged candidates
FOR2008,130310,Māori Education (excl. Early Childhood and Primary Education),FOR,450808,Te mātauranga kura tuarua Māori (Māori secondary education),field,False,lexical,0.417,lexical tiebreak among 8 p-flagged candidates
FOR2008,130310,Māori Education (excl. Early Childhood and Primary Education),FOR,450807,Te urupare me te whai wāhi Māori ki te mātauranga (Māori responsiveness and engaged education),field,False,lexical,0.4,lexical tiebreak among 8 p-flagged candidates
FOR2008,130310,Māori Education (excl. Early Childhood and Primary Education),FOR,450804,Te mātauranga kura tuatoru Māori (Māori higher education),field,False,lexical,0.39,lexical tiebreak among 8 p-flagged candidates
FOR2008,130310,Māori Education (excl. Early Childhood and Primary Education),FOR,450803,Ngā tikanga mātauranga o te Māori (Māori educational methods),field,False,lexical,0.344,lexical tiebreak among 8 p-flagged candidates
FOR2008,130310,Māori Education (excl. Early Childhood and Primary Education),FOR,450810,"Tō te Māori mātauranga hangarau, mātauranga atu anō, mātauranga haere tonu, me te mātauranga hapori (Māori technical, further, continuing and community education)",field,False,lexical,0.287,lexical tiebreak among 8 p-flagged candidates
FOR2008,130310,Māori Education (excl. Early Childhood and Primary Education),FOR,450811,Te mātauranga Māori i roto i te mātauranga (Mātauranga Māori in education),field,True,lexical,0.444,lexical tiebreak among 8 p-flagged candidates
FOR2008,130310,Māori Education (excl. Early Childhood and Primary Education),FOR,450809,Te whai wāhi ākonga me ngā mahi whakaako o te Māori (Māori student engagement and teaching),field,False,lexical,0.25,lexical tiebreak among 8 p-flagged candidates
FOR2008,130310,Māori Education (excl. Early Childhood and Primary Education),FOR,450899,Te mātauranga Māori kāore anō kia whakarōpūtia i wāhi kē (Māori education not elsewhere classified),field,False,lexical,0.312,lexical tiebreak among 8 p-flagged candidates
FOR2008,130311,Pacific Peoples Education,FOR,451403,Pacific Peoples curriculum and pedagogy,field,False,lexical,0.625,lexical tiebreak among 14 p-flagged candidates
FOR2008,130311,Pacific Peoples Education,FOR,451404,Pacific Peoples early childhood education,field,False,lexical,0.758,lexical tiebreak among 14 p-flagged candidates
FOR2008,130311,Pacific Peoples Education,FOR,451405,Pacific Peoples educational methods,field,False,lexical,0.833,lexical tiebreak among 14 p-flagged candidates
FOR2008,130311,Pacific Peoples Education,FOR,451406,"Pacific Peoples technical, further, continuing and community education",field,False,lexical,0.526,lexical tiebreak among 14 p-flagged candidates
FOR2008,130311,Pacific Peoples Education,FOR,451402,"Embedding Pacific Peoples knowledges, histories, culture, country, perspectives and ethics in education",field,False,lexical,0.391,lexical tiebreak among 14 p-flagged candidates
FOR2008,130311,Pacific Peoples Education,FOR,451401,Cultural responsiveness and working with Pacific Peoples communities education,field,False,lexical,0.485,lexical tiebreak among 14 p-flagged candidates
FOR2008,130311,Pacific Peoples Education,FOR,451413,Pacific Peoples women’s education,field,False,lexical,0.862,lexical tiebreak among 14 p-flagged candidates
FOR2008,130311,Pacific Peoples Education,FOR,451412,Pacific Peoples student engagement and teaching,field,False,lexical,0.583,lexical tiebreak among 14 p-flagged candidates
FOR2008,130311,Pacific Peoples Education,FOR,451407,Pacific Peoples higher education,field,False,lexical,0.877,lexical tiebreak among 14 p-flagged candidates
FOR2008,130311,Pacific Peoples Education,FOR,451499,Pacific Peoples education not elsewhere classified,field,False,lexical,0.667,lexical tiebreak among 14 p-flagged candidates
FOR2008,130311,Pacific Peoples Education,FOR,451411,Pacific Peoples secondary education,field,False,lexical,0.833,lexical tiebreak among 14 p-flagged candidates
FOR2008,130311,Pacific Peoples Education,FOR,451408,Pacific Peoples language education,field,False,lexical,0.847,lexical tiebreak among 14 p-flagged candidates
FOR2008,130311,Pacific Peoples Education,FOR,451409,Pacific Peoples men’s education,field,True,lexical,0.893,lexical tiebreak among 14 p-flagged candidates
FOR2008,130311,Pacific Peoples Education,FOR,451410,Pacific Peoples primary education,field,False,lexical,0.862,lexical tiebreak among 14 p-flagged candidates
FOR2008,130312,Special Education and Disability,FOR,390411,Special education and disability,field,True,lexical,1.0,lexical tiebreak among 2 p-flagged candidates
FOR2008,130312,Special Education and Disability,FOR,390407,Inclusive education,field,False,lexical,0.471,lexical tiebreak among 2 p-flagged candidates
FOR2008,130313,Teacher Education and Professional Development of Educators,FOR,390307,Teacher education and professional development of educators,field,True,lexical,1.0,lexical tiebreak among 2 p-flagged candidates
FOR2008,130313,Teacher Education and Professional Development of Educators,FOR,390305,Professional education and training,field,False,lexical,0.447,lexical tiebreak among 2 p-flagged candidates
FOR2008,130399,Specialist Studies in Education not elsewhere classified,FOR,520401,Cognition,field,False,lexical,0.185,lexical tiebreak among 4 p-flagged candidates
FOR2008,130399,Specialist Studies in Education not elsewhere classified,FOR,390412,Teacher and student wellbeing,field,False,lexical,0.282,lexical tiebreak among 4 p-flagged candidates
FOR2008,130399,Specialist Studies in Education not elsewhere classified,FOR,390499,Specialist studies in education not elsewhere classified,field,True,lexical,1.0,lexical tiebreak among 4 p-flagged candidates
FOR2008,130399,Specialist Studies in Education not elsewhere classified,FOR,520403,"Learning, motivation and emotion",field,False,lexical,0.341,lexical tiebreak among 4 p-flagged candidates
FOR2008,1399,Other Education,FOR,3999,Other Education,group,True,derived_empirical,1.0,"rolled up from 1 FOR2008 leaf-level mapping(s), 1 agreeing"
FOR2008,139999,Education not elsewhere classified,FOR,451499,Pacific Peoples education not elsewhere classified,field,False,lexical,0.81,lexical tiebreak among 4 p-flagged candidates
FOR2008,139999,Education not elsewhere classified,FOR,399999,Other education not elsewhere classified,field,True,lexical,0.919,lexical tiebreak among 4 p-flagged candidates
FOR2008,139999,Education not elsewhere classified,FOR,450899,Te mātauranga Māori kāore anō kia whakarōpūtia i wāhi kē (Māori education not elsewhere classified),field,False,lexical,0.511,lexical tiebreak among 4 p-flagged candidates
FOR2008,139999,Education not elsewhere classified,FOR,450299,Aboriginal and Torres Strait Islander education not elsewhere classified,field,False,lexical,0.642,lexical tiebreak among 4 p-flagged candidates
FOR2008,14,ECONOMICS,FOR,44,HUMAN SOCIETY,division,False,derived_empirical,0.029,"rolled up from 35 FOR2008 leaf-level mapping(s), 1 agreeing"
FOR2008,14,ECONOMICS,FOR,38,ECONOMICS,division,True,derived_empirical,0.971,"rolled up from 35 FOR2008 leaf-level mapping(s), 34 agreeing"
FOR2008,1401,Economic Theory,FOR,3803,Economic theory,group,True,derived_empirical,1.0,"rolled up from 5 FOR2008 leaf-level mapping(s), 5 agreeing"
FOR2008,140101,History of Economic Thought,FOR,380301,History of economic thought,field,True,explicit_official,1.0,
FOR2008,140102,Macroeconomic Theory,FOR,380302,Macroeconomic theory,field,True,explicit_official,1.0,
FOR2008,140103,Mathematical Economics,FOR,380303,Mathematical economics,field,True,explicit_official,1.0,
FOR2008,140104,Microeconomic Theory,FOR,380304,Microeconomic theory,field,True,explicit_official,1.0,
FOR2008,140199,Economic Theory not elsewhere classified,FOR,380399,Economic theory not elsewhere classified,field,True,explicit_official,1.0,
FOR2008,1402,Applied Economics,FOR,4407,Policy and administration,group,False,derived_empirical,0.05,"rolled up from 20 FOR2008 leaf-level mapping(s), 1 agreeing"
FOR2008,1402,Applied Economics,FOR,3801,Applied economics,group,True,derived_empirical,0.95,"rolled up from 20 FOR2008 leaf-level mapping(s), 19 agreeing"
FOR2008,140201,Agricultural Economics,FOR,380101,Agricultural economics,field,True,explicit_official,1.0,
FOR2008,140202,Economic Development and Growth,FOR,440406,Rural community development,field,False,lexical,0.552,lexical tiebreak among 7 p-flagged candidates
FOR2008,140202,Economic Development and Growth,FOR,440405,"Poverty, inclusivity and wellbeing",field,False,lexical,0.338,lexical tiebreak among 7 p-flagged candidates
FOR2008,140202,Economic Development and Growth,FOR,440402,"Humanitarian disasters, conflict and peacebuilding",field,False,lexical,0.321,lexical tiebreak among 7 p-flagged candidates
FOR2008,140202,Economic Development and Growth,FOR,440401,Development cooperation,field,False,lexical,0.519,lexical tiebreak among 7 p-flagged candidates
FOR2008,140202,Economic Development and Growth,FOR,440407,Socio-economic development,field,False,lexical,0.702,lexical tiebreak among 7 p-flagged candidates
FOR2008,140202,Economic Development and Growth,FOR,440703,Economic development policy,field,True,lexical,0.759,lexical tiebreak among 7 p-flagged candidates
FOR2008,140202,Economic Development and Growth,FOR,440408,Urban community development,field,False,lexical,0.552,lexical tiebreak among 7 p-flagged candidates
FOR2008,140203,Economic History,FOR,380103,Economic history,field,True,explicit_official,1.0,
FOR2008,140204,Economics of Education,FOR,380104,Economics of education,field,True,explicit_official,1.0,
FOR2008,140205,Environment and Resource Economics,FOR,380105,Environment and resource economics,field,True,explicit_official,1.0,
FOR2008,140206,Experimental Economics,FOR,380106,Experimental economics,field,True,explicit_official,1.0,
FOR2008,140207,Financial Economics,FOR,380107,Financial economics,field,True,explicit_official,1.0,
FOR2008,140208,Health Economics,FOR,380108,Health economics,field,True,explicit_official,1.0,
FOR2008,140209,Industry Economics and Industrial Organisation,FOR,380109,Industry economics and industrial organisation,field,True,explicit_official,1.0,
FOR2008,140210,International Economics and International Finance,FOR,380110,International economics,field,True,lexical,0.639,lexical tiebreak among 2 p-flagged candidates
FOR2008,140210,International Economics and International Finance,FOR,350207,International finance,field,False,lexical,0.6,lexical tiebreak among 2 p-flagged candidates
FOR2008,140211,Labour Economics,FOR,440403,"Labour, migration and development",field,False,lexical,0.449,lexical tiebreak among 2 p-flagged candidates
FOR2008,140211,Labour Economics,FOR,380111,Labour economics,field,True,lexical,1.0,lexical tiebreak among 2 p-flagged candidates
FOR2008,140212,Macroeconomics (incl. Monetary and Fiscal Theory),FOR,380112,Macroeconomics (incl. monetary and fiscal theory),field,True,explicit_official,1.0,
FOR2008,140213,Public Economics- Public Choice,FOR,380113,Public economics - public choice,field,True,lexical,0.984,lexical tiebreak among 2 p-flagged candidates
FOR2008,140213,Public Economics- Public Choice,FOR,440404,Political economy and social change,field,False,lexical,0.515,lexical tiebreak among 2 p-flagged candidates
FOR2008,140214,Public Economics- Publically Provided Goods,FOR,380114,Public economics - publicly provided goods,field,True,explicit_official,1.0,
FOR2008,140215,Public Economics- Taxation and Revenue,FOR,380115,Public economics - taxation and revenue,field,True,explicit_official,1.0,
FOR2008,140216,Tourism Economics,FOR,380116,Tourism economics,field,True,explicit_official,1.0,
FOR2008,140217,Transport Economics,FOR,380117,Transport economics,field,True,explicit_official,1.0,
FOR2008,140218,Urban and Regional Economics,FOR,380118,Urban and regional economics,field,True,explicit_official,1.0,
FOR2008,140219,Welfare Economics,FOR,380119,Welfare economics,field,True,explicit_official,1.0,
FOR2008,140299,Applied Economics not elsewhere classified,FOR,380102,Behavioural economics,field,False,lexical,0.381,lexical tiebreak among 3 p-flagged candidates
FOR2008,140299,Applied Economics not elsewhere classified,FOR,380199,Applied economics not elsewhere classified,field,True,lexical,1.0,lexical tiebreak among 3 p-flagged candidates
FOR2008,140299,Applied Economics not elsewhere classified,FOR,440499,Development studies not elsewhere classified,field,False,lexical,0.674,lexical tiebreak among 3 p-flagged candidates
FOR2008,1403,Econometrics,FOR,3802,Econometrics,group,True,derived_empirical,1.0,"rolled up from 6 FOR2008 leaf-level mapping(s), 6 agreeing"
FOR2008,140301,Cross-Sectional Analysis,FOR,380201,Cross-sectional analysis,field,True,explicit_official,1.0,
FOR2008,140302,Econometric and Statistical Methods,FOR,380202,Econometric and statistical methods,field,True,explicit_official,1.0,
FOR2008,140303,Economic Models and Forecasting,FOR,380203,Economic models and forecasting,field,True,explicit_official,1.0,
FOR2008,140304,Panel Data Analysis,FOR,380204,Panel data analysis,field,True,explicit_official,1.0,
FOR2008,140305,Time-Series Analysis,FOR,380205,Time-series analysis,field,True,explicit_official,1.0,
FOR2008,140399,Econometrics not elsewhere classified,FOR,380299,Econometrics not elsewhere classified,field,True,explicit_official,1.0,
FOR2008,1499,Other Economics,FOR,3899,Other economics,group,True,derived_empirical,1.0,"rolled up from 4 FOR2008 leaf-level mapping(s), 4 agreeing"
FOR2008,149901,Comparative Economic Systems,FOR,389901,Comparative economic systems,field,True,explicit_official,1.0,
FOR2008,149902,Ecological Economics,FOR,389902,Ecological economics,field,True,explicit_official,1.0,
FOR2008,149903,Heterodox Economics,FOR,389903,Heterodox economics,field,True,explicit_official,1.0,
FOR2008,149999,Economics not elsewhere classified,FOR,451111,Te mātauranga ōhanga o te Māori (Māori economics),field,False,lexical,0.217,lexical tiebreak among 4 p-flagged candidates
FOR2008,149999,Economics not elsewhere classified,FOR,451811,Pacific Peoples economics,field,False,lexical,0.305,lexical tiebreak among 4 p-flagged candidates
FOR2008,149999,Economics not elsewhere classified,FOR,389999,Other economics not elsewhere classified,field,True,lexical,0.919,lexical tiebreak among 4 p-flagged candidates
FOR2008,149999,Economics not elsewhere classified,FOR,450511,Aboriginal and Torres Strait Islander economics,field,False,lexical,0.222,lexical tiebreak among 4 p-flagged candidates
FOR2008,15,"COMMERCE, MANAGEMENT, TOURISM AND SERVICES",FOR,35,"COMMERCE, MANAGEMENT, TOURISM AND SERVICES",division,True,derived_empirical,1.0,"rolled up from 54 FOR2008 leaf-level mapping(s), 54 agreeing"
FOR2008,1501,"Accounting, Auditing and Accountability",FOR,3501,"Accounting, auditing and accountability",group,True,derived_empirical,1.0,"rolled up from 8 FOR2008 leaf-level mapping(s), 8 agreeing"
FOR2008,150101,Accounting Theory and Standards,FOR,350101,Accounting theory and standards,field,True,explicit_official,1.0,
FOR2008,150102,Auditing and Accountability,FOR,350102,Auditing and accountability,field,True,explicit_official,1.0,
FOR2008,150103,Financial Accounting,FOR,350103,Financial accounting,field,True,explicit_official,1.0,
FOR2008,150104,International Accounting,FOR,350104,International accounting,field,True,explicit_official,1.0,
FOR2008,150105,Management Accounting,FOR,350105,Management accounting,field,True,explicit_official,1.0,
FOR2008,150106,Sustainability Accounting and Reporting,FOR,350107,Sustainability accounting and reporting,field,True,explicit_official,1.0,
FOR2008,150107,Taxation Accounting,FOR,350108,Taxation accounting,field,True,explicit_official,1.0,
FOR2008,150199,"Accounting, Auditing and Accountability not elsewhere classified",FOR,450501,Aboriginal and Torres Strait Islander accounting,field,False,lexical,0.179,lexical tiebreak among 4 p-flagged candidates
FOR2008,150199,"Accounting, Auditing and Accountability not elsewhere classified",FOR,350199,"Accounting, auditing and accountability not elsewhere classified",field,True,lexical,1.0,lexical tiebreak among 4 p-flagged candidates
FOR2008,150199,"Accounting, Auditing and Accountability not elsewhere classified",FOR,350106,Not-for-profit accounting and accountability,field,False,lexical,0.537,lexical tiebreak among 4 p-flagged candidates
FOR2008,150199,"Accounting, Auditing and Accountability not elsewhere classified",FOR,451101,Te mahi kaute o te Māori (Māori accounting),field,False,lexical,0.187,lexical tiebreak among 4 p-flagged candidates
FOR2008,1502,"Banking, Finance and Investment",FOR,3502,"Banking, finance and investment",group,True,derived_empirical,1.0,"rolled up from 6 FOR2008 leaf-level mapping(s), 6 agreeing"
FOR2008,150201,Finance,FOR,350202,Finance,field,True,lexical,1.0,lexical tiebreak among 3 p-flagged candidates
FOR2008,150201,Finance,FOR,350201,Environment and climate finance,field,False,lexical,0.368,lexical tiebreak among 3 p-flagged candidates
FOR2008,150201,Finance,FOR,350209,Not-for-profit finance and risk,field,False,lexical,0.368,lexical tiebreak among 3 p-flagged candidates
FOR2008,150202,Financial Econometrics,FOR,350203,Financial econometrics,field,True,explicit_official,1.0,
FOR2008,150203,Financial Institutions (incl. Banking),FOR,350204,Financial institutions (incl. banking),field,True,explicit_official,1.0,
FOR2008,150204,Insurance Studies,FOR,350206,Insurance studies,field,True,explicit_official,1.0,
FOR2008,150205,Investment and Risk Management,FOR,350208,Investment and risk management,field,True,explicit_official,1.0,
FOR2008,150299,"Banking, Finance and Investment not elsewhere classified",FOR,450512,Aboriginal and Torres Strait Islander finance,field,False,lexical,0.257,lexical tiebreak among 5 p-flagged candidates
FOR2008,150299,"Banking, Finance and Investment not elsewhere classified",FOR,451812,Pacific Peoples finance,field,False,lexical,0.253,lexical tiebreak among 5 p-flagged candidates
FOR2008,150299,"Banking, Finance and Investment not elsewhere classified",FOR,350205,Household finance and financial literacy,field,False,lexical,0.396,lexical tiebreak among 5 p-flagged candidates
FOR2008,150299,"Banking, Finance and Investment not elsewhere classified",FOR,451112,Te ahumoni Māori (Māori finance),field,False,lexical,0.25,lexical tiebreak among 5 p-flagged candidates
FOR2008,150299,"Banking, Finance and Investment not elsewhere classified",FOR,350299,"Banking, finance and investment not elsewhere classified",field,True,lexical,1.0,lexical tiebreak among 5 p-flagged candidates
FOR2008,1503,Business and Management,FOR,3509,"Transportation, logistics and supply chains",group,False,derived_empirical,0.067,"rolled up from 15 FOR2008 leaf-level mapping(s), 1 agreeing"
FOR2008,1503,Business and Management,FOR,3505,Human resources and industrial relations,group,False,derived_empirical,0.133,"rolled up from 15 FOR2008 leaf-level mapping(s), 2 agreeing"
FOR2008,1503,Business and Management,FOR,3503,Business systems in context,group,False,derived_empirical,0.267,"rolled up from 15 FOR2008 leaf-level mapping(s), 4 agreeing"
FOR2008,1503,Business and Management,FOR,3507,"Strategy, management and organisational behaviour",group,True,derived_empirical,0.533,"rolled up from 15 FOR2008 leaf-level mapping(s), 8 agreeing"
FOR2008,150301,"Business Information Management (incl. Records, Knowledge and Information Management, and Intelligence)",FOR,350302,"Business information management (incl. records, knowledge and intelligence)",field,True,lexical,0.843,lexical tiebreak among 2 p-flagged candidates
FOR2008,150301,"Business Information Management (incl. Records, Knowledge and Information Management, and Intelligence)",FOR,350301,Business analytics,field,False,lexical,0.264,lexical tiebreak among 2 p-flagged candidates
FOR2008,150302,Business Information Systems,FOR,350303,Business information systems,field,True,lexical,1.0,lexical tiebreak among 2 p-flagged candidates
FOR2008,150302,Business Information Systems,FOR,350304,Business systems in context,field,False,lexical,0.582,lexical tiebreak among 2 p-flagged candidates
FOR2008,150303,Corporate Governance and Stakeholder Engagement,FOR,350701,Corporate governance,field,False,lexical,0.597,lexical tiebreak among 2 p-flagged candidates
FOR2008,150303,Corporate Governance and Stakeholder Engagement,FOR,350717,Stakeholder engagement,field,True,lexical,0.638,lexical tiebreak among 2 p-flagged candidates
FOR2008,150304,Entrepreneurship,FOR,350704,Entrepreneurship,field,True,explicit_official,1.0,
FOR2008,150305,Human Resources Management,FOR,350507,Workplace wellbeing and quality of working life,field,False,lexical,0.137,lexical tiebreak among 4 p-flagged candidates
FOR2008,150305,Human Resources Management,FOR,350506,Workforce planning,field,False,lexical,0.409,lexical tiebreak among 4 p-flagged candidates
FOR2008,150305,Human Resources Management,FOR,350502,Employment equity and diversity,field,False,lexical,0.211,lexical tiebreak among 4 p-flagged candidates
FOR2008,150305,Human Resources Management,FOR,350503,Human resources management,field,True,lexical,1.0,lexical tiebreak among 4 p-flagged candidates
FOR2008,150306,Industrial Relations,FOR,350504,Industrial and employee relations,field,True,explicit_official,1.0,
FOR2008,150307,Innovation and Technology Management,FOR,350307,Technology management,field,True,lexical,0.737,lexical tiebreak among 2 p-flagged candidates
FOR2008,150307,Innovation and Technology Management,FOR,350705,Innovation management,field,False,lexical,0.737,lexical tiebreak among 2 p-flagged candidates
FOR2008,150308,International Business,FOR,350706,International business,field,True,explicit_official,1.0,
FOR2008,150309,Logistics and Supply Chain Management,FOR,350903,Logistics,field,False,lexical,0.391,lexical tiebreak among 2 p-flagged candidates
FOR2008,150309,Logistics and Supply Chain Management,FOR,350909,Supply chains,field,True,lexical,0.48,lexical tiebreak among 2 p-flagged candidates
FOR2008,150310,Organisation and Management Theory,FOR,350709,Organisation and management theory,field,True,explicit_official,1.0,
FOR2008,150311,Organisational Behaviour,FOR,350710,Organisational behaviour,field,True,explicit_official,1.0,
FOR2008,150312,Organisational Planning and Management,FOR,350707,Leadership,field,False,lexical,0.125,lexical tiebreak among 3 p-flagged candidates
FOR2008,150312,Organisational Planning and Management,FOR,350711,Organisational planning and management,field,True,lexical,1.0,lexical tiebreak among 3 p-flagged candidates
FOR2008,150312,Organisational Planning and Management,FOR,350718,Strategy,field,False,lexical,0.174,lexical tiebreak among 3 p-flagged candidates
FOR2008,150313,Quality Management,FOR,350712,Production and operations management,field,False,lexical,0.519,lexical tiebreak among 2 p-flagged candidates
FOR2008,150313,Quality Management,FOR,350715,Quality management,field,True,lexical,1.0,lexical tiebreak among 2 p-flagged candidates
FOR2008,150314,Small Business Management,FOR,350716,Small business organisation and management,field,True,explicit_official,1.0,
FOR2008,150399,Business and Management not elsewhere classified,FOR,350714,Public sector organisation and management,field,False,lexical,0.427,lexical tiebreak among 18 p-flagged candidates
FOR2008,150399,Business and Management not elsewhere classified,FOR,451117,Te whakahaere o te Māori (Māori management),field,False,lexical,0.286,lexical tiebreak among 18 p-flagged candidates
FOR2008,150399,Business and Management not elsewhere classified,FOR,350708,Not-for-profit business and management,field,False,lexical,0.535,lexical tiebreak among 18 p-flagged candidates
FOR2008,150399,Business and Management not elsewhere classified,FOR,350799,"Strategy, management and organisational behaviour not elsewhere classified",field,False,lexical,0.623,lexical tiebreak among 18 p-flagged candidates
FOR2008,150399,Business and Management not elsewhere classified,FOR,350599,Human resources and industrial relations not elsewhere classified,field,False,lexical,0.655,lexical tiebreak among 18 p-flagged candidates
FOR2008,150399,Business and Management not elsewhere classified,FOR,350399,Business systems in context not elsewhere classified,field,True,lexical,0.76,lexical tiebreak among 18 p-flagged candidates
FOR2008,150399,Business and Management not elsewhere classified,FOR,450515,Aboriginal and Torres Strait Islander management,field,False,lexical,0.375,lexical tiebreak among 18 p-flagged candidates
FOR2008,150399,Business and Management not elsewhere classified,FOR,350702,Corporate social responsibility,field,False,lexical,0.076,lexical tiebreak among 18 p-flagged candidates
FOR2008,150399,Business and Management not elsewhere classified,FOR,350505,Occupational and workplace health and safety,field,False,lexical,0.283,lexical tiebreak among 18 p-flagged candidates
FOR2008,150399,Business and Management not elsewhere classified,FOR,451815,Pacific Peoples management,field,False,lexical,0.378,lexical tiebreak among 18 p-flagged candidates
FOR2008,150399,Business and Management not elsewhere classified,FOR,350306,Forensic science and management,field,False,lexical,0.481,lexical tiebreak among 18 p-flagged candidates
FOR2008,150399,Business and Management not elsewhere classified,FOR,451817,Pacific Peoples not-for-profit social enterprises,field,False,lexical,0.247,lexical tiebreak among 18 p-flagged candidates
FOR2008,150399,Business and Management not elsewhere classified,FOR,350703,Disaster and emergency management,field,False,lexical,0.42,lexical tiebreak among 18 p-flagged candidates
FOR2008,150399,Business and Management not elsewhere classified,FOR,451119,Ngā hinonga pāpori kaupapa atawhai o te Māori (Māori not-for-profit social enterprises),field,False,lexical,0.237,lexical tiebreak among 18 p-flagged candidates
FOR2008,150399,Business and Management not elsewhere classified,FOR,350305,Forensic intelligence,field,False,lexical,0.203,lexical tiebreak among 18 p-flagged candidates
FOR2008,150399,Business and Management not elsewhere classified,FOR,350713,Project management,field,False,lexical,0.364,lexical tiebreak among 18 p-flagged candidates
FOR2008,150399,Business and Management not elsewhere classified,FOR,450517,Aboriginal and Torres Strait Islander not-for-profit social enterprises,field,False,lexical,0.336,lexical tiebreak among 18 p-flagged candidates
FOR2008,150399,Business and Management not elsewhere classified,FOR,461004,"Information governance, policy and ethics",field,False,lexical,0.247,lexical tiebreak among 18 p-flagged candidates
FOR2008,1504,Commercial Services,FOR,3504,Commercial services,group,True,derived_empirical,1.0,"rolled up from 5 FOR2008 leaf-level mapping(s), 5 agreeing"
FOR2008,150401,Food and Hospitality Services,FOR,350401,Food and hospitality services,field,True,explicit_official,1.0,
FOR2008,150402,Hospitality Management,FOR,350402,Hospitality management,field,True,explicit_official,1.0,
FOR2008,150403,Real Estate and Valuation Services,FOR,350403,Real estate and valuation services,field,True,explicit_official,1.0,
FOR2008,150404,Sport and Leisure Management,FOR,350405,Sport and leisure management,field,True,explicit_official,1.0,
FOR2008,150499,Commercial Services not elsewhere classified,FOR,350499,Commercial services not elsewhere classified,field,True,lexical,1.0,lexical tiebreak among 2 p-flagged candidates
FOR2008,150499,Commercial Services not elsewhere classified,FOR,350404,Retail,field,False,lexical,0.12,lexical tiebreak among 2 p-flagged candidates
FOR2008,1505,Marketing,FOR,3506,Marketing,group,True,derived_empirical,1.0,"rolled up from 8 FOR2008 leaf-level mapping(s), 8 agreeing"
FOR2008,150501,Consumer-Oriented Product or Service Development,FOR,350602,Consumer-oriented product or service development,field,True,lexical,1.0,lexical tiebreak among 2 p-flagged candidates
FOR2008,150501,Consumer-Oriented Product or Service Development,FOR,350601,Consumer behaviour,field,False,lexical,0.364,lexical tiebreak among 2 p-flagged candidates
FOR2008,150502,Marketing Communications,FOR,350604,Marketing communications,field,True,explicit_official,1.0,
FOR2008,150503,Marketing Management (incl. Strategy and Customer Relations),FOR,350611,Service marketing,field,False,lexical,0.234,lexical tiebreak among 3 p-flagged candidates
FOR2008,150503,Marketing Management (incl. Strategy and Customer Relations),FOR,350605,Marketing management (incl. strategy and customer relations),field,True,lexical,1.0,lexical tiebreak among 3 p-flagged candidates
FOR2008,150503,Marketing Management (incl. Strategy and Customer Relations),FOR,350603,Industrial marketing,field,False,lexical,0.225,lexical tiebreak among 3 p-flagged candidates
FOR2008,150504,Marketing Measurement,FOR,350606,Marketing research methodology,field,True,explicit_official,0.51,partial (p-flagged) single correspondence
FOR2008,150505,Marketing Research Methodology,FOR,350606,Marketing research methodology,field,True,explicit_official,1.0,partial (p-flagged) single correspondence
FOR2008,150506,Marketing Theory,FOR,350608,Marketing theory,field,True,explicit_official,1.0,
FOR2008,150507,Pricing (incl. Consumer Value Estimation),FOR,350610,Pricing (incl. consumer value estimation),field,True,explicit_official,1.0,
FOR2008,150599,Marketing not elsewhere classified,FOR,300605,"Food safety, traceability, certification and authenticity",field,False,lexical,0.242,lexical tiebreak among 8 p-flagged candidates
FOR2008,150599,Marketing not elsewhere classified,FOR,450516,Aboriginal and Torres Strait Islander marketing,field,False,lexical,0.222,lexical tiebreak among 8 p-flagged candidates
FOR2008,150599,Marketing not elsewhere classified,FOR,451118,Te whakamākete o te Māori (Māori marketing),field,False,lexical,0.234,lexical tiebreak among 8 p-flagged candidates
FOR2008,150599,Marketing not elsewhere classified,FOR,451816,Pacific Peoples marketing,field,False,lexical,0.305,lexical tiebreak among 8 p-flagged candidates
FOR2008,150599,Marketing not elsewhere classified,FOR,350699,Marketing not elsewhere classified,field,True,lexical,1.0,lexical tiebreak among 8 p-flagged candidates
FOR2008,150599,Marketing not elsewhere classified,FOR,350612,Social marketing,field,False,lexical,0.36,lexical tiebreak among 8 p-flagged candidates
FOR2008,150599,Marketing not elsewhere classified,FOR,350609,Not-for-profit marketing,field,False,lexical,0.31,lexical tiebreak among 8 p-flagged candidates
FOR2008,150599,Marketing not elsewhere classified,FOR,350607,Marketing technology,field,False,lexical,0.481,lexical tiebreak among 8 p-flagged candidates
FOR2008,1506,Tourism,FOR,3508,Tourism,group,True,derived_empirical,1.0,"rolled up from 7 FOR2008 leaf-level mapping(s), 7 agreeing"
FOR2008,150601,Impacts of Tourism,FOR,350801,Impacts of tourism,field,True,explicit_official,1.0,
FOR2008,150602,Tourism Forecasting,FOR,350802,Tourism forecasting,field,True,explicit_official,1.0,
FOR2008,150603,Tourism Management,FOR,350803,Tourism management,field,True,explicit_official,1.0,
FOR2008,150604,Tourism Marketing,FOR,350804,Tourism marketing,field,True,explicit_official,1.0,
FOR2008,150605,Tourism Resource Appraisal,FOR,350805,Tourism resource appraisal,field,True,explicit_official,1.0,
FOR2008,150606,Tourist Behaviour and Visitor Experience,FOR,350806,Tourist behaviour and visitor experience,field,True,explicit_official,1.0,
FOR2008,150699,Tourism not elsewhere classified,FOR,451129,Te mahi tāpoi Māori (Māori tourism),field,False,lexical,0.209,lexical tiebreak among 4 p-flagged candidates
FOR2008,150699,Tourism not elsewhere classified,FOR,350899,Tourism not elsewhere classified,field,True,lexical,1.0,lexical tiebreak among 4 p-flagged candidates
FOR2008,150699,Tourism not elsewhere classified,FOR,451825,Pacific Peoples tourism,field,False,lexical,0.255,lexical tiebreak among 4 p-flagged candidates
FOR2008,150699,Tourism not elsewhere classified,FOR,450526,Aboriginal and Torres Strait Islander tourism,field,False,lexical,0.182,lexical tiebreak among 4 p-flagged candidates
FOR2008,1507,Transportation and Freight Services,FOR,3509,"Transportation, logistics and supply chains",group,True,derived_empirical,1.0,"rolled up from 4 FOR2008 leaf-level mapping(s), 4 agreeing"
FOR2008,150701,Air Transportation and Freight Services,FOR,350901,Air transportation and freight services,field,True,explicit_official,1.0,
FOR2008,150702,Rail Transportation and Freight Services,FOR,350907,Rail transportation and freight services,field,True,explicit_official,1.0,
FOR2008,150703,Road Transportation and Freight Services,FOR,350908,Road transportation and freight services,field,True,explicit_official,1.0,
FOR2008,150799,Transportation and Freight Services not elsewhere classified,FOR,350999,"Transportation, logistics and supply chains not elsewhere classified",field,True,lexical,0.719,lexical tiebreak among 5 p-flagged candidates
FOR2008,150799,Transportation and Freight Services not elsewhere classified,FOR,350906,Public transport,field,False,lexical,0.237,lexical tiebreak among 5 p-flagged candidates
FOR2008,150799,Transportation and Freight Services not elsewhere classified,FOR,350902,Intelligent mobility,field,False,lexical,0.2,lexical tiebreak among 5 p-flagged candidates
FOR2008,150799,Transportation and Freight Services not elsewhere classified,FOR,350905,Passenger needs,field,False,lexical,0.16,lexical tiebreak among 5 p-flagged candidates
FOR2008,150799,Transportation and Freight Services not elsewhere classified,FOR,350904,Maritime transportation and freight services,field,False,lexical,0.673,lexical tiebreak among 5 p-flagged candidates
FOR2008,1599,"Other Commerce, Management, Tourism and Services",FOR,3599,"Other commerce, management, tourism and services",group,True,derived_empirical,1.0,"rolled up from 1 FOR2008 leaf-level mapping(s), 1 agreeing"
FOR2008,159999,"Commerce, Management, Tourism and Services not elsewhere classified",FOR,451104,Ngā mahi tauhokohoko o te Māori (Māori commerce),field,False,lexical,0.139,lexical tiebreak among 4 p-flagged candidates
FOR2008,159999,"Commerce, Management, Tourism and Services not elsewhere classified",FOR,451804,Pacific Peoples commerce,field,False,lexical,0.176,lexical tiebreak among 4 p-flagged candidates
FOR2008,159999,"Commerce, Management, Tourism and Services not elsewhere classified",FOR,450504,Aboriginal and Torres Strait Islander commerce,field,False,lexical,0.142,lexical tiebreak among 4 p-flagged candidates
FOR2008,159999,"Commerce, Management, Tourism and Services not elsewhere classified",FOR,359999,"Other commerce, management, tourism and services not elsewhere classified",field,True,lexical,0.957,lexical tiebreak among 4 p-flagged candidates
FOR2008,16,STUDIES IN HUMAN SOCIETY,FOR,47,"LANGUAGE, COMMUNICATION AND CULTURE",division,False,derived_empirical,0.014,"rolled up from 69 FOR2008 leaf-level mapping(s), 1 agreeing"
FOR2008,16,STUDIES IN HUMAN SOCIETY,FOR,39,EDUCATION,division,False,derived_empirical,0.029,"rolled up from 69 FOR2008 leaf-level mapping(s), 2 agreeing"
FOR2008,16,STUDIES IN HUMAN SOCIETY,FOR,45,INDIGENOUS STUDIES,division,False,derived_empirical,0.058,"rolled up from 69 FOR2008 leaf-level mapping(s), 4 agreeing"
FOR2008,16,STUDIES IN HUMAN SOCIETY,FOR,44,HUMAN SOCIETY,division,True,derived_empirical,0.899,"rolled up from 69 FOR2008 leaf-level mapping(s), 62 agreeing"
FOR2008,1601,Anthropology,FOR,4401,Anthropology,group,True,derived_empirical,1.0,"rolled up from 5 FOR2008 leaf-level mapping(s), 5 agreeing"
FOR2008,160101,Anthropology of Development,FOR,440104,Environmental anthropology,field,False,lexical,0.453,lexical tiebreak among 4 p-flagged candidates
FOR2008,160101,Anthropology of Development,FOR,440102,Anthropology of gender and sexuality,field,False,lexical,0.667,lexical tiebreak among 4 p-flagged candidates
FOR2008,160101,Anthropology of Development,FOR,440101,Anthropology of development,field,True,lexical,1.0,lexical tiebreak among 4 p-flagged candidates
FOR2008,160101,Anthropology of Development,FOR,440602,Development geography,field,False,lexical,0.458,lexical tiebreak among 4 p-flagged candidates
FOR2008,160102,Biological (Physical) Anthropology,FOR,440106,Medical anthropology,field,False,lexical,0.63,lexical tiebreak among 2 p-flagged candidates
FOR2008,160102,Biological (Physical) Anthropology,FOR,440103,Biological (physical) anthropology,field,True,lexical,1.0,lexical tiebreak among 2 p-flagged candidates
FOR2008,160103,Linguistic Anthropology,FOR,440105,Linguistic anthropology,field,True,explicit_official,1.0,
FOR2008,160104,Social and Cultural Anthropology,FOR,440502,Feminist methodologies,field,False,lexical,0.333,lexical tiebreak among 4 p-flagged candidates
FOR2008,160104,Social and Cultural Anthropology,FOR,440102,Anthropology of gender and sexuality,field,False,lexical,0.353,lexical tiebreak among 4 p-flagged candidates
FOR2008,160104,Social and Cultural Anthropology,FOR,440104,Environmental anthropology,field,False,lexical,0.621,lexical tiebreak among 4 p-flagged candidates
FOR2008,160104,Social and Cultural Anthropology,FOR,440107,Social and cultural anthropology,field,True,lexical,1.0,lexical tiebreak among 4 p-flagged candidates
FOR2008,160199,Anthropology not elsewhere classified,FOR,440106,Medical anthropology,field,False,lexical,0.421,lexical tiebreak among 4 p-flagged candidates
FOR2008,160199,Anthropology not elsewhere classified,FOR,440499,Development studies not elsewhere classified,field,False,lexical,0.667,lexical tiebreak among 4 p-flagged candidates
FOR2008,160199,Anthropology not elsewhere classified,FOR,440104,Environmental anthropology,field,False,lexical,0.381,lexical tiebreak among 4 p-flagged candidates
FOR2008,160199,Anthropology not elsewhere classified,FOR,440199,Anthropology not elsewhere classified,field,True,lexical,1.0,lexical tiebreak among 4 p-flagged candidates
FOR2008,1602,Criminology,FOR,4402,Criminology,group,True,derived_empirical,1.0,"rolled up from 7 FOR2008 leaf-level mapping(s), 7 agreeing"
FOR2008,160201,Causes and Prevention of Crime,FOR,440217,Terrorism,field,False,lexical,0.308,lexical tiebreak among 5 p-flagged candidates
FOR2008,160201,Causes and Prevention of Crime,FOR,440207,Cybercrime,field,False,lexical,0.4,lexical tiebreak among 5 p-flagged candidates
FOR2008,160201,Causes and Prevention of Crime,FOR,440201,Causes and prevention of crime,field,True,lexical,1.0,lexical tiebreak among 5 p-flagged candidates
FOR2008,160201,Causes and Prevention of Crime,FOR,440219,White collar crime,field,False,lexical,0.375,lexical tiebreak among 5 p-flagged candidates
FOR2008,160201,Causes and Prevention of Crime,FOR,440210,Organised crime,field,False,lexical,0.444,lexical tiebreak among 5 p-flagged candidates
FOR2008,160202,"Correctional Theory, Offender Treatment and Rehabilitation",FOR,440202,"Correctional theory, offender treatment and rehabilitation",field,True,explicit_official,1.0,
FOR2008,160203,Courts and Sentencing,FOR,440203,Courts and sentencing,field,True,explicit_official,1.0,
FOR2008,160204,Criminological Theories,FOR,440213,Race/ethnicity and crime,field,False,lexical,0.213,lexical tiebreak among 4 p-flagged candidates
FOR2008,160204,Criminological Theories,FOR,440209,Gender and crime,field,False,lexical,0.256,lexical tiebreak among 4 p-flagged candidates
FOR2008,160204,Criminological Theories,FOR,440206,Critical approaches to crime,field,False,lexical,0.549,lexical tiebreak among 4 p-flagged candidates
FOR2008,160204,Criminological Theories,FOR,440205,Criminological theories,field,True,lexical,1.0,lexical tiebreak among 4 p-flagged candidates
FOR2008,160205,"Police Administration, Procedures and Practice",FOR,440211,"Police administration, procedures and practice",field,True,explicit_official,1.0,
FOR2008,160206,Private Policing and Security Services,FOR,440212,Private policing and security services,field,True,explicit_official,1.0,
FOR2008,160299,Criminology not elsewhere classified,FOR,440217,Terrorism,field,False,lexical,0.133,lexical tiebreak among 18 p-flagged candidates
FOR2008,160299,Criminology not elsewhere classified,FOR,440208,Environmental crime,field,False,lexical,0.182,lexical tiebreak among 18 p-flagged candidates
FOR2008,160299,Criminology not elsewhere classified,FOR,440204,Crime and social justice,field,False,lexical,0.367,lexical tiebreak among 18 p-flagged candidates
FOR2008,160299,Criminology not elsewhere classified,FOR,451808,Pacific Peoples criminology,field,False,lexical,0.349,lexical tiebreak among 18 p-flagged candidates
FOR2008,160299,Criminology not elsewhere classified,FOR,440210,Organised crime,field,False,lexical,0.196,lexical tiebreak among 18 p-flagged candidates
FOR2008,160299,Criminology not elsewhere classified,FOR,440209,Gender and crime,field,False,lexical,0.192,lexical tiebreak among 18 p-flagged candidates
FOR2008,160299,Criminology not elsewhere classified,FOR,440207,Cybercrime,field,False,lexical,0.217,lexical tiebreak among 18 p-flagged candidates
FOR2008,160299,Criminology not elsewhere classified,FOR,451108,Te mātauranga taihara Māori (Māori criminology),field,False,lexical,0.265,lexical tiebreak among 18 p-flagged candidates
FOR2008,160299,Criminology not elsewhere classified,FOR,440299,Criminology not elsewhere classified,field,True,lexical,1.0,lexical tiebreak among 18 p-flagged candidates
FOR2008,160299,Criminology not elsewhere classified,FOR,440215,State crime,field,False,lexical,0.213,lexical tiebreak among 18 p-flagged candidates
FOR2008,160299,Criminology not elsewhere classified,FOR,440214,Sociological studies of crime,field,False,lexical,0.154,lexical tiebreak among 18 p-flagged candidates
FOR2008,160299,Criminology not elsewhere classified,FOR,440206,Critical approaches to crime,field,False,lexical,0.156,lexical tiebreak among 18 p-flagged candidates
FOR2008,160299,Criminology not elsewhere classified,FOR,440216,"Technology, crime and surveillance",field,False,lexical,0.4,lexical tiebreak among 18 p-flagged candidates
FOR2008,160299,Criminology not elsewhere classified,FOR,430311,Historical studies of crime,field,False,lexical,0.159,lexical tiebreak among 18 p-flagged candidates
FOR2008,160299,Criminology not elsewhere classified,FOR,440213,Race/ethnicity and crime,field,False,lexical,0.167,lexical tiebreak among 18 p-flagged candidates
FOR2008,160299,Criminology not elsewhere classified,FOR,450508,Aboriginal and Torres Strait Islander criminology,field,False,lexical,0.259,lexical tiebreak among 18 p-flagged candidates
FOR2008,160299,Criminology not elsewhere classified,FOR,440219,White collar crime,field,False,lexical,0.185,lexical tiebreak among 18 p-flagged candidates
FOR2008,160299,Criminology not elsewhere classified,FOR,440218,Victims,field,False,lexical,0.186,lexical tiebreak among 18 p-flagged candidates
FOR2008,1603,Demography,FOR,4403,Demography,group,True,derived_empirical,1.0,"rolled up from 6 FOR2008 leaf-level mapping(s), 6 agreeing"
FOR2008,160301,Family and Household Studies,FOR,440301,Family and household studies,field,True,explicit_official,1.0,
FOR2008,160302,Fertility,FOR,440302,Fertility,field,True,explicit_official,1.0,
FOR2008,160303,Migration,FOR,440303,Migration,field,True,lexical,1.0,lexical tiebreak among 2 p-flagged candidates
FOR2008,160303,Migration,FOR,430319,Migration history,field,False,lexical,0.692,lexical tiebreak among 2 p-flagged candidates
FOR2008,160304,Mortality,FOR,440304,Mortality,field,True,explicit_official,1.0,
FOR2008,160305,Population Trends and Policies,FOR,440305,Population trends and policies,field,True,explicit_official,1.0,
FOR2008,160399,Demography not elsewhere classified,FOR,420602,Health equity,field,False,lexical,0.25,lexical tiebreak among 3 p-flagged candidates
FOR2008,160399,Demography not elsewhere classified,FOR,420606,Social determinants of health,field,False,lexical,0.25,lexical tiebreak among 3 p-flagged candidates
FOR2008,160399,Demography not elsewhere classified,FOR,440399,Demography not elsewhere classified,field,True,lexical,1.0,lexical tiebreak among 3 p-flagged candidates
FOR2008,1604,Human Geography,FOR,4406,Human geography,group,True,derived_empirical,1.0,"rolled up from 5 FOR2008 leaf-level mapping(s), 5 agreeing"
FOR2008,160401,Economic Geography,FOR,440606,Political geography,field,False,lexical,0.703,lexical tiebreak among 4 p-flagged candidates
FOR2008,160401,Economic Geography,FOR,440602,Development geography,field,False,lexical,0.667,lexical tiebreak among 4 p-flagged candidates
FOR2008,160401,Economic Geography,FOR,440603,Economic geography,field,True,lexical,1.0,lexical tiebreak among 4 p-flagged candidates
FOR2008,160401,Economic Geography,FOR,440604,Environmental geography,field,False,lexical,0.683,lexical tiebreak among 4 p-flagged candidates
FOR2008,160402,"Recreation, Leisure and Tourism Geography",FOR,440608,"Recreation, leisure and tourism geography",field,True,explicit_official,1.0,
FOR2008,160403,Social and Cultural Geography,FOR,440606,Political geography,field,False,lexical,0.583,lexical tiebreak among 6 p-flagged candidates
FOR2008,160403,Social and Cultural Geography,FOR,440605,Health geography,field,False,lexical,0.578,lexical tiebreak among 6 p-flagged candidates
FOR2008,160403,Social and Cultural Geography,FOR,440607,Population geography,field,False,lexical,0.571,lexical tiebreak among 6 p-flagged candidates
FOR2008,160403,Social and Cultural Geography,FOR,440404,Political economy and social change,field,False,lexical,0.344,lexical tiebreak among 6 p-flagged candidates
FOR2008,160403,Social and Cultural Geography,FOR,440601,Cultural geography,field,True,lexical,0.766,lexical tiebreak among 6 p-flagged candidates
FOR2008,160403,Social and Cultural Geography,FOR,440610,Social geography,field,False,lexical,0.711,lexical tiebreak among 6 p-flagged candidates
FOR2008,160404,Urban and Regional Studies (excl. Planning),FOR,440609,Rural and regional geography,field,True,lexical,0.535,lexical tiebreak among 8 p-flagged candidates
FOR2008,160404,Urban and Regional Studies (excl. Planning),FOR,440407,Socio-economic development,field,False,lexical,0.145,lexical tiebreak among 8 p-flagged candidates
FOR2008,160404,Urban and Regional Studies (excl. Planning),FOR,440408,Urban community development,field,False,lexical,0.314,lexical tiebreak among 8 p-flagged candidates
FOR2008,160404,Urban and Regional Studies (excl. Planning),FOR,440406,Rural community development,field,False,lexical,0.257,lexical tiebreak among 8 p-flagged candidates
FOR2008,160404,Urban and Regional Studies (excl. Planning),FOR,440612,Urban geography,field,False,lexical,0.276,lexical tiebreak among 8 p-flagged candidates
FOR2008,160404,Urban and Regional Studies (excl. Planning),FOR,440606,Political geography,field,False,lexical,0.194,lexical tiebreak among 8 p-flagged candidates
FOR2008,160404,Urban and Regional Studies (excl. Planning),FOR,440611,Transport geography,field,False,lexical,0.194,lexical tiebreak among 8 p-flagged candidates
FOR2008,160404,Urban and Regional Studies (excl. Planning),FOR,440604,Environmental geography,field,False,lexical,0.242,lexical tiebreak among 8 p-flagged candidates
FOR2008,160499,Human Geography not elsewhere classified,FOR,440611,Transport geography,field,False,lexical,0.407,lexical tiebreak among 13 p-flagged candidates
FOR2008,160499,Human Geography not elsewhere classified,FOR,440606,Political geography,field,False,lexical,0.373,lexical tiebreak among 13 p-flagged candidates
FOR2008,160499,Human Geography not elsewhere classified,FOR,440405,"Poverty, inclusivity and wellbeing",field,False,lexical,0.216,lexical tiebreak among 13 p-flagged candidates
FOR2008,160499,Human Geography not elsewhere classified,FOR,440499,Development studies not elsewhere classified,field,False,lexical,0.643,lexical tiebreak among 13 p-flagged candidates
FOR2008,160499,Human Geography not elsewhere classified,FOR,440699,Human geography not elsewhere classified,field,True,lexical,1.0,lexical tiebreak among 13 p-flagged candidates
FOR2008,160499,Human Geography not elsewhere classified,FOR,440604,Environmental geography,field,False,lexical,0.381,lexical tiebreak among 13 p-flagged candidates
FOR2008,160499,Human Geography not elsewhere classified,FOR,440402,"Humanitarian disasters, conflict and peacebuilding",field,False,lexical,0.311,lexical tiebreak among 13 p-flagged candidates
FOR2008,160499,Human Geography not elsewhere classified,FOR,440605,Health geography,field,False,lexical,0.429,lexical tiebreak among 13 p-flagged candidates
FOR2008,160499,Human Geography not elsewhere classified,FOR,440408,Urban community development,field,False,lexical,0.299,lexical tiebreak among 13 p-flagged candidates
FOR2008,160499,Human Geography not elsewhere classified,FOR,440406,Rural community development,field,False,lexical,0.239,lexical tiebreak among 13 p-flagged candidates
FOR2008,160499,Human Geography not elsewhere classified,FOR,440602,Development geography,field,False,lexical,0.393,lexical tiebreak among 13 p-flagged candidates
FOR2008,160499,Human Geography not elsewhere classified,FOR,440401,Development cooperation,field,False,lexical,0.222,lexical tiebreak among 13 p-flagged candidates
FOR2008,160499,Human Geography not elsewhere classified,FOR,440407,Socio-economic development,field,False,lexical,0.242,lexical tiebreak among 13 p-flagged candidates
FOR2008,1605,Policy and Administration,FOR,3902,"Education policy, sociology and philosophy",group,False,derived_empirical,0.067,"rolled up from 15 FOR2008 leaf-level mapping(s), 1 agreeing"
FOR2008,1605,Policy and Administration,FOR,4407,Policy and administration,group,True,derived_empirical,0.8,"rolled up from 15 FOR2008 leaf-level mapping(s), 12 agreeing"
FOR2008,1605,Policy and Administration,FOR,4504,Aboriginal and Torres Strait Islander health and wellbeing,group,False,derived_empirical,0.067,"rolled up from 15 FOR2008 leaf-level mapping(s), 1 agreeing"
FOR2008,1605,Policy and Administration,FOR,4702,Cultural studies,group,False,derived_empirical,0.067,"rolled up from 15 FOR2008 leaf-level mapping(s), 1 agreeing"
FOR2008,160501,Aboriginal and Torres Strait Islander Policy,FOR,450407,Aboriginal and Torres Strait Islander health policy,field,True,lexical,0.926,lexical tiebreak among 3 p-flagged candidates
FOR2008,160501,Aboriginal and Torres Strait Islander Policy,FOR,450522,Aboriginal and Torres Strait Islander social impact and program evaluation,field,False,lexical,0.712,lexical tiebreak among 3 p-flagged candidates
FOR2008,160501,Aboriginal and Torres Strait Islander Policy,FOR,450520,Aboriginal and Torres Strait Islander political participation and representation,field,False,lexical,0.694,lexical tiebreak among 3 p-flagged candidates
FOR2008,160502,Arts and Cultural Policy,FOR,470201,Arts and cultural policy,field,True,explicit_official,1.0,
FOR2008,160503,Communications and Media Policy,FOR,440701,Communications and media policy,field,True,explicit_official,1.0,
FOR2008,160504,Crime Policy,FOR,440702,Crime policy,field,True,explicit_official,1.0,
FOR2008,160505,Economic Development Policy,FOR,440703,Economic development policy,field,True,explicit_official,1.0,partial (p-flagged) single correspondence
FOR2008,160506,Education Policy,FOR,390299,"Education policy, sociology and philosophy not elsewhere classified",field,False,lexical,0.386,lexical tiebreak among 2 p-flagged candidates
FOR2008,160506,Education Policy,FOR,390201,Education policy,field,True,lexical,1.0,lexical tiebreak among 2 p-flagged candidates
FOR2008,160507,Environment Policy,FOR,440704,Environment policy,field,True,explicit_official,1.0,
FOR2008,160508,Health Policy,FOR,440706,Health policy,field,True,explicit_official,1.0,
FOR2008,160509,Public Administration,FOR,440708,Public administration,field,True,explicit_official,1.0,
FOR2008,160510,Public Policy,FOR,440709,Public policy,field,True,explicit_official,1.0,
FOR2008,160511,"Research, Science and Technology Policy",FOR,440710,"Research, science and technology policy",field,True,explicit_official,1.0,
FOR2008,160512,Social Policy,FOR,440712,Social policy,field,True,lexical,1.0,lexical tiebreak among 2 p-flagged candidates
FOR2008,160512,Social Policy,FOR,440705,"Gender, policy and administration",field,False,lexical,0.304,lexical tiebreak among 2 p-flagged candidates
FOR2008,160513,Tourism Policy,FOR,440713,Tourism policy,field,True,explicit_official,1.0,
FOR2008,160514,Urban Policy,FOR,440707,Housing policy,field,False,lexical,0.692,lexical tiebreak among 2 p-flagged candidates
FOR2008,160514,Urban Policy,FOR,440714,Urban policy,field,True,lexical,1.0,lexical tiebreak among 2 p-flagged candidates
FOR2008,160599,Policy and Administration not elsewhere classified,FOR,440711,Risk policy,field,False,lexical,0.197,lexical tiebreak among 3 p-flagged candidates
FOR2008,160599,Policy and Administration not elsewhere classified,FOR,440799,Policy and administration not elsewhere classified,field,True,lexical,1.0,lexical tiebreak among 3 p-flagged candidates
FOR2008,160599,Policy and Administration not elsewhere classified,FOR,440705,"Gender, policy and administration",field,False,lexical,0.602,lexical tiebreak among 3 p-flagged candidates
FOR2008,1606,Political Science,FOR,4408,Political science,group,True,derived_empirical,1.0,"rolled up from 10 FOR2008 leaf-level mapping(s), 10 agreeing"
FOR2008,160601,Australian Government and Politics,FOR,440801,Australian government and politics,field,True,explicit_official,1.0,
FOR2008,160602,Citizenship,FOR,440802,Citizenship,field,True,explicit_official,1.0,
FOR2008,160603,Comparative Government and Politics,FOR,440803,Comparative government and politics,field,True,explicit_official,1.0,
FOR2008,160604,Defence Studies,FOR,440810,Peace studies,field,False,lexical,0.786,lexical tiebreak among 2 p-flagged candidates
FOR2008,160604,Defence Studies,FOR,440804,Defence studies,field,True,lexical,1.0,lexical tiebreak among 2 p-flagged candidates
FOR2008,160605,Environmental Politics,FOR,440805,Environmental politics,field,True,explicit_official,1.0,
FOR2008,160606,Government and Politics of Asia and the Pacific,FOR,440807,Government and politics of Asia and the Pacific,field,True,explicit_official,1.0,
FOR2008,160607,International Relations,FOR,440808,International relations,field,True,explicit_official,1.0,
FOR2008,160608,New Zealand Government and Politics,FOR,440809,New Zealand government and politics,field,True,explicit_official,1.0,
FOR2008,160609,Political Theory and Political Philosophy,FOR,440811,Political theory and political philosophy,field,True,lexical,1.0,lexical tiebreak among 2 p-flagged candidates
FOR2008,160609,Political Theory and Political Philosophy,FOR,440806,Gender and politics,field,False,lexical,0.5,lexical tiebreak among 2 p-flagged candidates
FOR2008,160699,Political Science not elsewhere classified,FOR,440810,Peace studies,field,False,lexical,0.291,lexical tiebreak among 3 p-flagged candidates
FOR2008,160699,Political Science not elsewhere classified,FOR,440806,Gender and politics,field,False,lexical,0.262,lexical tiebreak among 3 p-flagged candidates
FOR2008,160699,Political Science not elsewhere classified,FOR,440899,Political science not elsewhere classified,field,True,lexical,1.0,lexical tiebreak among 3 p-flagged candidates
FOR2008,1607,Social Work,FOR,4409,Social work,group,True,derived_empirical,1.0,"rolled up from 4 FOR2008 leaf-level mapping(s), 4 agreeing"
FOR2008,160701,Clinical Social Work Practice,FOR,440901,Clinical social work practice,field,True,explicit_official,1.0,
FOR2008,160702,"Counselling, Welfare and Community Services",FOR,420403,Psychosocial aspects of childbirth and perinatal mental health,field,False,lexical,0.305,lexical tiebreak among 2 p-flagged candidates
FOR2008,160702,"Counselling, Welfare and Community Services",FOR,440902,"Counselling, wellbeing and community services",field,True,lexical,0.909,lexical tiebreak among 2 p-flagged candidates
FOR2008,160703,Social Program Evaluation,FOR,440903,Social program evaluation,field,True,explicit_official,1.0,
FOR2008,160799,Social Work not elsewhere classified,FOR,440999,Social work not elsewhere classified,field,True,explicit_official,1.0,
FOR2008,1608,Sociology,FOR,3902,"Education policy, sociology and philosophy",group,False,derived_empirical,0.091,"rolled up from 11 FOR2008 leaf-level mapping(s), 1 agreeing"
FOR2008,1608,Sociology,FOR,4410,Sociology,group,True,derived_empirical,0.909,"rolled up from 11 FOR2008 leaf-level mapping(s), 10 agreeing"
FOR2008,160801,"Applied Sociology, Program Evaluation and Social Impact Assessment",FOR,441001,"Applied sociology, program evaluation and social impact assessment",field,True,explicit_official,1.0,
FOR2008,160802,Environmental Sociology,FOR,441002,Environmental sociology,field,True,explicit_official,1.0,
FOR2008,160803,Race and Ethnic Relations,FOR,441013,"Sociology of migration, ethnicity and multiculturalism",field,True,lexical,0.38,lexical tiebreak among 2 p-flagged candidates
FOR2008,160803,Race and Ethnic Relations,FOR,440505,Intersectional studies,field,False,lexical,0.298,lexical tiebreak among 2 p-flagged candidates
FOR2008,160804,Rural Sociology,FOR,441003,Rural sociology,field,True,explicit_official,1.0,
FOR2008,160805,Social Change,FOR,441004,Social change,field,True,explicit_official,1.0,
FOR2008,160806,Social Theory,FOR,441005,Social theory,field,True,explicit_official,1.0,
FOR2008,160807,Sociological Methodology and Research Methods,FOR,440502,Feminist methodologies,field,False,lexical,0.418,lexical tiebreak among 2 p-flagged candidates
FOR2008,160807,Sociological Methodology and Research Methods,FOR,441006,Sociological methodology and research methods,field,True,lexical,1.0,lexical tiebreak among 2 p-flagged candidates
FOR2008,160808,Sociology and Social Studies of Science and Technology,FOR,441007,Sociology and social studies of science and technology,field,True,explicit_official,1.0,
FOR2008,160809,Sociology of Education,FOR,390203,Sociology of education,field,True,explicit_official,1.0,
FOR2008,160810,Urban Sociology and Community Studies,FOR,441016,Urban sociology and community studies,field,True,explicit_official,1.0,
FOR2008,160899,Sociology not elsewhere classified,FOR,441009,Sociology of family and relationships,field,False,lexical,0.479,lexical tiebreak among 8 p-flagged candidates
FOR2008,160899,Sociology not elsewhere classified,FOR,441012,Sociology of inequalities,field,False,lexical,0.475,lexical tiebreak among 8 p-flagged candidates
FOR2008,160899,Sociology not elsewhere classified,FOR,441008,Sociology of culture,field,False,lexical,0.519,lexical tiebreak among 8 p-flagged candidates
FOR2008,160899,Sociology not elsewhere classified,FOR,441010,Sociology of gender,field,False,lexical,0.491,lexical tiebreak among 8 p-flagged candidates
FOR2008,160899,Sociology not elsewhere classified,FOR,441011,Sociology of health,field,False,lexical,0.566,lexical tiebreak among 8 p-flagged candidates
FOR2008,160899,Sociology not elsewhere classified,FOR,441014,Sociology of religion,field,False,lexical,0.582,lexical tiebreak among 8 p-flagged candidates
FOR2008,160899,Sociology not elsewhere classified,FOR,441015,Sociology of the life course,field,False,lexical,0.613,lexical tiebreak among 8 p-flagged candidates
FOR2008,160899,Sociology not elsewhere classified,FOR,441099,Sociology not elsewhere classified,field,True,lexical,1.0,lexical tiebreak among 8 p-flagged candidates
FOR2008,1699,Other Studies in Human Society,FOR,4511,"Ngā tāngata, te porihanga me ngā hapori o te Māori (Māori peoples, society and community)",group,False,derived_empirical,0.167,"rolled up from 6 FOR2008 leaf-level mapping(s), 1 agreeing"
FOR2008,1699,Other Studies in Human Society,FOR,4499,Other human society,group,True,derived_empirical,0.333,"rolled up from 6 FOR2008 leaf-level mapping(s), 2 agreeing"
FOR2008,1699,Other Studies in Human Society,FOR,4405,Gender studies,group,False,derived_empirical,0.167,"rolled up from 6 FOR2008 leaf-level mapping(s), 1 agreeing"
FOR2008,1699,Other Studies in Human Society,FOR,4505,"Aboriginal and Torres Strait Islander peoples, society and community",group,False,derived_empirical,0.167,"rolled up from 6 FOR2008 leaf-level mapping(s), 1 agreeing"
FOR2008,1699,Other Studies in Human Society,FOR,4518,Pacific Peoples society and community,group,False,derived_empirical,0.167,"rolled up from 6 FOR2008 leaf-level mapping(s), 1 agreeing"
FOR2008,169901,Gender Specific Studies,FOR,440508,Transgender studies,field,False,lexical,0.667,lexical tiebreak among 10 p-flagged candidates
FOR2008,169901,Gender Specific Studies,FOR,440503,Feminist theory,field,False,lexical,0.316,lexical tiebreak among 10 p-flagged candidates
FOR2008,169901,Gender Specific Studies,FOR,440507,Studies of men and masculinities,field,False,lexical,0.255,lexical tiebreak among 10 p-flagged candidates
FOR2008,169901,Gender Specific Studies,FOR,440501,Feminist and queer theory,field,False,lexical,0.292,lexical tiebreak among 10 p-flagged candidates
FOR2008,169901,Gender Specific Studies,FOR,440506,Sexualities,field,False,lexical,0.353,lexical tiebreak among 10 p-flagged candidates
FOR2008,169901,Gender Specific Studies,FOR,440509,Women's studies (incl. girls' studies),field,False,lexical,0.361,lexical tiebreak among 10 p-flagged candidates
FOR2008,169901,Gender Specific Studies,FOR,440504,Gender relations,field,False,lexical,0.41,lexical tiebreak among 10 p-flagged candidates
FOR2008,169901,Gender Specific Studies,FOR,440505,Intersectional studies,field,True,lexical,0.667,lexical tiebreak among 10 p-flagged candidates
FOR2008,169901,Gender Specific Studies,FOR,440502,Feminist methodologies,field,False,lexical,0.4,lexical tiebreak among 10 p-flagged candidates
FOR2008,169901,Gender Specific Studies,FOR,440599,Gender studies not elsewhere classified,field,False,lexical,0.452,lexical tiebreak among 10 p-flagged candidates
FOR2008,169902,Studies of Aboriginal and Torres Strait Islander Society,FOR,450523,Aboriginal and Torres Strait Islander social work and social justice,field,False,lexical,0.694,lexical tiebreak among 11 p-flagged candidates
FOR2008,169902,Studies of Aboriginal and Torres Strait Islander Society,FOR,450519,Aboriginal and Torres Strait Islander perspectives,field,False,lexical,0.792,lexical tiebreak among 11 p-flagged candidates
FOR2008,169902,Studies of Aboriginal and Torres Strait Islander Society,FOR,450513,Aboriginal and Torres Strait Islander human geography and demography,field,False,lexical,0.661,lexical tiebreak among 11 p-flagged candidates
FOR2008,169902,Studies of Aboriginal and Torres Strait Islander Society,FOR,450505,Aboriginal and Torres Strait Islander community and regional development,field,False,lexical,0.656,lexical tiebreak among 11 p-flagged candidates
FOR2008,169902,Studies of Aboriginal and Torres Strait Islander Society,FOR,450524,Aboriginal and Torres Strait Islander sociological studies,field,False,lexical,0.754,lexical tiebreak among 11 p-flagged candidates
FOR2008,169902,Studies of Aboriginal and Torres Strait Islander Society,FOR,450521,Aboriginal and Torres Strait Islander politics,field,False,lexical,0.765,lexical tiebreak among 11 p-flagged candidates
FOR2008,169902,Studies of Aboriginal and Torres Strait Islander Society,FOR,450506,Aboriginal and Torres Strait Islander community governance and decision making,field,False,lexical,0.612,lexical tiebreak among 11 p-flagged candidates
FOR2008,169902,Studies of Aboriginal and Torres Strait Islander Society,FOR,450502,Aboriginal and Torres Strait Islander anthropology,field,False,lexical,0.755,lexical tiebreak among 11 p-flagged candidates
FOR2008,169902,Studies of Aboriginal and Torres Strait Islander Society,FOR,450525,Aboriginal and Torres Strait Islander sociology,field,True,lexical,0.835,lexical tiebreak among 11 p-flagged candidates
FOR2008,169902,Studies of Aboriginal and Torres Strait Islander Society,FOR,450527,Aboriginal and Torres Strait Islander urban and regional planning,field,False,lexical,0.661,lexical tiebreak among 11 p-flagged candidates
FOR2008,169902,Studies of Aboriginal and Torres Strait Islander Society,FOR,450507,Aboriginal and Torres Strait Islander community-based research,field,False,lexical,0.712,lexical tiebreak among 11 p-flagged candidates
FOR2008,169903,Studies of Asian Society,FOR,449901,Studies of Asian society,field,True,explicit_official,1.0,
FOR2008,169904,Studies of Māori Society,FOR,451131,"Te whakamahere ā-tāone, ā-rohe o te Māori (Māori urban and regional planning)",field,False,lexical,0.277,lexical tiebreak among 13 p-flagged candidates
FOR2008,169904,Studies of Māori Society,FOR,451127,Ngā mātai tikanga ā-iwi o te Māori (Māori sociological studies),field,False,lexical,0.368,lexical tiebreak among 13 p-flagged candidates
FOR2008,169904,Studies of Māori Society,FOR,451122,Te whai wāhi me te whakakanohi taha tōrāngapū o te Māori (Māori political participation and representation),field,False,lexical,0.26,lexical tiebreak among 13 p-flagged candidates
FOR2008,169904,Studies of Māori Society,FOR,451125,Te pāpātanga pāpori me te aromātai hōtaka o te Māori (Māori social impact and program evaluation),field,False,lexical,0.298,lexical tiebreak among 13 p-flagged candidates
FOR2008,169904,Studies of Māori Society,FOR,451123,Ngā mahi tōrangapū Māori (Māori politics),field,False,lexical,0.277,lexical tiebreak among 13 p-flagged candidates
FOR2008,169904,Studies of Māori Society,FOR,451121,Ngā tirohanga Māori (Māori perspectives),field,False,lexical,0.438,lexical tiebreak among 13 p-flagged candidates
FOR2008,169904,Studies of Māori Society,FOR,451107,"Te kāwana ā-hapori, whakatau take hoki o te Māori (Māori community governance and decision making)",field,False,lexical,0.246,lexical tiebreak among 13 p-flagged candidates
FOR2008,169904,Studies of Māori Society,FOR,451102,Te mātauranga tikanga Māori (Māori anthropology),field,False,lexical,0.389,lexical tiebreak among 13 p-flagged candidates
FOR2008,169904,Studies of Māori Society,FOR,451128,Te mātauranga pāpori o te Māori (Māori sociology),field,True,lexical,0.466,lexical tiebreak among 13 p-flagged candidates
FOR2008,169904,Studies of Māori Society,FOR,451126,Ngā mahi tauwhiro me te tika pāpori o te Māori (Māori social work and social justice),field,False,lexical,0.33,lexical tiebreak among 13 p-flagged candidates
FOR2008,169904,Studies of Māori Society,FOR,451105,"Te whanaketanga ā-hapori, ā-rohe o te Māori (Māori community and regional development)",field,False,lexical,0.309,lexical tiebreak among 13 p-flagged candidates
FOR2008,169904,Studies of Māori Society,FOR,451106,Te rangahau kei rō hapori o te Māori (Māori community-based research),field,False,lexical,0.366,lexical tiebreak among 13 p-flagged candidates
FOR2008,169904,Studies of Māori Society,FOR,451113,Te mātauranga matawhenua ā-iwi me te tatauranga ā-iwi o te Māori (Māori human geography and demography),field,False,lexical,0.268,lexical tiebreak among 13 p-flagged candidates
FOR2008,169905,Studies of Pacific Peoples' Societies,FOR,451807,Pacific Peoples community-based research,field,False,lexical,0.519,lexical tiebreak among 15 p-flagged candidates
FOR2008,169905,Studies of Pacific Peoples' Societies,FOR,451826,Pacific Peoples urban and regional planning,field,False,lexical,0.45,lexical tiebreak among 15 p-flagged candidates
FOR2008,169905,Studies of Pacific Peoples' Societies,FOR,451801,Pacific Peoples and the law,field,False,lexical,0.531,lexical tiebreak among 15 p-flagged candidates
FOR2008,169905,Studies of Pacific Peoples' Societies,FOR,451820,Pacific Peoples politics,field,True,lexical,0.689,lexical tiebreak among 15 p-flagged candidates
FOR2008,169905,Studies of Pacific Peoples' Societies,FOR,451818,Pacific Peoples perspectives,field,False,lexical,0.677,lexical tiebreak among 15 p-flagged candidates
FOR2008,169905,Studies of Pacific Peoples' Societies,FOR,451823,Pacific Peoples sociological studies,field,False,lexical,0.658,lexical tiebreak among 15 p-flagged candidates
FOR2008,169905,Studies of Pacific Peoples' Societies,FOR,451822,Pacific Peoples social work and social justice,field,False,lexical,0.554,lexical tiebreak among 15 p-flagged candidates
FOR2008,169905,Studies of Pacific Peoples' Societies,FOR,451821,Pacific Peoples social impact and program evaluation,field,False,lexical,0.517,lexical tiebreak among 15 p-flagged candidates
FOR2008,169905,Studies of Pacific Peoples' Societies,FOR,451802,Pacific Peoples anthropology,field,False,lexical,0.523,lexical tiebreak among 15 p-flagged candidates
FOR2008,169905,Studies of Pacific Peoples' Societies,FOR,451819,Pacific Peoples political participation and representation,field,False,lexical,0.484,lexical tiebreak among 15 p-flagged candidates
FOR2008,169905,Studies of Pacific Peoples' Societies,FOR,451805,Pacific Peoples community and regional development,field,False,lexical,0.46,lexical tiebreak among 15 p-flagged candidates
FOR2008,169905,Studies of Pacific Peoples' Societies,FOR,451813,Pacific Peoples human geography and demography,field,False,lexical,0.434,lexical tiebreak among 15 p-flagged candidates
FOR2008,169905,Studies of Pacific Peoples' Societies,FOR,451806,Pacific Peoples community governance and decision making,field,False,lexical,0.43,lexical tiebreak among 15 p-flagged candidates
FOR2008,169905,Studies of Pacific Peoples' Societies,FOR,451814,Pacific Peoples legislation,field,False,lexical,0.594,lexical tiebreak among 15 p-flagged candidates
FOR2008,169905,Studies of Pacific Peoples' Societies,FOR,451824,Pacific Peoples sociology,field,False,lexical,0.645,lexical tiebreak among 15 p-flagged candidates
FOR2008,169999,Studies in Human Society not elsewhere classified,FOR,451904,"Global Indigenous studies peoples, society and community",field,False,lexical,0.4,lexical tiebreak among 6 p-flagged candidates
FOR2008,169999,Studies in Human Society not elsewhere classified,FOR,451199,"Ngā tāngata, te porihanga me ngā hapori o te Māori kāore anō kia whakarōpūtia i wāhi kē (Māori peoples, society and community not elsewhere classified)",field,False,lexical,0.37,lexical tiebreak among 6 p-flagged candidates
FOR2008,169999,Studies in Human Society not elsewhere classified,FOR,450599,"Aboriginal and Torres Strait Islander peoples, society and community not elsewhere classified",field,False,lexical,0.577,lexical tiebreak among 6 p-flagged candidates
FOR2008,169999,Studies in Human Society not elsewhere classified,FOR,451899,"Pacific Peoples, society and community not elsewhere classified",field,False,lexical,0.643,lexical tiebreak among 6 p-flagged candidates
FOR2008,169999,Studies in Human Society not elsewhere classified,FOR,459999,Other Indigenous studies not elsewhere classified,field,False,lexical,0.653,lexical tiebreak among 6 p-flagged candidates
FOR2008,169999,Studies in Human Society not elsewhere classified,FOR,449999,Other human society not elsewhere classified,field,True,lexical,0.882,lexical tiebreak among 6 p-flagged candidates
FOR2008,17,PSYCHOLOGY AND COGNITIVE SCIENCES,FOR,46,INFORMATION AND COMPUTING SCIENCES,division,False,derived_empirical,0.045,"rolled up from 22 FOR2008 leaf-level mapping(s), 1 agreeing"
FOR2008,17,PSYCHOLOGY AND COGNITIVE SCIENCES,FOR,52,PSYCHOLOGY,division,True,derived_empirical,0.909,"rolled up from 22 FOR2008 leaf-level mapping(s), 20 agreeing"
FOR2008,17,PSYCHOLOGY AND COGNITIVE SCIENCES,FOR,45,INDIGENOUS STUDIES,division,False,derived_empirical,0.045,"rolled up from 22 FOR2008 leaf-level mapping(s), 1 agreeing"
FOR2008,1701,Psychology,FOR,4510,Te hauora me te oranga o te Māori (Māori health and wellbeing),group,False,derived_empirical,0.067,"rolled up from 15 FOR2008 leaf-level mapping(s), 1 agreeing"
FOR2008,1701,Psychology,FOR,5203,Clinical and health psychology,group,False,derived_empirical,0.133,"rolled up from 15 FOR2008 leaf-level mapping(s), 2 agreeing"
FOR2008,1701,Psychology,FOR,5205,Social and personality psychology,group,False,derived_empirical,0.267,"rolled up from 15 FOR2008 leaf-level mapping(s), 4 agreeing"
FOR2008,1701,Psychology,FOR,5201,Applied and developmental psychology,group,True,derived_empirical,0.4,"rolled up from 15 FOR2008 leaf-level mapping(s), 6 agreeing"
FOR2008,1701,Psychology,FOR,5204,Cognitive and computational psychology,group,False,derived_empirical,0.067,"rolled up from 15 FOR2008 leaf-level mapping(s), 1 agreeing"
FOR2008,1701,Psychology,FOR,5202,Biological psychology,group,False,derived_empirical,0.067,"rolled up from 15 FOR2008 leaf-level mapping(s), 1 agreeing"
FOR2008,170101,"Biological Psychology (Neuropsychology, Psychopharmacology, Physiological Psychology)",FOR,520206,Psychophysiology,field,False,lexical,0.317,lexical tiebreak among 9 p-flagged candidates
FOR2008,170101,"Biological Psychology (Neuropsychology, Psychopharmacology, Physiological Psychology)",FOR,520205,Psychopharmacology,field,False,lexical,0.35,lexical tiebreak among 9 p-flagged candidates
FOR2008,170101,"Biological Psychology (Neuropsychology, Psychopharmacology, Physiological Psychology)",FOR,520301,Clinical neuropsychology,field,True,lexical,0.385,lexical tiebreak among 9 p-flagged candidates
FOR2008,170101,"Biological Psychology (Neuropsychology, Psychopharmacology, Physiological Psychology)",FOR,520401,Cognition,field,False,lexical,0.064,lexical tiebreak among 9 p-flagged candidates
FOR2008,170101,"Biological Psychology (Neuropsychology, Psychopharmacology, Physiological Psychology)",FOR,520207,Social and affective neuroscience,field,False,lexical,0.237,lexical tiebreak among 9 p-flagged candidates
FOR2008,170101,"Biological Psychology (Neuropsychology, Psychopharmacology, Physiological Psychology)",FOR,520201,Behavioural genetics,field,False,lexical,0.229,lexical tiebreak among 9 p-flagged candidates
FOR2008,170101,"Biological Psychology (Neuropsychology, Psychopharmacology, Physiological Psychology)",FOR,520203,Cognitive neuroscience,field,False,lexical,0.224,lexical tiebreak among 9 p-flagged candidates
FOR2008,170101,"Biological Psychology (Neuropsychology, Psychopharmacology, Physiological Psychology)",FOR,520403,"Learning, motivation and emotion",field,False,lexical,0.085,lexical tiebreak among 9 p-flagged candidates
FOR2008,170101,"Biological Psychology (Neuropsychology, Psychopharmacology, Physiological Psychology)",FOR,520202,Behavioural neuroscience,field,False,lexical,0.257,lexical tiebreak among 9 p-flagged candidates
FOR2008,170102,Developmental Psychology and Ageing,FOR,520101,Child and adolescent development,field,False,lexical,0.328,lexical tiebreak among 3 p-flagged candidates
FOR2008,170102,Developmental Psychology and Ageing,FOR,520401,Cognition,field,False,lexical,0.273,lexical tiebreak among 3 p-flagged candidates
FOR2008,170102,Developmental Psychology and Ageing,FOR,520106,Psychology of ageing,field,True,lexical,0.655,lexical tiebreak among 3 p-flagged candidates
FOR2008,170103,Educational Psychology,FOR,520102,Educational psychology,field,True,lexical,1.0,lexical tiebreak among 2 p-flagged candidates
FOR2008,170103,Educational Psychology,FOR,520401,Cognition,field,False,lexical,0.323,lexical tiebreak among 2 p-flagged candidates
FOR2008,170104,Forensic Psychology,FOR,520103,Forensic psychology,field,True,lexical,1.0,lexical tiebreak among 2 p-flagged candidates
FOR2008,170104,Forensic Psychology,FOR,520401,Cognition,field,False,lexical,0.214,lexical tiebreak among 2 p-flagged candidates
FOR2008,170105,Gender Psychology,FOR,520502,Gender psychology,field,True,lexical,1.0,lexical tiebreak among 2 p-flagged candidates
FOR2008,170105,Gender Psychology,FOR,520401,Cognition,field,False,lexical,0.231,lexical tiebreak among 2 p-flagged candidates
FOR2008,170106,"Health, Clinical and Counselling Psychology",FOR,420403,Psychosocial aspects of childbirth and perinatal mental health,field,False,lexical,0.114,lexical tiebreak among 5 p-flagged candidates
FOR2008,170106,"Health, Clinical and Counselling Psychology",FOR,520401,Cognition,field,False,lexical,0.154,lexical tiebreak among 5 p-flagged candidates
FOR2008,170106,"Health, Clinical and Counselling Psychology",FOR,520302,Clinical psychology,field,False,lexical,0.613,lexical tiebreak among 5 p-flagged candidates
FOR2008,170106,"Health, Clinical and Counselling Psychology",FOR,520303,Counselling psychology,field,True,lexical,0.677,lexical tiebreak among 5 p-flagged candidates
FOR2008,170106,"Health, Clinical and Counselling Psychology",FOR,520304,Health psychology,field,False,lexical,0.567,lexical tiebreak among 5 p-flagged candidates
FOR2008,170107,Industrial and Organisational Psychology,FOR,520104,Industrial and organisational psychology (incl. human factors),field,True,lexical,0.784,lexical tiebreak among 2 p-flagged candidates
FOR2008,170107,Industrial and Organisational Psychology,FOR,520401,Cognition,field,False,lexical,0.327,lexical tiebreak among 2 p-flagged candidates
FOR2008,170108,Kaupapa Māori Psychology,FOR,451013,Mātauranga hinengaro kaupapa Māori (Māori psychology),field,True,lexical,0.623,lexical tiebreak among 2 p-flagged candidates
FOR2008,170108,Kaupapa Māori Psychology,FOR,451014,Ngā pūnaha mātauranga hinengaro o te Māori (Māori psychology knowledge systems),field,False,lexical,0.408,lexical tiebreak among 2 p-flagged candidates
FOR2008,170109,"Personality, Abilities and Assessment",FOR,520503,Personality and individual differences,field,True,lexical,0.507,lexical tiebreak among 3 p-flagged candidates
FOR2008,170109,"Personality, Abilities and Assessment",FOR,520401,Cognition,field,False,lexical,0.261,lexical tiebreak among 3 p-flagged candidates
FOR2008,170109,"Personality, Abilities and Assessment",FOR,520108,"Testing, assessment and psychometrics",field,False,lexical,0.432,lexical tiebreak among 3 p-flagged candidates
FOR2008,170110,"Psychological Methodology, Design and Analysis",FOR,520108,"Testing, assessment and psychometrics",field,False,lexical,0.241,lexical tiebreak among 2 p-flagged candidates
FOR2008,170110,"Psychological Methodology, Design and Analysis",FOR,520105,"Psychological methodology, design and analysis",field,True,lexical,1.0,lexical tiebreak among 2 p-flagged candidates
FOR2008,170111,Psychology of Religion,FOR,520401,Cognition,field,False,lexical,0.452,lexical tiebreak among 2 p-flagged candidates
FOR2008,170111,Psychology of Religion,FOR,520504,Psychology of religion,field,True,lexical,1.0,lexical tiebreak among 2 p-flagged candidates
FOR2008,170112,"Sensory Processes, Perception and Performance",FOR,520401,Cognition,field,False,lexical,0.185,lexical tiebreak among 2 p-flagged candidates
FOR2008,170112,"Sensory Processes, Perception and Performance",FOR,520406,"Sensory processes, perception and performance",field,True,lexical,1.0,lexical tiebreak among 2 p-flagged candidates
FOR2008,170113,Social and Community Psychology,FOR,420403,Psychosocial aspects of childbirth and perinatal mental health,field,False,lexical,0.366,lexical tiebreak among 6 p-flagged candidates
FOR2008,170113,Social and Community Psychology,FOR,520204,Evolutionary psychological studies,field,False,lexical,0.431,lexical tiebreak among 6 p-flagged candidates
FOR2008,170113,Social and Community Psychology,FOR,520207,Social and affective neuroscience,field,False,lexical,0.469,lexical tiebreak among 6 p-flagged candidates
FOR2008,170113,Social and Community Psychology,FOR,520501,Community psychology,field,True,lexical,0.784,lexical tiebreak among 6 p-flagged candidates
FOR2008,170113,Social and Community Psychology,FOR,520505,Social psychology,field,False,lexical,0.708,lexical tiebreak among 6 p-flagged candidates
FOR2008,170113,Social and Community Psychology,FOR,520401,Cognition,field,False,lexical,0.3,lexical tiebreak among 6 p-flagged candidates
FOR2008,170114,Sport and Exercise Psychology,FOR,520401,Cognition,field,False,lexical,0.158,lexical tiebreak among 2 p-flagged candidates
FOR2008,170114,Sport and Exercise Psychology,FOR,520107,Sport and exercise psychology,field,True,lexical,1.0,lexical tiebreak among 2 p-flagged candidates
FOR2008,170199,Psychology not elsewhere classified,FOR,520199,Applied and developmental psychology not elsewhere classified,field,False,lexical,0.729,lexical tiebreak among 14 p-flagged candidates
FOR2008,170199,Psychology not elsewhere classified,FOR,520204,Evolutionary psychological studies,field,False,lexical,0.377,lexical tiebreak among 14 p-flagged candidates
FOR2008,170199,Psychology not elsewhere classified,FOR,450410,Aboriginal and Torres Strait Islander lifecourse,field,False,lexical,0.193,lexical tiebreak among 14 p-flagged candidates
FOR2008,170199,Psychology not elsewhere classified,FOR,520399,Clinical and health psychology not elsewhere classified,field,False,lexical,0.778,lexical tiebreak among 14 p-flagged candidates
FOR2008,170199,Psychology not elsewhere classified,FOR,450416,Aboriginal and Torres Strait Islander psychology,field,False,lexical,0.241,lexical tiebreak among 14 p-flagged candidates
FOR2008,170199,Psychology not elsewhere classified,FOR,520207,Social and affective neuroscience,field,False,lexical,0.294,lexical tiebreak among 14 p-flagged candidates
FOR2008,170199,Psychology not elsewhere classified,FOR,520599,Social and personality psychology not elsewhere classified,field,False,lexical,0.753,lexical tiebreak among 14 p-flagged candidates
FOR2008,170199,Psychology not elsewhere classified,FOR,520201,Behavioural genetics,field,False,lexical,0.036,lexical tiebreak among 14 p-flagged candidates
FOR2008,170199,Psychology not elsewhere classified,FOR,451613,Pacific Peoples psychology,field,False,lexical,0.328,lexical tiebreak among 14 p-flagged candidates
FOR2008,170199,Psychology not elsewhere classified,FOR,520299,Biological psychology not elsewhere classified,field,True,lexical,0.864,lexical tiebreak among 14 p-flagged candidates
FOR2008,170199,Psychology not elsewhere classified,FOR,451608,Pacific Peoples life course,field,False,lexical,0.258,lexical tiebreak among 14 p-flagged candidates
FOR2008,170199,Psychology not elsewhere classified,FOR,451008,Ngā wāhanga ora o te Māori (Māori life course),field,False,lexical,0.198,lexical tiebreak among 14 p-flagged candidates
FOR2008,170199,Psychology not elsewhere classified,FOR,520401,Cognition,field,False,lexical,0.227,lexical tiebreak among 14 p-flagged candidates
FOR2008,170199,Psychology not elsewhere classified,FOR,520499,Cognitive and computational psychology not elsewhere classified,field,False,lexical,0.714,lexical tiebreak among 14 p-flagged candidates
FOR2008,1702,Cognitive Sciences,FOR,5204,Cognitive and computational psychology,group,True,derived_empirical,0.667,"rolled up from 6 FOR2008 leaf-level mapping(s), 4 agreeing"
FOR2008,1702,Cognitive Sciences,FOR,5202,Biological psychology,group,False,derived_empirical,0.167,"rolled up from 6 FOR2008 leaf-level mapping(s), 1 agreeing"
FOR2008,1702,Cognitive Sciences,FOR,4611,Machine learning,group,False,derived_empirical,0.167,"rolled up from 6 FOR2008 leaf-level mapping(s), 1 agreeing"
FOR2008,170201,"Computer Perception, Memory and Attention",FOR,520401,Cognition,field,False,lexical,0.24,lexical tiebreak among 2 p-flagged candidates
FOR2008,170201,"Computer Perception, Memory and Attention",FOR,520404,Memory and attention,field,True,lexical,0.656,lexical tiebreak among 2 p-flagged candidates
FOR2008,170202,Decision Making,FOR,520401,Cognition,field,False,lexical,0.417,lexical tiebreak among 2 p-flagged candidates
FOR2008,170202,Decision Making,FOR,520402,Decision making,field,True,lexical,1.0,lexical tiebreak among 2 p-flagged candidates
FOR2008,170203,Knowledge Representation and Machine Learning,FOR,461106,Semi- and unsupervised learning,field,True,lexical,0.5,lexical tiebreak among 4 p-flagged candidates
FOR2008,170203,Knowledge Representation and Machine Learning,FOR,520401,Cognition,field,False,lexical,0.185,lexical tiebreak among 4 p-flagged candidates
FOR2008,170203,Knowledge Representation and Machine Learning,FOR,461105,Reinforcement learning,field,False,lexical,0.478,lexical tiebreak among 4 p-flagged candidates
FOR2008,170203,Knowledge Representation and Machine Learning,FOR,461199,Machine learning not elsewhere classified,field,False,lexical,0.372,lexical tiebreak among 4 p-flagged candidates
FOR2008,170204,Linguistic Processes (incl. Speech Production and Comprehension),FOR,520401,Cognition,field,False,lexical,0.137,lexical tiebreak among 2 p-flagged candidates
FOR2008,170204,Linguistic Processes (incl. Speech Production and Comprehension),FOR,520405,Psycholinguistics (incl. speech production and comprehension),field,True,lexical,0.88,lexical tiebreak among 2 p-flagged candidates
FOR2008,170205,Neurocognitive Patterns and Neural Networks,FOR,520401,Cognition,field,False,lexical,0.308,lexical tiebreak among 2 p-flagged candidates
FOR2008,170205,Neurocognitive Patterns and Neural Networks,FOR,520203,Cognitive neuroscience,field,True,lexical,0.492,lexical tiebreak among 2 p-flagged candidates
FOR2008,170299,Cognitive Sciences not elsewhere classified,FOR,520401,Cognition,field,True,lexical,0.308,lexical tiebreak among 2 p-flagged candidates
FOR2008,170299,Cognitive Sciences not elsewhere classified,FOR,451211,Te tukatuka reo noa o te Māori (Māori natural language processing),field,False,lexical,0.183,lexical tiebreak among 2 p-flagged candidates
FOR2008,1799,Other Psychology and Cognitive Sciences,FOR,5299,Other psychology,group,True,derived_empirical,1.0,"rolled up from 1 FOR2008 leaf-level mapping(s), 1 agreeing"
FOR2008,179999,Psychology and Cognitive Sciences not elsewhere classified,FOR,529999,Other psychology not elsewhere classified,field,True,lexical,0.707,lexical tiebreak among 2 p-flagged candidates
FOR2008,179999,Psychology and Cognitive Sciences not elsewhere classified,FOR,520599,Social and personality psychology not elsewhere classified,field,False,lexical,0.603,lexical tiebreak among 2 p-flagged candidates
FOR2008,18,LAW AND LEGAL STUDIES,FOR,48,LAW AND LEGAL STUDIES,division,True,derived_empirical,0.818,"rolled up from 33 FOR2008 leaf-level mapping(s), 27 agreeing"
FOR2008,18,LAW AND LEGAL STUDIES,FOR,45,INDIGENOUS STUDIES,division,False,derived_empirical,0.182,"rolled up from 33 FOR2008 leaf-level mapping(s), 6 agreeing"
FOR2008,1801,Law,FOR,4807,Public law,group,False,derived_empirical,0.148,"rolled up from 27 FOR2008 leaf-level mapping(s), 4 agreeing"
FOR2008,1801,Law,FOR,4802,Environmental and resources law,group,False,derived_empirical,0.037,"rolled up from 27 FOR2008 leaf-level mapping(s), 1 agreeing"
FOR2008,1801,Law,FOR,4505,"Aboriginal and Torres Strait Islander peoples, society and community",group,False,derived_empirical,0.037,"rolled up from 27 FOR2008 leaf-level mapping(s), 1 agreeing"
FOR2008,1801,Law,FOR,4804,Law in context,group,False,derived_empirical,0.111,"rolled up from 27 FOR2008 leaf-level mapping(s), 3 agreeing"
FOR2008,1801,Law,FOR,4806,Private law and civil obligations,group,False,derived_empirical,0.148,"rolled up from 27 FOR2008 leaf-level mapping(s), 4 agreeing"
FOR2008,1801,Law,FOR,4803,International and comparative law,group,False,derived_empirical,0.148,"rolled up from 27 FOR2008 leaf-level mapping(s), 4 agreeing"
FOR2008,1801,Law,FOR,4801,Commercial law,group,False,derived_empirical,0.148,"rolled up from 27 FOR2008 leaf-level mapping(s), 4 agreeing"
FOR2008,1801,Law,FOR,4805,Legal systems,group,True,derived_empirical,0.222,"rolled up from 27 FOR2008 leaf-level mapping(s), 6 agreeing"
FOR2008,180101,Aboriginal and Torres Strait Islander Law,FOR,450518,Aboriginal and Torres Strait Islander peoples and the law,field,False,lexical,0.837,lexical tiebreak among 3 p-flagged candidates
FOR2008,180101,Aboriginal and Torres Strait Islander Law,FOR,450509,Aboriginal and Torres Strait Islander customary law,field,True,lexical,0.891,lexical tiebreak among 3 p-flagged candidates
FOR2008,180101,Aboriginal and Torres Strait Islander Law,FOR,450514,Aboriginal and Torres Strait Islander legislation,field,False,lexical,0.889,lexical tiebreak among 3 p-flagged candidates
FOR2008,180102,Access to Justice,FOR,480501,Access to justice,field,True,explicit_official,1.0,
FOR2008,180103,Administrative Law,FOR,480707,"Welfare, insurance, disability and social security law",field,False,lexical,0.333,lexical tiebreak among 5 p-flagged candidates
FOR2008,180103,Administrative Law,FOR,480704,"Migration, asylum and refugee law",field,False,lexical,0.431,lexical tiebreak among 5 p-flagged candidates
FOR2008,180103,Administrative Law,FOR,480701,Administrative law,field,True,lexical,1.0,lexical tiebreak among 5 p-flagged candidates
FOR2008,180103,Administrative Law,FOR,480412,Medical and health law,field,False,lexical,0.35,lexical tiebreak among 5 p-flagged candidates
FOR2008,180103,Administrative Law,FOR,480105,Not-for-profit law,field,False,lexical,0.333,lexical tiebreak among 5 p-flagged candidates
FOR2008,180104,Civil Law and Procedure,FOR,480502,Civil procedure,field,True,explicit_official,1.0,
FOR2008,180105,Commercial and Contract Law,FOR,480101,"Banking, finance and securities law",field,False,lexical,0.419,lexical tiebreak among 3 p-flagged candidates
FOR2008,180105,Commercial and Contract Law,FOR,480102,Commercial law,field,True,lexical,0.683,lexical tiebreak among 3 p-flagged candidates
FOR2008,180105,Commercial and Contract Law,FOR,480601,Contract law,field,False,lexical,0.615,lexical tiebreak among 3 p-flagged candidates
FOR2008,180106,Comparative Law,FOR,480404,Law and religion,field,False,lexical,0.194,lexical tiebreak among 3 p-flagged candidates
FOR2008,180106,Comparative Law,FOR,480302,Comparative law,field,True,lexical,1.0,lexical tiebreak among 3 p-flagged candidates
FOR2008,180106,Comparative Law,FOR,480304,European Union law,field,False,lexical,0.485,lexical tiebreak among 3 p-flagged candidates
FOR2008,180107,Conflict of Laws (Private International Law),FOR,480303,Conflict of laws (incl. private international law),field,True,explicit_official,1.0,
FOR2008,180108,Constitutional Law,FOR,480702,Constitutional law,field,True,explicit_official,1.0,
FOR2008,180109,Corporations and Associations Law,FOR,480103,Corporations and associations law,field,True,lexical,1.0,lexical tiebreak among 3 p-flagged candidates
FOR2008,180109,Corporations and Associations Law,FOR,480101,"Banking, finance and securities law",field,False,lexical,0.471,lexical tiebreak among 3 p-flagged candidates
FOR2008,180109,Corporations and Associations Law,FOR,480105,Not-for-profit law,field,False,lexical,0.353,lexical tiebreak among 3 p-flagged candidates
FOR2008,180110,Criminal Law and Procedure,FOR,480503,Criminal procedure,field,True,lexical,0.818,lexical tiebreak among 2 p-flagged candidates
FOR2008,180110,Criminal Law and Procedure,FOR,480401,Criminal law,field,False,lexical,0.632,lexical tiebreak among 2 p-flagged candidates
FOR2008,180111,Environmental and Natural Resources Law,FOR,480204,"Mining, energy and natural resources law",field,True,lexical,0.734,lexical tiebreak among 3 p-flagged candidates
FOR2008,180111,Environmental and Natural Resources Law,FOR,480202,Climate change law,field,False,lexical,0.316,lexical tiebreak among 3 p-flagged candidates
FOR2008,180111,Environmental and Natural Resources Law,FOR,480203,Environmental law,field,False,lexical,0.607,lexical tiebreak among 3 p-flagged candidates
FOR2008,180112,Equity and Trusts Law,FOR,480602,Equity and trusts law,field,True,lexical,1.0,lexical tiebreak among 2 p-flagged candidates
FOR2008,180112,Equity and Trusts Law,FOR,480101,"Banking, finance and securities law",field,False,lexical,0.429,lexical tiebreak among 2 p-flagged candidates
FOR2008,180113,Family Law,FOR,480707,"Welfare, insurance, disability and social security law",field,False,lexical,0.281,lexical tiebreak among 2 p-flagged candidates
FOR2008,180113,Family Law,FOR,480402,Family law,field,True,lexical,1.0,lexical tiebreak among 2 p-flagged candidates
FOR2008,180114,Human Rights Law,FOR,480703,Domestic human rights law,field,True,lexical,0.78,lexical tiebreak among 8 p-flagged candidates
FOR2008,180114,Human Rights Law,FOR,480413,"Race, ethnicity and law",field,False,lexical,0.359,lexical tiebreak among 8 p-flagged candidates
FOR2008,180114,Human Rights Law,FOR,480307,International humanitarian and human rights law,field,False,lexical,0.508,lexical tiebreak among 8 p-flagged candidates
FOR2008,180114,Human Rights Law,FOR,480706,Privacy and data rights,field,False,lexical,0.462,lexical tiebreak among 8 p-flagged candidates
FOR2008,180114,Human Rights Law,FOR,480407,"Law, gender and sexuality (incl. feminist legal scholarship)",field,False,lexical,0.079,lexical tiebreak among 8 p-flagged candidates
FOR2008,180114,Human Rights Law,FOR,480404,Law and religion,field,False,lexical,0.188,lexical tiebreak among 8 p-flagged candidates
FOR2008,180114,Human Rights Law,FOR,480707,"Welfare, insurance, disability and social security law",field,False,lexical,0.314,lexical tiebreak among 8 p-flagged candidates
FOR2008,180114,Human Rights Law,FOR,480704,"Migration, asylum and refugee law",field,False,lexical,0.449,lexical tiebreak among 8 p-flagged candidates
FOR2008,180115,Intellectual Property Law,FOR,480603,Intellectual property law,field,True,lexical,1.0,lexical tiebreak among 2 p-flagged candidates
FOR2008,180115,Intellectual Property Law,FOR,480413,"Race, ethnicity and law",field,False,lexical,0.333,lexical tiebreak among 2 p-flagged candidates
FOR2008,180116,International Law (excl. International Trade Law),FOR,480311,"Space, maritime and aviation law",field,False,lexical,0.272,lexical tiebreak among 8 p-flagged candidates
FOR2008,180116,International Law (excl. International Trade Law),FOR,480304,European Union law,field,False,lexical,0.269,lexical tiebreak among 8 p-flagged candidates
FOR2008,180116,International Law (excl. International Trade Law),FOR,480309,Ocean law and governance,field,False,lexical,0.356,lexical tiebreak among 8 p-flagged candidates
FOR2008,180116,International Law (excl. International Trade Law),FOR,480310,Public international law,field,False,lexical,0.466,lexical tiebreak among 8 p-flagged candidates
FOR2008,180116,International Law (excl. International Trade Law),FOR,480305,International arbitration,field,False,lexical,0.622,lexical tiebreak among 8 p-flagged candidates
FOR2008,180116,International Law (excl. International Trade Law),FOR,480306,International criminal law,field,True,lexical,0.64,lexical tiebreak among 8 p-flagged candidates
FOR2008,180116,International Law (excl. International Trade Law),FOR,480704,"Migration, asylum and refugee law",field,False,lexical,0.463,lexical tiebreak among 8 p-flagged candidates
FOR2008,180116,International Law (excl. International Trade Law),FOR,480301,Asian and Pacific law,field,False,lexical,0.257,lexical tiebreak among 8 p-flagged candidates
FOR2008,180117,International Trade Law,FOR,480308,International trade and investment law,field,True,explicit_official,1.0,
FOR2008,180118,Labour Law,FOR,480104,Labour law,field,True,explicit_official,1.0,
FOR2008,180119,Law and Society,FOR,480405,Law and society and socio-legal research,field,False,lexical,0.545,lexical tiebreak among 3 p-flagged candidates
FOR2008,180119,Law and Society,FOR,480404,Law and religion,field,True,lexical,0.581,lexical tiebreak among 3 p-flagged candidates
FOR2008,180119,Law and Society,FOR,480407,"Law, gender and sexuality (incl. feminist legal scholarship)",field,False,lexical,0.32,lexical tiebreak among 3 p-flagged candidates
FOR2008,180120,Legal Institutions (incl. Courts and Justice Systems),FOR,480504,Legal institutions (incl. courts and justice systems),field,True,explicit_official,1.0,
FOR2008,180121,"Legal Practice, Lawyering and the Legal Profession",FOR,480505,"Legal practice, lawyering and the legal profession",field,True,explicit_official,1.0,
FOR2008,180122,"Legal Theory, Jurisprudence and Legal Interpretation",FOR,480406,Law reform,field,False,lexical,0.129,lexical tiebreak among 5 p-flagged candidates
FOR2008,180122,"Legal Theory, Jurisprudence and Legal Interpretation",FOR,480407,"Law, gender and sexuality (incl. feminist legal scholarship)",field,False,lexical,0.339,lexical tiebreak among 5 p-flagged candidates
FOR2008,180122,"Legal Theory, Jurisprudence and Legal Interpretation",FOR,480404,Law and religion,field,False,lexical,0.353,lexical tiebreak among 5 p-flagged candidates
FOR2008,180122,"Legal Theory, Jurisprudence and Legal Interpretation",FOR,480409,Legal education,field,False,lexical,0.418,lexical tiebreak among 5 p-flagged candidates
FOR2008,180122,"Legal Theory, Jurisprudence and Legal Interpretation",FOR,480410,"Legal theory, jurisprudence and legal interpretation",field,True,lexical,1.0,lexical tiebreak among 5 p-flagged candidates
FOR2008,180123,"Litigation, Adjudication and Dispute Resolution",FOR,480506,"Litigation, adjudication and dispute resolution",field,True,explicit_official,1.0,
FOR2008,180124,Property Law (excl. Intellectual Property Law),FOR,480101,"Banking, finance and securities law",field,False,lexical,0.148,lexical tiebreak among 2 p-flagged candidates
FOR2008,180124,Property Law (excl. Intellectual Property Law),FOR,480604,Property law (excl. intellectual property law),field,True,lexical,1.0,lexical tiebreak among 2 p-flagged candidates
FOR2008,180125,Taxation Law,FOR,480106,Taxation law,field,True,explicit_official,1.0,
FOR2008,180126,Tort Law,FOR,480605,Tort law,field,True,explicit_official,1.0,
FOR2008,180199,Law not elsewhere classified,FOR,480403,Law and humanities,field,False,lexical,0.348,lexical tiebreak among 18 p-flagged candidates
FOR2008,180199,Law not elsewhere classified,FOR,480411,Media and communication law,field,False,lexical,0.109,lexical tiebreak among 18 p-flagged candidates
FOR2008,180199,Law not elsewhere classified,FOR,480507,Youth justice,field,False,lexical,0.146,lexical tiebreak among 18 p-flagged candidates
FOR2008,180199,Law not elsewhere classified,FOR,480414,Sports law,field,False,lexical,0.158,lexical tiebreak among 18 p-flagged candidates
FOR2008,180199,Law not elsewhere classified,FOR,480799,Public law not elsewhere classified,field,True,lexical,0.889,lexical tiebreak among 18 p-flagged candidates
FOR2008,180199,Law not elsewhere classified,FOR,480699,Private law and civil obligations not elsewhere classified,field,False,lexical,0.651,lexical tiebreak among 18 p-flagged candidates
FOR2008,180199,Law not elsewhere classified,FOR,480199,Commercial law not elsewhere classified,field,False,lexical,0.836,lexical tiebreak among 18 p-flagged candidates
FOR2008,180199,Law not elsewhere classified,FOR,480301,Asian and Pacific law,field,False,lexical,0.122,lexical tiebreak among 18 p-flagged candidates
FOR2008,180199,Law not elsewhere classified,FOR,480201,Animal law,field,False,lexical,0.158,lexical tiebreak among 18 p-flagged candidates
FOR2008,180199,Law not elsewhere classified,FOR,480705,Military law and justice,field,False,lexical,0.269,lexical tiebreak among 18 p-flagged candidates
FOR2008,180199,Law not elsewhere classified,FOR,480409,Legal education,field,False,lexical,0.326,lexical tiebreak among 18 p-flagged candidates
FOR2008,180199,Law not elsewhere classified,FOR,480408,"Law, science and technology",field,False,lexical,0.255,lexical tiebreak among 18 p-flagged candidates
FOR2008,180199,Law not elsewhere classified,FOR,480399,International and comparative law not elsewhere classified,field,False,lexical,0.651,lexical tiebreak among 18 p-flagged candidates
FOR2008,180199,Law not elsewhere classified,FOR,480202,Climate change law,field,False,lexical,0.13,lexical tiebreak among 18 p-flagged candidates
FOR2008,180199,Law not elsewhere classified,FOR,480406,Law reform,field,False,lexical,0.368,lexical tiebreak among 18 p-flagged candidates
FOR2008,180199,Law not elsewhere classified,FOR,480412,Medical and health law,field,False,lexical,0.12,lexical tiebreak among 18 p-flagged candidates
FOR2008,180199,Law not elsewhere classified,FOR,480299,Environmental and resources law not elsewhere classified,field,False,lexical,0.667,lexical tiebreak among 18 p-flagged candidates
FOR2008,180199,Law not elsewhere classified,FOR,480499,Law in context not elsewhere classified,field,False,lexical,0.836,lexical tiebreak among 18 p-flagged candidates
FOR2008,1802,Maori Law,FOR,4511,"Ngā tāngata, te porihanga me ngā hapori o te Māori (Māori peoples, society and community)",group,True,derived_empirical,1.0,"rolled up from 5 FOR2008 leaf-level mapping(s), 5 agreeing"
FOR2008,180201,Nga Tikanga Māori (Māori Customary Law),FOR,451109,Ngā tikanga Māori (Māori customary law),field,True,explicit_official,1.0,
FOR2008,180202,Te Māori Whakahaere Rauemi (Māori Resource Law),FOR,451124,Ngā ture rawa Māori (Māori resource law),field,True,explicit_official,1.0,
FOR2008,180203,Te Tiriti O Waitangi (The Treaty of Waitangi),FOR,451130,Te Tiriti o Waitangi (The Treaty of Waitangi),field,True,explicit_official,1.0,
FOR2008,180204,Te Ture Whenua (Māori Land Law),FOR,451114,Te ture Whenua (Māori land law),field,True,explicit_official,1.0,
FOR2008,180299,Māori Law not elsewhere classified,FOR,451116,Ngā ture Māori (Māori legislation),field,True,lexical,0.353,lexical tiebreak among 3 p-flagged candidates
FOR2008,180299,Māori Law not elsewhere classified,FOR,451115,Te ture me te tika Māori (Māori law and justice),field,False,lexical,0.317,lexical tiebreak among 3 p-flagged candidates
FOR2008,180299,Māori Law not elsewhere classified,FOR,451120,Ngā iwi Māori me te ture (Māori peoples and the law),field,False,lexical,0.209,lexical tiebreak among 3 p-flagged candidates
FOR2008,1899,Other Law and Legal Studies,FOR,4899,Other law and legal studies,group,True,derived_empirical,1.0,"rolled up from 1 FOR2008 leaf-level mapping(s), 1 agreeing"
FOR2008,189999,Law and Legal Studies not elsewhere classified,FOR,450599,"Aboriginal and Torres Strait Islander peoples, society and community not elsewhere classified",field,False,lexical,0.547,lexical tiebreak among 15 p-flagged candidates
FOR2008,189999,Law and Legal Studies not elsewhere classified,FOR,489999,Other law and legal studies not elsewhere classified,field,True,lexical,0.939,lexical tiebreak among 15 p-flagged candidates
FOR2008,189999,Law and Legal Studies not elsewhere classified,FOR,451809,Pacific Peoples customary law,field,False,lexical,0.08,lexical tiebreak among 15 p-flagged candidates
FOR2008,189999,Law and Legal Studies not elsewhere classified,FOR,451199,"Ngā tāngata, te porihanga me ngā hapori o te Māori kāore anō kia whakarōpūtia i wāhi kē (Māori peoples, society and community not elsewhere classified)",field,False,lexical,0.325,lexical tiebreak among 15 p-flagged candidates
FOR2008,189999,Law and Legal Studies not elsewhere classified,FOR,451899,"Pacific Peoples, society and community not elsewhere classified",field,False,lexical,0.587,lexical tiebreak among 15 p-flagged candidates
FOR2008,189999,Law and Legal Studies not elsewhere classified,FOR,451904,"Global Indigenous studies peoples, society and community",field,False,lexical,0.373,lexical tiebreak among 15 p-flagged candidates
FOR2008,189999,Law and Legal Studies not elsewhere classified,FOR,480403,Law and humanities,field,False,lexical,0.406,lexical tiebreak among 15 p-flagged candidates
FOR2008,189999,Law and Legal Studies not elsewhere classified,FOR,480201,Animal law,field,False,lexical,0.107,lexical tiebreak among 15 p-flagged candidates
FOR2008,189999,Law and Legal Studies not elsewhere classified,FOR,451801,Pacific Peoples and the law,field,False,lexical,0.329,lexical tiebreak among 15 p-flagged candidates
FOR2008,189999,Law and Legal Studies not elsewhere classified,FOR,480301,Asian and Pacific law,field,False,lexical,0.328,lexical tiebreak among 15 p-flagged candidates
FOR2008,189999,Law and Legal Studies not elsewhere classified,FOR,480414,Sports law,field,False,lexical,0.107,lexical tiebreak among 15 p-flagged candidates
FOR2008,189999,Law and Legal Studies not elsewhere classified,FOR,480409,Legal education,field,False,lexical,0.262,lexical tiebreak among 15 p-flagged candidates
FOR2008,189999,Law and Legal Studies not elsewhere classified,FOR,451814,Pacific Peoples legislation,field,False,lexical,0.247,lexical tiebreak among 15 p-flagged candidates
FOR2008,189999,Law and Legal Studies not elsewhere classified,FOR,480599,Legal systems not elsewhere classified,field,False,lexical,0.833,lexical tiebreak among 15 p-flagged candidates
FOR2008,189999,Law and Legal Studies not elsewhere classified,FOR,480299,Environmental and resources law not elsewhere classified,field,False,lexical,0.647,lexical tiebreak among 15 p-flagged candidates
FOR2008,19,STUDIES IN CREATIVE ARTS AND WRITING,FOR,45,INDIGENOUS STUDIES,division,False,derived_empirical,0.094,"rolled up from 32 FOR2008 leaf-level mapping(s), 3 agreeing"
FOR2008,19,STUDIES IN CREATIVE ARTS AND WRITING,FOR,47,"LANGUAGE, COMMUNICATION AND CULTURE",division,False,derived_empirical,0.031,"rolled up from 32 FOR2008 leaf-level mapping(s), 1 agreeing"
FOR2008,19,STUDIES IN CREATIVE ARTS AND WRITING,FOR,36,CREATIVE ARTS AND WRITING,division,True,derived_empirical,0.844,"rolled up from 32 FOR2008 leaf-level mapping(s), 27 agreeing"
FOR2008,19,STUDIES IN CREATIVE ARTS AND WRITING,FOR,42,HEALTH SCIENCES,division,False,derived_empirical,0.031,"rolled up from 32 FOR2008 leaf-level mapping(s), 1 agreeing"
FOR2008,1901,Art Theory and Criticism,FOR,3601,"Art history, theory and criticism",group,True,derived_empirical,1.0,"rolled up from 5 FOR2008 leaf-level mapping(s), 5 agreeing"
FOR2008,190101,Art Criticism,FOR,360101,Art criticism,field,True,explicit_official,1.0,
FOR2008,190102,Art History,FOR,360102,Art history,field,True,explicit_official,1.0,
FOR2008,190103,Art Theory,FOR,360103,Art theory,field,True,explicit_official,1.0,
FOR2008,190104,Visual Cultures,FOR,360104,Visual cultures,field,True,explicit_official,1.0,
FOR2008,190199,Art Theory and Criticism not elsewhere classified,FOR,360199,"Art history, theory and criticism not elsewhere classified",field,True,explicit_official,1.0,
FOR2008,1902,"Film, Television and Digital Media",FOR,3605,Screen and digital media,group,True,derived_empirical,1.0,"rolled up from 6 FOR2008 leaf-level mapping(s), 6 agreeing"
FOR2008,190201,Cinema Studies,FOR,360501,Cinema studies,field,True,explicit_official,1.0,
FOR2008,190202,Computer Gaming and Animation,FOR,360502,Computer gaming and animation,field,True,explicit_official,1.0,
FOR2008,190203,Electronic Media Art,FOR,360503,Digital and electronic media art,field,True,explicit_official,1.0,
FOR2008,190204,Film and Television,FOR,360505,Screen media,field,True,explicit_official,1.0,
FOR2008,190205,Interactive Media,FOR,360506,Visual effects,field,False,lexical,0.258,lexical tiebreak among 2 p-flagged candidates
FOR2008,190205,Interactive Media,FOR,360504,Interactive media,field,True,lexical,1.0,lexical tiebreak among 2 p-flagged candidates
FOR2008,190299,"Film, Television and Digital Media not elsewhere classified",FOR,360599,Screen and digital media not elsewhere classified,field,True,explicit_official,1.0,
FOR2008,1903,Journalism and Professional Writing,FOR,4701,Communication and media studies,group,False,derived_empirical,0.25,"rolled up from 4 FOR2008 leaf-level mapping(s), 1 agreeing"
FOR2008,1903,Journalism and Professional Writing,FOR,3602,Creative and professional writing,group,True,derived_empirical,0.75,"rolled up from 4 FOR2008 leaf-level mapping(s), 3 agreeing"
FOR2008,190301,Journalism Studies,FOR,470105,Journalism studies,field,True,explicit_official,1.0,
FOR2008,190302,Professional Writing,FOR,360203,Professional writing and journalism practice,field,True,explicit_official,1.0,
FOR2008,190303,Technical Writing,FOR,360205,Technical writing,field,True,explicit_official,1.0,
FOR2008,190399,Journalism and Professional Writing not elsewhere classified,FOR,470199,Communication and media studies not elsewhere classified,field,False,lexical,0.638,lexical tiebreak among 5 p-flagged candidates
FOR2008,190399,Journalism and Professional Writing not elsewhere classified,FOR,360299,Creative and professional writing not elsewhere classified,field,True,lexical,0.898,lexical tiebreak among 5 p-flagged candidates
FOR2008,190399,Journalism and Professional Writing not elsewhere classified,FOR,450713,"Te mātākōrero, te kawe kōrero me te tuhituhi ngaio o te Māori (Māori literature, journalism and professional writing)",field,False,lexical,0.395,lexical tiebreak among 5 p-flagged candidates
FOR2008,190399,Journalism and Professional Writing not elsewhere classified,FOR,451311,"Pacific Peoples literature, journalism and professional writing",field,False,lexical,0.569,lexical tiebreak among 5 p-flagged candidates
FOR2008,190399,Journalism and Professional Writing not elsewhere classified,FOR,450109,"Aboriginal and Torres Strait Islander literature, journalism and professional writing",field,False,lexical,0.483,lexical tiebreak among 5 p-flagged candidates
FOR2008,1904,Performing Arts and Creative Writing,FOR,4513,"Pacific Peoples culture, language and history",group,False,derived_empirical,0.091,"rolled up from 11 FOR2008 leaf-level mapping(s), 1 agreeing"
FOR2008,1904,Performing Arts and Creative Writing,FOR,4201,Allied health and rehabilitation science,group,False,derived_empirical,0.091,"rolled up from 11 FOR2008 leaf-level mapping(s), 1 agreeing"
FOR2008,1904,Performing Arts and Creative Writing,FOR,3602,Creative and professional writing,group,False,derived_empirical,0.091,"rolled up from 11 FOR2008 leaf-level mapping(s), 1 agreeing"
FOR2008,1904,Performing Arts and Creative Writing,FOR,4501,"Aboriginal and Torres Strait Islander culture, language and history",group,False,derived_empirical,0.091,"rolled up from 11 FOR2008 leaf-level mapping(s), 1 agreeing"
FOR2008,1904,Performing Arts and Creative Writing,FOR,3603,Music,group,False,derived_empirical,0.273,"rolled up from 11 FOR2008 leaf-level mapping(s), 3 agreeing"
FOR2008,1904,Performing Arts and Creative Writing,FOR,4507,"Te ahurea, reo me te hītori o te Māori (Māori culture, language and history)",group,False,derived_empirical,0.091,"rolled up from 11 FOR2008 leaf-level mapping(s), 1 agreeing"
FOR2008,1904,Performing Arts and Creative Writing,FOR,3604,Performing arts,group,True,derived_empirical,0.273,"rolled up from 11 FOR2008 leaf-level mapping(s), 3 agreeing"
FOR2008,190401,Aboriginal and Torres Strait Islander Performing Arts,FOR,450111,Aboriginal and Torres Strait Islander music and performing arts,field,True,explicit_official,1.0,
FOR2008,190402,Creative Writing (incl. Playwriting),FOR,360204,Site-based writing,field,False,lexical,0.407,lexical tiebreak among 2 p-flagged candidates
FOR2008,190402,Creative Writing (incl. Playwriting),FOR,360201,Creative writing (incl. scriptwriting),field,True,lexical,0.892,lexical tiebreak among 2 p-flagged candidates
FOR2008,190403,Dance,FOR,360402,Dance and dance studies,field,True,explicit_official,1.0,
FOR2008,190404,"Drama, Theatre and Performance Studies",FOR,360401,Applied theatre,field,False,lexical,0.34,lexical tiebreak among 2 p-flagged candidates
FOR2008,190404,"Drama, Theatre and Performance Studies",FOR,360403,"Drama, theatre and performance studies",field,True,lexical,1.0,lexical tiebreak among 2 p-flagged candidates
FOR2008,190405,Māori Performing Arts,FOR,450715,Te puoro me ngā mahi a te rēhia o te Māori (Māori music and performing arts),field,True,explicit_official,1.0,
FOR2008,190406,Music Composition,FOR,360301,Music cognition,field,True,lexical,0.812,lexical tiebreak among 3 p-flagged candidates
FOR2008,190406,Music Composition,FOR,360302,Music composition and improvisation,field,False,lexical,0.654,lexical tiebreak among 3 p-flagged candidates
FOR2008,190406,Music Composition,FOR,360303,Music education,field,False,lexical,0.688,lexical tiebreak among 3 p-flagged candidates
FOR2008,190407,Music Performance,FOR,360305,Music technology and recording,field,False,lexical,0.468,lexical tiebreak among 2 p-flagged candidates
FOR2008,190407,Music Performance,FOR,360304,Music performance,field,True,lexical,1.0,lexical tiebreak among 2 p-flagged candidates
FOR2008,190408,Music Therapy,FOR,360301,Music cognition,field,False,lexical,0.5,lexical tiebreak among 2 p-flagged candidates
FOR2008,190408,Music Therapy,FOR,420103,Music therapy,field,True,lexical,1.0,lexical tiebreak among 2 p-flagged candidates
FOR2008,190409,Musicology and Ethnomusicology,FOR,360306,Musicology and ethnomusicology,field,True,lexical,1.0,lexical tiebreak among 2 p-flagged candidates
FOR2008,190409,Musicology and Ethnomusicology,FOR,360303,Music education,field,False,lexical,0.4,lexical tiebreak among 2 p-flagged candidates
FOR2008,190410,Pacific Peoples Performing Arts,FOR,451313,Pacific Peoples music and performing arts,field,True,explicit_official,1.0,
FOR2008,190499,Performing Arts and Creative Writing not elsewhere classified,FOR,360499,Performing arts not elsewhere classified,field,True,lexical,0.792,lexical tiebreak among 5 p-flagged candidates
FOR2008,190499,Performing Arts and Creative Writing not elsewhere classified,FOR,360299,Creative and professional writing not elsewhere classified,field,False,lexical,0.689,lexical tiebreak among 5 p-flagged candidates
FOR2008,190499,Performing Arts and Creative Writing not elsewhere classified,FOR,360399,Music not elsewhere classified,field,False,lexical,0.615,lexical tiebreak among 5 p-flagged candidates
FOR2008,190499,Performing Arts and Creative Writing not elsewhere classified,FOR,360202,Digital writing,field,False,lexical,0.289,lexical tiebreak among 5 p-flagged candidates
FOR2008,190499,Performing Arts and Creative Writing not elsewhere classified,FOR,360301,Music cognition,field,False,lexical,0.211,lexical tiebreak among 5 p-flagged candidates
FOR2008,1905,Visual Arts and Crafts,FOR,3606,Visual arts,group,True,derived_empirical,1.0,"rolled up from 5 FOR2008 leaf-level mapping(s), 5 agreeing"
FOR2008,190501,Crafts,FOR,360601,Crafts,field,True,explicit_official,1.0,
FOR2008,190502,Fine Arts (incl. Sculpture and Painting),FOR,360602,Fine arts,field,True,explicit_official,1.0,
FOR2008,190503,Lens-based Practice,FOR,360604,"Photography, video and lens-based practice",field,True,explicit_official,1.0,
FOR2008,190504,Performance and Installation Art,FOR,360603,Performance art,field,True,explicit_official,1.0,
FOR2008,190599,Visual Arts and Crafts not elsewhere classified,FOR,360699,Visual arts not elsewhere classified,field,True,lexical,0.867,lexical tiebreak among 4 p-flagged candidates
FOR2008,190599,Visual Arts and Crafts not elsewhere classified,FOR,451318,Pacific Peoples visual arts and crafts,field,False,lexical,0.518,lexical tiebreak among 4 p-flagged candidates
FOR2008,190599,Visual Arts and Crafts not elsewhere classified,FOR,450116,Aboriginal and Torres Strait Islander visual arts and crafts,field,False,lexical,0.411,lexical tiebreak among 4 p-flagged candidates
FOR2008,190599,Visual Arts and Crafts not elsewhere classified,FOR,450721,Ngā toi ataata ngā mahi ā-rehe o te Māori (Māori visual arts and crafts),field,False,lexical,0.37,lexical tiebreak among 4 p-flagged candidates
FOR2008,1999,Other Studies in Creative Arts and Writing,FOR,3699,Other creative arts and writing,group,True,derived_empirical,1.0,"rolled up from 1 FOR2008 leaf-level mapping(s), 1 agreeing"
FOR2008,199999,Studies in Creative Arts and Writing not elsewhere classified,FOR,450714,"Ngā arapāho, ngā kiriata, te hākoritanga me te hopu whakaahua o te Māori (Māori media, film, animation and photography)",field,False,lexical,0.2,lexical tiebreak among 7 p-flagged candidates
FOR2008,199999,Studies in Creative Arts and Writing not elsewhere classified,FOR,369999,Other creative arts and writing not elsewhere classified,field,True,lexical,0.906,lexical tiebreak among 7 p-flagged candidates
FOR2008,199999,Studies in Creative Arts and Writing not elsewhere classified,FOR,450799,"Te ahurea, reo, me te hītori o te Māori kāore anō kia whakarōpūtia i wāhi kē (Māori culture, language and history not elsewhere classified)",field,False,lexical,0.43,lexical tiebreak among 7 p-flagged candidates
FOR2008,199999,Studies in Creative Arts and Writing not elsewhere classified,FOR,451312,"Pacific Peoples media, film, animation and photography",field,False,lexical,0.296,lexical tiebreak among 7 p-flagged candidates
FOR2008,199999,Studies in Creative Arts and Writing not elsewhere classified,FOR,451399,"Pacific Peoples culture, language and history not elsewhere classified",field,False,lexical,0.611,lexical tiebreak among 7 p-flagged candidates
FOR2008,199999,Studies in Creative Arts and Writing not elsewhere classified,FOR,450199,"Aboriginal and Torres Strait Islander culture, language and history not elsewhere classified",field,False,lexical,0.523,lexical tiebreak among 7 p-flagged candidates
FOR2008,199999,Studies in Creative Arts and Writing not elsewhere classified,FOR,450110,"Aboriginal and Torres Strait Islander media, film, animation and photography",field,False,lexical,0.277,lexical tiebreak among 7 p-flagged candidates
FOR2008,20,"LANGUAGE, COMMUNICATION AND CULTURE",FOR,44,HUMAN SOCIETY,division,False,derived_empirical,0.013,"rolled up from 80 FOR2008 leaf-level mapping(s), 1 agreeing"
FOR2008,20,"LANGUAGE, COMMUNICATION AND CULTURE",FOR,45,INDIGENOUS STUDIES,division,False,derived_empirical,0.113,"rolled up from 80 FOR2008 leaf-level mapping(s), 9 agreeing"
FOR2008,20,"LANGUAGE, COMMUNICATION AND CULTURE",FOR,47,"LANGUAGE, COMMUNICATION AND CULTURE",division,True,derived_empirical,0.875,"rolled up from 80 FOR2008 leaf-level mapping(s), 70 agreeing"
FOR2008,2001,Communication and Media Studies,FOR,4701,Communication and media studies,group,True,derived_empirical,1.0,"rolled up from 6 FOR2008 leaf-level mapping(s), 6 agreeing"
FOR2008,200101,Communication Studies,FOR,470101,Communication studies,field,True,explicit_official,1.0,
FOR2008,200102,Communication Technology and Digital Media Studies,FOR,470102,Communication technology and digital media studies,field,True,explicit_official,1.0,
FOR2008,200103,International and Development Communication,FOR,470104,International and development communication,field,True,explicit_official,1.0,
FOR2008,200104,Media Studies,FOR,470107,Media studies,field,True,explicit_official,1.0,
FOR2008,200105,"Organisational, Interpersonal and Intercultural Communication",FOR,470108,"Organisational, interpersonal and intercultural communication",field,True,explicit_official,1.0,
FOR2008,200199,Communication and Media Studies not elsewhere classified,FOR,470199,Communication and media studies not elsewhere classified,field,True,lexical,1.0,lexical tiebreak among 6 p-flagged candidates
FOR2008,200199,Communication and Media Studies not elsewhere classified,FOR,451312,"Pacific Peoples media, film, animation and photography",field,False,lexical,0.345,lexical tiebreak among 6 p-flagged candidates
FOR2008,200199,Communication and Media Studies not elsewhere classified,FOR,450110,"Aboriginal and Torres Strait Islander media, film, animation and photography",field,False,lexical,0.273,lexical tiebreak among 6 p-flagged candidates
FOR2008,200199,Communication and Media Studies not elsewhere classified,FOR,450714,"Ngā arapāho, ngā kiriata, te hākoritanga me te hopu whakaahua o te Māori (Māori media, film, animation and photography)",field,False,lexical,0.206,lexical tiebreak among 6 p-flagged candidates
FOR2008,200199,Communication and Media Studies not elsewhere classified,FOR,470106,Media industry studies,field,False,lexical,0.333,lexical tiebreak among 6 p-flagged candidates
FOR2008,200199,Communication and Media Studies not elsewhere classified,FOR,470103,Environmental communication,field,False,lexical,0.313,lexical tiebreak among 6 p-flagged candidates
FOR2008,2002,Cultural Studies,FOR,4513,"Pacific Peoples culture, language and history",group,False,derived_empirical,0.077,"rolled up from 13 FOR2008 leaf-level mapping(s), 1 agreeing"
FOR2008,2002,Cultural Studies,FOR,4405,Gender studies,group,False,derived_empirical,0.077,"rolled up from 13 FOR2008 leaf-level mapping(s), 1 agreeing"
FOR2008,2002,Cultural Studies,FOR,4702,Cultural studies,group,True,derived_empirical,0.692,"rolled up from 13 FOR2008 leaf-level mapping(s), 9 agreeing"
FOR2008,2002,Cultural Studies,FOR,4501,"Aboriginal and Torres Strait Islander culture, language and history",group,False,derived_empirical,0.077,"rolled up from 13 FOR2008 leaf-level mapping(s), 1 agreeing"
FOR2008,2002,Cultural Studies,FOR,4507,"Te ahurea, reo me te hītori o te Māori (Māori culture, language and history)",group,False,derived_empirical,0.077,"rolled up from 13 FOR2008 leaf-level mapping(s), 1 agreeing"
FOR2008,200201,Aboriginal and Torres Strait Islander Cultural Studies,FOR,450104,Aboriginal and Torres Strait Islander culture,field,True,lexical,0.909,lexical tiebreak among 3 p-flagged candidates
FOR2008,200201,Aboriginal and Torres Strait Islander Cultural Studies,FOR,450117,"Aboriginal and Torres Strait Islander ways of knowing, being and doing",field,False,lexical,0.677,lexical tiebreak among 3 p-flagged candidates
FOR2008,200201,Aboriginal and Torres Strait Islander Cultural Studies,FOR,450103,Aboriginal and Torres Strait Islander cultural history,field,False,lexical,0.907,lexical tiebreak among 3 p-flagged candidates
FOR2008,200202,Asian Cultural Studies,FOR,470202,Asian cultural studies,field,True,explicit_official,1.0,
FOR2008,200203,Consumption and Everyday Life,FOR,470203,Consumption and everyday life,field,True,explicit_official,1.0,
FOR2008,200204,Cultural Theory,FOR,470208,"Culture, representation and identity",field,False,lexical,0.392,lexical tiebreak among 2 p-flagged candidates
FOR2008,200204,Cultural Theory,FOR,470207,Cultural theory,field,True,lexical,1.0,lexical tiebreak among 2 p-flagged candidates
FOR2008,200205,"Culture, Gender, Sexuality",FOR,440506,Sexualities,field,False,lexical,0.432,lexical tiebreak among 6 p-flagged candidates
FOR2008,200205,"Culture, Gender, Sexuality",FOR,440508,Transgender studies,field,True,lexical,0.489,lexical tiebreak among 6 p-flagged candidates
FOR2008,200205,"Culture, Gender, Sexuality",FOR,440507,Studies of men and masculinities,field,False,lexical,0.207,lexical tiebreak among 6 p-flagged candidates
FOR2008,200205,"Culture, Gender, Sexuality",FOR,440505,Intersectional studies,field,False,lexical,0.25,lexical tiebreak among 6 p-flagged candidates
FOR2008,200205,"Culture, Gender, Sexuality",FOR,440504,Gender relations,field,False,lexical,0.381,lexical tiebreak among 6 p-flagged candidates
FOR2008,200205,"Culture, Gender, Sexuality",FOR,440509,Women's studies (incl. girls' studies),field,False,lexical,0.281,lexical tiebreak among 6 p-flagged candidates
FOR2008,200206,Globalisation and Culture,FOR,470210,Globalisation and culture,field,True,explicit_official,1.0,
FOR2008,200207,Māori Cultural Studies,FOR,450702,Te mana wahine (female status),field,False,lexical,0.385,lexical tiebreak among 5 p-flagged candidates
FOR2008,200207,Māori Cultural Studies,FOR,450703,Te mana tāne (male status),field,False,lexical,0.417,lexical tiebreak among 5 p-flagged candidates
FOR2008,200207,Māori Cultural Studies,FOR,450711,"Te whenua, ahurea me te tuakiri o te Māori (Māori land, culture and identity)",field,False,lexical,0.323,lexical tiebreak among 5 p-flagged candidates
FOR2008,200207,Māori Cultural Studies,FOR,450706,Te hītori ahurea Māori (Māori cultural history),field,True,lexical,0.493,lexical tiebreak among 5 p-flagged candidates
FOR2008,200207,Māori Cultural Studies,FOR,450707,Te ahurea Māori (Māori culture),field,False,lexical,0.491,lexical tiebreak among 5 p-flagged candidates
FOR2008,200208,Migrant Cultural Studies,FOR,470211,Migrant cultural studies,field,True,explicit_official,1.0,
FOR2008,200209,"Multicultural, Intercultural and Cross-cultural Studies",FOR,470212,"Multicultural, intercultural and cross-cultural studies",field,True,explicit_official,1.0,
FOR2008,200210,Pacific Cultural Studies,FOR,451319,"Pacific Peoples ways of knowing, being and doing",field,False,lexical,0.306,lexical tiebreak among 4 p-flagged candidates
FOR2008,200210,Pacific Cultural Studies,FOR,451305,Pacific Peoples culture,field,False,lexical,0.638,lexical tiebreak among 4 p-flagged candidates
FOR2008,200210,Pacific Cultural Studies,FOR,451304,Pacific Peoples cultural history,field,True,lexical,0.679,lexical tiebreak among 4 p-flagged candidates
FOR2008,200210,Pacific Cultural Studies,FOR,451309,"Pacific Peoples land, culture and identity",field,False,lexical,0.545,lexical tiebreak among 4 p-flagged candidates
FOR2008,200211,Postcolonial Studies,FOR,470213,Postcolonial studies,field,True,explicit_official,1.0,
FOR2008,200212,Screen and Media Culture,FOR,470214,Screen and media culture,field,True,explicit_official,1.0,
FOR2008,200299,Cultural Studies not elsewhere classified,FOR,470299,Cultural studies not elsewhere classified,field,True,lexical,1.0,lexical tiebreak among 7 p-flagged candidates
FOR2008,200299,Cultural Studies not elsewhere classified,FOR,470204,Cultural and creative industries,field,False,lexical,0.384,lexical tiebreak among 7 p-flagged candidates
FOR2008,200299,Cultural Studies not elsewhere classified,FOR,470206,Cultural studies of nation and region,field,False,lexical,0.59,lexical tiebreak among 7 p-flagged candidates
FOR2008,200299,Cultural Studies not elsewhere classified,FOR,470205,"Cultural studies of agriculture, food and wine",field,False,lexical,0.575,lexical tiebreak among 7 p-flagged candidates
FOR2008,200299,Cultural Studies not elsewhere classified,FOR,470527,Popular and genre literature,field,False,lexical,0.174,lexical tiebreak among 7 p-flagged candidates
FOR2008,200299,Cultural Studies not elsewhere classified,FOR,470209,Environment and culture,field,False,lexical,0.219,lexical tiebreak among 7 p-flagged candidates
FOR2008,200299,Cultural Studies not elsewhere classified,FOR,470528,Print culture,field,False,lexical,0.259,lexical tiebreak among 7 p-flagged candidates
FOR2008,2003,Language Studies,FOR,4507,"Te ahurea, reo me te hītori o te Māori (Māori culture, language and history)",group,False,derived_empirical,0.042,"rolled up from 24 FOR2008 leaf-level mapping(s), 1 agreeing"
FOR2008,2003,Language Studies,FOR,4513,"Pacific Peoples culture, language and history",group,False,derived_empirical,0.042,"rolled up from 24 FOR2008 leaf-level mapping(s), 1 agreeing"
FOR2008,2003,Language Studies,FOR,4501,"Aboriginal and Torres Strait Islander culture, language and history",group,False,derived_empirical,0.042,"rolled up from 24 FOR2008 leaf-level mapping(s), 1 agreeing"
FOR2008,2003,Language Studies,FOR,4703,Language studies,group,True,derived_empirical,0.875,"rolled up from 24 FOR2008 leaf-level mapping(s), 21 agreeing"
FOR2008,200301,Early English Languages,FOR,470305,Early English languages,field,True,explicit_official,1.0,
FOR2008,200302,English Language,FOR,470307,English language,field,True,explicit_official,1.0,
FOR2008,200303,English as a Second Language,FOR,470306,English as a second language,field,True,explicit_official,1.0,
FOR2008,200304,Central and Eastern European Languages (incl. Russian),FOR,470302,Central and Eastern European languages (incl. Russian),field,True,explicit_official,1.0,
FOR2008,200305,Latin and Classical Greek Languages,FOR,470316,Latin and classical Greek languages,field,True,explicit_official,1.0,
FOR2008,200306,French Language,FOR,470308,French language,field,True,explicit_official,1.0,
FOR2008,200307,German Language,FOR,470309,German language,field,True,explicit_official,1.0,
FOR2008,200308,Iberian Languages,FOR,470310,Iberian languages,field,True,explicit_official,1.0,
FOR2008,200309,Italian Language,FOR,470313,Italian language,field,True,explicit_official,1.0,
FOR2008,200310,Other European Languages,FOR,470319,Other European languages,field,True,explicit_official,1.0,
FOR2008,200311,Chinese Languages,FOR,470303,Chinese languages,field,True,explicit_official,1.0,
FOR2008,200312,Japanese Language,FOR,470314,Japanese language,field,True,explicit_official,1.0,
FOR2008,200313,Indonesian Languages,FOR,470312,Indonesian languages,field,True,explicit_official,1.0,
FOR2008,200314,South-East Asian Languages (excl. Indonesian),FOR,470320,South-East Asian languages (excl. Indonesian),field,True,explicit_official,1.0,
FOR2008,200315,Indian Languages,FOR,470311,Indian languages,field,True,explicit_official,1.0,
FOR2008,200316,Korean Language,FOR,470315,Korean language,field,True,explicit_official,1.0,
FOR2008,200317,Other Asian Languages (excl. South-East Asian),FOR,470318,Other Asian languages (excl. South-East Asian),field,True,explicit_official,1.0,
FOR2008,200318,Middle Eastern Languages,FOR,470317,Middle Eastern languages,field,True,explicit_official,1.0,
FOR2008,200319,Aboriginal and Torres Strait Islander Languages,FOR,450108,Aboriginal and Torres Strait Islander linguistics and languages,field,True,explicit_official,1.0,
FOR2008,200320,Pacific Languages,FOR,451310,Pacific Peoples linguistics and languages,field,True,explicit_official,1.0,
FOR2008,200321,Te Reo Māori (Māori Language),FOR,450712,Te mātai i te reo Māori me te reo Māori (Māori linguistics and languages),field,True,explicit_official,1.0,
FOR2008,200322,Comparative Language Studies,FOR,470304,Comparative language studies,field,True,explicit_official,1.0,
FOR2008,200323,Translation and Interpretation Studies,FOR,470321,Translation and interpretation studies,field,True,explicit_official,1.0,
FOR2008,200399,Language Studies not elsewhere classified,FOR,470399,Language studies not elsewhere classified,field,True,lexical,1.0,lexical tiebreak among 2 p-flagged candidates
FOR2008,200399,Language Studies not elsewhere classified,FOR,470301,African languages,field,False,lexical,0.31,lexical tiebreak among 2 p-flagged candidates
FOR2008,2004,Linguistics,FOR,4704,Linguistics,group,True,derived_empirical,1.0,"rolled up from 9 FOR2008 leaf-level mapping(s), 9 agreeing"
FOR2008,200401,Applied Linguistics and Educational Linguistics,FOR,470401,Applied linguistics and educational linguistics,field,True,explicit_official,1.0,
FOR2008,200402,Computational Linguistics,FOR,460302,Audio processing,field,False,lexical,0.341,lexical tiebreak among 2 p-flagged candidates
FOR2008,200402,Computational Linguistics,FOR,470403,Computational linguistics,field,True,lexical,1.0,lexical tiebreak among 2 p-flagged candidates
FOR2008,200403,Discourse and Pragmatics,FOR,470405,Discourse and pragmatics,field,True,explicit_official,1.0,
FOR2008,200404,Laboratory Phonetics and Speech Science,FOR,470410,Phonetics and speech science,field,True,explicit_official,1.0,
FOR2008,200405,Language in Culture and Society (Sociolinguistics),FOR,470411,Sociolinguistics,field,True,explicit_official,1.0,
FOR2008,200406,"Language in Time and Space (incl. Historical Linguistics, Dialectology)",FOR,470406,"Historical, comparative and typological linguistics",field,True,explicit_official,1.0,
FOR2008,200407,Lexicography,FOR,470408,Lexicography and semantics,field,True,lexical,0.632,lexical tiebreak among 2 p-flagged candidates
FOR2008,200407,Lexicography,FOR,470407,Language documentation and description,field,False,lexical,0.2,lexical tiebreak among 2 p-flagged candidates
FOR2008,200408,"Linguistic Structures (incl. Grammar, Phonology, Lexicon, Semantics)",FOR,470409,"Linguistic structures (incl. phonology, morphology and syntax)",field,True,explicit_official,1.0,
FOR2008,200499,Linguistics not elsewhere classified,FOR,470407,Language documentation and description,field,False,lexical,0.216,lexical tiebreak among 4 p-flagged candidates
FOR2008,200499,Linguistics not elsewhere classified,FOR,470499,Linguistics not elsewhere classified,field,True,lexical,1.0,lexical tiebreak among 4 p-flagged candidates
FOR2008,200499,Linguistics not elsewhere classified,FOR,470404,Corpus linguistics,field,False,lexical,0.407,lexical tiebreak among 4 p-flagged candidates
FOR2008,200499,Linguistics not elsewhere classified,FOR,470402,Child language acquisition,field,False,lexical,0.29,lexical tiebreak among 4 p-flagged candidates
FOR2008,2005,Literary Studies,FOR,4705,Literary studies,group,True,derived_empirical,0.889,"rolled up from 27 FOR2008 leaf-level mapping(s), 24 agreeing"
FOR2008,2005,Literary Studies,FOR,4501,"Aboriginal and Torres Strait Islander culture, language and history",group,False,derived_empirical,0.037,"rolled up from 27 FOR2008 leaf-level mapping(s), 1 agreeing"
FOR2008,2005,Literary Studies,FOR,4507,"Te ahurea, reo me te hītori o te Māori (Māori culture, language and history)",group,False,derived_empirical,0.037,"rolled up from 27 FOR2008 leaf-level mapping(s), 1 agreeing"
FOR2008,2005,Literary Studies,FOR,4513,"Pacific Peoples culture, language and history",group,False,derived_empirical,0.037,"rolled up from 27 FOR2008 leaf-level mapping(s), 1 agreeing"
FOR2008,200501,Aboriginal and Torres Strait Islander Literature,FOR,450109,"Aboriginal and Torres Strait Islander literature, journalism and professional writing",field,True,explicit_official,0.722,partial (p-flagged) single correspondence
FOR2008,200502,Australian Literature (excl. Aboriginal and Torres Strait Islander Literature),FOR,470502,Australian literature (excl. Aboriginal and Torres Strait Islander literature),field,True,explicit_official,1.0,
FOR2008,200503,British and Irish Literature,FOR,470504,British and Irish literature,field,True,explicit_official,1.0,
FOR2008,200504,Māori Literature,FOR,450713,"Te mātākōrero, te kawe kōrero me te tuhituhi ngaio o te Māori (Māori literature, journalism and professional writing)",field,True,explicit_official,1.0,
FOR2008,200505,New Zealand Literature (excl. Māori Literature),FOR,470522,New Zealand literature (excl. Māori literature),field,True,explicit_official,1.0,
FOR2008,200506,North American Literature,FOR,470523,North American literature,field,True,explicit_official,1.0,
FOR2008,200507,Pacific Literature,FOR,451311,"Pacific Peoples literature, journalism and professional writing",field,True,explicit_official,0.444,partial (p-flagged) single correspondence
FOR2008,200508,Other Literatures in English,FOR,470526,Other literatures in English,field,True,explicit_official,1.0,
FOR2008,200509,Central and Eastern European Literature (incl. Russian),FOR,470505,Central and Eastern European literature (incl. Russian),field,True,explicit_official,1.0,
FOR2008,200510,Latin and Classical Greek Literature,FOR,470513,Latin and classical Greek literature,field,True,explicit_official,1.0,
FOR2008,200511,Literature in French,FOR,470516,Literature in French,field,True,explicit_official,1.0,
FOR2008,200512,Literature in German,FOR,470517,Literature in German,field,True,explicit_official,1.0,
FOR2008,200513,Literature in Italian,FOR,470518,Literature in Italian,field,True,explicit_official,1.0,
FOR2008,200514,Literature in Spanish and Portuguese,FOR,470520,Literature in Spanish and Portuguese,field,True,explicit_official,1.0,
FOR2008,200515,Other European Literature,FOR,470525,Other European literature,field,True,explicit_official,1.0,
FOR2008,200516,Indonesian Literature,FOR,470511,Indonesian literature,field,True,explicit_official,1.0,
FOR2008,200517,Literature in Chinese,FOR,470515,Literature in Chinese,field,True,explicit_official,1.0,
FOR2008,200518,Literature in Japanese,FOR,470519,Literature in Japanese,field,True,explicit_official,1.0,
FOR2008,200519,South-East Asian Literature (excl. Indonesian),FOR,470529,South-East Asian literature (excl. Indonesian),field,True,explicit_official,1.0,
FOR2008,200520,Indian Literature,FOR,470510,Indian literature,field,True,explicit_official,1.0,
FOR2008,200521,Korean Literature,FOR,470512,Korean literature,field,True,explicit_official,1.0,
FOR2008,200522,Other Asian Literature (excl. South-East Asian),FOR,470524,Other Asian literature (excl. South-East Asian),field,True,explicit_official,1.0,
FOR2008,200523,Middle Eastern Literature,FOR,470521,Middle Eastern literature,field,True,explicit_official,1.0,
FOR2008,200524,Comparative Literature Studies,FOR,470507,Comparative and transnational literature,field,True,explicit_official,1.0,
FOR2008,200525,Literary Theory,FOR,470514,Literary theory,field,True,explicit_official,1.0,
FOR2008,200526,Stylistics and Textual Analysis,FOR,470530,Stylistics and textual analysis,field,True,explicit_official,1.0,
FOR2008,200599,Literary Studies not elsewhere classified,FOR,470509,Ecocriticism,field,False,lexical,0.113,lexical tiebreak among 8 p-flagged candidates
FOR2008,200599,Literary Studies not elsewhere classified,FOR,470527,Popular and genre literature,field,False,lexical,0.29,lexical tiebreak among 8 p-flagged candidates
FOR2008,200599,Literary Studies not elsewhere classified,FOR,470531,Young adult literature,field,False,lexical,0.317,lexical tiebreak among 8 p-flagged candidates
FOR2008,200599,Literary Studies not elsewhere classified,FOR,470508,Digital literature,field,False,lexical,0.339,lexical tiebreak among 8 p-flagged candidates
FOR2008,200599,Literary Studies not elsewhere classified,FOR,470506,Children's literature,field,False,lexical,0.323,lexical tiebreak among 8 p-flagged candidates
FOR2008,200599,Literary Studies not elsewhere classified,FOR,470501,African literature,field,False,lexical,0.339,lexical tiebreak among 8 p-flagged candidates
FOR2008,200599,Literary Studies not elsewhere classified,FOR,470599,Literary studies not elsewhere classified,field,True,lexical,1.0,lexical tiebreak among 8 p-flagged candidates
FOR2008,200599,Literary Studies not elsewhere classified,FOR,470528,Print culture,field,False,lexical,0.185,lexical tiebreak among 8 p-flagged candidates
FOR2008,2099,"Other Language, Communication and Culture",FOR,4799,"Other language, communication and culture",group,True,derived_empirical,1.0,"rolled up from 1 FOR2008 leaf-level mapping(s), 1 agreeing"
FOR2008,209999,"Language, Communication and Culture not elsewhere classified",FOR,451399,"Pacific Peoples culture, language and history not elsewhere classified",field,False,lexical,0.615,lexical tiebreak among 8 p-flagged candidates
FOR2008,209999,"Language, Communication and Culture not elsewhere classified",FOR,451901,"Global Indigenous studies culture, language and history",field,False,lexical,0.261,lexical tiebreak among 8 p-flagged candidates
FOR2008,209999,"Language, Communication and Culture not elsewhere classified",FOR,479999,"Other language, communication and culture not elsewhere classified",field,True,lexical,0.952,lexical tiebreak among 8 p-flagged candidates
FOR2008,209999,"Language, Communication and Culture not elsewhere classified",FOR,451999,"Other Indigenous data, methodologies and global Indigenous studies not elsewhere classified",field,False,lexical,0.543,lexical tiebreak among 8 p-flagged candidates
FOR2008,209999,"Language, Communication and Culture not elsewhere classified",FOR,450199,"Aboriginal and Torres Strait Islander culture, language and history not elsewhere classified",field,False,lexical,0.526,lexical tiebreak among 8 p-flagged candidates
FOR2008,209999,"Language, Communication and Culture not elsewhere classified",FOR,450799,"Te ahurea, reo, me te hītori o te Māori kāore anō kia whakarōpūtia i wāhi kē (Māori culture, language and history not elsewhere classified)",field,False,lexical,0.402,lexical tiebreak among 8 p-flagged candidates
FOR2008,209999,"Language, Communication and Culture not elsewhere classified",FOR,459999,Other Indigenous studies not elsewhere classified,field,False,lexical,0.587,lexical tiebreak among 8 p-flagged candidates
FOR2008,209999,"Language, Communication and Culture not elsewhere classified",FOR,451904,"Global Indigenous studies peoples, society and community",field,False,lexical,0.207,lexical tiebreak among 8 p-flagged candidates
FOR2008,21,HISTORY AND ARCHAEOLOGY,FOR,43,"HISTORY, HERITAGE AND ARCHAEOLOGY",division,True,derived_empirical,0.806,"rolled up from 31 FOR2008 leaf-level mapping(s), 25 agreeing"
FOR2008,21,HISTORY AND ARCHAEOLOGY,FOR,45,INDIGENOUS STUDIES,division,False,derived_empirical,0.194,"rolled up from 31 FOR2008 leaf-level mapping(s), 6 agreeing"
FOR2008,2101,Archaeology,FOR,4513,"Pacific Peoples culture, language and history",group,False,derived_empirical,0.091,"rolled up from 11 FOR2008 leaf-level mapping(s), 1 agreeing"
FOR2008,2101,Archaeology,FOR,4501,"Aboriginal and Torres Strait Islander culture, language and history",group,False,derived_empirical,0.091,"rolled up from 11 FOR2008 leaf-level mapping(s), 1 agreeing"
FOR2008,2101,Archaeology,FOR,4507,"Te ahurea, reo me te hītori o te Māori (Māori culture, language and history)",group,False,derived_empirical,0.091,"rolled up from 11 FOR2008 leaf-level mapping(s), 1 agreeing"
FOR2008,2101,Archaeology,FOR,4301,Archaeology,group,True,derived_empirical,0.727,"rolled up from 11 FOR2008 leaf-level mapping(s), 8 agreeing"
FOR2008,210101,Aboriginal and Torres Strait Islander Archaeology,FOR,450101,Aboriginal and Torres Strait Islander archaeology,field,True,lexical,1.0,lexical tiebreak among 2 p-flagged candidates
FOR2008,210101,Aboriginal and Torres Strait Islander Archaeology,FOR,450102,Aboriginal and Torres Strait Islander artefacts,field,False,lexical,0.854,lexical tiebreak among 2 p-flagged candidates
FOR2008,210102,Archaeological Science,FOR,430101,Archaeological science,field,True,explicit_official,1.0,
FOR2008,210103,"Archaeology of Asia, Africa and the Americas",FOR,430102,"Archaeology of Asia, Africa and the Americas",field,True,explicit_official,1.0,
FOR2008,210104,Archaeology of Australia (excl. Aboriginal and Torres Strait Islander),FOR,430103,Archaeology of Australia (excl. Aboriginal and Torres Strait Islander),field,True,explicit_official,1.0,
FOR2008,210105,"Archaeology of Europe, the Mediterranean and the Levant",FOR,430104,"Archaeology of Europe, the Mediterranean and the Levant",field,True,explicit_official,1.0,
FOR2008,210106,Archaeology of New Guinea and Pacific Islands (excl. New Zealand),FOR,451301,Archaeology of New Guinea and Pacific Islands (excl. New Zealand),field,True,lexical,1.0,lexical tiebreak among 2 p-flagged candidates
FOR2008,210106,Archaeology of New Guinea and Pacific Islands (excl. New Zealand),FOR,451303,Pacific Peoples artefacts,field,False,lexical,0.289,lexical tiebreak among 2 p-flagged candidates
FOR2008,210107,Archaeology of New Zealand (excl. Māori),FOR,430105,Archaeology of New Zealand (excl. Māori),field,True,explicit_official,1.0,
FOR2008,210108,Historical Archaeology (incl. Industrial Archaeology),FOR,430107,Historical archaeology (incl. industrial archaeology),field,True,explicit_official,1.0,
FOR2008,210109,Māori Archaeology,FOR,450704,Te mātai whaipara Māori (Māori archaeology),field,True,lexical,0.567,lexical tiebreak among 2 p-flagged candidates
FOR2008,210109,Māori Archaeology,FOR,450705,Ngā taonga Māori nō mua (Māori artefacts),field,False,lexical,0.31,lexical tiebreak among 2 p-flagged candidates
FOR2008,210110,Maritime Archaeology,FOR,430108,Maritime archaeology,field,True,explicit_official,1.0,
FOR2008,210199,Archaeology not elsewhere classified,FOR,430106,Digital archaeology,field,False,lexical,0.4,lexical tiebreak among 2 p-flagged candidates
FOR2008,210199,Archaeology not elsewhere classified,FOR,430199,Archaeology not elsewhere classified,field,True,lexical,1.0,lexical tiebreak among 2 p-flagged candidates
FOR2008,2102,Curatorial and Related Studies,FOR,4302,"Heritage, archive and museum studies",group,True,derived_empirical,1.0,"rolled up from 5 FOR2008 leaf-level mapping(s), 5 agreeing"
FOR2008,210201,"Archival, Repository and Related Studies",FOR,430201,"Archival, repository and related studies",field,True,lexical,1.0,lexical tiebreak among 3 p-flagged candidates
FOR2008,210201,"Archival, Repository and Related Studies",FOR,461001,Digital curation and preservation,field,False,lexical,0.438,lexical tiebreak among 3 p-flagged candidates
FOR2008,210201,"Archival, Repository and Related Studies",FOR,430206,Heritage collections and interpretations,field,False,lexical,0.35,lexical tiebreak among 3 p-flagged candidates
FOR2008,210202,Heritage and Cultural Conservation,FOR,450118,Conservation of Aboriginal and Torres Strait Islander heritage,field,False,lexical,0.25,lexical tiebreak among 5 p-flagged candidates
FOR2008,210202,Heritage and Cultural Conservation,FOR,451302,Conservation of Pacific Peoples heritage,field,False,lexical,0.324,lexical tiebreak among 5 p-flagged candidates
FOR2008,210202,Heritage and Cultural Conservation,FOR,430205,Heritage and cultural conservation,field,True,lexical,1.0,lexical tiebreak among 5 p-flagged candidates
FOR2008,210202,Heritage and Cultural Conservation,FOR,430203,Cultural heritage management (incl. world heritage),field,False,lexical,0.376,lexical tiebreak among 5 p-flagged candidates
FOR2008,210202,Heritage and Cultural Conservation,FOR,450701,Te whāomoomo i te tuku ihotanga Māori (conservation of Māori heritage),field,False,lexical,0.327,lexical tiebreak among 5 p-flagged candidates
FOR2008,210203,Materials Conservation,FOR,430209,Materials conservation,field,True,explicit_official,1.0,
FOR2008,210204,Museum Studies,FOR,430202,"Critical heritage, museum and archive studies",field,True,lexical,0.475,lexical tiebreak among 2 p-flagged candidates
FOR2008,210204,Museum Studies,FOR,430207,"Heritage tourism, visitor and audience studies",field,False,lexical,0.367,lexical tiebreak among 2 p-flagged candidates
FOR2008,210299,Curatorial and Related Studies not elsewhere classified,FOR,430204,Digital heritage,field,False,lexical,0.225,lexical tiebreak among 11 p-flagged candidates
FOR2008,210299,Curatorial and Related Studies not elsewhere classified,FOR,430206,Heritage collections and interpretations,field,False,lexical,0.295,lexical tiebreak among 11 p-flagged candidates
FOR2008,210299,Curatorial and Related Studies not elsewhere classified,FOR,450114,Aboriginal and Torres Strait Islander repatriation,field,False,lexical,0.495,lexical tiebreak among 11 p-flagged candidates
FOR2008,210299,Curatorial and Related Studies not elsewhere classified,FOR,430207,"Heritage tourism, visitor and audience studies",field,False,lexical,0.396,lexical tiebreak among 11 p-flagged candidates
FOR2008,210299,Curatorial and Related Studies not elsewhere classified,FOR,430299,"Heritage, archive and museum studies not elsewhere classified",field,True,lexical,0.724,lexical tiebreak among 11 p-flagged candidates
FOR2008,210299,Curatorial and Related Studies not elsewhere classified,FOR,451306,"Pacific Peoples curatorial, archives and museum studies",field,False,lexical,0.436,lexical tiebreak among 11 p-flagged candidates
FOR2008,210299,Curatorial and Related Studies not elsewhere classified,FOR,450719,Te whakahoki taonga a te Māori ki te kāinga (Māori repatriation),field,False,lexical,0.252,lexical tiebreak among 11 p-flagged candidates
FOR2008,210299,Curatorial and Related Studies not elsewhere classified,FOR,450708,"Ngā mātai kaitiaki, pūranga me ngā whare tongarewa o te Māori (Māori curatorial, archives and museum studies)",field,False,lexical,0.293,lexical tiebreak among 11 p-flagged candidates
FOR2008,210299,Curatorial and Related Studies not elsewhere classified,FOR,451316,Pacific Peoples repatriation,field,False,lexical,0.193,lexical tiebreak among 11 p-flagged candidates
FOR2008,210299,Curatorial and Related Studies not elsewhere classified,FOR,450105,"Aboriginal and Torres Strait Islander curatorial, archives and museum studies",field,False,lexical,0.364,lexical tiebreak among 11 p-flagged candidates
FOR2008,210299,Curatorial and Related Studies not elsewhere classified,FOR,430208,Intangible heritage,field,False,lexical,0.216,lexical tiebreak among 11 p-flagged candidates
FOR2008,2103,Historical Studies,FOR,4303,Historical studies,group,True,derived_empirical,0.786,"rolled up from 14 FOR2008 leaf-level mapping(s), 11 agreeing"
FOR2008,2103,Historical Studies,FOR,4513,"Pacific Peoples culture, language and history",group,False,derived_empirical,0.071,"rolled up from 14 FOR2008 leaf-level mapping(s), 1 agreeing"
FOR2008,2103,Historical Studies,FOR,4507,"Te ahurea, reo me te hītori o te Māori (Māori culture, language and history)",group,False,derived_empirical,0.071,"rolled up from 14 FOR2008 leaf-level mapping(s), 1 agreeing"
FOR2008,2103,Historical Studies,FOR,4501,"Aboriginal and Torres Strait Islander culture, language and history",group,False,derived_empirical,0.071,"rolled up from 14 FOR2008 leaf-level mapping(s), 1 agreeing"
FOR2008,210301,Aboriginal and Torres Strait Islander History,FOR,450103,Aboriginal and Torres Strait Islander cultural history,field,False,lexical,0.909,lexical tiebreak among 2 p-flagged candidates
FOR2008,210301,Aboriginal and Torres Strait Islander History,FOR,450107,Aboriginal and Torres Strait Islander history,field,True,lexical,1.0,lexical tiebreak among 2 p-flagged candidates
FOR2008,210302,Asian History,FOR,430301,Asian history,field,True,explicit_official,1.0,
FOR2008,210303,Australian History (excl. Aboriginal and Torres Strait Islander History),FOR,430302,Australian history,field,True,explicit_official,1.0,
FOR2008,210304,Biography,FOR,430303,Biography,field,True,explicit_official,1.0,
FOR2008,210305,British History,FOR,430304,British history,field,True,explicit_official,1.0,
FOR2008,210306,Classical Greek and Roman History,FOR,430305,Classical Greek and Roman history,field,True,explicit_official,1.0,
FOR2008,210307,"European History (excl. British, Classical Greek and Roman)",FOR,430308,"European history (excl. British, classical Greek and Roman)",field,True,explicit_official,1.0,
FOR2008,210308,Latin American History,FOR,430317,Latin and South American history,field,True,explicit_official,1.0,
FOR2008,210309,Māori History,FOR,450706,Te hītori ahurea Māori (Māori cultural history),field,False,lexical,0.433,lexical tiebreak among 2 p-flagged candidates
FOR2008,210309,Māori History,FOR,450710,Te hītori Māori (Māori history),field,True,lexical,0.591,lexical tiebreak among 2 p-flagged candidates
FOR2008,210310,Middle Eastern and African History,FOR,430318,Middle Eastern and North African history,field,True,explicit_official,1.0,
FOR2008,210311,New Zealand History,FOR,430320,New Zealand history,field,True,explicit_official,1.0,
FOR2008,210312,North American History,FOR,430321,North American history,field,True,explicit_official,1.0,
FOR2008,210313,Pacific History (excl. New Zealand and Māori),FOR,430315,History of the pacific,field,False,lexical,0.328,lexical tiebreak among 3 p-flagged candidates
FOR2008,210313,Pacific History (excl. New Zealand and Māori),FOR,451308,Pacific Peoples history,field,True,lexical,0.441,lexical tiebreak among 3 p-flagged candidates
FOR2008,210313,Pacific History (excl. New Zealand and Māori),FOR,451304,Pacific Peoples cultural history,field,False,lexical,0.39,lexical tiebreak among 3 p-flagged candidates
FOR2008,210399,Historical Studies not elsewhere classified,FOR,430323,Transnational history,field,False,lexical,0.188,lexical tiebreak among 14 p-flagged candidates
FOR2008,210399,Historical Studies not elsewhere classified,FOR,430312,Histories of race,field,False,lexical,0.433,lexical tiebreak among 14 p-flagged candidates
FOR2008,210399,Historical Studies not elsewhere classified,FOR,430399,Historical studies not elsewhere classified,field,True,lexical,1.0,lexical tiebreak among 14 p-flagged candidates
FOR2008,210399,Historical Studies not elsewhere classified,FOR,430313,"History of empires, imperialism and colonialism",field,False,lexical,0.356,lexical tiebreak among 14 p-flagged candidates
FOR2008,210399,Historical Studies not elsewhere classified,FOR,430314,History of religion,field,False,lexical,0.387,lexical tiebreak among 14 p-flagged candidates
FOR2008,210399,Historical Studies not elsewhere classified,FOR,430309,Gender history,field,False,lexical,0.211,lexical tiebreak among 14 p-flagged candidates
FOR2008,210399,Historical Studies not elsewhere classified,FOR,470503,Book history,field,False,lexical,0.218,lexical tiebreak among 14 p-flagged candidates
FOR2008,210399,Historical Studies not elsewhere classified,FOR,430316,International history,field,False,lexical,0.188,lexical tiebreak among 14 p-flagged candidates
FOR2008,210399,Historical Studies not elsewhere classified,FOR,430306,Digital history,field,False,lexical,0.207,lexical tiebreak among 14 p-flagged candidates
FOR2008,210399,Historical Studies not elsewhere classified,FOR,430319,Migration history,field,False,lexical,0.2,lexical tiebreak among 14 p-flagged candidates
FOR2008,210399,Historical Studies not elsewhere classified,FOR,430307,Environmental history,field,False,lexical,0.188,lexical tiebreak among 14 p-flagged candidates
FOR2008,210399,Historical Studies not elsewhere classified,FOR,430322,Sub-Saharan African history,field,False,lexical,0.171,lexical tiebreak among 14 p-flagged candidates
FOR2008,210399,Historical Studies not elsewhere classified,FOR,430311,Historical studies of crime,field,False,lexical,0.686,lexical tiebreak among 14 p-flagged candidates
FOR2008,210399,Historical Studies not elsewhere classified,FOR,430310,Global and world history,field,False,lexical,0.179,lexical tiebreak among 14 p-flagged candidates
FOR2008,2199,Other History and Archaeology,FOR,4399,"Other history, heritage and archaeology",group,True,derived_empirical,1.0,"rolled up from 1 FOR2008 leaf-level mapping(s), 1 agreeing"
FOR2008,219999,History and Archaeology not elsewhere classified,FOR,439999,"Other history, heritage and archaeology not elsewhere classified",field,True,lexical,0.857,lexical tiebreak among 6 p-flagged candidates
FOR2008,219999,History and Archaeology not elsewhere classified,FOR,459999,Other Indigenous studies not elsewhere classified,field,False,lexical,0.639,lexical tiebreak among 6 p-flagged candidates
FOR2008,219999,History and Archaeology not elsewhere classified,FOR,451399,"Pacific Peoples culture, language and history not elsewhere classified",field,False,lexical,0.542,lexical tiebreak among 6 p-flagged candidates
FOR2008,219999,History and Archaeology not elsewhere classified,FOR,450199,"Aboriginal and Torres Strait Islander culture, language and history not elsewhere classified",field,False,lexical,0.457,lexical tiebreak among 6 p-flagged candidates
FOR2008,219999,History and Archaeology not elsewhere classified,FOR,450799,"Te ahurea, reo, me te hītori o te Māori kāore anō kia whakarōpūtia i wāhi kē (Māori culture, language and history not elsewhere classified)",field,False,lexical,0.342,lexical tiebreak among 6 p-flagged candidates
FOR2008,219999,History and Archaeology not elsewhere classified,FOR,451901,"Global Indigenous studies culture, language and history",field,False,lexical,0.136,lexical tiebreak among 6 p-flagged candidates
FOR2008,22,PHILOSOPHY AND RELIGIOUS STUDIES,FOR,39,EDUCATION,division,False,derived_empirical,0.021,"rolled up from 48 FOR2008 leaf-level mapping(s), 1 agreeing"
FOR2008,22,PHILOSOPHY AND RELIGIOUS STUDIES,FOR,44,HUMAN SOCIETY,division,False,derived_empirical,0.021,"rolled up from 48 FOR2008 leaf-level mapping(s), 1 agreeing"
FOR2008,22,PHILOSOPHY AND RELIGIOUS STUDIES,FOR,35,"COMMERCE, MANAGEMENT, TOURISM AND SERVICES",division,False,derived_empirical,0.021,"rolled up from 48 FOR2008 leaf-level mapping(s), 1 agreeing"
FOR2008,22,PHILOSOPHY AND RELIGIOUS STUDIES,FOR,50,PHILOSOPHY AND RELIGIOUS STUDIES,division,True,derived_empirical,0.938,"rolled up from 48 FOR2008 leaf-level mapping(s), 45 agreeing"
FOR2008,2201,Applied Ethics,FOR,5001,Applied ethics,group,True,derived_empirical,1.0,"rolled up from 8 FOR2008 leaf-level mapping(s), 8 agreeing"
FOR2008,220101,Bioethics (human and animal),FOR,500101,Bioethics,field,True,explicit_official,1.0,
FOR2008,220102,Business Ethics,FOR,500102,Business ethics,field,True,explicit_official,1.0,
FOR2008,220103,"Ethical Use of New Technology (e.g. Nanotechnology, Biotechnology)",FOR,500103,Ethical use of new technology,field,True,explicit_official,1.0,
FOR2008,220104,Human Rights and Justice Issues,FOR,500104,Human rights and justice issues (excl. law),field,True,explicit_official,1.0,
FOR2008,220105,Legal Ethics,FOR,500105,Legal ethics,field,True,explicit_official,1.0,
FOR2008,220106,Medical Ethics,FOR,500106,Medical ethics,field,True,explicit_official,1.0,
FOR2008,220107,Professional Ethics (incl. police and research ethics),FOR,500107,Professional ethics,field,True,explicit_official,1.0,
FOR2008,220199,Applied Ethics not elsewhere classified,FOR,450709,Ngā matatika o te Māori (Māori ethics),field,False,lexical,0.26,lexical tiebreak among 4 p-flagged candidates
FOR2008,220199,Applied Ethics not elsewhere classified,FOR,450106,Aboriginal and Torres Strait Islander ethics,field,False,lexical,0.265,lexical tiebreak among 4 p-flagged candidates
FOR2008,220199,Applied Ethics not elsewhere classified,FOR,451307,Pacific Peoples ethics,field,False,lexical,0.393,lexical tiebreak among 4 p-flagged candidates
FOR2008,220199,Applied Ethics not elsewhere classified,FOR,500199,Applied ethics not elsewhere classified,field,True,lexical,1.0,lexical tiebreak among 4 p-flagged candidates
FOR2008,2202,History and Philosophy of Specific Fields,FOR,5002,History and philosophy of specific fields,group,True,derived_empirical,0.818,"rolled up from 11 FOR2008 leaf-level mapping(s), 9 agreeing"
FOR2008,2202,History and Philosophy of Specific Fields,FOR,3902,"Education policy, sociology and philosophy",group,False,derived_empirical,0.091,"rolled up from 11 FOR2008 leaf-level mapping(s), 1 agreeing"
FOR2008,2202,History and Philosophy of Specific Fields,FOR,3505,Human resources and industrial relations,group,False,derived_empirical,0.091,"rolled up from 11 FOR2008 leaf-level mapping(s), 1 agreeing"
FOR2008,220201,Business and Labour History,FOR,350501,Business and labour history,field,True,explicit_official,1.0,
FOR2008,220202,History and Philosophy of Education,FOR,390202,History and philosophy of education,field,True,explicit_official,1.0,
FOR2008,220203,History and Philosophy of Engineering and Technology,FOR,500201,History and philosophy of engineering and technology,field,True,explicit_official,1.0,
FOR2008,220204,History and Philosophy of Law and Justice,FOR,500202,History and philosophy of law and justice,field,True,explicit_official,1.0,
FOR2008,220205,History and Philosophy of Medicine,FOR,500203,History and philosophy of medicine,field,True,explicit_official,1.0,
FOR2008,220206,History and Philosophy of Science (incl. Non-historical Philosophy of Science),FOR,500317,Philosophy of science (excl. history and philosophy of specific fields),field,False,lexical,0.483,lexical tiebreak among 2 p-flagged candidates
FOR2008,220206,History and Philosophy of Science (incl. Non-historical Philosophy of Science),FOR,500204,History and philosophy of science,field,True,lexical,0.595,lexical tiebreak among 2 p-flagged candidates
FOR2008,220207,History and Philosophy of the Humanities,FOR,500205,History and philosophy of the humanities,field,True,explicit_official,1.0,
FOR2008,220208,History and Philosophy of the Social Sciences,FOR,500206,History and philosophy of the social sciences,field,True,explicit_official,1.0,
FOR2008,220209,History of Ideas,FOR,500207,History of ideas,field,True,explicit_official,1.0,
FOR2008,220210,History of Philosophy,FOR,500208,History of philosophy,field,True,explicit_official,1.0,
FOR2008,220299,History and Philosophy of Specific Fields not elsewhere classified,FOR,500299,History and philosophy of specific fields not elsewhere classified,field,True,explicit_official,1.0,
FOR2008,2203,Philosophy,FOR,5003,Philosophy,group,True,derived_empirical,0.95,"rolled up from 20 FOR2008 leaf-level mapping(s), 19 agreeing"
FOR2008,2203,Philosophy,FOR,4405,Gender studies,group,False,derived_empirical,0.05,"rolled up from 20 FOR2008 leaf-level mapping(s), 1 agreeing"
FOR2008,220301,Aesthetics,FOR,500301,Aesthetics,field,True,explicit_official,1.0,
FOR2008,220302,Decision Theory,FOR,500303,Decision theory,field,True,explicit_official,1.0,
FOR2008,220303,Environmental Philosophy,FOR,500304,Environmental philosophy,field,True,explicit_official,1.0,
FOR2008,220304,Epistemology,FOR,500305,Epistemology,field,True,explicit_official,1.0,
FOR2008,220305,Ethical Theory,FOR,500306,Ethical theory,field,True,explicit_official,1.0,
FOR2008,220306,Feminist Theory,FOR,440503,Feminist theory,field,True,explicit_official,1.0,partial (p-flagged) single correspondence
FOR2008,220307,Hermeneutic and Critical Theory,FOR,500302,Critical theory,field,True,lexical,0.652,lexical tiebreak among 2 p-flagged candidates
FOR2008,220307,Hermeneutic and Critical Theory,FOR,500307,Hermeneutics,field,False,lexical,0.512,lexical tiebreak among 2 p-flagged candidates
FOR2008,220308,Logic,FOR,500308,Logic,field,True,explicit_official,1.0,
FOR2008,220309,Metaphysics,FOR,500309,Metaphysics,field,True,explicit_official,1.0,
FOR2008,220310,Phenomenology,FOR,500310,Phenomenology,field,True,explicit_official,1.0,
FOR2008,220311,Philosophical Psychology (incl. Moral Psychology and Philosophy of Action),FOR,500311,Philosophical psychology (incl. moral psychology and philosophy of action),field,True,explicit_official,1.0,
FOR2008,220312,Philosophy of Cognition,FOR,500312,Philosophy of cognition,field,True,explicit_official,1.0,
FOR2008,220313,Philosophy of Language,FOR,500314,Philosophy of language,field,True,explicit_official,1.0,
FOR2008,220314,Philosophy of Mind (excl. Cognition),FOR,500315,Philosophy of mind (excl. cognition),field,True,explicit_official,1.0,
FOR2008,220315,Philosophy of Religion,FOR,500316,Philosophy of religion,field,True,explicit_official,1.0,
FOR2008,220316,Philosophy of Specific Cultures (incl. Comparative Philosophy),FOR,500318,Philosophy of specific cultures (incl. comparative philosophy),field,True,explicit_official,1.0,
FOR2008,220317,Poststructuralism,FOR,500319,Poststructuralism,field,True,explicit_official,1.0,
FOR2008,220318,Psychoanalytic Philosophy,FOR,500320,Psychoanalytic philosophy,field,True,explicit_official,1.0,
FOR2008,220319,Social Philosophy,FOR,500321,Social and political philosophy,field,True,lexical,0.708,lexical tiebreak among 2 p-flagged candidates
FOR2008,220319,Social Philosophy,FOR,500313,Philosophy of gender,field,False,lexical,0.541,lexical tiebreak among 2 p-flagged candidates
FOR2008,220399,Philosophy not elsewhere classified,FOR,500317,Philosophy of science (excl. history and philosophy of specific fields),field,False,lexical,0.453,lexical tiebreak among 6 p-flagged candidates
FOR2008,220399,Philosophy not elsewhere classified,FOR,450716,Te rapunga whakaaro o te Māori (Māori philosophy),field,False,lexical,0.238,lexical tiebreak among 6 p-flagged candidates
FOR2008,220399,Philosophy not elsewhere classified,FOR,450112,Aboriginal and Torres Strait Islander philosophy,field,False,lexical,0.241,lexical tiebreak among 6 p-flagged candidates
FOR2008,220399,Philosophy not elsewhere classified,FOR,451314,Pacific Peoples philosophy,field,False,lexical,0.328,lexical tiebreak among 6 p-flagged candidates
FOR2008,220399,Philosophy not elsewhere classified,FOR,500313,Philosophy of gender,field,False,lexical,0.509,lexical tiebreak among 6 p-flagged candidates
FOR2008,220399,Philosophy not elsewhere classified,FOR,500399,Philosophy not elsewhere classified,field,True,lexical,1.0,lexical tiebreak among 6 p-flagged candidates
FOR2008,2204,Religion and Religious Studies,FOR,5004,Religious studies,group,True,derived_empirical,1.0,"rolled up from 8 FOR2008 leaf-level mapping(s), 8 agreeing"
FOR2008,220401,Christian Studies (incl. Biblical Studies and Church History),FOR,500401,Christian studies,field,True,explicit_official,1.0,
FOR2008,220402,Comparative Religious Studies,FOR,500402,Comparative religious studies,field,True,explicit_official,1.0,
FOR2008,220403,Islamic Studies,FOR,500403,Islamic studies,field,True,explicit_official,1.0,
FOR2008,220404,Jewish Studies,FOR,500404,Jewish studies,field,True,explicit_official,1.0,
FOR2008,220405,Religion and Society,FOR,500405,"Religion, society and culture",field,True,explicit_official,1.0,
FOR2008,220406,Studies in Eastern Religious Traditions,FOR,500406,Studies in eastern religious traditions,field,True,explicit_official,1.0,
FOR2008,220407,"Studies in Religious Traditions (excl. Eastern, Jewish, Christian and Islamic Traditions)",FOR,500407,"Studies in religious traditions (excl. Eastern, Jewish, Christian and Islamic traditions)",field,True,explicit_official,1.0,
FOR2008,220499,Religion and Religious Studies not elsewhere classified,FOR,451315,Pacific Peoples religion and religious studies,field,False,lexical,0.594,lexical tiebreak among 7 p-flagged candidates
FOR2008,220499,Religion and Religious Studies not elsewhere classified,FOR,500501,Theology,field,False,lexical,0.127,lexical tiebreak among 7 p-flagged candidates
FOR2008,220499,Religion and Religious Studies not elsewhere classified,FOR,500599,Theology not elsewhere classified,field,False,lexical,0.636,lexical tiebreak among 7 p-flagged candidates
FOR2008,220499,Religion and Religious Studies not elsewhere classified,FOR,500499,Religious studies not elsewhere classified,field,True,lexical,0.866,lexical tiebreak among 7 p-flagged candidates
FOR2008,220499,Religion and Religious Studies not elsewhere classified,FOR,450113,Aboriginal and Torres Strait Islander religion and religious studies,field,False,lexical,0.488,lexical tiebreak among 7 p-flagged candidates
FOR2008,220499,Religion and Religious Studies not elsewhere classified,FOR,450718,Te whakapono me te mātai whakapono o te Māori (Māori religion and religious studies),field,False,lexical,0.432,lexical tiebreak among 7 p-flagged candidates
FOR2008,220499,Religion and Religious Studies not elsewhere classified,FOR,430314,History of religion,field,False,lexical,0.216,lexical tiebreak among 7 p-flagged candidates
FOR2008,2299,Other Philosophy and Religious Studies,FOR,5099,Other philosophy and religious studies,group,True,derived_empirical,1.0,"rolled up from 1 FOR2008 leaf-level mapping(s), 1 agreeing"
FOR2008,229999,Philosophy and Religious Studies not elsewhere classified,FOR,509999,Other philosophy and religious studies not elsewhere classified,field,True,lexical,0.95,lexical tiebreak among 4 p-flagged candidates
FOR2008,229999,Philosophy and Religious Studies not elsewhere classified,FOR,450199,"Aboriginal and Torres Strait Islander culture, language and history not elsewhere classified",field,False,lexical,0.564,lexical tiebreak among 4 p-flagged candidates
FOR2008,229999,Philosophy and Religious Studies not elsewhere classified,FOR,451399,"Pacific Peoples culture, language and history not elsewhere classified",field,False,lexical,0.583,lexical tiebreak among 4 p-flagged candidates
FOR2008,229999,Philosophy and Religious Studies not elsewhere classified,FOR,450799,"Te ahurea, reo, me te hītori o te Māori kāore anō kia whakarōpūtia i wāhi kē (Māori culture, language and history not elsewhere classified)",field,False,lexical,0.378,lexical tiebreak among 4 p-flagged candidates
