source_system,source_code,source_label,system,canonical_code,canonical_label,canonical_level,is_primary,match_method,confidence,notes
SEO1998,61,DEFENCE,SEO,14,DEFENCE,division,True,derived_empirical,1.0,"rolled up from 5 SEO1998 leaf-level mapping(s), 5 agreeing"
SEO1998,6101,DEFENCE,SEO,1401,Defence,group,True,derived_empirical,1.0,"rolled up from 5 SEO1998 leaf-level mapping(s), 5 agreeing"
SEO1998,610101,Navy,SEO,140110,Personnel,objective,False,explicit_official_transitive,0.154,SEO1998->810109 (2008)->140110 (2020)
SEO1998,610101,Navy,SEO,140107,Logistics,objective,False,explicit_official_transitive,0.0,SEO1998->810106 (2008)->140107 (2020)
SEO1998,610101,Navy,SEO,140105,"Intelligence, surveillance and space",objective,False,explicit_official_transitive,0.125,SEO1998->810105 (2008)->140105 (2020)
SEO1998,610101,Navy,SEO,140102,"Command, control and communications",objective,False,explicit_official_transitive,0.103,SEO1998->810103 (2008)->140102 (2020)
SEO1998,610101,Navy,SEO,140108,Maritime,objective,True,explicit_official_transitive,0.9,SEO1998->810108 (2008)->140108 (2020)
SEO1998,610102,Army,SEO,140106,Land,objective,True,explicit_official_transitive,0.9,SEO1998->810102 (2008)->140106 (2020)
SEO1998,610102,Army,SEO,140102,"Command, control and communications",objective,False,explicit_official_transitive,0.154,SEO1998->810103 (2008)->140102 (2020)
SEO1998,610102,Army,SEO,140110,Personnel,objective,False,explicit_official_transitive,0.154,SEO1998->810109 (2008)->140110 (2020)
SEO1998,610102,Army,SEO,140105,"Intelligence, surveillance and space",objective,False,explicit_official_transitive,0.0,SEO1998->810105 (2008)->140105 (2020)
SEO1998,610102,Army,SEO,140107,Logistics,objective,False,explicit_official_transitive,0.0,SEO1998->810106 (2008)->140107 (2020)
SEO1998,610103,Air Force,SEO,140102,"Command, control and communications",objective,False,explicit_official_transitive,0.136,SEO1998->810103 (2008)->140102 (2020)
SEO1998,610103,Air Force,SEO,140107,Logistics,objective,False,explicit_official_transitive,0.222,SEO1998->810106 (2008)->140107 (2020)
SEO1998,610103,Air Force,SEO,140110,Personnel,objective,False,explicit_official_transitive,0.333,SEO1998->810109 (2008)->140110 (2020)
SEO1998,610103,Air Force,SEO,140101,Air,objective,True,explicit_official_transitive,0.9,SEO1998->810101 (2008)->140101 (2020)
SEO1998,610103,Air Force,SEO,140105,"Intelligence, surveillance and space",objective,False,explicit_official_transitive,0.286,SEO1998->810105 (2008)->140105 (2020)
SEO1998,610104,Combined Operations,SEO,140110,Personnel,objective,False,explicit_official_transitive,0.357,SEO1998->810109 (2008)->140110 (2020)
SEO1998,610104,Combined Operations,SEO,140102,"Command, control and communications",objective,True,explicit_official_transitive,0.481,SEO1998->810103 (2008)->140102 (2020)
SEO1998,610104,Combined Operations,SEO,140107,Logistics,objective,False,explicit_official_transitive,0.357,SEO1998->810106 (2008)->140107 (2020)
SEO1998,610104,Combined Operations,SEO,140104,Emerging defence technologies,objective,False,explicit_official_transitive,0.333,SEO1998->810104 (2008)->140104 (2020)
SEO1998,610104,Combined Operations,SEO,140105,"Intelligence, surveillance and space",objective,False,explicit_official_transitive,0.323,SEO1998->810105 (2008)->140105 (2020)
SEO1998,610104,Combined Operations,SEO,140109,National security,objective,False,explicit_official_transitive,0.389,SEO1998->810107 (2008)->140109 (2020)
SEO1998,610199,Other,SEO,140102,"Command, control and communications",objective,False,explicit_official_transitive,0.15,SEO1998->810103 (2008)->140102 (2020)
SEO1998,610199,Other,SEO,140104,Emerging defence technologies,objective,False,explicit_official_transitive,0.118,SEO1998->810104 (2008)->140104 (2020)
SEO1998,610199,Other,SEO,140109,National security,objective,False,explicit_official_transitive,0.182,SEO1998->810107 (2008)->140109 (2020)
SEO1998,610199,Other,SEO,140110,Personnel,objective,False,explicit_official_transitive,0.286,SEO1998->810109 (2008)->140110 (2020)
SEO1998,610199,Other,SEO,140199,Defence not elsewhere classified,objective,False,explicit_official_transitive,0.27,SEO1998->810199 (2008)->140199 (2020)
SEO1998,610199,Other,SEO,140107,Logistics,objective,True,explicit_official_transitive,0.286,SEO1998->810106 (2008)->140107 (2020)
SEO1998,610199,Other,SEO,140105,"Intelligence, surveillance and space",objective,False,explicit_official_transitive,0.235,SEO1998->810105 (2008)->140105 (2020)
SEO1998,62,PLANT PRODUCTION AND PLANT PRIMARY PRODUCTS,SEO,18,ENVIRONMENTAL MANAGEMENT,division,False,derived_empirical,0.088,"rolled up from 34 SEO1998 leaf-level mapping(s), 3 agreeing"
SEO1998,62,PLANT PRODUCTION AND PLANT PRIMARY PRODUCTS,SEO,26,PLANT PRODUCTION AND PLANT PRIMARY PRODUCTS,division,True,derived_empirical,0.912,"rolled up from 34 SEO1998 leaf-level mapping(s), 31 agreeing"
SEO1998,6201,FIELD CROPS,SEO,2606,Industrial crops,group,False,derived_empirical,0.333,"rolled up from 9 SEO1998 leaf-level mapping(s), 3 agreeing"
SEO1998,6201,FIELD CROPS,SEO,2603,Grains and seeds,group,True,derived_empirical,0.667,"rolled up from 9 SEO1998 leaf-level mapping(s), 6 agreeing"
SEO1998,620101,Wheat,SEO,260312,Wheat,objective,True,explicit_official_transitive,0.9,SEO1998->820507 (2008)->260312 (2020)
SEO1998,620102,Barley,SEO,260301,Barley,objective,True,explicit_official_transitive,0.9,SEO1998->820501 (2008)->260301 (2020)
SEO1998,620103,Rice,SEO,260308,Rice,objective,True,explicit_official_transitive,0.9,SEO1998->820402 (2008)->260308 (2020)
SEO1998,620104,Other Cereals,SEO,260307,Oats,objective,True,explicit_official_transitive,0.353,SEO1998->820506 (2008)->260307 (2020)
SEO1998,620104,Other Cereals,SEO,260310,Sorghum,objective,False,explicit_official_transitive,0.2,SEO1998->820404 (2008)->260310 (2020)
SEO1998,620104,Other Cereals,SEO,260306,Maize,objective,False,explicit_official_transitive,0.111,SEO1998->820401 (2008)->260306 (2020)
SEO1998,620105,Oilseeds,SEO,260304,Linseed,objective,True,explicit_official_transitive,0.667,SEO1998->820504 (2008)->260304 (2020)
SEO1998,620105,Oilseeds,SEO,260302,Canola,objective,False,explicit_official_transitive,0.286,SEO1998->820502 (2008)->260302 (2020)
SEO1998,620105,Oilseeds,SEO,260309,Safflower seed,objective,False,explicit_official_transitive,0.455,SEO1998->820403 (2008)->260309 (2020)
SEO1998,620105,Oilseeds,SEO,260311,Soybeans,objective,False,explicit_official_transitive,0.25,SEO1998->820405 (2008)->260311 (2020)
SEO1998,620106,Sugar,SEO,260607,Sugar,objective,True,explicit_official_transitive,0.9,SEO1998->820304 (2008)->260607 (2020)
SEO1998,620107,Cotton,SEO,260602,Cotton,objective,True,explicit_official_transitive,0.9,SEO1998->820301 (2008)->260602 (2020)
SEO1998,620108,Grain Legumes,SEO,260303,Grain legumes,objective,True,explicit_official_transitive,0.9,SEO1998->820503 (2008)->260303 (2020)
SEO1998,620199,Field Crops not elsewhere classified,SEO,260399,Grains and seeds not elsewhere classified,objective,False,explicit_official_transitive,0.713,SEO1998->820599 (2008)->260399 (2020)
SEO1998,620199,Field Crops not elsewhere classified,SEO,260699,Industrial crops not elsewhere classified,objective,False,explicit_official_transitive,0.093,SEO1998->820305 (2008)->260699 (2020)
SEO1998,620199,Field Crops not elsewhere classified,SEO,260305,Lupins,objective,False,explicit_official_transitive,0.095,SEO1998->820505 (2008)->260305 (2020)
SEO1998,620199,Field Crops not elsewhere classified,SEO,269999,Other plant production and plant primary products not elsewhere classified,objective,False,explicit_official_transitive,0.596,SEO1998->829999 (2008)->269999 (2020)
SEO1998,620199,Field Crops not elsewhere classified,SEO,269903,Plant product traceability and quality assurance (excl. forest products),objective,False,explicit_official_transitive,0.204,SEO1998->829902 (2008)->269903 (2020)
SEO1998,620199,Field Crops not elsewhere classified,SEO,260606,Plant extract crops,objective,False,explicit_official_transitive,0.325,SEO1998->820303 (2008)->260606 (2020)
SEO1998,620199,Field Crops not elsewhere classified,SEO,260699,Industrial crops not elsewhere classified,objective,True,explicit_official_transitive,0.857,SEO1998->820399 (2008)->260699 (2020)
SEO1998,620199,Field Crops not elsewhere classified,SEO,260603,Essential oil crops,objective,False,explicit_official_transitive,0.333,SEO1998->820302 (2008)->260603 (2020)
SEO1998,620199,Field Crops not elsewhere classified,SEO,260399,Grains and seeds not elsewhere classified,objective,False,explicit_official_transitive,0.69,SEO1998->820499 (2008)->260399 (2020)
SEO1998,6202,HORTICULTURAL CROPS,SEO,2606,Industrial crops,group,False,derived_empirical,0.1,"rolled up from 10 SEO1998 leaf-level mapping(s), 1 agreeing"
SEO1998,6202,HORTICULTURAL CROPS,SEO,2605,Horticultural crops,group,True,derived_empirical,0.9,"rolled up from 10 SEO1998 leaf-level mapping(s), 9 agreeing"
SEO1998,620201,Stone Fruit,SEO,260513,Stone fruit (excl. avocado),objective,True,explicit_official_transitive,0.9,SEO1998->820211 (2008)->260513 (2020)
SEO1998,620202,Pome Fruit,SEO,260511,"Pome fruit, pip fruit",objective,True,explicit_official_transitive,0.9,SEO1998->820210 (2008)->260511 (2020)
SEO1998,620203,Citrus,SEO,260504,Citrus fruit,objective,True,explicit_official_transitive,0.9,SEO1998->820203 (2008)->260504 (2020)
SEO1998,620204,Grapes,SEO,260608,Wine grapes,objective,True,explicit_official_transitive,0.706,SEO1998->820306 (2008)->260608 (2020)
SEO1998,620204,Grapes,SEO,260514,Table grapes,objective,False,explicit_official_transitive,0.667,SEO1998->820212 (2008)->260514 (2020)
SEO1998,620205,Tropical Fruit,SEO,260516,Tropical fruit,objective,True,explicit_official_transitive,0.9,SEO1998->820214 (2008)->260516 (2020)
SEO1998,620206,Berry Fruit,SEO,260503,Berry fruit (excl. kiwifruit),objective,True,explicit_official_transitive,0.55,SEO1998->820202 (2008)->260503 (2020)
SEO1998,620206,Berry Fruit,SEO,260506,Kiwifruit,objective,False,explicit_official_transitive,0.5,SEO1998->820205 (2008)->260506 (2020)
SEO1998,620207,Tree Nuts,SEO,260515,Tree nuts (excl. almonds and macadamias),objective,True,explicit_official_transitive,0.367,SEO1998->820213 (2008)->260515 (2020)
SEO1998,620207,Tree Nuts,SEO,260501,Almonds,objective,False,explicit_official_transitive,0.25,SEO1998->820201 (2008)->260501 (2020)
SEO1998,620207,Tree Nuts,SEO,260507,Macadamias,objective,False,explicit_official_transitive,0.105,SEO1998->820206 (2008)->260507 (2020)
SEO1998,620208,Vegetables,SEO,260512,Protected vegetable crops,objective,True,explicit_official_transitive,0.9,SEO1998->820215 (2008)->260512 (2020)
SEO1998,620209,"Ornamentals, Australian Natives and Nursery Plants",SEO,260510,"Ornamentals, natives, flowers and nursery plants",objective,True,explicit_official_transitive,0.796,SEO1998->820209 (2008)->260510 (2020)
SEO1998,620299,Horticultural Crops not elsewhere classified,SEO,260599,Horticultural crops not elsewhere classified,objective,True,explicit_official_transitive,0.9,SEO1998->820299 (2008)->260599 (2020)
SEO1998,620299,Horticultural Crops not elsewhere classified,SEO,260508,Mushrooms and truffles,objective,False,explicit_official_transitive,0.273,SEO1998->820207 (2008)->260508 (2020)
SEO1998,620299,Horticultural Crops not elsewhere classified,SEO,260509,Olives,objective,False,explicit_official_transitive,0.12,SEO1998->820208 (2008)->260509 (2020)
SEO1998,620299,Horticultural Crops not elsewhere classified,SEO,260605,Hops,objective,False,explicit_official_transitive,0.167,SEO1998->820204 (2008)->260605 (2020)
SEO1998,620299,Horticultural Crops not elsewhere classified,SEO,269903,Plant product traceability and quality assurance (excl. forest products),objective,False,explicit_official_transitive,0.224,SEO1998->829902 (2008)->269903 (2020)
SEO1998,620299,Horticultural Crops not elsewhere classified,SEO,260510,"Ornamentals, natives, flowers and nursery plants",objective,False,explicit_official_transitive,0.304,SEO1998->820209 (2008)->260510 (2020)
SEO1998,620299,Horticultural Crops not elsewhere classified,SEO,269999,Other plant production and plant primary products not elsewhere classified,objective,False,explicit_official_transitive,0.643,SEO1998->829999 (2008)->269999 (2020)
SEO1998,6203,FORESTRY,SEO,2602,Forestry,group,True,derived_empirical,1.0,"rolled up from 6 SEO1998 leaf-level mapping(s), 6 agreeing"
SEO1998,620301,Native Forests,SEO,260204,Native forests,objective,True,explicit_official_transitive,0.9,SEO1998->820104 (2008)->260204 (2020)
SEO1998,620302,Softwood Plantations,SEO,260205,Softwood plantations,objective,True,explicit_official_transitive,0.9,SEO1998->820105 (2008)->260205 (2020)
SEO1998,620303,Hardwood Plantations,SEO,260201,Hardwood plantations,objective,True,explicit_official_transitive,0.9,SEO1998->820101 (2008)->260201 (2020)
SEO1998,620304,Harvesting and Transport of Forest Products,SEO,260202,Harvesting and transport of forest products,objective,True,explicit_official_transitive,0.9,SEO1998->820102 (2008)->260202 (2020)
SEO1998,620305,Integration of Farm and Forestry,SEO,260203,Integration of farm and forestry,objective,True,explicit_official_transitive,0.9,SEO1998->820103 (2008)->260203 (2020)
SEO1998,620399,Forestry not elsewhere classified,SEO,269902,Forest product traceability and quality assurance,objective,False,explicit_official_transitive,0.39,SEO1998->829901 (2008)->269902 (2020)
SEO1998,620399,Forestry not elsewhere classified,SEO,269999,Other plant production and plant primary products not elsewhere classified,objective,False,explicit_official_transitive,0.574,SEO1998->829999 (2008)->269999 (2020)
SEO1998,620399,Forestry not elsewhere classified,SEO,260299,Forestry not elsewhere classified,objective,True,explicit_official_transitive,0.9,SEO1998->820199 (2008)->260299 (2020)
SEO1998,6204,PRIMARY PRODUCTS FROM PLANTS,SEO,2604,Harvesting and packaging of plant products,group,True,derived_empirical,1.0,"rolled up from 5 SEO1998 leaf-level mapping(s), 5 agreeing"
SEO1998,620401,Fresh Fruit and Vegetables (Post Harvest),SEO,260402,Fresh fruits and vegetables (post harvest),objective,True,explicit_official_transitive,0.9,SEO1998->820602 (2008)->260402 (2020)
SEO1998,620402,Unprocessed Cereals,SEO,260404,Unprocessed grains,objective,True,explicit_official_transitive,0.811,SEO1998->820605 (2008)->260404 (2020)
SEO1998,620402,Unprocessed Cereals,SEO,260406,Unprocessed seeds,objective,False,explicit_official_transitive,0.718,SEO1998->820607 (2008)->260406 (2020)
SEO1998,620403,Tobacco Leaf,SEO,260499,Harvesting and packaging of plant products not elsewhere classified,objective,True,explicit_official_transitive,0.9,SEO1998->820604 (2008)->260499 (2020)
SEO1998,620404,Cotton Lint and Cotton Seed,SEO,260401,Cotton lint and cotton seed,objective,True,explicit_official_transitive,0.9,SEO1998->820601 (2008)->260401 (2020)
SEO1998,620499,Primary Plant Products not elsewhere classified,SEO,260403,Sugar cane (cut for crushing),objective,False,explicit_official_transitive,0.316,SEO1998->820603 (2008)->260403 (2020)
SEO1998,620499,Primary Plant Products not elsewhere classified,SEO,269999,Other plant production and plant primary products not elsewhere classified,objective,False,explicit_official_transitive,0.713,SEO1998->829999 (2008)->269999 (2020)
SEO1998,620499,Primary Plant Products not elsewhere classified,SEO,260405,Unprocessed industrial crops (excl. sugar and cotton),objective,False,explicit_official_transitive,0.22,SEO1998->820606 (2008)->260405 (2020)
SEO1998,620499,Primary Plant Products not elsewhere classified,SEO,260499,Harvesting and packaging of plant products not elsewhere classified,objective,True,explicit_official_transitive,0.75,SEO1998->820699 (2008)->260499 (2020)
SEO1998,620499,Primary Plant Products not elsewhere classified,SEO,269903,Plant product traceability and quality assurance (excl. forest products),objective,False,explicit_official_transitive,0.387,SEO1998->829902 (2008)->269903 (2020)
SEO1998,620499,Primary Plant Products not elsewhere classified,SEO,269902,Forest product traceability and quality assurance,objective,False,explicit_official_transitive,0.375,SEO1998->829901 (2008)->269902 (2020)
SEO1998,6205,SUSTAINABLE PLANT PRODUCTION SYSTEMS,SEO,2601,Environmentally sustainable plant production,group,False,derived_empirical,0.25,"rolled up from 4 SEO1998 leaf-level mapping(s), 1 agreeing"
SEO1998,6205,SUSTAINABLE PLANT PRODUCTION SYSTEMS,SEO,1806,Terrestrial systems and management,group,True,derived_empirical,0.75,"rolled up from 4 SEO1998 leaf-level mapping(s), 3 agreeing"
SEO1998,620501,Field Crops,SEO,260104,Management of water consumption by plant production,objective,False,explicit_official_transitive,0.194,SEO1998->829805 (2008)->260104 (2020)
SEO1998,620501,Field Crops,SEO,260102,Management of liquid waste from plant production (excl. water),objective,False,explicit_official_transitive,0.192,SEO1998->829803 (2008)->260102 (2020)
SEO1998,620501,Field Crops,SEO,180605,Soils,objective,True,explicit_official_transitive,0.246,SEO1998->961402 (2008)->180605 (2020)
SEO1998,620501,Field Crops,SEO,260103,Management of solid waste from plant production,objective,False,explicit_official_transitive,0.241,SEO1998->829804 (2008)->260103 (2020)
SEO1998,620501,Field Crops,SEO,180602,"Control of pests, diseases and exotic species in terrestrial environments",objective,False,explicit_official_transitive,0.173,SEO1998->960413 (2008)->180602 (2020)
SEO1998,620501,Field Crops,SEO,180602,"Control of pests, diseases and exotic species in terrestrial environments",objective,False,explicit_official_transitive,0.172,SEO1998->960403 (2008)->180602 (2020)
SEO1998,620501,Field Crops,SEO,190310,Management of greenhouse gas emissions from plant production,objective,False,explicit_official_transitive,0.169,SEO1998->829802 (2008)->190310 (2020)
SEO1998,620501,Field Crops,SEO,260101,Management of gaseous waste from plant production (excl. greenhouse gases),objective,False,explicit_official_transitive,0.165,SEO1998->829801 (2008)->260101 (2020)
SEO1998,620501,Field Crops,SEO,260199,Environmentally sustainable plant production not elsewhere classified,objective,False,explicit_official_transitive,0.1,SEO1998->829899 (2008)->260199 (2020)
SEO1998,620502,Horticultural Crops,SEO,260101,Management of gaseous waste from plant production (excl. greenhouse gases),objective,False,explicit_official_transitive,0.108,SEO1998->829801 (2008)->260101 (2020)
SEO1998,620502,Horticultural Crops,SEO,260103,Management of solid waste from plant production,objective,False,explicit_official_transitive,0.152,SEO1998->829804 (2008)->260103 (2020)
SEO1998,620502,Horticultural Crops,SEO,190310,Management of greenhouse gas emissions from plant production,objective,False,explicit_official_transitive,0.152,SEO1998->829802 (2008)->190310 (2020)
SEO1998,620502,Horticultural Crops,SEO,260102,Management of liquid waste from plant production (excl. water),objective,False,explicit_official_transitive,0.198,SEO1998->829803 (2008)->260102 (2020)
SEO1998,620502,Horticultural Crops,SEO,180605,Soils,objective,True,explicit_official_transitive,0.301,SEO1998->961402 (2008)->180605 (2020)
SEO1998,620502,Horticultural Crops,SEO,180602,"Control of pests, diseases and exotic species in terrestrial environments",objective,False,explicit_official_transitive,0.221,SEO1998->960403 (2008)->180602 (2020)
SEO1998,620502,Horticultural Crops,SEO,180602,"Control of pests, diseases and exotic species in terrestrial environments",objective,False,explicit_official_transitive,0.222,SEO1998->960413 (2008)->180602 (2020)
SEO1998,620502,Horticultural Crops,SEO,260104,Management of water consumption by plant production,objective,False,explicit_official_transitive,0.257,SEO1998->829805 (2008)->260104 (2020)
SEO1998,620502,Horticultural Crops,SEO,260199,Environmentally sustainable plant production not elsewhere classified,objective,False,explicit_official_transitive,0.205,SEO1998->829899 (2008)->260199 (2020)
SEO1998,620503,Forestry,SEO,180605,Soils,objective,True,explicit_official_transitive,0.353,SEO1998->961403 (2008)->180605 (2020)
SEO1998,620503,Forestry,SEO,260104,Management of water consumption by plant production,objective,False,explicit_official_transitive,0.136,SEO1998->829805 (2008)->260104 (2020)
SEO1998,620503,Forestry,SEO,180602,"Control of pests, diseases and exotic species in terrestrial environments",objective,False,explicit_official_transitive,0.146,SEO1998->960414 (2008)->180602 (2020)
SEO1998,620503,Forestry,SEO,260103,Management of solid waste from plant production,objective,False,explicit_official_transitive,0.182,SEO1998->829804 (2008)->260103 (2020)
SEO1998,620503,Forestry,SEO,190310,Management of greenhouse gas emissions from plant production,objective,False,explicit_official_transitive,0.176,SEO1998->829802 (2008)->190310 (2020)
SEO1998,620503,Forestry,SEO,260199,Environmentally sustainable plant production not elsewhere classified,objective,False,explicit_official_transitive,0.104,SEO1998->829899 (2008)->260199 (2020)
SEO1998,620503,Forestry,SEO,260101,Management of gaseous waste from plant production (excl. greenhouse gases),objective,False,explicit_official_transitive,0.122,SEO1998->829801 (2008)->260101 (2020)
SEO1998,620503,Forestry,SEO,180602,"Control of pests, diseases and exotic species in terrestrial environments",objective,False,explicit_official_transitive,0.144,SEO1998->960404 (2008)->180602 (2020)
SEO1998,620503,Forestry,SEO,260102,Management of liquid waste from plant production (excl. water),objective,False,explicit_official_transitive,0.114,SEO1998->829803 (2008)->260102 (2020)
SEO1998,620504,Primary Products from Plants,SEO,260103,Management of solid waste from plant production,objective,True,explicit_official_transitive,0.453,SEO1998->829804 (2008)->260103 (2020)
SEO1998,620504,Primary Products from Plants,SEO,190310,Management of greenhouse gas emissions from plant production,objective,False,explicit_official_transitive,0.386,SEO1998->829802 (2008)->190310 (2020)
SEO1998,620504,Primary Products from Plants,SEO,260102,Management of liquid waste from plant production (excl. water),objective,False,explicit_official_transitive,0.378,SEO1998->829803 (2008)->260102 (2020)
SEO1998,620504,Primary Products from Plants,SEO,260104,Management of water consumption by plant production,objective,False,explicit_official_transitive,0.354,SEO1998->829805 (2008)->260104 (2020)
SEO1998,620504,Primary Products from Plants,SEO,260101,Management of gaseous waste from plant production (excl. greenhouse gases),objective,False,explicit_official_transitive,0.353,SEO1998->829801 (2008)->260101 (2020)
SEO1998,620504,Primary Products from Plants,SEO,260199,Environmentally sustainable plant production not elsewhere classified,objective,False,explicit_official_transitive,0.309,SEO1998->829899 (2008)->260199 (2020)
SEO1998,63,ANIMAL PRODUCTION AND ANIMAL PRIMARY PRODUCTS,SEO,10,ANIMAL PRODUCTION AND ANIMAL PRIMARY PRODUCTS,division,True,derived_empirical,1.0,"rolled up from 27 SEO1998 leaf-level mapping(s), 27 agreeing"
SEO1998,6301,LIVESTOCK,SEO,1004,Livestock raising,group,True,derived_empirical,1.0,"rolled up from 8 SEO1998 leaf-level mapping(s), 8 agreeing"
SEO1998,630101,Sheep - Meat,SEO,100412,Sheep for meat,objective,True,explicit_official_transitive,0.9,SEO1998->830310 (2008)->100412 (2020)
SEO1998,630102,Sheep - Wool,SEO,100413,Sheep for wool,objective,True,explicit_official_transitive,0.9,SEO1998->830311 (2008)->100413 (2020)
SEO1998,630103,Beef Cattle,SEO,100401,Beef cattle,objective,True,explicit_official_transitive,0.9,SEO1998->830301 (2008)->100401 (2020)
SEO1998,630104,Dairy Cattle,SEO,100402,Dairy cattle,objective,True,explicit_official_transitive,0.9,SEO1998->830302 (2008)->100402 (2020)
SEO1998,630105,Pigs,SEO,100410,Pigs,objective,True,explicit_official_transitive,0.9,SEO1998->830308 (2008)->100410 (2020)
SEO1998,630106,Poultry,SEO,100411,Poultry,objective,True,explicit_official_transitive,0.9,SEO1998->830309 (2008)->100411 (2020)
SEO1998,630107,"Minor Livestock (e.g. Horses, Goats, Deer)",SEO,100406,Horses,objective,False,explicit_official_transitive,0.25,SEO1998->830306 (2008)->100406 (2020)
SEO1998,630107,"Minor Livestock (e.g. Horses, Goats, Deer)",SEO,100405,Goats,objective,False,explicit_official_transitive,0.213,SEO1998->830304 (2008)->100405 (2020)
SEO1998,630107,"Minor Livestock (e.g. Horses, Goats, Deer)",SEO,100404,"Game livestock (e.g. kangaroos, wallabies, camels, buffaloes)",objective,False,explicit_official_transitive,0.536,SEO1998->830305 (2008)->100404 (2020)
SEO1998,630107,"Minor Livestock (e.g. Horses, Goats, Deer)",SEO,100408,"Minor livestock (e.g. alpacas, ostriches, crocodiles, farmed rabbits)",objective,True,explicit_official_transitive,0.613,SEO1998->830307 (2008)->100408 (2020)
SEO1998,630107,"Minor Livestock (e.g. Horses, Goats, Deer)",SEO,100403,Deer,objective,False,explicit_official_transitive,0.174,SEO1998->830303 (2008)->100403 (2020)
SEO1998,630199,Livestock not elsewhere classified,SEO,100404,"Game livestock (e.g. kangaroos, wallabies, camels, buffaloes)",objective,False,explicit_official_transitive,0.385,SEO1998->830305 (2008)->100404 (2020)
SEO1998,630199,Livestock not elsewhere classified,SEO,109902,Animal welfare,objective,False,explicit_official_transitive,0.25,SEO1998->839901 (2008)->109902 (2020)
SEO1998,630199,Livestock not elsewhere classified,SEO,100499,Livestock raising not elsewhere classified,objective,True,explicit_official_transitive,0.895,SEO1998->830399 (2008)->100499 (2020)
SEO1998,630199,Livestock not elsewhere classified,SEO,109999,Other animal production and animal primary products not elsewhere classified,objective,False,explicit_official_transitive,0.538,SEO1998->839999 (2008)->109999 (2020)
SEO1998,630199,Livestock not elsewhere classified,SEO,109904,Livestock product traceability and quality assurance,objective,False,explicit_official_transitive,0.488,SEO1998->839903 (2008)->109904 (2020)
SEO1998,6302,"PASTURE, BROWSE AND FODDER CROPS",SEO,1005,"Pasture, browse and fodder crops",group,True,derived_empirical,1.0,"rolled up from 6 SEO1998 leaf-level mapping(s), 6 agreeing"
SEO1998,630201,Sown Legumes,SEO,100599,"Pasture, browse and fodder crops not elsewhere classified",objective,True,explicit_official_transitive,0.261,SEO1998->830499 (2008)->100599 (2020)
SEO1998,630201,Sown Legumes,SEO,100502,Lucerne,objective,False,explicit_official_transitive,0.211,SEO1998->830402 (2008)->100502 (2020)
SEO1998,630202,Sown Grasses,SEO,100505,Sown pastures (excl. lucerne),objective,True,explicit_official_transitive,0.9,SEO1998->830406 (2008)->100505 (2020)
SEO1998,630203,Browse Crops,SEO,100501,Browse crops,objective,True,explicit_official_transitive,0.9,SEO1998->830401 (2008)->100501 (2020)
SEO1998,630204,Fodder Crops,SEO,100504,Non-cereal crops (non-cereal crops for hay/silage/green feed),objective,True,explicit_official_transitive,0.5,SEO1998->830404 (2008)->100504 (2020)
SEO1998,630204,Fodder Crops,SEO,100504,Non-cereal crops (non-cereal crops for hay/silage/green feed),objective,False,explicit_official_transitive,0.36,SEO1998->830405 (2008)->100504 (2020)
SEO1998,630205,Native Vegetation,SEO,100503,Native and residual pastures,objective,True,explicit_official_transitive,0.4,SEO1998->830403 (2008)->100503 (2020)
SEO1998,630205,Native Vegetation,SEO,100599,"Pasture, browse and fodder crops not elsewhere classified",objective,False,explicit_official_transitive,0.216,SEO1998->830499 (2008)->100599 (2020)
SEO1998,630299,Other,SEO,100599,"Pasture, browse and fodder crops not elsewhere classified",objective,True,explicit_official_transitive,0.161,SEO1998->830499 (2008)->100599 (2020)
SEO1998,630299,Other,SEO,109999,Other animal production and animal primary products not elsewhere classified,objective,False,explicit_official_transitive,0.133,SEO1998->839999 (2008)->109999 (2020)
SEO1998,6303,FISH,SEO,1003,Fisheries - wild caught,group,True,derived_empirical,0.75,"rolled up from 4 SEO1998 leaf-level mapping(s), 3 agreeing"
SEO1998,6303,FISH,SEO,1002,Fisheries - aquaculture,group,False,derived_empirical,0.25,"rolled up from 4 SEO1998 leaf-level mapping(s), 1 agreeing"
SEO1998,630301,Fisheries - Commercial,SEO,100306,Wild caught prawns,objective,False,explicit_official_transitive,0.174,SEO1998->830205 (2008)->100306 (2020)
SEO1998,630301,Fisheries - Commercial,SEO,100308,Wild caught tuna,objective,False,explicit_official_transitive,0.211,SEO1998->830207 (2008)->100308 (2020)
SEO1998,630301,Fisheries - Commercial,SEO,100305,Wild caught fin fish (excl. tuna),objective,False,explicit_official_transitive,0.255,SEO1998->830204 (2008)->100305 (2020)
SEO1998,630301,Fisheries - Commercial,SEO,100399,Fisheries - wild caught not elsewhere classified,objective,True,explicit_official_transitive,0.514,SEO1998->830299 (2008)->100399 (2020)
SEO1998,630301,Fisheries - Commercial,SEO,100303,Wild caught crustaceans (excl. rock lobster and prawns),objective,False,explicit_official_transitive,0.13,SEO1998->830202 (2008)->100303 (2020)
SEO1998,630301,Fisheries - Commercial,SEO,100304,Wild caught edible molluscs,objective,False,explicit_official_transitive,0.204,SEO1998->830203 (2008)->100304 (2020)
SEO1998,630301,Fisheries - Commercial,SEO,100307,Wild caught rock lobster,objective,False,explicit_official_transitive,0.25,SEO1998->830206 (2008)->100307 (2020)
SEO1998,630302,Fisheries - Recreational,SEO,100302,Fisheries - recreational marine,objective,True,explicit_official_transitive,0.9,SEO1998->830201 (2008)->100302 (2020)
SEO1998,630303,Aquaculture,SEO,100207,Aquaculture tuna,objective,True,explicit_official_transitive,0.815,SEO1998->830107 (2008)->100207 (2020)
SEO1998,630303,Aquaculture,SEO,100205,Aquaculture prawns,objective,False,explicit_official_transitive,0.759,SEO1998->830105 (2008)->100205 (2020)
SEO1998,630303,Aquaculture,SEO,100204,Aquaculture oysters,objective,False,explicit_official_transitive,0.733,SEO1998->830104 (2008)->100204 (2020)
SEO1998,630303,Aquaculture,SEO,100206,Aquaculture rock lobster,objective,False,explicit_official_transitive,0.629,SEO1998->830106 (2008)->100206 (2020)
SEO1998,630303,Aquaculture,SEO,100202,Aquaculture fin fish (excl. tuna),objective,False,explicit_official_transitive,0.5,SEO1998->830102 (2008)->100202 (2020)
SEO1998,630303,Aquaculture,SEO,100203,Aquaculture molluscs (excl. oysters),objective,False,explicit_official_transitive,0.468,SEO1998->830103 (2008)->100203 (2020)
SEO1998,630303,Aquaculture,SEO,100299,Fisheries - aquaculture not elsewhere classified,objective,False,explicit_official_transitive,0.373,SEO1998->830199 (2008)->100299 (2020)
SEO1998,630303,Aquaculture,SEO,100201,Aquaculture crustaceans (excl. rock lobster and prawns),objective,False,explicit_official_transitive,0.333,SEO1998->830101 (2008)->100201 (2020)
SEO1998,630399,Fish not elsewhere classified,SEO,100399,Fisheries - wild caught not elsewhere classified,objective,True,explicit_official_transitive,0.753,SEO1998->830299 (2008)->100399 (2020)
SEO1998,630399,Fish not elsewhere classified,SEO,109999,Other animal production and animal primary products not elsewhere classified,objective,False,explicit_official_transitive,0.545,SEO1998->839999 (2008)->109999 (2020)
SEO1998,630399,Fish not elsewhere classified,SEO,109903,Fish product traceability and quality assurance,objective,False,explicit_official_transitive,0.421,SEO1998->839902 (2008)->109903 (2020)
SEO1998,630399,Fish not elsewhere classified,SEO,109902,Animal welfare,objective,False,explicit_official_transitive,0.279,SEO1998->839901 (2008)->109902 (2020)
SEO1998,6304,PRIMARY PRODUCTS FROM ANIMALS,SEO,1006,Primary products from animals,group,True,derived_empirical,1.0,"rolled up from 5 SEO1998 leaf-level mapping(s), 5 agreeing"
SEO1998,630401,Minimally Processed Fish,SEO,100605,Unprocessed or minimally processed fish,objective,True,explicit_official_transitive,0.762,SEO1998->830506 (2008)->100605 (2020)
SEO1998,630402,Minimally Processed Milk,SEO,100606,Unprocessed or minimally processed milk,objective,True,explicit_official_transitive,0.762,SEO1998->830507 (2008)->100606 (2020)
SEO1998,630403,Raw Wool,SEO,100604,Raw wool,objective,True,explicit_official_transitive,0.9,SEO1998->830505 (2008)->100604 (2020)
SEO1998,630404,Hides and skins,SEO,100699,Primary products from animals not elsewhere classified,objective,True,explicit_official_transitive,0.254,SEO1998->830599 (2008)->100699 (2020)
SEO1998,630499,Primary Animal Products not elsewhere classified,SEO,100699,Primary products from animals not elsewhere classified,objective,True,explicit_official_transitive,0.9,SEO1998->830599 (2008)->100699 (2020)
SEO1998,630499,Primary Animal Products not elsewhere classified,SEO,109999,Other animal production and animal primary products not elsewhere classified,objective,False,explicit_official_transitive,0.695,SEO1998->839999 (2008)->109999 (2020)
SEO1998,630499,Primary Animal Products not elsewhere classified,SEO,100605,Unprocessed or minimally processed fish,objective,False,explicit_official_transitive,0.437,SEO1998->830506 (2008)->100605 (2020)
SEO1998,630499,Primary Animal Products not elsewhere classified,SEO,100606,Unprocessed or minimally processed milk,objective,False,explicit_official_transitive,0.414,SEO1998->830507 (2008)->100606 (2020)
SEO1998,630499,Primary Animal Products not elsewhere classified,SEO,109903,Fish product traceability and quality assurance,objective,False,explicit_official_transitive,0.358,SEO1998->839902 (2008)->109903 (2020)
SEO1998,630499,Primary Animal Products not elsewhere classified,SEO,109902,Animal welfare,objective,False,explicit_official_transitive,0.355,SEO1998->839901 (2008)->109902 (2020)
SEO1998,630499,Primary Animal Products not elsewhere classified,SEO,109904,Livestock product traceability and quality assurance,objective,False,explicit_official_transitive,0.34,SEO1998->839903 (2008)->109904 (2020)
SEO1998,630499,Primary Animal Products not elsewhere classified,SEO,100699,Primary products from animals not elsewhere classified,objective,False,explicit_official_transitive,0.3,SEO1998->830503 (2008)->100699 (2020)
SEO1998,630499,Primary Animal Products not elsewhere classified,SEO,100603,Pearls,objective,False,explicit_official_transitive,0.185,SEO1998->830504 (2008)->100603 (2020)
SEO1998,630499,Primary Animal Products not elsewhere classified,SEO,100601,Eggs,objective,False,explicit_official_transitive,0.038,SEO1998->830501 (2008)->100601 (2020)
SEO1998,630499,Primary Animal Products not elsewhere classified,SEO,100602,Honey,objective,False,explicit_official_transitive,0.038,SEO1998->830502 (2008)->100602 (2020)
SEO1998,6305,SUSTAINABLE ANIMAL PRODUCTION SYSTEMS,SEO,1001,Environmentally sustainable animal production,group,True,derived_empirical,1.0,"rolled up from 4 SEO1998 leaf-level mapping(s), 4 agreeing"
SEO1998,630501,Livestock,SEO,180602,"Control of pests, diseases and exotic species in terrestrial environments",objective,False,explicit_official_transitive,0.111,SEO1998->960403 (2008)->180602 (2020)
SEO1998,630501,Livestock,SEO,100103,Management of solid waste from animal production,objective,True,explicit_official_transitive,0.211,SEO1998->839804 (2008)->100103 (2020)
SEO1998,630501,Livestock,SEO,100101,Management of gaseous waste from animal production (excl. greenhouse gases),objective,False,explicit_official_transitive,0.095,SEO1998->839801 (2008)->100101 (2020)
SEO1998,630501,Livestock,SEO,180602,"Control of pests, diseases and exotic species in terrestrial environments",objective,False,explicit_official_transitive,0.096,SEO1998->960413 (2008)->180602 (2020)
SEO1998,630501,Livestock,SEO,100104,Management of water consumption by animal production,objective,False,explicit_official_transitive,0.098,SEO1998->839805 (2008)->100104 (2020)
SEO1998,630501,Livestock,SEO,180602,"Control of pests, diseases and exotic species in terrestrial environments",objective,False,explicit_official_transitive,0.103,SEO1998->960410 (2008)->180602 (2020)
SEO1998,630501,Livestock,SEO,190302,Management of greenhouse gas emissions from animal production,objective,False,explicit_official_transitive,0.086,SEO1998->839802 (2008)->190302 (2020)
SEO1998,630501,Livestock,SEO,100102,Management of liquid waste from animal production (excl. water),objective,False,explicit_official_transitive,0.167,SEO1998->839803 (2008)->100102 (2020)
SEO1998,630501,Livestock,SEO,100199,Environmentally sustainable animal production not elsewhere classified,objective,False,explicit_official_transitive,0.127,SEO1998->839899 (2008)->100199 (2020)
SEO1998,630502,"Pasture, Browse and Fodder Crops",SEO,100199,Environmentally sustainable animal production not elsewhere classified,objective,False,explicit_official_transitive,0.314,SEO1998->839899 (2008)->100199 (2020)
SEO1998,630502,"Pasture, Browse and Fodder Crops",SEO,100103,Management of solid waste from animal production,objective,True,explicit_official_transitive,0.375,SEO1998->839804 (2008)->100103 (2020)
SEO1998,630502,"Pasture, Browse and Fodder Crops",SEO,180602,"Control of pests, diseases and exotic species in terrestrial environments",objective,False,explicit_official_transitive,0.257,SEO1998->960413 (2008)->180602 (2020)
SEO1998,630502,"Pasture, Browse and Fodder Crops",SEO,180602,"Control of pests, diseases and exotic species in terrestrial environments",objective,False,explicit_official_transitive,0.259,SEO1998->960410 (2008)->180602 (2020)
SEO1998,630502,"Pasture, Browse and Fodder Crops",SEO,100101,Management of gaseous waste from animal production (excl. greenhouse gases),objective,False,explicit_official_transitive,0.243,SEO1998->839801 (2008)->100101 (2020)
SEO1998,630502,"Pasture, Browse and Fodder Crops",SEO,100102,Management of liquid waste from animal production (excl. water),objective,False,explicit_official_transitive,0.316,SEO1998->839803 (2008)->100102 (2020)
SEO1998,630502,"Pasture, Browse and Fodder Crops",SEO,190302,Management of greenhouse gas emissions from animal production,objective,False,explicit_official_transitive,0.323,SEO1998->839802 (2008)->190302 (2020)
SEO1998,630502,"Pasture, Browse and Fodder Crops",SEO,180602,"Control of pests, diseases and exotic species in terrestrial environments",objective,False,explicit_official_transitive,0.255,SEO1998->960403 (2008)->180602 (2020)
SEO1998,630502,"Pasture, Browse and Fodder Crops",SEO,100104,Management of water consumption by animal production,objective,False,explicit_official_transitive,0.238,SEO1998->839805 (2008)->100104 (2020)
SEO1998,630503,Fish,SEO,180204,"Control of pests, diseases and exotic species in coastal and estuarine environments",objective,False,explicit_official_transitive,0.064,SEO1998->960402 (2008)->180204 (2020)
SEO1998,630503,Fish,SEO,100101,Management of gaseous waste from animal production (excl. greenhouse gases),objective,False,explicit_official_transitive,0.076,SEO1998->839801 (2008)->100101 (2020)
SEO1998,630503,Fish,SEO,100199,Environmentally sustainable animal production not elsewhere classified,objective,False,explicit_official_transitive,0.054,SEO1998->839899 (2008)->100199 (2020)
SEO1998,630503,Fish,SEO,180204,"Control of pests, diseases and exotic species in coastal and estuarine environments",objective,False,explicit_official_transitive,0.065,SEO1998->960412 (2008)->180204 (2020)
SEO1998,630503,Fish,SEO,100103,Management of solid waste from animal production,objective,True,explicit_official_transitive,0.115,SEO1998->839804 (2008)->100103 (2020)
SEO1998,630503,Fish,SEO,190302,Management of greenhouse gas emissions from animal production,objective,False,explicit_official_transitive,0.092,SEO1998->839802 (2008)->190302 (2020)
SEO1998,630503,Fish,SEO,100102,Management of liquid waste from animal production (excl. water),objective,False,explicit_official_transitive,0.09,SEO1998->839803 (2008)->100102 (2020)
SEO1998,630503,Fish,SEO,180503,"Control of pests, diseases and exotic species in marine environments",objective,False,explicit_official_transitive,0.083,SEO1998->960407 (2008)->180503 (2020)
SEO1998,630503,Fish,SEO,100104,Management of water consumption by animal production,objective,False,explicit_official_transitive,0.071,SEO1998->839805 (2008)->100104 (2020)
SEO1998,630504,Primary Products from Animals,SEO,100104,Management of water consumption by animal production,objective,False,explicit_official_transitive,0.346,SEO1998->839805 (2008)->100104 (2020)
SEO1998,630504,Primary Products from Animals,SEO,100199,Environmentally sustainable animal production not elsewhere classified,objective,False,explicit_official_transitive,0.343,SEO1998->839899 (2008)->100199 (2020)
SEO1998,630504,Primary Products from Animals,SEO,100101,Management of gaseous waste from animal production (excl. greenhouse gases),objective,False,explicit_official_transitive,0.365,SEO1998->839801 (2008)->100101 (2020)
SEO1998,630504,Primary Products from Animals,SEO,100102,Management of liquid waste from animal production (excl. water),objective,False,explicit_official_transitive,0.391,SEO1998->839803 (2008)->100102 (2020)
SEO1998,630504,Primary Products from Animals,SEO,100103,Management of solid waste from animal production,objective,True,explicit_official_transitive,0.468,SEO1998->839804 (2008)->100103 (2020)
SEO1998,630504,Primary Products from Animals,SEO,190302,Management of greenhouse gas emissions from animal production,objective,False,explicit_official_transitive,0.4,SEO1998->839802 (2008)->190302 (2020)
SEO1998,64,MINERAL RESOURCES (EXCL. ENERGY),SEO,19,"ENVIRONMENTAL POLICY, CLIMATE CHANGE AND NATURAL HAZARDS",division,False,derived_empirical,0.042,"rolled up from 24 SEO1998 leaf-level mapping(s), 1 agreeing"
SEO1998,64,MINERAL RESOURCES (EXCL. ENERGY),SEO,25,MINERAL RESOURCES (EXCL. ENERGY RESOURCES),division,True,derived_empirical,0.958,"rolled up from 24 SEO1998 leaf-level mapping(s), 23 agreeing"
SEO1998,6401,EXPLORATION,SEO,2599,Other mineral resources (excl. energy resources),group,False,derived_empirical,0.143,"rolled up from 7 SEO1998 leaf-level mapping(s), 1 agreeing"
SEO1998,6401,EXPLORATION,SEO,2503,Mineral exploration,group,True,derived_empirical,0.857,"rolled up from 7 SEO1998 leaf-level mapping(s), 6 agreeing"
SEO1998,640101,Iron Ores (i.e. Ferrous Ores),SEO,250304,Iron ore exploration,objective,True,explicit_official_transitive,0.9,SEO1998->840104 (2008)->250304 (2020)
SEO1998,640102,Aluminium Ores,SEO,250301,Aluminium ore exploration,objective,True,explicit_official_transitive,0.9,SEO1998->840101 (2008)->250301 (2020)
SEO1998,640103,Precious (Noble) Metal Ores,SEO,250305,Precious (noble) metal ore exploration,objective,True,explicit_official_transitive,0.9,SEO1998->840105 (2008)->250305 (2020)
SEO1998,640104,"Titanium Minerals, Zircon, and Rare Earth Metal Ores (e.g. Monazite)",SEO,250307,"Titanium minerals, zircon, and rare earth metal ore (e.g. monazite) exploration",objective,True,explicit_official_transitive,0.9,SEO1998->840107 (2008)->250307 (2020)
SEO1998,640105,"Other Non-Ferrous Ores (e.g. Copper, Zinc)",SEO,250302,Copper ore exploration,objective,False,explicit_official_transitive,0.281,SEO1998->840102 (2008)->250302 (2020)
SEO1998,640105,"Other Non-Ferrous Ores (e.g. Copper, Zinc)",SEO,250399,Mineral exploration not elsewhere classified,objective,False,explicit_official_transitive,0.209,SEO1998->840199 (2008)->250399 (2020)
SEO1998,640105,"Other Non-Ferrous Ores (e.g. Copper, Zinc)",SEO,250308,Zinc ore exploration,objective,True,explicit_official_transitive,0.355,SEO1998->840108 (2008)->250308 (2020)
SEO1998,640105,"Other Non-Ferrous Ores (e.g. Copper, Zinc)",SEO,259999,Other mineral resources (excl. energy resources) not elsewhere classified,objective,False,explicit_official_transitive,0.33,SEO1998->849999 (2008)->259999 (2020)
SEO1998,640106,Stone and Clay,SEO,250306,Stone and clay exploration,objective,True,explicit_official_transitive,0.9,SEO1998->840106 (2008)->250306 (2020)
SEO1998,640199,Other Non-Metallic Minerals (incl. Diamonds),SEO,259999,Other mineral resources (excl. energy resources) not elsewhere classified,objective,True,explicit_official_transitive,0.306,SEO1998->849999 (2008)->259999 (2020)
SEO1998,640199,Other Non-Metallic Minerals (incl. Diamonds),SEO,250399,Mineral exploration not elsewhere classified,objective,False,explicit_official_transitive,0.273,SEO1998->840199 (2008)->250399 (2020)
SEO1998,640199,Other Non-Metallic Minerals (incl. Diamonds),SEO,250303,Diamond exploration,objective,False,explicit_official_transitive,0.222,SEO1998->840103 (2008)->250303 (2020)
SEO1998,6402,PRIMARY MINING AND EXTRACTION PROCESSES,SEO,2504,Primary mining and extraction of minerals,group,True,derived_empirical,1.0,"rolled up from 7 SEO1998 leaf-level mapping(s), 7 agreeing"
SEO1998,640201,Iron Ores (i.e. Ferrous Ores),SEO,250404,Mining and extraction of iron ores,objective,True,explicit_official_transitive,0.9,SEO1998->840204 (2008)->250404 (2020)
SEO1998,640202,Aluminium Ores,SEO,250401,Mining and extraction of aluminium ores,objective,True,explicit_official_transitive,0.9,SEO1998->840201 (2008)->250401 (2020)
SEO1998,640203,Precious (Noble) Metal Ores,SEO,250405,Mining and extraction of precious (noble) metal ores,objective,True,explicit_official_transitive,0.9,SEO1998->840205 (2008)->250405 (2020)
SEO1998,640204,"Titanium Minerals, Zircon, and Rare Earth Metal Ores (e.g. Monazite)",SEO,250407,"Mining and extraction of titanium minerals, zircon, and rare earth metal ores (e.g. monazite)",objective,True,explicit_official_transitive,0.9,SEO1998->840207 (2008)->250407 (2020)
SEO1998,640205,"Other Non-Ferrous Ores (e.g. Copper, Zinc)",SEO,250499,Primary mining and extraction of minerals not elsewhere classified,objective,False,explicit_official_transitive,0.154,SEO1998->840299 (2008)->250499 (2020)
SEO1998,640205,"Other Non-Ferrous Ores (e.g. Copper, Zinc)",SEO,250408,Mining and extraction of zinc ores,objective,False,explicit_official_transitive,0.263,SEO1998->840208 (2008)->250408 (2020)
SEO1998,640205,"Other Non-Ferrous Ores (e.g. Copper, Zinc)",SEO,259999,Other mineral resources (excl. energy resources) not elsewhere classified,objective,False,explicit_official_transitive,0.33,SEO1998->849999 (2008)->259999 (2020)
SEO1998,640205,"Other Non-Ferrous Ores (e.g. Copper, Zinc)",SEO,250402,Mining and extraction of copper ores,objective,True,explicit_official_transitive,0.359,SEO1998->840202 (2008)->250402 (2020)
SEO1998,640206,Stone and Clay,SEO,250406,Mining and extraction of stone and clay,objective,True,explicit_official_transitive,0.9,SEO1998->840206 (2008)->250406 (2020)
SEO1998,640299,Other Non-Metallic Minerals (incl. Diamonds),SEO,250403,Mining and extraction of diamonds,objective,True,explicit_official_transitive,0.416,SEO1998->840203 (2008)->250403 (2020)
SEO1998,640299,Other Non-Metallic Minerals (incl. Diamonds),SEO,259999,Other mineral resources (excl. energy resources) not elsewhere classified,objective,False,explicit_official_transitive,0.306,SEO1998->849999 (2008)->259999 (2020)
SEO1998,640299,Other Non-Metallic Minerals (incl. Diamonds),SEO,250499,Primary mining and extraction of minerals not elsewhere classified,objective,False,explicit_official_transitive,0.303,SEO1998->840299 (2008)->250499 (2020)
SEO1998,6403,FIRST STAGE TREATMENT OF ORES AND MINERALS,SEO,2502,First stage treatment of minerals,group,True,derived_empirical,1.0,"rolled up from 7 SEO1998 leaf-level mapping(s), 7 agreeing"
SEO1998,640301,Beneficiation or Dressing of Iron Ores,SEO,250203,Beneficiation or dressing of iron ores,objective,True,explicit_official_transitive,0.9,SEO1998->840303 (2008)->250203 (2020)
SEO1998,640302,Alumina Production,SEO,250201,Alumina production,objective,True,explicit_official_transitive,0.9,SEO1998->840301 (2008)->250201 (2020)
SEO1998,640303,Other Beneficiation of Bauxite and Aluminium Ores,SEO,250202,Beneficiation of bauxite and aluminium ores (excl. alumina production),objective,True,explicit_official_transitive,0.9,SEO1998->840302 (2008)->250202 (2020)
SEO1998,640304,Concentrating Processes of Other Base Metal Ores,SEO,250205,Concentrating processes of base metal ores (excl. aluminium and iron ores),objective,True,explicit_official_transitive,0.9,SEO1998->840305 (2008)->250205 (2020)
SEO1998,640305,Production of Unrefined Precious Metal Ingots and Concentrates,SEO,250206,Production of unrefined precious metal ingots and concentrates,objective,True,explicit_official_transitive,0.9,SEO1998->840306 (2008)->250206 (2020)
SEO1998,640306,Beneficiation or Dressing of Non-Metallic Minerals (incl. Diamonds),SEO,250204,Beneficiation or dressing of non-metallic minerals (incl. diamonds),objective,True,explicit_official_transitive,0.9,SEO1998->840304 (2008)->250204 (2020)
SEO1998,640399,Other,SEO,250299,First stage treatment of minerals not elsewhere classified,objective,True,explicit_official_transitive,0.139,SEO1998->840399 (2008)->250299 (2020)
SEO1998,640399,Other,SEO,259999,Other mineral resources (excl. energy resources) not elsewhere classified,objective,False,explicit_official_transitive,0.139,SEO1998->849999 (2008)->259999 (2020)
SEO1998,6404,PREVENTION AND TREATMENT OF POLLUTION,SEO,1903,Mitigation of climate change,group,False,derived_empirical,0.333,"rolled up from 3 SEO1998 leaf-level mapping(s), 1 agreeing"
SEO1998,6404,PREVENTION AND TREATMENT OF POLLUTION,SEO,2501,Environmentally sustainable mineral resource activities,group,True,derived_empirical,0.667,"rolled up from 3 SEO1998 leaf-level mapping(s), 2 agreeing"
SEO1998,640401,Exploration,SEO,250103,Management of solid waste from mineral resource activities,objective,True,explicit_official_transitive,0.203,SEO1998->849804 (2008)->250103 (2020)
SEO1998,640401,Exploration,SEO,190309,Management of greenhouse gas emissions from mineral resources activities,objective,False,explicit_official_transitive,0.171,SEO1998->849802 (2008)->190309 (2020)
SEO1998,640401,Exploration,SEO,250104,Management of water consumption by mineral resource activities,objective,False,explicit_official_transitive,0.164,SEO1998->849805 (2008)->250104 (2020)
SEO1998,640401,Exploration,SEO,250199,Environmentally sustainable mineral resource activities not elsewhere classified,objective,False,explicit_official_transitive,0.154,SEO1998->849899 (2008)->250199 (2020)
SEO1998,640401,Exploration,SEO,250102,Management of liquid waste from mineral resource activities (excl. water),objective,False,explicit_official_transitive,0.119,SEO1998->849803 (2008)->250102 (2020)
SEO1998,640401,Exploration,SEO,250101,Management of gaseous waste from mineral resource activities (excl. greenhouse gases),objective,False,explicit_official_transitive,0.104,SEO1998->849801 (2008)->250101 (2020)
SEO1998,640402,Primary Mining and Extraction Processes,SEO,250102,Management of liquid waste from mineral resource activities (excl. water),objective,False,explicit_official_transitive,0.286,SEO1998->849803 (2008)->250102 (2020)
SEO1998,640402,Primary Mining and Extraction Processes,SEO,190309,Management of greenhouse gas emissions from mineral resources activities,objective,False,explicit_official_transitive,0.273,SEO1998->849802 (2008)->190309 (2020)
SEO1998,640402,Primary Mining and Extraction Processes,SEO,250101,Management of gaseous waste from mineral resource activities (excl. greenhouse gases),objective,False,explicit_official_transitive,0.29,SEO1998->849801 (2008)->250101 (2020)
SEO1998,640402,Primary Mining and Extraction Processes,SEO,250103,Management of solid waste from mineral resource activities,objective,False,explicit_official_transitive,0.309,SEO1998->849804 (2008)->250103 (2020)
SEO1998,640402,Primary Mining and Extraction Processes,SEO,250199,Environmentally sustainable mineral resource activities not elsewhere classified,objective,False,explicit_official_transitive,0.303,SEO1998->849899 (2008)->250199 (2020)
SEO1998,640402,Primary Mining and Extraction Processes,SEO,250104,Management of water consumption by mineral resource activities,objective,True,explicit_official_transitive,0.317,SEO1998->849805 (2008)->250104 (2020)
SEO1998,640403,First Stage Treatment of Ores and Minerals,SEO,190309,Management of greenhouse gas emissions from mineral resources activities,objective,True,explicit_official_transitive,0.442,SEO1998->849802 (2008)->190309 (2020)
SEO1998,640403,First Stage Treatment of Ores and Minerals,SEO,250104,Management of water consumption by mineral resource activities,objective,False,explicit_official_transitive,0.442,SEO1998->849805 (2008)->250104 (2020)
SEO1998,640403,First Stage Treatment of Ores and Minerals,SEO,250103,Management of solid waste from mineral resource activities,objective,False,explicit_official_transitive,0.44,SEO1998->849804 (2008)->250103 (2020)
SEO1998,640403,First Stage Treatment of Ores and Minerals,SEO,250101,Management of gaseous waste from mineral resource activities (excl. greenhouse gases),objective,False,explicit_official_transitive,0.378,SEO1998->849801 (2008)->250101 (2020)
SEO1998,640403,First Stage Treatment of Ores and Minerals,SEO,250102,Management of liquid waste from mineral resource activities (excl. water),objective,False,explicit_official_transitive,0.365,SEO1998->849803 (2008)->250102 (2020)
SEO1998,640403,First Stage Treatment of Ores and Minerals,SEO,250199,Environmentally sustainable mineral resource activities not elsewhere classified,objective,False,explicit_official_transitive,0.279,SEO1998->849899 (2008)->250199 (2020)
SEO1998,65,ENERGY RESOURCES,SEO,17,ENERGY,division,True,derived_empirical,1.0,"rolled up from 19 SEO1998 leaf-level mapping(s), 19 agreeing"
SEO1998,6501,EXPLORATION,SEO,1702,Energy exploration,group,True,derived_empirical,1.0,"rolled up from 5 SEO1998 leaf-level mapping(s), 5 agreeing"
SEO1998,650101,Uranium,SEO,170205,Uranium exploration,objective,True,explicit_official_transitive,0.9,SEO1998->850105 (2008)->170205 (2020)
SEO1998,650102,Coal,SEO,170201,Coal exploration,objective,True,explicit_official_transitive,0.9,SEO1998->850101 (2008)->170201 (2020)
SEO1998,650103,Oil and Gas,SEO,170203,Oil and gas exploration,objective,True,explicit_official_transitive,0.9,SEO1998->850103 (2008)->170203 (2020)
SEO1998,650104,Oil Shale and Tar Sands,SEO,170204,Oil shale and tar sands exploration,objective,True,explicit_official_transitive,0.9,SEO1998->850104 (2008)->170204 (2020)
SEO1998,650199,Other,SEO,170202,Geothermal exploration,objective,True,explicit_official_transitive,0.37,SEO1998->850102 (2008)->170202 (2020)
SEO1998,650199,Other,SEO,170299,Energy exploration not elsewhere classified,objective,False,explicit_official_transitive,0.208,SEO1998->850199 (2008)->170299 (2020)
SEO1998,6502,MINING AND EXTRACTION,SEO,1706,Mining and extraction of energy resources,group,True,derived_empirical,1.0,"rolled up from 5 SEO1998 leaf-level mapping(s), 5 agreeing"
SEO1998,650201,Uranium,SEO,170605,Uranium mining and extraction,objective,True,explicit_official_transitive,0.9,SEO1998->850205 (2008)->170605 (2020)
SEO1998,650202,Coal,SEO,170601,Coal mining and extraction,objective,True,explicit_official_transitive,0.9,SEO1998->850201 (2008)->170601 (2020)
SEO1998,650203,Oil and Gas,SEO,170603,Oil and gas extraction,objective,True,explicit_official_transitive,0.9,SEO1998->850203 (2008)->170603 (2020)
SEO1998,650204,Oil Shale and Tar Sands,SEO,170604,Oil shale and tar sands mining and extraction,objective,True,explicit_official_transitive,0.9,SEO1998->850204 (2008)->170604 (2020)
SEO1998,650299,Other,SEO,170602,Geothermal energy extraction,objective,True,explicit_official_transitive,0.303,SEO1998->850202 (2008)->170602 (2020)
SEO1998,650299,Other,SEO,170699,Mining and extraction of energy resources not elsewhere classified,objective,False,explicit_official_transitive,0.141,SEO1998->850299 (2008)->170699 (2020)
SEO1998,6503,PREPARATION AND SUPPLY OF ENERGY SOURCE MINERALS,SEO,1707,Processing of energy sources,group,True,derived_empirical,1.0,"rolled up from 5 SEO1998 leaf-level mapping(s), 5 agreeing"
SEO1998,650301,Uranium,SEO,170709,Preparation of uranium,objective,True,explicit_official_transitive,0.9,SEO1998->850308 (2008)->170709 (2020)
SEO1998,650302,Coal,SEO,170706,Preparation of black coal,objective,True,explicit_official_transitive,0.276,SEO1998->850305 (2008)->170706 (2020)
SEO1998,650302,Coal,SEO,170707,Preparation of brown coal (lignite),objective,False,explicit_official_transitive,0.205,SEO1998->850306 (2008)->170707 (2020)
SEO1998,650303,Oil and Gas,SEO,170705,Oil and gas processing,objective,True,explicit_official_transitive,0.71,SEO1998->850304 (2008)->170705 (2020)
SEO1998,650304,Oil Shale and Tar Sands,SEO,170708,Preparation of oil shale and tar sands,objective,True,explicit_official_transitive,0.9,SEO1998->850307 (2008)->170708 (2020)
SEO1998,650399,Energy Minerals not elsewhere classified,SEO,170799,Processing of energy sources not elsewhere classified,objective,True,explicit_official_transitive,0.9,SEO1998->850399 (2008)->170799 (2020)
SEO1998,6504,PREVENTION AND TREATMENT OF POLLUTION,SEO,1705,Environmentally sustainable energy activities,group,True,derived_empirical,1.0,"rolled up from 3 SEO1998 leaf-level mapping(s), 3 agreeing"
SEO1998,650401,Exploration,SEO,170501,Management of gaseous waste from energy activities (excl. greenhouse gases),objective,False,explicit_official_transitive,0.116,SEO1998->859801 (2008)->170501 (2020)
SEO1998,650401,Exploration,SEO,170599,Environmentally sustainable energy activities not elsewhere classified,objective,False,explicit_official_transitive,0.173,SEO1998->859899 (2008)->170599 (2020)
SEO1998,650401,Exploration,SEO,170502,Management of liquid waste from energy activities (excl. water),objective,False,explicit_official_transitive,0.135,SEO1998->859804 (2008)->170502 (2020)
SEO1998,650401,Exploration,SEO,190306,Management of greenhouse gas emissions from energy activities,objective,False,explicit_official_transitive,0.175,SEO1998->859803 (2008)->190306 (2020)
SEO1998,650401,Exploration,SEO,170504,Management of water consumption by energy activities,objective,False,explicit_official_transitive,0.19,SEO1998->859806 (2008)->170504 (2020)
SEO1998,650401,Exploration,SEO,170503,Management of solid waste from energy activities,objective,True,explicit_official_transitive,0.237,SEO1998->859805 (2008)->170503 (2020)
SEO1998,650402,Mining and Extraction,SEO,170502,Management of liquid waste from energy activities (excl. water),objective,False,explicit_official_transitive,0.262,SEO1998->859804 (2008)->170502 (2020)
SEO1998,650402,Mining and Extraction,SEO,190306,Management of greenhouse gas emissions from energy activities,objective,False,explicit_official_transitive,0.23,SEO1998->859803 (2008)->190306 (2020)
SEO1998,650402,Mining and Extraction,SEO,170503,Management of solid waste from energy activities,objective,True,explicit_official_transitive,0.319,SEO1998->859805 (2008)->170503 (2020)
SEO1998,650402,Mining and Extraction,SEO,170504,Management of water consumption by energy activities,objective,False,explicit_official_transitive,0.274,SEO1998->859806 (2008)->170504 (2020)
SEO1998,650402,Mining and Extraction,SEO,170599,Environmentally sustainable energy activities not elsewhere classified,objective,False,explicit_official_transitive,0.264,SEO1998->859899 (2008)->170599 (2020)
SEO1998,650402,Mining and Extraction,SEO,170501,Management of gaseous waste from energy activities (excl. greenhouse gases),objective,False,explicit_official_transitive,0.229,SEO1998->859801 (2008)->170501 (2020)
SEO1998,650403,Preparation and Supply of Energy Source Minerals,SEO,190306,Management of greenhouse gas emissions from energy activities,objective,False,explicit_official_transitive,0.343,SEO1998->859803 (2008)->190306 (2020)
SEO1998,650403,Preparation and Supply of Energy Source Minerals,SEO,170503,Management of solid waste from energy activities,objective,False,explicit_official_transitive,0.292,SEO1998->859805 (2008)->170503 (2020)
SEO1998,650403,Preparation and Supply of Energy Source Minerals,SEO,170502,Management of liquid waste from energy activities (excl. water),objective,False,explicit_official_transitive,0.324,SEO1998->859804 (2008)->170502 (2020)
SEO1998,650403,Preparation and Supply of Energy Source Minerals,SEO,170599,Environmentally sustainable energy activities not elsewhere classified,objective,True,explicit_official_transitive,0.39,SEO1998->859899 (2008)->170599 (2020)
SEO1998,650403,Preparation and Supply of Energy Source Minerals,SEO,170504,Management of water consumption by energy activities,objective,False,explicit_official_transitive,0.32,SEO1998->859806 (2008)->170504 (2020)
SEO1998,650403,Preparation and Supply of Energy Source Minerals,SEO,170501,Management of gaseous waste from energy activities (excl. greenhouse gases),objective,False,explicit_official_transitive,0.325,SEO1998->859801 (2008)->170501 (2020)
SEO1998,6599,OTHER,SEO,1799,Other energy,group,True,derived_empirical,1.0,"rolled up from 1 SEO1998 leaf-level mapping(s), 1 agreeing"
SEO1998,659999,Other (e.g. Safety),SEO,179999,Other energy not elsewhere classified,objective,True,explicit_official_transitive,0.28,SEO1998->859999 (2008)->179999 (2020)
SEO1998,659999,Other (e.g. Safety),SEO,170701,Biomass processing,objective,False,explicit_official_transitive,0.275,SEO1998->850309 (2008)->170701 (2020)
SEO1998,659999,Other (e.g. Safety),SEO,170703,Hydrogen production from nuclear energy,objective,False,explicit_official_transitive,0.207,SEO1998->850302 (2008)->170703 (2020)
SEO1998,659999,Other (e.g. Safety),SEO,170704,Hydrogen production from renewable energy,objective,False,explicit_official_transitive,0.2,SEO1998->850303 (2008)->170704 (2020)
SEO1998,659999,Other (e.g. Safety),SEO,170702,Hydrogen production from fossil fuels,objective,False,explicit_official_transitive,0.143,SEO1998->850301 (2008)->170702 (2020)
SEO1998,66,ENERGY SUPPLY,SEO,17,ENERGY,division,True,derived_empirical,1.0,"rolled up from 29 SEO1998 leaf-level mapping(s), 29 agreeing"
SEO1998,6601,ENERGY TRANSFORMATION,SEO,1707,Processing of energy sources,group,False,derived_empirical,0.125,"rolled up from 8 SEO1998 leaf-level mapping(s), 1 agreeing"
SEO1998,6601,ENERGY TRANSFORMATION,SEO,1704,Energy transformation,group,True,derived_empirical,0.875,"rolled up from 8 SEO1998 leaf-level mapping(s), 7 agreeing"
SEO1998,660101,Coal - Electricity,SEO,170405,Transformation of coal into electricity,objective,False,explicit_official_transitive,0.466,SEO1998->850406 (2008)->170405 (2020)
SEO1998,660101,Coal - Electricity,SEO,170405,Transformation of coal into electricity,objective,True,explicit_official_transitive,0.54,SEO1998->850405 (2008)->170405 (2020)
SEO1998,660102,Coal - Conversion to Liquids,SEO,170407,Transformation of electricity and material feedstocks into fuels,objective,True,explicit_official_transitive,0.9,SEO1998->850408 (2008)->170407 (2020)
SEO1998,660103,Coal - Other Purposes,SEO,170499,Energy transformation not elsewhere classified,objective,True,explicit_official_transitive,0.328,SEO1998->850499 (2008)->170499 (2020)
SEO1998,660103,Coal - Other Purposes,SEO,170406,Transformation of coal into fuels,objective,False,explicit_official_transitive,0.29,SEO1998->850407 (2008)->170406 (2020)
SEO1998,660104,Nuclear,SEO,170403,Nuclear energy,objective,True,explicit_official_transitive,0.9,SEO1998->850403 (2008)->170403 (2020)
SEO1998,660105,Refined Oil and Gas,SEO,170705,Oil and gas processing,objective,True,explicit_official_transitive,0.564,SEO1998->850304 (2008)->170705 (2020)
SEO1998,660105,Refined Oil and Gas,SEO,170408,Transformation of gas into electricity,objective,False,explicit_official_transitive,0.351,SEO1998->850409 (2008)->170408 (2020)
SEO1998,660106,Gas - Conversion to Liquid Fuels,SEO,170409,Transformation of gas into fuels,objective,True,explicit_official_transitive,0.9,SEO1998->850410 (2008)->170409 (2020)
SEO1998,660107,Oil Shale and Tar Sands - Conversion to Liquid Fuels,SEO,170499,Energy transformation not elsewhere classified,objective,True,explicit_official_transitive,0.265,SEO1998->850499 (2008)->170499 (2020)
SEO1998,660199,Energy Transformation not elsewhere classified,SEO,170401,Fuel cells (excl. solid oxide),objective,False,explicit_official_transitive,0.289,SEO1998->850401 (2008)->170401 (2020)
SEO1998,660199,Energy Transformation not elsewhere classified,SEO,170499,Energy transformation not elsewhere classified,objective,True,explicit_official_transitive,0.9,SEO1998->850499 (2008)->170499 (2020)
SEO1998,660199,Energy Transformation not elsewhere classified,SEO,170404,Solid oxide fuel cells,objective,False,explicit_official_transitive,0.265,SEO1998->850404 (2008)->170404 (2020)
SEO1998,660199,Energy Transformation not elsewhere classified,SEO,170402,Hydrogen-based energy systems,objective,False,explicit_official_transitive,0.333,SEO1998->850402 (2008)->170402 (2020)
SEO1998,6602,RENEWABLE ENERGY,SEO,1708,Renewable energy,group,True,derived_empirical,1.0,"rolled up from 7 SEO1998 leaf-level mapping(s), 7 agreeing"
SEO1998,660201,Hydro-Electric,SEO,170803,Hydro-electric energy,objective,True,explicit_official_transitive,0.9,SEO1998->850503 (2008)->170803 (2020)
SEO1998,660202,Wind,SEO,170808,Wind energy,objective,True,explicit_official_transitive,0.9,SEO1998->850509 (2008)->170808 (2020)
SEO1998,660203,Ocean,SEO,170807,Wave energy,objective,True,explicit_official_transitive,0.25,SEO1998->850508 (2008)->170807 (2020)
SEO1998,660203,Ocean,SEO,170806,Tidal energy,objective,False,explicit_official_transitive,0.235,SEO1998->850507 (2008)->170806 (2020)
SEO1998,660204,Solar-Thermal,SEO,170805,Solar-thermal energy,objective,True,explicit_official_transitive,0.9,SEO1998->850506 (2008)->170805 (2020)
SEO1998,660205,Solar-Photoelectric,SEO,170804,Solar-photovoltaic energy,objective,True,explicit_official_transitive,0.9,SEO1998->850504 (2008)->170804 (2020)
SEO1998,660206,Solar-Thermal Electric,SEO,170805,Solar-thermal energy,objective,True,explicit_official_transitive,0.9,SEO1998->850505 (2008)->170805 (2020)
SEO1998,660299,Renewable Energy not elsewhere classified (e.g. Geothermal),SEO,170802,Geothermal energy,objective,False,explicit_official_transitive,0.263,SEO1998->850502 (2008)->170802 (2020)
SEO1998,660299,Renewable Energy not elsewhere classified (e.g. Geothermal),SEO,170801,Biofuel energy,objective,False,explicit_official_transitive,0.217,SEO1998->850501 (2008)->170801 (2020)
SEO1998,660299,Renewable Energy not elsewhere classified (e.g. Geothermal),SEO,170899,Renewable energy not elsewhere classified,objective,True,explicit_official_transitive,0.82,SEO1998->850599 (2008)->170899 (2020)
SEO1998,6603,ENERGY STORAGE AND DISTRIBUTION,SEO,1703,"Energy storage, distribution and supply",group,True,derived_empirical,1.0,"rolled up from 5 SEO1998 leaf-level mapping(s), 5 agreeing"
SEO1998,660301,Electricity Transmission,SEO,170306,Energy transmission and distribution (excl. hydrogen),objective,True,explicit_official_transitive,0.442,SEO1998->850604 (2008)->170306 (2020)
SEO1998,660302,Gas Distribution,SEO,170306,Energy transmission and distribution (excl. hydrogen),objective,True,explicit_official_transitive,0.464,SEO1998->850604 (2008)->170306 (2020)
SEO1998,660303,Energy Storage,SEO,170304,Energy storage (excl. hydrogen and batteries),objective,False,explicit_official_transitive,0.622,SEO1998->850602 (2008)->170304 (2020)
SEO1998,660303,Energy Storage,SEO,170308,Hydrogen storage,objective,True,explicit_official_transitive,0.667,SEO1998->850606 (2008)->170308 (2020)
SEO1998,660304,Energy Systems Analysis,SEO,170305,Energy systems and analysis,objective,True,explicit_official_transitive,0.9,SEO1998->850603 (2008)->170305 (2020)
SEO1998,660399,Energy Distribution not elsewhere classified,SEO,170307,Hydrogen distribution,objective,False,explicit_official_transitive,0.462,SEO1998->850605 (2008)->170307 (2020)
SEO1998,660399,Energy Distribution not elsewhere classified,SEO,170399,"Energy storage, distribution and supply not elsewhere classified",objective,True,explicit_official_transitive,0.815,SEO1998->850699 (2008)->170399 (2020)
SEO1998,6604,CONSERVATION AND EFFICIENCY,SEO,1701,Energy efficiency,group,True,derived_empirical,1.0,"rolled up from 4 SEO1998 leaf-level mapping(s), 4 agreeing"
SEO1998,660401,Industry,SEO,170102,Industrial energy efficiency,objective,True,explicit_official_transitive,0.9,SEO1998->850703 (2008)->170102 (2020)
SEO1998,660402,Residential and Commercial,SEO,170103,Residential energy efficiency,objective,True,explicit_official_transitive,0.528,SEO1998->850704 (2008)->170103 (2020)
SEO1998,660402,Residential and Commercial,SEO,170101,Commercial energy efficiency,objective,False,explicit_official_transitive,0.282,SEO1998->850701 (2008)->170101 (2020)
SEO1998,660403,Transport,SEO,170104,Transport energy efficiency,objective,True,explicit_official_transitive,0.9,SEO1998->850702 (2008)->170104 (2020)
SEO1998,660499,Other,SEO,170199,Energy efficiency not elsewhere classified,objective,True,explicit_official_transitive,0.9,SEO1998->850799 (2008)->170199 (2020)
SEO1998,6605,PREVENTION AND TREATMENT OF POLLUTION,SEO,1705,Environmentally sustainable energy activities,group,True,derived_empirical,1.0,"rolled up from 4 SEO1998 leaf-level mapping(s), 4 agreeing"
SEO1998,660501,Energy Transformation,SEO,170599,Environmentally sustainable energy activities not elsewhere classified,objective,False,explicit_official_transitive,0.242,SEO1998->859899 (2008)->170599 (2020)
SEO1998,660501,Energy Transformation,SEO,170501,Management of gaseous waste from energy activities (excl. greenhouse gases),objective,False,explicit_official_transitive,0.229,SEO1998->859801 (2008)->170501 (2020)
SEO1998,660501,Energy Transformation,SEO,170503,Management of solid waste from energy activities,objective,True,explicit_official_transitive,0.29,SEO1998->859805 (2008)->170503 (2020)
SEO1998,660501,Energy Transformation,SEO,170504,Management of water consumption by energy activities,objective,False,explicit_official_transitive,0.274,SEO1998->859806 (2008)->170504 (2020)
SEO1998,660501,Energy Transformation,SEO,170502,Management of liquid waste from energy activities (excl. water),objective,False,explicit_official_transitive,0.262,SEO1998->859804 (2008)->170502 (2020)
SEO1998,660501,Energy Transformation,SEO,190305,Management of greenhouse gas emissions from electricity generation,objective,False,explicit_official_transitive,0.207,SEO1998->859802 (2008)->190305 (2020)
SEO1998,660502,Renewable Energy,SEO,190305,Management of greenhouse gas emissions from electricity generation,objective,False,explicit_official_transitive,0.293,SEO1998->859802 (2008)->190305 (2020)
SEO1998,660502,Renewable Energy,SEO,170502,Management of liquid waste from energy activities (excl. water),objective,False,explicit_official_transitive,0.304,SEO1998->859804 (2008)->170502 (2020)
SEO1998,660502,Renewable Energy,SEO,170501,Management of gaseous waste from energy activities (excl. greenhouse gases),objective,False,explicit_official_transitive,0.286,SEO1998->859801 (2008)->170501 (2020)
SEO1998,660502,Renewable Energy,SEO,170504,Management of water consumption by energy activities,objective,False,explicit_official_transitive,0.353,SEO1998->859806 (2008)->170504 (2020)
SEO1998,660502,Renewable Energy,SEO,170503,Management of solid waste from energy activities,objective,True,explicit_official_transitive,0.375,SEO1998->859805 (2008)->170503 (2020)
SEO1998,660502,Renewable Energy,SEO,170599,Environmentally sustainable energy activities not elsewhere classified,objective,False,explicit_official_transitive,0.326,SEO1998->859899 (2008)->170599 (2020)
SEO1998,660503,Energy Storage and Distribution,SEO,170599,Environmentally sustainable energy activities not elsewhere classified,objective,True,explicit_official_transitive,0.277,SEO1998->859899 (2008)->170599 (2020)
SEO1998,660503,Energy Storage and Distribution,SEO,170502,Management of liquid waste from energy activities (excl. water),objective,False,explicit_official_transitive,0.213,SEO1998->859804 (2008)->170502 (2020)
SEO1998,660503,Energy Storage and Distribution,SEO,190306,Management of greenhouse gas emissions from energy activities,objective,False,explicit_official_transitive,0.276,SEO1998->859803 (2008)->190306 (2020)
SEO1998,660503,Energy Storage and Distribution,SEO,170501,Management of gaseous waste from energy activities (excl. greenhouse gases),objective,False,explicit_official_transitive,0.245,SEO1998->859801 (2008)->170501 (2020)
SEO1998,660503,Energy Storage and Distribution,SEO,170504,Management of water consumption by energy activities,objective,False,explicit_official_transitive,0.241,SEO1998->859806 (2008)->170504 (2020)
SEO1998,660503,Energy Storage and Distribution,SEO,170503,Management of solid waste from energy activities,objective,False,explicit_official_transitive,0.253,SEO1998->859805 (2008)->170503 (2020)
SEO1998,660504,Conservation and Efficiency,SEO,190306,Management of greenhouse gas emissions from energy activities,objective,False,explicit_official_transitive,0.185,SEO1998->859803 (2008)->190306 (2020)
SEO1998,660504,Conservation and Efficiency,SEO,170502,Management of liquid waste from energy activities (excl. water),objective,False,explicit_official_transitive,0.178,SEO1998->859804 (2008)->170502 (2020)
SEO1998,660504,Conservation and Efficiency,SEO,170504,Management of water consumption by energy activities,objective,True,explicit_official_transitive,0.354,SEO1998->859806 (2008)->170504 (2020)
SEO1998,660504,Conservation and Efficiency,SEO,170501,Management of gaseous waste from energy activities (excl. greenhouse gases),objective,False,explicit_official_transitive,0.216,SEO1998->859801 (2008)->170501 (2020)
SEO1998,660504,Conservation and Efficiency,SEO,170599,Environmentally sustainable energy activities not elsewhere classified,objective,False,explicit_official_transitive,0.206,SEO1998->859899 (2008)->170599 (2020)
SEO1998,660504,Conservation and Efficiency,SEO,170503,Management of solid waste from energy activities,objective,False,explicit_official_transitive,0.267,SEO1998->859805 (2008)->170503 (2020)
SEO1998,6699,OTHER,SEO,1799,Other energy,group,True,derived_empirical,1.0,"rolled up from 1 SEO1998 leaf-level mapping(s), 1 agreeing"
SEO1998,669999,Other,SEO,179999,Other energy not elsewhere classified,objective,True,explicit_official_transitive,0.278,SEO1998->859999 (2008)->179999 (2020)
SEO1998,67,MANUFACTURING,SEO,24,MANUFACTURING,division,True,derived_empirical,1.0,"rolled up from 115 SEO1998 leaf-level mapping(s), 115 agreeing"
SEO1998,6701,PROCESSED FOOD PRODUCTS AND BEVERAGES,SEO,2405,Dairy products,group,False,derived_empirical,0.111,"rolled up from 9 SEO1998 leaf-level mapping(s), 1 agreeing"
SEO1998,6701,PROCESSED FOOD PRODUCTS AND BEVERAGES,SEO,2413,Processed food products and beverages (excl. dairy products),group,True,derived_empirical,0.889,"rolled up from 9 SEO1998 leaf-level mapping(s), 8 agreeing"
SEO1998,670101,Carcass Meat,SEO,241303,Carcass meat (incl. fish and seafood),objective,True,explicit_official_transitive,0.9,SEO1998->860103 (2008)->241303 (2020)
SEO1998,670102,Meat Products,SEO,241312,Processed meat products,objective,True,explicit_official_transitive,0.9,SEO1998->860109 (2008)->241312 (2020)
SEO1998,670103,Fish Products,SEO,241310,Processed fish and seafood products,objective,True,explicit_official_transitive,0.9,SEO1998->860107 (2008)->241310 (2020)
SEO1998,670104,Fruit and Vegetable Products (incl. Fruit Juices),SEO,241311,Processed fruit and vegetable products (incl. juices),objective,True,explicit_official_transitive,0.9,SEO1998->860108 (2008)->241311 (2020)
SEO1998,670105,Dairy Products,SEO,240501,Butter and milk-derived fats and oils (excl. cream),objective,False,explicit_official_transitive,0.123,SEO1998->860201 (2008)->240501 (2020)
SEO1998,670105,Dairy Products,SEO,240502,Casein,objective,False,explicit_official_transitive,0.2,SEO1998->860202 (2008)->240502 (2020)
SEO1998,670105,Dairy Products,SEO,240599,Dairy products not elsewhere classified,objective,True,explicit_official_transitive,0.528,SEO1998->860299 (2008)->240599 (2020)
SEO1998,670105,Dairy Products,SEO,240504,"Processed milk and cream (incl. powder, evaporated and condensed)",objective,False,explicit_official_transitive,0.177,SEO1998->860204 (2008)->240504 (2020)
SEO1998,670105,Dairy Products,SEO,240503,Cheese,objective,False,explicit_official_transitive,0.2,SEO1998->860203 (2008)->240503 (2020)
SEO1998,670105,Dairy Products,SEO,240505,Whey,objective,False,explicit_official_transitive,0.111,SEO1998->860205 (2008)->240505 (2020)
SEO1998,670106,Oils and Fats (incl. Margarines),SEO,241309,Oils and fats (incl. margarines),objective,True,explicit_official_transitive,0.9,SEO1998->860106 (2008)->241309 (2020)
SEO1998,670107,"Grain Mill Products, Starch and Starch Products (incl. Sugar, Bakery Products)",SEO,241313,"Sugar, sweeteners and confectionery products",objective,True,explicit_official_transitive,0.473,SEO1998->860111 (2008)->241313 (2020)
SEO1998,670107,"Grain Mill Products, Starch and Starch Products (incl. Sugar, Bakery Products)",SEO,241304,Flour mill and cereal food,objective,False,explicit_official_transitive,0.288,SEO1998->860104 (2008)->241304 (2020)
SEO1998,670107,"Grain Mill Products, Starch and Starch Products (incl. Sugar, Bakery Products)",SEO,241302,Bakery products,objective,False,explicit_official_transitive,0.323,SEO1998->860101 (2008)->241302 (2020)
SEO1998,670108,"Beverages (e.g. Alcohol, Wines, Soft Drinks, excl. Fruit Juices)",SEO,241306,Non-alcoholic beverages (excl. fruit juices and non-dairy milk),objective,True,explicit_official_transitive,0.9,SEO1998->860102 (2008)->241306 (2020)
SEO1998,670199,Processed Food Products and Beverages not elsewhere classified,SEO,241399,Processed food products and beverages (excl. dairy products) not elsewhere classified,objective,False,explicit_official_transitive,0.27,SEO1998->860110 (2008)->241399 (2020)
SEO1998,670199,Processed Food Products and Beverages not elsewhere classified,SEO,241399,Processed food products and beverages (excl. dairy products) not elsewhere classified,objective,True,explicit_official_transitive,0.844,SEO1998->860199 (2008)->241399 (2020)
SEO1998,670199,Processed Food Products and Beverages not elsewhere classified,SEO,241308,Nutraceuticals and functional foods,objective,False,explicit_official_transitive,0.268,SEO1998->860105 (2008)->241308 (2020)
SEO1998,6702,FIBRE PROCESSING AND TEXTILES; FOOTWEAR AND LEATHER PRODUCTS,SEO,2411,"Leather products, fibre processing and textiles",group,True,derived_empirical,1.0,"rolled up from 9 SEO1998 leaf-level mapping(s), 9 agreeing"
SEO1998,670201,Cotton Ginning,SEO,241102,Cotton ginning,objective,True,explicit_official_transitive,0.9,SEO1998->860402 (2008)->241102 (2020)
SEO1998,670202,Wool Scouring and Top Making,SEO,241107,Wool scouring and top making,objective,True,explicit_official_transitive,0.9,SEO1998->860407 (2008)->241107 (2020)
SEO1998,670203,"Natural Fibres, Yarns and Fabrics",SEO,241103,"Natural fibres, yarns and fabrics",objective,True,explicit_official_transitive,0.9,SEO1998->860403 (2008)->241103 (2020)
SEO1998,670204,"Synthetic Fibres, Yarns and Fabrics",SEO,241106,"Synthetic fibres, yarns and fabrics",objective,True,explicit_official_transitive,0.9,SEO1998->860406 (2008)->241106 (2020)
SEO1998,670205,Other Fibre Processing and Textiles,SEO,241199,"Leather products, fibre processing and textiles not elsewhere classified",objective,True,explicit_official_transitive,0.636,SEO1998->860499 (2008)->241199 (2020)
SEO1998,670205,Other Fibre Processing and Textiles,SEO,241104,Non-fabric textiles (e.g. felt),objective,False,explicit_official_transitive,0.424,SEO1998->860404 (2008)->241104 (2020)
SEO1998,670206,"Processed Skins, Leather and Leather Products not elsewhere classified",SEO,241105,"Skins, leather and leather products",objective,True,explicit_official_transitive,0.9,SEO1998->860405 (2008)->241105 (2020)
SEO1998,670207,Clothing,SEO,241101,Clothing,objective,True,explicit_official_transitive,0.9,SEO1998->860401 (2008)->241101 (2020)
SEO1998,670208,Footwear,SEO,241199,"Leather products, fibre processing and textiles not elsewhere classified",objective,True,explicit_official_transitive,0.175,SEO1998->860499 (2008)->241199 (2020)
SEO1998,670299,Other,SEO,241199,"Leather products, fibre processing and textiles not elsewhere classified",objective,True,explicit_official_transitive,0.104,SEO1998->860499 (2008)->241199 (2020)
SEO1998,6703,"WOOD, WOOD PRODUCTS AND PAPER",SEO,2417,"Wood, wood products and paper",group,True,derived_empirical,1.0,"rolled up from 9 SEO1998 leaf-level mapping(s), 9 agreeing"
SEO1998,670301,Hardwood Sawing and Veneer,SEO,241705,Wood sawing and veneer,objective,True,explicit_official_transitive,0.9,SEO1998->860505 (2008)->241705 (2020)
SEO1998,670302,Softwood Sawing and Veneer,SEO,241705,Wood sawing and veneer,objective,True,explicit_official_transitive,0.9,SEO1998->860505 (2008)->241705 (2020)
SEO1998,670303,Pulp and Paper,SEO,241701,Paper products and pulp,objective,True,explicit_official_transitive,0.9,SEO1998->860503 (2008)->241701 (2020)
SEO1998,670304,"Reconstituted Timber Products (e.g. Chipboard, Particleboard)",SEO,241703,Reconstituted timber products,objective,True,explicit_official_transitive,0.9,SEO1998->860504 (2008)->241703 (2020)
SEO1998,670305,Woodchips,SEO,241799,"Wood, wood products and paper not elsewhere classified",objective,True,explicit_official_transitive,0.222,SEO1998->860599 (2008)->241799 (2020)
SEO1998,670306,Wood Products not elsewhere classified,SEO,241799,"Wood, wood products and paper not elsewhere classified",objective,True,explicit_official_transitive,0.826,SEO1998->860599 (2008)->241799 (2020)
SEO1998,670307,Paper Products,SEO,241701,Paper products and pulp,objective,True,explicit_official_transitive,0.571,SEO1998->860501 (2008)->241701 (2020)
SEO1998,670308,Printing and Publishing Processes,SEO,241702,Printing and publishing processes,objective,True,explicit_official_transitive,0.9,SEO1998->860502 (2008)->241702 (2020)
SEO1998,670399,Other,SEO,241701,Paper products and pulp,objective,False,explicit_official_transitive,0.1,SEO1998->860501 (2008)->241701 (2020)
SEO1998,670399,Other,SEO,241799,"Wood, wood products and paper not elsewhere classified",objective,True,explicit_official_transitive,0.169,SEO1998->860599 (2008)->241799 (2020)
SEO1998,6704,HUMAN PHARMACEUTICAL PRODUCTS,SEO,2408,Human pharmaceutical products,group,True,derived_empirical,1.0,"rolled up from 4 SEO1998 leaf-level mapping(s), 4 agreeing"
SEO1998,670401,Prevention - Biologicals (e.g. Vaccines),SEO,240801,Human biological preventatives,objective,True,explicit_official_transitive,0.9,SEO1998->860801 (2008)->240801 (2020)
SEO1998,670402,Diagnostics,SEO,240802,Human diagnostics,objective,True,explicit_official_transitive,0.9,SEO1998->860802 (2008)->240802 (2020)
SEO1998,670403,"Treatments (e.g. Chemicals, Antibiotics)",SEO,240803,Human pharmaceutical treatments,objective,True,explicit_official_transitive,0.9,SEO1998->860803 (2008)->240803 (2020)
SEO1998,670499,Other,SEO,240899,Human pharmaceutical products not elsewhere classified,objective,True,explicit_official_transitive,0.9,SEO1998->860899 (2008)->240899 (2020)
SEO1998,6705,VETERINARY PHARMACEUTICAL PRODUCTS,SEO,2416,Veterinary pharmaceutical products,group,True,derived_empirical,1.0,"rolled up from 4 SEO1998 leaf-level mapping(s), 4 agreeing"
SEO1998,670501,Prevention - Biologicals (e.g. Vaccines),SEO,241601,Veterinary biological preventatives,objective,True,explicit_official_transitive,0.9,SEO1998->860901 (2008)->241601 (2020)
SEO1998,670502,Diagnostics,SEO,241602,Veterinary diagnostics,objective,True,explicit_official_transitive,0.9,SEO1998->860902 (2008)->241602 (2020)
SEO1998,670503,"Treatments (e.g. Chemicals, Antibiotics)",SEO,241603,Veterinary pharmaceutical treatments,objective,True,explicit_official_transitive,0.9,SEO1998->860903 (2008)->241603 (2020)
SEO1998,670599,Other (incl. Production Enhancement),SEO,241699,Veterinary pharmaceutical products not elsewhere classified,objective,True,explicit_official_transitive,0.9,SEO1998->860999 (2008)->241699 (2020)
SEO1998,6706,AGRICULTURAL CHEMICALS,SEO,2401,Agricultural chemicals,group,True,derived_empirical,1.0,"rolled up from 3 SEO1998 leaf-level mapping(s), 3 agreeing"
SEO1998,670601,Chemical Fertilisers,SEO,240102,Chemical fertilisers,objective,True,explicit_official_transitive,0.9,SEO1998->860702 (2008)->240102 (2020)
SEO1998,670602,Crop and Animal Protection Chemicals,SEO,240103,Crop and pasture protection chemicals,objective,False,explicit_official_transitive,0.82,SEO1998->860703 (2008)->240103 (2020)
SEO1998,670602,Crop and Animal Protection Chemicals,SEO,240101,Animal protection chemicals,objective,True,explicit_official_transitive,0.857,SEO1998->860701 (2008)->240101 (2020)
SEO1998,670699,Agricultural Chemicals not elsewhere classified,SEO,240199,Agricultural chemicals not elsewhere classified,objective,True,explicit_official_transitive,0.9,SEO1998->860799 (2008)->240199 (2020)
SEO1998,6707,INDUSTRIAL CHEMICALS AND RELATED PRODUCTS,SEO,2409,Industrial chemicals and related products,group,True,derived_empirical,1.0,"rolled up from 12 SEO1998 leaf-level mapping(s), 12 agreeing"
SEO1998,670701,Industrial Gases,SEO,240905,Industrial gases,objective,True,explicit_official_transitive,0.9,SEO1998->860601 (2008)->240905 (2020)
SEO1998,670702,Synthetic Resins and Rubber,SEO,240911,Resins,objective,True,explicit_official_transitive,0.593,SEO1998->860608 (2008)->240911 (2020)
SEO1998,670703,Rubber Products,SEO,240911,Resins,objective,True,explicit_official_transitive,0.429,SEO1998->860608 (2008)->240911 (2020)
SEO1998,670704,Plastics in Primary Forms,SEO,240910,Plastics,objective,True,explicit_official_transitive,0.9,SEO1998->860606 (2008)->240910 (2020)
SEO1998,670705,Plastic Products (incl. Construction Materials),SEO,240910,Plastics,objective,True,explicit_official_transitive,0.9,SEO1998->860607 (2008)->240910 (2020)
SEO1998,670706,Organic Industrial Chemicals not elsewhere classified,SEO,240908,"Organic industrial chemicals (excl. resins, rubber and plastics)",objective,True,explicit_official_transitive,0.9,SEO1998->860604 (2008)->240908 (2020)
SEO1998,670707,Inorganic Industrial Chemicals,SEO,240906,Inorganic industrial chemicals,objective,True,explicit_official_transitive,0.9,SEO1998->860602 (2008)->240906 (2020)
SEO1998,670708,Paints,SEO,240909,Paints,objective,True,explicit_official_transitive,0.9,SEO1998->860605 (2008)->240909 (2020)
SEO1998,670709,Soaps and Cosmetics,SEO,240903,Cosmetics,objective,True,explicit_official_transitive,0.9,SEO1998->860609 (2008)->240903 (2020)
SEO1998,670710,Bituminous Products,SEO,240999,Industrial chemicals and related products not elsewhere classified,objective,True,explicit_official_transitive,0.329,SEO1998->860699 (2008)->240999 (2020)
SEO1998,670711,Lubricants,SEO,240907,Lubricants,objective,True,explicit_official_transitive,0.9,SEO1998->860603 (2008)->240907 (2020)
SEO1998,670799,Other,SEO,240999,Industrial chemicals and related products not elsewhere classified,objective,True,explicit_official_transitive,0.141,SEO1998->860699 (2008)->240999 (2020)
SEO1998,6708,BASIC METAL PRODUCTS (INCL. SMELTING),SEO,2402,Basic metal products,group,True,derived_empirical,1.0,"rolled up from 4 SEO1998 leaf-level mapping(s), 4 agreeing"
SEO1998,670801,"Iron and Steel (e.g. Ingots, Bars, Rods, Shapes and Sections)",SEO,240203,Basic iron and steel products,objective,True,explicit_official_transitive,0.9,SEO1998->861103 (2008)->240203 (2020)
SEO1998,670802,Aluminium,SEO,240201,Basic aluminium products,objective,True,explicit_official_transitive,0.9,SEO1998->861101 (2008)->240201 (2020)
SEO1998,670803,"Precious Metals (e.g. Refined Bullion, Wire and Strip)",SEO,240204,Basic precious metal products,objective,True,explicit_official_transitive,0.9,SEO1998->861104 (2008)->240204 (2020)
SEO1998,670899,"Other Non-Ferrous Metals (e.g. Copper, Zinc)",SEO,240202,Basic copper products,objective,True,explicit_official_transitive,0.308,SEO1998->861102 (2008)->240202 (2020)
SEO1998,670899,"Other Non-Ferrous Metals (e.g. Copper, Zinc)",SEO,240205,Basic zinc products,objective,False,explicit_official_transitive,0.222,SEO1998->861105 (2008)->240205 (2020)
SEO1998,670899,"Other Non-Ferrous Metals (e.g. Copper, Zinc)",SEO,240299,Basic metal products not elsewhere classified,objective,False,explicit_official_transitive,0.203,SEO1998->861199 (2008)->240299 (2020)
SEO1998,6709,"CERAMICS, GLASS AND INDUSTRIAL MINERAL PRODUCTS",SEO,2403,"Ceramics, glass and industrial mineral products",group,True,derived_empirical,1.0,"rolled up from 5 SEO1998 leaf-level mapping(s), 5 agreeing"
SEO1998,670901,Ceramics,SEO,240302,Ceramics,objective,True,explicit_official_transitive,0.9,SEO1998->861002 (2008)->240302 (2020)
SEO1998,670902,Structural Glass and Glass Products,SEO,240306,Structural glass and glass products,objective,True,explicit_official_transitive,0.9,SEO1998->861005 (2008)->240306 (2020)
SEO1998,670903,Clay Products,SEO,240303,Clay products,objective,True,explicit_official_transitive,0.9,SEO1998->861003 (2008)->240303 (2020)
SEO1998,670904,Cement and Concrete Materials,SEO,240301,Cement products and concrete materials,objective,True,explicit_official_transitive,0.9,SEO1998->861001 (2008)->240301 (2020)
SEO1998,670999,"Ceramics, Glass and Industrial Mineral Products not elsewhere classified",SEO,240399,"Ceramics, glass and industrial mineral products not elsewhere classified",objective,True,explicit_official_transitive,0.9,SEO1998->861099 (2008)->240399 (2020)
SEO1998,670999,"Ceramics, Glass and Industrial Mineral Products not elsewhere classified",SEO,240305,Plaster and plaster products,objective,False,explicit_official_transitive,0.42,SEO1998->861004 (2008)->240305 (2020)
SEO1998,6710,FABRICATED METAL PRODUCTS,SEO,2407,Fabricated metal products,group,True,derived_empirical,1.0,"rolled up from 6 SEO1998 leaf-level mapping(s), 6 agreeing"
SEO1998,671001,Structural Metal Products,SEO,240706,Structural metal products,objective,True,explicit_official_transitive,0.9,SEO1998->861206 (2008)->240706 (2020)
SEO1998,671002,Sheet Metal Products,SEO,240705,Sheet metal products,objective,True,explicit_official_transitive,0.9,SEO1998->861205 (2008)->240705 (2020)
SEO1998,671003,Semi-Finished Metal Products,SEO,240704,Semi-finished metal products,objective,True,explicit_official_transitive,0.9,SEO1998->861204 (2008)->240704 (2020)
SEO1998,671004,Castings,SEO,240703,Metal castings,objective,True,explicit_official_transitive,0.9,SEO1998->861203 (2008)->240703 (2020)
SEO1998,671005,Machined Products,SEO,240702,Machined metal products,objective,True,explicit_official_transitive,0.9,SEO1998->861202 (2008)->240702 (2020)
SEO1998,671099,Fabricated Metal Products not elsewhere classified,SEO,240799,Fabricated metal products not elsewhere classified,objective,True,explicit_official_transitive,0.9,SEO1998->861299 (2008)->240799 (2020)
SEO1998,671099,Fabricated Metal Products not elsewhere classified,SEO,240701,Coated metal and metal-coated products,objective,False,explicit_official_transitive,0.455,SEO1998->861201 (2008)->240701 (2020)
SEO1998,6711,TRANSPORT EQUIPMENT,SEO,2415,Transport equipment,group,True,derived_empirical,1.0,"rolled up from 5 SEO1998 leaf-level mapping(s), 5 agreeing"
SEO1998,671101,Automotive Equipment,SEO,241502,Automotive equipment,objective,True,explicit_official_transitive,0.9,SEO1998->861302 (2008)->241502 (2020)
SEO1998,671102,Rail Equipment,SEO,241504,Rail equipment,objective,True,explicit_official_transitive,0.9,SEO1998->861304 (2008)->241504 (2020)
SEO1998,671103,Nautical Equipment,SEO,241503,Nautical equipment,objective,True,explicit_official_transitive,0.706,SEO1998->861303 (2008)->241503 (2020)
SEO1998,671103,Nautical Equipment,SEO,241503,Nautical equipment,objective,False,explicit_official_transitive,0.167,SEO1998->861305 (2008)->241503 (2020)
SEO1998,671104,Aerospace Equipment,SEO,241501,Aerospace equipment,objective,True,explicit_official_transitive,0.9,SEO1998->861301 (2008)->241501 (2020)
SEO1998,671199,Transport Equipment not elsewhere classified,SEO,241599,Transport equipment not elsewhere classified,objective,True,explicit_official_transitive,0.9,SEO1998->861399 (2008)->241599 (2020)
SEO1998,6712,COMPUTER HARDWARE AND ELECTRONIC EQUIPMENT,SEO,2404,"Computer, electronic and communication equipment",group,True,derived_empirical,1.0,"rolled up from 7 SEO1998 leaf-level mapping(s), 7 agreeing"
SEO1998,671201,Integrated Circuits and Devices,SEO,240403,Integrated circuits and devices,objective,True,explicit_official_transitive,0.9,SEO1998->861603 (2008)->240403 (2020)
SEO1998,671202,Modules - Special and Attached Processors,SEO,240406,Processor modules,objective,True,explicit_official_transitive,0.345,SEO1998->861605 (2008)->240406 (2020)
SEO1998,671203,Modules - Other Processes,SEO,240406,Processor modules,objective,True,explicit_official_transitive,0.333,SEO1998->861605 (2008)->240406 (2020)
SEO1998,671204,Electronic Office Equipment,SEO,240401,Computer and electronic office equipment (excl. communication equipment),objective,True,explicit_official_transitive,0.806,SEO1998->861601 (2008)->240401 (2020)
SEO1998,671205,Computer Equipment,SEO,240401,Computer and electronic office equipment (excl. communication equipment),objective,True,explicit_official_transitive,0.621,SEO1998->861601 (2008)->240401 (2020)
SEO1998,671206,Integrated Systems,SEO,240404,Integrated systems,objective,True,explicit_official_transitive,0.9,SEO1998->861604 (2008)->240404 (2020)
SEO1998,671299,Computer Hardware and Electronic Equipment not elsewhere classified,SEO,240499,"Computer, electronic and communication equipment not elsewhere classified",objective,True,explicit_official_transitive,0.9,SEO1998->861699 (2008)->240499 (2020)
SEO1998,671299,Computer Hardware and Electronic Equipment not elsewhere classified,SEO,240402,Consumer electronic equipment (excl. communication equipment),objective,False,explicit_official_transitive,0.5,SEO1998->861602 (2008)->240402 (2020)
SEO1998,671299,Computer Hardware and Electronic Equipment not elsewhere classified,SEO,240408,Satellite navigation equipment,objective,False,explicit_official_transitive,0.371,SEO1998->861606 (2008)->240408 (2020)
SEO1998,6713,COMMUNICATION EQUIPMENT,SEO,2404,"Computer, electronic and communication equipment",group,True,derived_empirical,1.0,"rolled up from 7 SEO1998 leaf-level mapping(s), 7 agreeing"
SEO1998,671301,Broadcasting Equipment,SEO,240499,"Computer, electronic and communication equipment not elsewhere classified",objective,True,explicit_official_transitive,0.457,SEO1998->861799 (2008)->240499 (2020)
SEO1998,671302,Postal Equipment,SEO,240499,"Computer, electronic and communication equipment not elsewhere classified",objective,True,explicit_official_transitive,0.375,SEO1998->861799 (2008)->240499 (2020)
SEO1998,671303,Voice Equipment,SEO,240410,Voice and data equipment,objective,True,explicit_official_transitive,0.769,SEO1998->861703 (2008)->240410 (2020)
SEO1998,671304,"Data, Image and Text Equipment",SEO,240410,Voice and data equipment,objective,True,explicit_official_transitive,0.667,SEO1998->861703 (2008)->240410 (2020)
SEO1998,671305,Network Transmission Equipment,SEO,240405,Network infrastructure equipment,objective,True,explicit_official_transitive,0.645,SEO1998->861701 (2008)->240405 (2020)
SEO1998,671306,Network Switching Equipment,SEO,240405,Network infrastructure equipment,objective,True,explicit_official_transitive,0.678,SEO1998->861701 (2008)->240405 (2020)
SEO1998,671399,Communication Equipment not elsewhere classified,SEO,240409,Telemetry equipment,objective,False,explicit_official_transitive,0.358,SEO1998->861702 (2008)->240409 (2020)
SEO1998,671399,Communication Equipment not elsewhere classified,SEO,240499,"Computer, electronic and communication equipment not elsewhere classified",objective,True,explicit_official_transitive,0.9,SEO1998->861799 (2008)->240499 (2020)
SEO1998,6714,INSTRUMENTATION,SEO,2410,Instrumentation,group,True,derived_empirical,1.0,"rolled up from 5 SEO1998 leaf-level mapping(s), 5 agreeing"
SEO1998,671401,Scientific Instrumentation,SEO,241003,Scientific instruments,objective,True,explicit_official_transitive,0.9,SEO1998->861503 (2008)->241003 (2020)
SEO1998,671402,Medical Instrumentation,SEO,241002,Medical instruments,objective,True,explicit_official_transitive,0.9,SEO1998->861502 (2008)->241002 (2020)
SEO1998,671403,Industrial Instrumentation,SEO,241001,Industrial instruments,objective,True,explicit_official_transitive,0.9,SEO1998->861501 (2008)->241001 (2020)
SEO1998,671404,Photographic Equipment,SEO,241099,Instrumentation not elsewhere classified,objective,True,explicit_official_transitive,0.226,SEO1998->861599 (2008)->241099 (2020)
SEO1998,671499,Instrumentation not elsewhere classified,SEO,241099,Instrumentation not elsewhere classified,objective,True,explicit_official_transitive,0.9,SEO1998->861599 (2008)->241099 (2020)
SEO1998,6715,MACHINERY AND EQUIPMENT,SEO,2412,Machinery and equipment,group,True,derived_empirical,1.0,"rolled up from 6 SEO1998 leaf-level mapping(s), 6 agreeing"
SEO1998,671501,Agricultural Machinery and Equipment,SEO,241204,Industrial machinery and equipment,objective,True,explicit_official_transitive,0.9,SEO1998->861401 (2008)->241204 (2020)
SEO1998,671502,Mining Machinery and Equipment,SEO,241204,Industrial machinery and equipment,objective,True,explicit_official_transitive,0.9,SEO1998->861404 (2008)->241204 (2020)
SEO1998,671503,Appliances and Electrical Machinery and Equipment,SEO,241203,Electrical machinery and equipment (incl. appliances),objective,True,explicit_official_transitive,0.9,SEO1998->861402 (2008)->241203 (2020)
SEO1998,671504,Industrial Machinery and Equipment,SEO,241204,Industrial machinery and equipment,objective,True,explicit_official_transitive,0.9,SEO1998->861403 (2008)->241204 (2020)
SEO1998,671505,Construction Machinery and Equipment,SEO,241299,Machinery and equipment not elsewhere classified,objective,True,explicit_official_transitive,0.548,SEO1998->861499 (2008)->241299 (2020)
SEO1998,671599,Machinery and Equipment not elsewhere classified,SEO,241299,Machinery and equipment not elsewhere classified,objective,True,explicit_official_transitive,0.9,SEO1998->861499 (2008)->241299 (2020)
SEO1998,6716,OTHER MANUFACTURED PRODUCTS,SEO,2414,"Processed non-food agriculture products (excl. wood, paper and fibre)",group,False,derived_empirical,0.25,"rolled up from 4 SEO1998 leaf-level mapping(s), 1 agreeing"
SEO1998,6716,OTHER MANUFACTURED PRODUCTS,SEO,2499,Other manufacturing,group,True,derived_empirical,0.75,"rolled up from 4 SEO1998 leaf-level mapping(s), 3 agreeing"
SEO1998,671601,Tobacco Products,SEO,241499,"Processed non-food agricultural products (excl. wood, paper and fibre) not elsewhere classified",objective,True,explicit_official_transitive,0.198,SEO1998->860399 (2008)->241499 (2020)
SEO1998,671602,Furniture,SEO,249999,Other manufacturing not elsewhere classified,objective,True,explicit_official_transitive,0.9,SEO1998->869901 (2008)->249999 (2020)
SEO1998,671603,Prefabricated Buildings,SEO,249999,Other manufacturing not elsewhere classified,objective,True,explicit_official_transitive,0.23,SEO1998->869999 (2008)->249999 (2020)
SEO1998,671699,Manufactured Products not elsewhere classified,SEO,241404,Prepared animal feed,objective,False,explicit_official_transitive,0.273,SEO1998->860304 (2008)->241404 (2020)
SEO1998,671699,Manufactured Products not elsewhere classified,SEO,249999,Other manufacturing not elsewhere classified,objective,True,explicit_official_transitive,0.833,SEO1998->869999 (2008)->249999 (2020)
SEO1998,671699,Manufactured Products not elsewhere classified,SEO,241499,"Processed non-food agricultural products (excl. wood, paper and fibre) not elsewhere classified",objective,False,explicit_official_transitive,0.553,SEO1998->860399 (2008)->241499 (2020)
SEO1998,671699,Manufactured Products not elsewhere classified,SEO,241402,Organic fertilisers,objective,False,explicit_official_transitive,0.277,SEO1998->860302 (2008)->241402 (2020)
SEO1998,671699,Manufactured Products not elsewhere classified,SEO,241401,Essential oils,objective,False,explicit_official_transitive,0.092,SEO1998->860301 (2008)->241401 (2020)
SEO1998,671699,Manufactured Products not elsewhere classified,SEO,241403,Plant extracts,objective,False,explicit_official_transitive,0.3,SEO1998->860303 (2008)->241403 (2020)
SEO1998,6717,PREVENTION AND TREATMENT OF POLLUTION,SEO,2406,Environmentally sustainable manufacturing activities,group,True,derived_empirical,1.0,"rolled up from 16 SEO1998 leaf-level mapping(s), 16 agreeing"
SEO1998,671701,Processed Food Products and Beverages,SEO,240602,Management of gaseous waste from manufacturing activities (excl. greenhouse gases),objective,False,explicit_official_transitive,0.101,SEO1998->869801 (2008)->240602 (2020)
SEO1998,671701,Processed Food Products and Beverages,SEO,240603,Management of liquid waste from manufacturing activities (excl. water),objective,False,explicit_official_transitive,0.112,SEO1998->869803 (2008)->240603 (2020)
SEO1998,671701,Processed Food Products and Beverages,SEO,240699,Environmentally sustainable manufacturing activities not elsewhere classified,objective,True,explicit_official_transitive,0.155,SEO1998->869899 (2008)->240699 (2020)
SEO1998,671701,Processed Food Products and Beverages,SEO,190308,Management of greenhouse gas emissions from manufacturing activities,objective,False,explicit_official_transitive,0.114,SEO1998->869802 (2008)->190308 (2020)
SEO1998,671701,Processed Food Products and Beverages,SEO,240605,Management of water consumption by manufacturing activities,objective,False,explicit_official_transitive,0.125,SEO1998->869805 (2008)->240605 (2020)
SEO1998,671701,Processed Food Products and Beverages,SEO,240604,Management of solid waste from manufacturing activities,objective,False,explicit_official_transitive,0.13,SEO1998->869804 (2008)->240604 (2020)
SEO1998,671702,Fibre Processing and Textiles; Footwear and Leather Products,SEO,190308,Management of greenhouse gas emissions from manufacturing activities,objective,False,explicit_official_transitive,0.25,SEO1998->869802 (2008)->190308 (2020)
SEO1998,671702,Fibre Processing and Textiles; Footwear and Leather Products,SEO,240603,Management of liquid waste from manufacturing activities (excl. water),objective,False,explicit_official_transitive,0.246,SEO1998->869803 (2008)->240603 (2020)
SEO1998,671702,Fibre Processing and Textiles; Footwear and Leather Products,SEO,240602,Management of gaseous waste from manufacturing activities (excl. greenhouse gases),objective,False,explicit_official_transitive,0.239,SEO1998->869801 (2008)->240602 (2020)
SEO1998,671702,Fibre Processing and Textiles; Footwear and Leather Products,SEO,240605,Management of water consumption by manufacturing activities,objective,False,explicit_official_transitive,0.218,SEO1998->869805 (2008)->240605 (2020)
SEO1998,671702,Fibre Processing and Textiles; Footwear and Leather Products,SEO,240699,Environmentally sustainable manufacturing activities not elsewhere classified,objective,True,explicit_official_transitive,0.286,SEO1998->869899 (2008)->240699 (2020)
SEO1998,671702,Fibre Processing and Textiles; Footwear and Leather Products,SEO,240604,Management of solid waste from manufacturing activities,objective,False,explicit_official_transitive,0.278,SEO1998->869804 (2008)->240604 (2020)
SEO1998,671703,"Wood, Wood Products and Paper",SEO,240699,Environmentally sustainable manufacturing activities not elsewhere classified,objective,False,explicit_official_transitive,0.168,SEO1998->869899 (2008)->240699 (2020)
SEO1998,671703,"Wood, Wood Products and Paper",SEO,240602,Management of gaseous waste from manufacturing activities (excl. greenhouse gases),objective,False,explicit_official_transitive,0.252,SEO1998->869801 (2008)->240602 (2020)
SEO1998,671703,"Wood, Wood Products and Paper",SEO,190308,Management of greenhouse gas emissions from manufacturing activities,objective,False,explicit_official_transitive,0.268,SEO1998->869802 (2008)->190308 (2020)
SEO1998,671703,"Wood, Wood Products and Paper",SEO,240605,Management of water consumption by manufacturing activities,objective,False,explicit_official_transitive,0.273,SEO1998->869805 (2008)->240605 (2020)
SEO1998,671703,"Wood, Wood Products and Paper",SEO,240604,Management of solid waste from manufacturing activities,objective,True,explicit_official_transitive,0.333,SEO1998->869804 (2008)->240604 (2020)
SEO1998,671703,"Wood, Wood Products and Paper",SEO,240603,Management of liquid waste from manufacturing activities (excl. water),objective,False,explicit_official_transitive,0.303,SEO1998->869803 (2008)->240603 (2020)
SEO1998,671704,Human Pharmaceutical Products,SEO,240602,Management of gaseous waste from manufacturing activities (excl. greenhouse gases),objective,False,explicit_official_transitive,0.27,SEO1998->869801 (2008)->240602 (2020)
SEO1998,671704,Human Pharmaceutical Products,SEO,240699,Environmentally sustainable manufacturing activities not elsewhere classified,objective,False,explicit_official_transitive,0.189,SEO1998->869899 (2008)->240699 (2020)
SEO1998,671704,Human Pharmaceutical Products,SEO,240605,Management of water consumption by manufacturing activities,objective,False,explicit_official_transitive,0.295,SEO1998->869805 (2008)->240605 (2020)
SEO1998,671704,Human Pharmaceutical Products,SEO,240603,Management of liquid waste from manufacturing activities (excl. water),objective,False,explicit_official_transitive,0.303,SEO1998->869803 (2008)->240603 (2020)
SEO1998,671704,Human Pharmaceutical Products,SEO,190308,Management of greenhouse gas emissions from manufacturing activities,objective,False,explicit_official_transitive,0.309,SEO1998->869802 (2008)->190308 (2020)
SEO1998,671704,Human Pharmaceutical Products,SEO,240604,Management of solid waste from manufacturing activities,objective,True,explicit_official_transitive,0.333,SEO1998->869804 (2008)->240604 (2020)
SEO1998,671705,Veterinary Pharmaceutical Products,SEO,240604,Management of solid waste from manufacturing activities,objective,True,explicit_official_transitive,0.292,SEO1998->869804 (2008)->240604 (2020)
SEO1998,671705,Veterinary Pharmaceutical Products,SEO,240605,Management of water consumption by manufacturing activities,objective,False,explicit_official_transitive,0.28,SEO1998->869805 (2008)->240605 (2020)
SEO1998,671705,Veterinary Pharmaceutical Products,SEO,190308,Management of greenhouse gas emissions from manufacturing activities,objective,False,explicit_official_transitive,0.255,SEO1998->869802 (2008)->190308 (2020)
SEO1998,671705,Veterinary Pharmaceutical Products,SEO,240602,Management of gaseous waste from manufacturing activities (excl. greenhouse gases),objective,False,explicit_official_transitive,0.241,SEO1998->869801 (2008)->240602 (2020)
SEO1998,671705,Veterinary Pharmaceutical Products,SEO,240699,Environmentally sustainable manufacturing activities not elsewhere classified,objective,False,explicit_official_transitive,0.2,SEO1998->869899 (2008)->240699 (2020)
SEO1998,671705,Veterinary Pharmaceutical Products,SEO,240603,Management of liquid waste from manufacturing activities (excl. water),objective,False,explicit_official_transitive,0.096,SEO1998->869803 (2008)->240603 (2020)
SEO1998,671706,Agricultural Chemicals,SEO,240699,Environmentally sustainable manufacturing activities not elsewhere classified,objective,False,explicit_official_transitive,0.227,SEO1998->869899 (2008)->240699 (2020)
SEO1998,671706,Agricultural Chemicals,SEO,240603,Management of liquid waste from manufacturing activities (excl. water),objective,False,explicit_official_transitive,0.239,SEO1998->869803 (2008)->240603 (2020)
SEO1998,671706,Agricultural Chemicals,SEO,240602,Management of gaseous waste from manufacturing activities (excl. greenhouse gases),objective,False,explicit_official_transitive,0.269,SEO1998->869801 (2008)->240602 (2020)
SEO1998,671706,Agricultural Chemicals,SEO,190308,Management of greenhouse gas emissions from manufacturing activities,objective,False,explicit_official_transitive,0.267,SEO1998->869802 (2008)->190308 (2020)
SEO1998,671706,Agricultural Chemicals,SEO,240604,Management of solid waste from manufacturing activities,objective,False,explicit_official_transitive,0.286,SEO1998->869804 (2008)->240604 (2020)
SEO1998,671706,Agricultural Chemicals,SEO,240605,Management of water consumption by manufacturing activities,objective,True,explicit_official_transitive,0.296,SEO1998->869805 (2008)->240605 (2020)
SEO1998,671707,Industrial Chemicals and Related Products,SEO,240602,Management of gaseous waste from manufacturing activities (excl. greenhouse gases),objective,False,explicit_official_transitive,0.114,SEO1998->869801 (2008)->240602 (2020)
SEO1998,671707,Industrial Chemicals and Related Products,SEO,190308,Management of greenhouse gas emissions from manufacturing activities,objective,False,explicit_official_transitive,0.294,SEO1998->869802 (2008)->190308 (2020)
SEO1998,671707,Industrial Chemicals and Related Products,SEO,240605,Management of water consumption by manufacturing activities,objective,True,explicit_official_transitive,0.32,SEO1998->869805 (2008)->240605 (2020)
SEO1998,671707,Industrial Chemicals and Related Products,SEO,240699,Environmentally sustainable manufacturing activities not elsewhere classified,objective,False,explicit_official_transitive,0.262,SEO1998->869899 (2008)->240699 (2020)
SEO1998,671707,Industrial Chemicals and Related Products,SEO,240604,Management of solid waste from manufacturing activities,objective,False,explicit_official_transitive,0.146,SEO1998->869804 (2008)->240604 (2020)
SEO1998,671707,Industrial Chemicals and Related Products,SEO,240603,Management of liquid waste from manufacturing activities (excl. water),objective,False,explicit_official_transitive,0.216,SEO1998->869803 (2008)->240603 (2020)
SEO1998,671708,Basic Metal Products (incl. Smelting),SEO,240602,Management of gaseous waste from manufacturing activities (excl. greenhouse gases),objective,True,explicit_official_transitive,0.319,SEO1998->869801 (2008)->240602 (2020)
SEO1998,671708,Basic Metal Products (incl. Smelting),SEO,240603,Management of liquid waste from manufacturing activities (excl. water),objective,False,explicit_official_transitive,0.318,SEO1998->869803 (2008)->240603 (2020)
SEO1998,671708,Basic Metal Products (incl. Smelting),SEO,240699,Environmentally sustainable manufacturing activities not elsewhere classified,objective,False,explicit_official_transitive,0.252,SEO1998->869899 (2008)->240699 (2020)
SEO1998,671708,Basic Metal Products (incl. Smelting),SEO,240604,Management of solid waste from manufacturing activities,objective,False,explicit_official_transitive,0.239,SEO1998->869804 (2008)->240604 (2020)
SEO1998,671708,Basic Metal Products (incl. Smelting),SEO,190308,Management of greenhouse gas emissions from manufacturing activities,objective,False,explicit_official_transitive,0.229,SEO1998->869802 (2008)->190308 (2020)
SEO1998,671708,Basic Metal Products (incl. Smelting),SEO,240605,Management of water consumption by manufacturing activities,objective,False,explicit_official_transitive,0.208,SEO1998->869805 (2008)->240605 (2020)
SEO1998,671709,"Ceramics, Glass and Industrial Mineral Products not elsewhere classified",SEO,190308,Management of greenhouse gas emissions from manufacturing activities,objective,False,explicit_official_transitive,0.157,SEO1998->869802 (2008)->190308 (2020)
SEO1998,671709,"Ceramics, Glass and Industrial Mineral Products not elsewhere classified",SEO,240699,Environmentally sustainable manufacturing activities not elsewhere classified,objective,True,explicit_official_transitive,0.507,SEO1998->869899 (2008)->240699 (2020)
SEO1998,671709,"Ceramics, Glass and Industrial Mineral Products not elsewhere classified",SEO,240605,Management of water consumption by manufacturing activities,objective,False,explicit_official_transitive,0.183,SEO1998->869805 (2008)->240605 (2020)
SEO1998,671709,"Ceramics, Glass and Industrial Mineral Products not elsewhere classified",SEO,240603,Management of liquid waste from manufacturing activities (excl. water),objective,False,explicit_official_transitive,0.042,SEO1998->869803 (2008)->240603 (2020)
SEO1998,671709,"Ceramics, Glass and Industrial Mineral Products not elsewhere classified",SEO,240602,Management of gaseous waste from manufacturing activities (excl. greenhouse gases),objective,False,explicit_official_transitive,0.234,SEO1998->869801 (2008)->240602 (2020)
SEO1998,671709,"Ceramics, Glass and Industrial Mineral Products not elsewhere classified",SEO,240604,Management of solid waste from manufacturing activities,objective,False,explicit_official_transitive,0.205,SEO1998->869804 (2008)->240604 (2020)
SEO1998,671710,Fabricated Metal Products,SEO,240605,Management of water consumption by manufacturing activities,objective,True,explicit_official_transitive,0.262,SEO1998->869805 (2008)->240605 (2020)
SEO1998,671710,Fabricated Metal Products,SEO,240699,Environmentally sustainable manufacturing activities not elsewhere classified,objective,False,explicit_official_transitive,0.242,SEO1998->869899 (2008)->240699 (2020)
SEO1998,671710,Fabricated Metal Products,SEO,240604,Management of solid waste from manufacturing activities,objective,False,explicit_official_transitive,0.2,SEO1998->869804 (2008)->240604 (2020)
SEO1998,671710,Fabricated Metal Products,SEO,240603,Management of liquid waste from manufacturing activities (excl. water),objective,False,explicit_official_transitive,0.189,SEO1998->869803 (2008)->240603 (2020)
SEO1998,671710,Fabricated Metal Products,SEO,190308,Management of greenhouse gas emissions from manufacturing activities,objective,False,explicit_official_transitive,0.172,SEO1998->869802 (2008)->190308 (2020)
SEO1998,671710,Fabricated Metal Products,SEO,240602,Management of gaseous waste from manufacturing activities (excl. greenhouse gases),objective,False,explicit_official_transitive,0.15,SEO1998->869801 (2008)->240602 (2020)
SEO1998,671711,Transport Equipment,SEO,240603,Management of liquid waste from manufacturing activities (excl. water),objective,False,explicit_official_transitive,0.157,SEO1998->869803 (2008)->240603 (2020)
SEO1998,671711,Transport Equipment,SEO,240602,Management of gaseous waste from manufacturing activities (excl. greenhouse gases),objective,False,explicit_official_transitive,0.139,SEO1998->869801 (2008)->240602 (2020)
SEO1998,671711,Transport Equipment,SEO,240699,Environmentally sustainable manufacturing activities not elsewhere classified,objective,False,explicit_official_transitive,0.141,SEO1998->869899 (2008)->240699 (2020)
SEO1998,671711,Transport Equipment,SEO,240605,Management of water consumption by manufacturing activities,objective,False,explicit_official_transitive,0.179,SEO1998->869805 (2008)->240605 (2020)
SEO1998,671711,Transport Equipment,SEO,240604,Management of solid waste from manufacturing activities,objective,True,explicit_official_transitive,0.189,SEO1998->869804 (2008)->240604 (2020)
SEO1998,671711,Transport Equipment,SEO,190308,Management of greenhouse gas emissions from manufacturing activities,objective,False,explicit_official_transitive,0.161,SEO1998->869802 (2008)->190308 (2020)
SEO1998,671712,Computer Hardware and Electronic Equipment,SEO,190308,Management of greenhouse gas emissions from manufacturing activities,objective,False,explicit_official_transitive,0.145,SEO1998->869802 (2008)->190308 (2020)
SEO1998,671712,Computer Hardware and Electronic Equipment,SEO,240603,Management of liquid waste from manufacturing activities (excl. water),objective,False,explicit_official_transitive,0.143,SEO1998->869803 (2008)->240603 (2020)
SEO1998,671712,Computer Hardware and Electronic Equipment,SEO,240602,Management of gaseous waste from manufacturing activities (excl. greenhouse gases),objective,False,explicit_official_transitive,0.129,SEO1998->869801 (2008)->240602 (2020)
SEO1998,671712,Computer Hardware and Electronic Equipment,SEO,240605,Management of water consumption by manufacturing activities,objective,True,explicit_official_transitive,0.257,SEO1998->869805 (2008)->240605 (2020)
SEO1998,671712,Computer Hardware and Electronic Equipment,SEO,240699,Environmentally sustainable manufacturing activities not elsewhere classified,objective,False,explicit_official_transitive,0.167,SEO1998->869899 (2008)->240699 (2020)
SEO1998,671712,Computer Hardware and Electronic Equipment,SEO,240604,Management of solid waste from manufacturing activities,objective,False,explicit_official_transitive,0.165,SEO1998->869804 (2008)->240604 (2020)
SEO1998,671713,Communication Equipment,SEO,240605,Management of water consumption by manufacturing activities,objective,True,explicit_official_transitive,0.22,SEO1998->869805 (2008)->240605 (2020)
SEO1998,671713,Communication Equipment,SEO,240604,Management of solid waste from manufacturing activities,objective,False,explicit_official_transitive,0.205,SEO1998->869804 (2008)->240604 (2020)
SEO1998,671713,Communication Equipment,SEO,240602,Management of gaseous waste from manufacturing activities (excl. greenhouse gases),objective,False,explicit_official_transitive,0.152,SEO1998->869801 (2008)->240602 (2020)
SEO1998,671713,Communication Equipment,SEO,240603,Management of liquid waste from manufacturing activities (excl. water),objective,False,explicit_official_transitive,0.172,SEO1998->869803 (2008)->240603 (2020)
SEO1998,671713,Communication Equipment,SEO,190308,Management of greenhouse gas emissions from manufacturing activities,objective,False,explicit_official_transitive,0.176,SEO1998->869802 (2008)->190308 (2020)
SEO1998,671713,Communication Equipment,SEO,240699,Environmentally sustainable manufacturing activities not elsewhere classified,objective,False,explicit_official_transitive,0.18,SEO1998->869899 (2008)->240699 (2020)
SEO1998,671714,Instrumentation,SEO,190308,Management of greenhouse gas emissions from manufacturing activities,objective,False,explicit_official_transitive,0.217,SEO1998->869802 (2008)->190308 (2020)
SEO1998,671714,Instrumentation,SEO,240603,Management of liquid waste from manufacturing activities (excl. water),objective,False,explicit_official_transitive,0.165,SEO1998->869803 (2008)->240603 (2020)
SEO1998,671714,Instrumentation,SEO,240602,Management of gaseous waste from manufacturing activities (excl. greenhouse gases),objective,False,explicit_official_transitive,0.186,SEO1998->869801 (2008)->240602 (2020)
SEO1998,671714,Instrumentation,SEO,240604,Management of solid waste from manufacturing activities,objective,False,explicit_official_transitive,0.229,SEO1998->869804 (2008)->240604 (2020)
SEO1998,671714,Instrumentation,SEO,240699,Environmentally sustainable manufacturing activities not elsewhere classified,objective,False,explicit_official_transitive,0.247,SEO1998->869899 (2008)->240699 (2020)
SEO1998,671714,Instrumentation,SEO,240605,Management of water consumption by manufacturing activities,objective,True,explicit_official_transitive,0.27,SEO1998->869805 (2008)->240605 (2020)
SEO1998,671715,Machinery and Equipment,SEO,240699,Environmentally sustainable manufacturing activities not elsewhere classified,objective,False,explicit_official_transitive,0.135,SEO1998->869899 (2008)->240699 (2020)
SEO1998,671715,Machinery and Equipment,SEO,240602,Management of gaseous waste from manufacturing activities (excl. greenhouse gases),objective,False,explicit_official_transitive,0.152,SEO1998->869801 (2008)->240602 (2020)
SEO1998,671715,Machinery and Equipment,SEO,240603,Management of liquid waste from manufacturing activities (excl. water),objective,False,explicit_official_transitive,0.172,SEO1998->869803 (2008)->240603 (2020)
SEO1998,671715,Machinery and Equipment,SEO,240604,Management of solid waste from manufacturing activities,objective,True,explicit_official_transitive,0.205,SEO1998->869804 (2008)->240604 (2020)
SEO1998,671715,Machinery and Equipment,SEO,240605,Management of water consumption by manufacturing activities,objective,False,explicit_official_transitive,0.195,SEO1998->869805 (2008)->240605 (2020)
SEO1998,671715,Machinery and Equipment,SEO,190308,Management of greenhouse gas emissions from manufacturing activities,objective,False,explicit_official_transitive,0.176,SEO1998->869802 (2008)->190308 (2020)
SEO1998,671716,Other Manufactured Products,SEO,240605,Management of water consumption by manufacturing activities,objective,False,explicit_official_transitive,0.442,SEO1998->869805 (2008)->240605 (2020)
SEO1998,671716,Other Manufactured Products,SEO,240602,Management of gaseous waste from manufacturing activities (excl. greenhouse gases),objective,False,explicit_official_transitive,0.349,SEO1998->869801 (2008)->240602 (2020)
SEO1998,671716,Other Manufactured Products,SEO,240603,Management of liquid waste from manufacturing activities (excl. water),objective,False,explicit_official_transitive,0.392,SEO1998->869803 (2008)->240603 (2020)
SEO1998,671716,Other Manufactured Products,SEO,240699,Environmentally sustainable manufacturing activities not elsewhere classified,objective,False,explicit_official_transitive,0.344,SEO1998->869899 (2008)->240699 (2020)
SEO1998,671716,Other Manufactured Products,SEO,240604,Management of solid waste from manufacturing activities,objective,True,explicit_official_transitive,0.463,SEO1998->869804 (2008)->240604 (2020)
SEO1998,671716,Other Manufactured Products,SEO,190308,Management of greenhouse gas emissions from manufacturing activities,objective,False,explicit_official_transitive,0.4,SEO1998->869802 (2008)->190308 (2020)
SEO1998,68,CONSTRUCTION,SEO,12,CONSTRUCTION,division,True,derived_empirical,1.0,"rolled up from 31 SEO1998 leaf-level mapping(s), 31 agreeing"
SEO1998,6801,PLANNING,SEO,1299,Other construction,group,False,derived_empirical,0.2,"rolled up from 5 SEO1998 leaf-level mapping(s), 1 agreeing"
SEO1998,6801,PLANNING,SEO,1204,Construction planning,group,True,derived_empirical,0.8,"rolled up from 5 SEO1998 leaf-level mapping(s), 4 agreeing"
SEO1998,680101,Housing,SEO,120405,Residential construction planning,objective,True,explicit_official_transitive,0.9,SEO1998->870104 (2008)->120405 (2020)
SEO1998,680102,Commercial,SEO,120402,Commercial construction planning,objective,True,explicit_official_transitive,0.9,SEO1998->870102 (2008)->120402 (2020)
SEO1998,680103,Civil,SEO,120401,Civil construction planning,objective,True,explicit_official_transitive,0.9,SEO1998->870101 (2008)->120401 (2020)
SEO1998,680104,Industrial,SEO,120499,Construction planning not elsewhere classified,objective,True,explicit_official_transitive,0.25,SEO1998->870199 (2008)->120499 (2020)
SEO1998,680199,Other,SEO,120406,Urban planning,objective,False,explicit_official_transitive,0.105,SEO1998->870105 (2008)->120406 (2020)
SEO1998,680199,Other,SEO,129999,Other construction not elsewhere classified,objective,True,explicit_official_transitive,0.238,SEO1998->879999 (2008)->129999 (2020)
SEO1998,680199,Other,SEO,120499,Construction planning not elsewhere classified,objective,False,explicit_official_transitive,0.196,SEO1998->870199 (2008)->120499 (2020)
SEO1998,680199,Other,SEO,120404,Regional planning,objective,False,explicit_official_transitive,0.091,SEO1998->870103 (2008)->120404 (2020)
SEO1998,6802,DESIGN,SEO,1299,Other construction,group,False,derived_empirical,0.2,"rolled up from 5 SEO1998 leaf-level mapping(s), 1 agreeing"
SEO1998,6802,DESIGN,SEO,1202,Construction design,group,True,derived_empirical,0.8,"rolled up from 5 SEO1998 leaf-level mapping(s), 4 agreeing"
SEO1998,680201,Housing,SEO,120205,Residential construction design,objective,True,explicit_official_transitive,0.9,SEO1998->870204 (2008)->120205 (2020)
SEO1998,680202,Commercial,SEO,120202,Commercial construction design,objective,True,explicit_official_transitive,0.9,SEO1998->870202 (2008)->120202 (2020)
SEO1998,680203,Civil,SEO,120201,Civil construction design,objective,True,explicit_official_transitive,0.9,SEO1998->870201 (2008)->120201 (2020)
SEO1998,680204,Industrial,SEO,120203,Industrial construction design,objective,True,explicit_official_transitive,0.9,SEO1998->870203 (2008)->120203 (2020)
SEO1998,680299,Other,SEO,129999,Other construction not elsewhere classified,objective,True,explicit_official_transitive,0.238,SEO1998->879999 (2008)->129999 (2020)
SEO1998,680299,Other,SEO,120299,Construction design not elsewhere classified,objective,False,explicit_official_transitive,0.204,SEO1998->870299 (2008)->120299 (2020)
SEO1998,6803,MATERIALS PERFORMANCE AND PROCESSES,SEO,1299,Other construction,group,False,derived_empirical,0.167,"rolled up from 6 SEO1998 leaf-level mapping(s), 1 agreeing"
SEO1998,6803,MATERIALS PERFORMANCE AND PROCESSES,SEO,1203,Construction materials performance and processes,group,True,derived_empirical,0.833,"rolled up from 6 SEO1998 leaf-level mapping(s), 5 agreeing"
SEO1998,680301,"Stone, Ceramics and Clay Materials",SEO,120305,"Stone, ceramics and clay materials",objective,True,explicit_official_transitive,0.9,SEO1998->870304 (2008)->120305 (2020)
SEO1998,680302,Cement and Concrete Materials,SEO,120301,Cement and concrete materials,objective,True,explicit_official_transitive,0.9,SEO1998->870301 (2008)->120301 (2020)
SEO1998,680303,Polymeric Materials (e.g. Paints),SEO,120304,Polymeric materials and paints,objective,True,explicit_official_transitive,0.9,SEO1998->870303 (2008)->120304 (2020)
SEO1998,680304,Timber Materials,SEO,120306,Timber materials,objective,True,explicit_official_transitive,0.9,SEO1998->870305 (2008)->120306 (2020)
SEO1998,680305,"Metals (Composites, Coatings, Bonding, etc.)",SEO,120303,Metals,objective,True,explicit_official_transitive,0.9,SEO1998->870302 (2008)->120303 (2020)
SEO1998,680399,Other,SEO,120399,Construction materials performance and processes not elsewhere classified,objective,False,explicit_official_transitive,0.128,SEO1998->870399 (2008)->120399 (2020)
SEO1998,680399,Other,SEO,129999,Other construction not elsewhere classified,objective,True,explicit_official_transitive,0.238,SEO1998->879999 (2008)->129999 (2020)
SEO1998,6804,CONSTRUCTION PROCESSES,SEO,1205,Construction processes,group,True,derived_empirical,0.8,"rolled up from 5 SEO1998 leaf-level mapping(s), 4 agreeing"
SEO1998,6804,CONSTRUCTION PROCESSES,SEO,1299,Other construction,group,False,derived_empirical,0.2,"rolled up from 5 SEO1998 leaf-level mapping(s), 1 agreeing"
SEO1998,680401,Housing,SEO,120505,Residential construction processes,objective,True,explicit_official_transitive,0.9,SEO1998->870404 (2008)->120505 (2020)
SEO1998,680402,Commercial,SEO,120502,Commercial construction processes,objective,True,explicit_official_transitive,0.9,SEO1998->870402 (2008)->120502 (2020)
SEO1998,680403,Civil,SEO,120501,Civil construction processes,objective,True,explicit_official_transitive,0.9,SEO1998->870401 (2008)->120501 (2020)
SEO1998,680404,Industrial,SEO,120503,Industrial construction processes,objective,True,explicit_official_transitive,0.9,SEO1998->870403 (2008)->120503 (2020)
SEO1998,680499,Other,SEO,129999,Other construction not elsewhere classified,objective,True,explicit_official_transitive,0.238,SEO1998->879999 (2008)->129999 (2020)
SEO1998,680499,Other,SEO,120599,Construction processes not elsewhere classified,objective,False,explicit_official_transitive,0.192,SEO1998->870499 (2008)->120599 (2020)
SEO1998,6805,BUILDING MANAGEMENT AND SERVICES,SEO,1299,Other construction,group,False,derived_empirical,0.2,"rolled up from 5 SEO1998 leaf-level mapping(s), 1 agreeing"
SEO1998,6805,BUILDING MANAGEMENT AND SERVICES,SEO,1201,Building management and services,group,True,derived_empirical,0.8,"rolled up from 5 SEO1998 leaf-level mapping(s), 4 agreeing"
SEO1998,680501,Housing,SEO,120105,Residential building management and services,objective,True,explicit_official_transitive,0.9,SEO1998->870503 (2008)->120105 (2020)
SEO1998,680502,Commercial,SEO,120102,Commercial building management and services,objective,True,explicit_official_transitive,0.9,SEO1998->870502 (2008)->120102 (2020)
SEO1998,680503,Civil,SEO,120101,Civil building management and services,objective,True,explicit_official_transitive,0.9,SEO1998->870501 (2008)->120101 (2020)
SEO1998,680504,Industrial,SEO,120199,Building management and services not elsewhere classified,objective,True,explicit_official_transitive,0.209,SEO1998->870599 (2008)->120199 (2020)
SEO1998,680599,Other,SEO,120199,Building management and services not elsewhere classified,objective,False,explicit_official_transitive,0.161,SEO1998->870599 (2008)->120199 (2020)
SEO1998,680599,Other,SEO,129999,Other construction not elsewhere classified,objective,True,explicit_official_transitive,0.238,SEO1998->879999 (2008)->129999 (2020)
SEO1998,6806,PREVENTION AND TREATMENT OF POLLUTION,SEO,1206,Environmentally sustainable construction activities,group,True,derived_empirical,1.0,"rolled up from 5 SEO1998 leaf-level mapping(s), 5 agreeing"
SEO1998,680601,Planning,SEO,120601,Management of gaseous waste from construction activities (excl. greenhouse gases),objective,False,explicit_official_transitive,0.135,SEO1998->879801 (2008)->120601 (2020)
SEO1998,680601,Planning,SEO,120604,Management of water consumption by construction activities,objective,False,explicit_official_transitive,0.152,SEO1998->879805 (2008)->120604 (2020)
SEO1998,680601,Planning,SEO,120603,Management of solid waste from construction activities,objective,True,explicit_official_transitive,0.161,SEO1998->879804 (2008)->120603 (2020)
SEO1998,680601,Planning,SEO,190304,Management of greenhouse gas emissions from construction activities,objective,False,explicit_official_transitive,0.133,SEO1998->879802 (2008)->190304 (2020)
SEO1998,680601,Planning,SEO,120699,Environmentally sustainable construction activities not elsewhere classified,objective,False,explicit_official_transitive,0.082,SEO1998->879899 (2008)->120699 (2020)
SEO1998,680601,Planning,SEO,120602,Management of liquid waste from construction activities (excl. water),objective,False,explicit_official_transitive,0.13,SEO1998->879803 (2008)->120602 (2020)
SEO1998,680602,Design,SEO,120601,Management of gaseous waste from construction activities (excl. greenhouse gases),objective,False,explicit_official_transitive,0.092,SEO1998->879801 (2008)->120601 (2020)
SEO1998,680602,Design,SEO,120603,Management of solid waste from construction activities,objective,True,explicit_official_transitive,0.1,SEO1998->879804 (2008)->120603 (2020)
SEO1998,680602,Design,SEO,120602,Management of liquid waste from construction activities (excl. water),objective,False,explicit_official_transitive,0.08,SEO1998->879803 (2008)->120602 (2020)
SEO1998,680602,Design,SEO,190304,Management of greenhouse gas emissions from construction activities,objective,False,explicit_official_transitive,0.055,SEO1998->879802 (2008)->190304 (2020)
SEO1998,680602,Design,SEO,120604,Management of water consumption by construction activities,objective,False,explicit_official_transitive,0.062,SEO1998->879805 (2008)->120604 (2020)
SEO1998,680602,Design,SEO,120699,Environmentally sustainable construction activities not elsewhere classified,objective,False,explicit_official_transitive,0.085,SEO1998->879899 (2008)->120699 (2020)
SEO1998,680603,Materials Performance and Processes,SEO,120604,Management of water consumption by construction activities,objective,True,explicit_official_transitive,0.323,SEO1998->879805 (2008)->120604 (2020)
SEO1998,680603,Materials Performance and Processes,SEO,190304,Management of greenhouse gas emissions from construction activities,objective,False,explicit_official_transitive,0.255,SEO1998->879802 (2008)->190304 (2020)
SEO1998,680603,Materials Performance and Processes,SEO,120699,Environmentally sustainable construction activities not elsewhere classified,objective,False,explicit_official_transitive,0.22,SEO1998->879899 (2008)->120699 (2020)
SEO1998,680603,Materials Performance and Processes,SEO,120602,Management of liquid waste from construction activities (excl. water),objective,False,explicit_official_transitive,0.096,SEO1998->879803 (2008)->120602 (2020)
SEO1998,680603,Materials Performance and Processes,SEO,120603,Management of solid waste from construction activities,objective,False,explicit_official_transitive,0.225,SEO1998->879804 (2008)->120603 (2020)
SEO1998,680603,Materials Performance and Processes,SEO,120601,Management of gaseous waste from construction activities (excl. greenhouse gases),objective,False,explicit_official_transitive,0.224,SEO1998->879801 (2008)->120601 (2020)
SEO1998,680604,Construction Processes,SEO,120601,Management of gaseous waste from construction activities (excl. greenhouse gases),objective,False,explicit_official_transitive,0.369,SEO1998->879801 (2008)->120601 (2020)
SEO1998,680604,Construction Processes,SEO,190304,Management of greenhouse gas emissions from construction activities,objective,False,explicit_official_transitive,0.36,SEO1998->879802 (2008)->190304 (2020)
SEO1998,680604,Construction Processes,SEO,120602,Management of liquid waste from construction activities (excl. water),objective,False,explicit_official_transitive,0.374,SEO1998->879803 (2008)->120602 (2020)
SEO1998,680604,Construction Processes,SEO,120699,Environmentally sustainable construction activities not elsewhere classified,objective,False,explicit_official_transitive,0.414,SEO1998->879899 (2008)->120699 (2020)
SEO1998,680604,Construction Processes,SEO,120604,Management of water consumption by construction activities,objective,False,explicit_official_transitive,0.4,SEO1998->879805 (2008)->120604 (2020)
SEO1998,680604,Construction Processes,SEO,120603,Management of solid waste from construction activities,objective,True,explicit_official_transitive,0.421,SEO1998->879804 (2008)->120603 (2020)
SEO1998,680605,Building Management and Services,SEO,120601,Management of gaseous waste from construction activities (excl. greenhouse gases),objective,False,explicit_official_transitive,0.336,SEO1998->879801 (2008)->120601 (2020)
SEO1998,680605,Building Management and Services,SEO,120604,Management of water consumption by construction activities,objective,False,explicit_official_transitive,0.4,SEO1998->879805 (2008)->120604 (2020)
SEO1998,680605,Building Management and Services,SEO,120699,Environmentally sustainable construction activities not elsewhere classified,objective,False,explicit_official_transitive,0.268,SEO1998->879899 (2008)->120699 (2020)
SEO1998,680605,Building Management and Services,SEO,120603,Management of solid waste from construction activities,objective,True,explicit_official_transitive,0.465,SEO1998->879804 (2008)->120603 (2020)
SEO1998,680605,Building Management and Services,SEO,120602,Management of liquid waste from construction activities (excl. water),objective,False,explicit_official_transitive,0.317,SEO1998->879803 (2008)->120602 (2020)
SEO1998,680605,Building Management and Services,SEO,190304,Management of greenhouse gas emissions from construction activities,objective,False,explicit_official_transitive,0.384,SEO1998->879802 (2008)->190304 (2020)
SEO1998,69,TRANSPORT,SEO,27,TRANSPORT,division,True,derived_empirical,1.0,"rolled up from 16 SEO1998 leaf-level mapping(s), 16 agreeing"
SEO1998,6901,GROUND TRANSPORT,SEO,2703,Ground transport,group,True,derived_empirical,1.0,"rolled up from 4 SEO1998 leaf-level mapping(s), 4 agreeing"
SEO1998,690101,Road Safety,SEO,270311,Road safety,objective,True,explicit_official_transitive,0.9,SEO1998->880109 (2008)->270311 (2020)
SEO1998,690102,Other Road Transport,SEO,270309,Road passenger movements (excl. public transport),objective,False,explicit_official_transitive,0.406,SEO1998->880107 (2008)->270309 (2020)
SEO1998,690102,Other Road Transport,SEO,270308,Road infrastructure and networks,objective,False,explicit_official_transitive,0.423,SEO1998->880106 (2008)->270308 (2020)
SEO1998,690102,Other Road Transport,SEO,270310,Road public transport,objective,True,explicit_official_transitive,0.683,SEO1998->880108 (2008)->270310 (2020)
SEO1998,690102,Other Road Transport,SEO,270307,Road freight,objective,False,explicit_official_transitive,0.375,SEO1998->880105 (2008)->270307 (2020)
SEO1998,690103,Rail Transport,SEO,270306,Rail safety,objective,True,explicit_official_transitive,0.48,SEO1998->880104 (2008)->270306 (2020)
SEO1998,690103,Rail Transport,SEO,270303,Heavy rail infrastructure and networks,objective,False,explicit_official_transitive,0.478,SEO1998->880102 (2008)->270303 (2020)
SEO1998,690103,Rail Transport,SEO,270304,Rail freight,objective,False,explicit_official_transitive,0.462,SEO1998->880101 (2008)->270304 (2020)
SEO1998,690103,Rail Transport,SEO,270305,Rail passenger movements,objective,False,explicit_official_transitive,0.368,SEO1998->880103 (2008)->270305 (2020)
SEO1998,690199,Ground Transport not elsewhere classified,SEO,270306,Rail safety,objective,False,explicit_official_transitive,0.154,SEO1998->880104 (2008)->270306 (2020)
SEO1998,690199,Ground Transport not elsewhere classified,SEO,270303,Heavy rail infrastructure and networks,objective,False,explicit_official_transitive,0.247,SEO1998->880102 (2008)->270303 (2020)
SEO1998,690199,Ground Transport not elsewhere classified,SEO,270308,Road infrastructure and networks,objective,False,explicit_official_transitive,0.274,SEO1998->880106 (2008)->270308 (2020)
SEO1998,690199,Ground Transport not elsewhere classified,SEO,270399,Ground transport not elsewhere classified,objective,True,explicit_official_transitive,0.9,SEO1998->880199 (2008)->270399 (2020)
SEO1998,6902,WATER TRANSPORT,SEO,2704,Water transport,group,True,derived_empirical,1.0,"rolled up from 3 SEO1998 leaf-level mapping(s), 3 agreeing"
SEO1998,690201,International Sea Transport,SEO,270410,Water safety,objective,False,explicit_official_transitive,0.359,SEO1998->880206 (2008)->270410 (2020)
SEO1998,690201,International Sea Transport,SEO,270403,Domestic passenger water transport (e.g. ferries),objective,False,explicit_official_transitive,0.538,SEO1998->880204 (2008)->270403 (2020)
SEO1998,690201,International Sea Transport,SEO,270405,"International sea freight transport (excl. live animals, food products and liquefied gas)",objective,False,explicit_official_transitive,0.587,SEO1998->880202 (2008)->270405 (2020)
SEO1998,690201,International Sea Transport,SEO,270408,International sea transport of live animals,objective,True,explicit_official_transitive,0.771,SEO1998->880203 (2008)->270408 (2020)
SEO1998,690202,Coastal Water Transport,SEO,270402,Coastal sea freight transport,objective,True,explicit_official_transitive,0.769,SEO1998->880201 (2008)->270402 (2020)
SEO1998,690202,Coastal Water Transport,SEO,270403,Domestic passenger water transport (e.g. ferries),objective,False,explicit_official_transitive,0.75,SEO1998->880204 (2008)->270403 (2020)
SEO1998,690202,Coastal Water Transport,SEO,270410,Water safety,objective,False,explicit_official_transitive,0.4,SEO1998->880206 (2008)->270410 (2020)
SEO1998,690203,Inland Water Transport,SEO,270410,Water safety,objective,False,explicit_official_transitive,0.412,SEO1998->880206 (2008)->270410 (2020)
SEO1998,690203,Inland Water Transport,SEO,270403,Domestic passenger water transport (e.g. ferries),objective,True,explicit_official_transitive,0.723,SEO1998->880204 (2008)->270403 (2020)
SEO1998,6903,AIR TRANSPORT,SEO,2701,Aerospace transport,group,True,derived_empirical,1.0,"rolled up from 2 SEO1998 leaf-level mapping(s), 2 agreeing"
SEO1998,690301,Air Transport,SEO,270102,Air passenger transport,objective,True,explicit_official_transitive,0.722,SEO1998->880302 (2008)->270102 (2020)
SEO1998,690301,Air Transport,SEO,270103,Air safety and traffic management,objective,False,explicit_official_transitive,0.435,SEO1998->880303 (2008)->270103 (2020)
SEO1998,690301,Air Transport,SEO,270101,Air freight,objective,False,explicit_official_transitive,0.417,SEO1998->880301 (2008)->270101 (2020)
SEO1998,690302,Space Transport,SEO,270106,Space transport,objective,True,explicit_official_transitive,0.9,SEO1998->880305 (2008)->270106 (2020)
SEO1998,6904,OTHER TRANSPORT,SEO,2799,Other transport,group,True,derived_empirical,1.0,"rolled up from 3 SEO1998 leaf-level mapping(s), 3 agreeing"
SEO1998,690401,Multimodal Transport,SEO,279902,Multimodal transport,objective,True,explicit_official_transitive,0.9,SEO1998->889902 (2008)->279902 (2020)
SEO1998,690402,Intermodal Materials Handling,SEO,279901,Intermodal materials handling,objective,True,explicit_official_transitive,0.9,SEO1998->889901 (2008)->279901 (2020)
SEO1998,690499,Transport not elsewhere classified,SEO,270499,Water transport not elsewhere classified,objective,False,explicit_official_transitive,0.9,SEO1998->880299 (2008)->270499 (2020)
SEO1998,690499,Transport not elsewhere classified,SEO,270409,Port infrastructure and management,objective,False,explicit_official_transitive,0.353,SEO1998->880205 (2008)->270409 (2020)
SEO1998,690499,Transport not elsewhere classified,SEO,270104,Air terminal infrastructure and management,objective,False,explicit_official_transitive,0.211,SEO1998->880304 (2008)->270104 (2020)
SEO1998,690499,Transport not elsewhere classified,SEO,279904,Postal and package services (incl. courier services),objective,False,explicit_official_transitive,0.279,SEO1998->889904 (2008)->279904 (2020)
SEO1998,690499,Transport not elsewhere classified,SEO,270103,Air safety and traffic management,objective,False,explicit_official_transitive,0.045,SEO1998->880303 (2008)->270103 (2020)
SEO1998,690499,Transport not elsewhere classified,SEO,279903,Pipeline transport,objective,False,explicit_official_transitive,0.346,SEO1998->889903 (2008)->279903 (2020)
SEO1998,690499,Transport not elsewhere classified,SEO,270410,Water safety,objective,False,explicit_official_transitive,0.174,SEO1998->880206 (2008)->270410 (2020)
SEO1998,690499,Transport not elsewhere classified,SEO,270199,Aerospace transport not elsewhere classified,objective,False,explicit_official_transitive,0.872,SEO1998->880399 (2008)->270199 (2020)
SEO1998,690499,Transport not elsewhere classified,SEO,279999,Other transport not elsewhere classified,objective,True,explicit_official_transitive,0.9,SEO1998->889999 (2008)->279999 (2020)
SEO1998,6905,PREVENTION AND TREATMENT OF POLLUTION,SEO,2702,Environmentally sustainable transport activities,group,True,derived_empirical,1.0,"rolled up from 4 SEO1998 leaf-level mapping(s), 4 agreeing"
SEO1998,690501,Ground Transport,SEO,270202,Management of liquid waste from transport activities (excl. water),objective,False,explicit_official_transitive,0.317,SEO1998->889803 (2008)->270202 (2020)
SEO1998,690501,Ground Transport,SEO,270203,Management of noise and vibration from transport activities,objective,False,explicit_official_transitive,0.347,SEO1998->889804 (2008)->270203 (2020)
SEO1998,690501,Ground Transport,SEO,270299,Environmentally sustainable transport activities not elsewhere classified,objective,False,explicit_official_transitive,0.359,SEO1998->889899 (2008)->270299 (2020)
SEO1998,690501,Ground Transport,SEO,270201,Management of gaseous waste from transport activities (excl. greenhouse gases),objective,False,explicit_official_transitive,0.277,SEO1998->889801 (2008)->270201 (2020)
SEO1998,690501,Ground Transport,SEO,270204,Management of solid waste from transport activities,objective,False,explicit_official_transitive,0.388,SEO1998->889805 (2008)->270204 (2020)
SEO1998,690501,Ground Transport,SEO,270205,Management of water consumption by transport activities,objective,True,explicit_official_transitive,0.423,SEO1998->889806 (2008)->270205 (2020)
SEO1998,690501,Ground Transport,SEO,190311,Management of greenhouse gas emissions from transport activities,objective,False,explicit_official_transitive,0.375,SEO1998->889802 (2008)->190311 (2020)
SEO1998,690502,Water Transport,SEO,270204,Management of solid waste from transport activities,objective,True,explicit_official_transitive,0.455,SEO1998->889805 (2008)->270204 (2020)
SEO1998,690502,Water Transport,SEO,270205,Management of water consumption by transport activities,objective,False,explicit_official_transitive,0.429,SEO1998->889806 (2008)->270205 (2020)
SEO1998,690502,Water Transport,SEO,270203,Management of noise and vibration from transport activities,objective,False,explicit_official_transitive,0.351,SEO1998->889804 (2008)->270203 (2020)
SEO1998,690502,Water Transport,SEO,270202,Management of liquid waste from transport activities (excl. water),objective,False,explicit_official_transitive,0.37,SEO1998->889803 (2008)->270202 (2020)
SEO1998,690502,Water Transport,SEO,190311,Management of greenhouse gas emissions from transport activities,objective,False,explicit_official_transitive,0.354,SEO1998->889802 (2008)->190311 (2020)
SEO1998,690502,Water Transport,SEO,270299,Environmentally sustainable transport activities not elsewhere classified,objective,False,explicit_official_transitive,0.338,SEO1998->889899 (2008)->270299 (2020)
SEO1998,690502,Water Transport,SEO,270201,Management of gaseous waste from transport activities (excl. greenhouse gases),objective,False,explicit_official_transitive,0.323,SEO1998->889801 (2008)->270201 (2020)
SEO1998,690503,Air Transport,SEO,270202,Management of liquid waste from transport activities (excl. water),objective,False,explicit_official_transitive,0.329,SEO1998->889803 (2008)->270202 (2020)
SEO1998,690503,Air Transport,SEO,270203,Management of noise and vibration from transport activities,objective,False,explicit_official_transitive,0.361,SEO1998->889804 (2008)->270203 (2020)
SEO1998,690503,Air Transport,SEO,270201,Management of gaseous waste from transport activities (excl. greenhouse gases),objective,False,explicit_official_transitive,0.264,SEO1998->889801 (2008)->270201 (2020)
SEO1998,690503,Air Transport,SEO,270204,Management of solid waste from transport activities,objective,True,explicit_official_transitive,0.406,SEO1998->889805 (2008)->270204 (2020)
SEO1998,690503,Air Transport,SEO,270299,Environmentally sustainable transport activities not elsewhere classified,objective,False,explicit_official_transitive,0.32,SEO1998->889899 (2008)->270299 (2020)
SEO1998,690503,Air Transport,SEO,190311,Management of greenhouse gas emissions from transport activities,objective,False,explicit_official_transitive,0.338,SEO1998->889802 (2008)->190311 (2020)
SEO1998,690503,Air Transport,SEO,270205,Management of water consumption by transport activities,objective,False,explicit_official_transitive,0.353,SEO1998->889806 (2008)->270205 (2020)
SEO1998,690504,Other Transport,SEO,270204,Management of solid waste from transport activities,objective,True,explicit_official_transitive,0.424,SEO1998->889805 (2008)->270204 (2020)
SEO1998,690504,Other Transport,SEO,270205,Management of water consumption by transport activities,objective,False,explicit_official_transitive,0.4,SEO1998->889806 (2008)->270205 (2020)
SEO1998,690504,Other Transport,SEO,190311,Management of greenhouse gas emissions from transport activities,objective,False,explicit_official_transitive,0.354,SEO1998->889802 (2008)->190311 (2020)
SEO1998,690504,Other Transport,SEO,270203,Management of noise and vibration from transport activities,objective,False,explicit_official_transitive,0.351,SEO1998->889804 (2008)->270203 (2020)
SEO1998,690504,Other Transport,SEO,270202,Management of liquid waste from transport activities (excl. water),objective,False,explicit_official_transitive,0.346,SEO1998->889803 (2008)->270202 (2020)
SEO1998,690504,Other Transport,SEO,270299,Environmentally sustainable transport activities not elsewhere classified,objective,False,explicit_official_transitive,0.338,SEO1998->889899 (2008)->270299 (2020)
SEO1998,690504,Other Transport,SEO,270201,Management of gaseous waste from transport activities (excl. greenhouse gases),objective,False,explicit_official_transitive,0.301,SEO1998->889801 (2008)->270201 (2020)
SEO1998,70,INFORMATION AND COMMUNICATION SERVICES,SEO,27,TRANSPORT,division,False,derived_empirical,0.091,"rolled up from 11 SEO1998 leaf-level mapping(s), 1 agreeing"
SEO1998,70,INFORMATION AND COMMUNICATION SERVICES,SEO,22,INFORMATION AND COMMUNICATION SERVICES,division,True,derived_empirical,0.909,"rolled up from 11 SEO1998 leaf-level mapping(s), 10 agreeing"
SEO1998,7001,COMPUTER SOFTWARE AND SERVICES,SEO,2204,"Information systems, technologies and services",group,True,derived_empirical,1.0,"rolled up from 4 SEO1998 leaf-level mapping(s), 4 agreeing"
SEO1998,700101,Application Packages,SEO,220401,Application software packages,objective,False,explicit_official_transitive,0.182,SEO1998->890203 (2008)->220401 (2020)
SEO1998,700101,Application Packages,SEO,220401,Application software packages,objective,True,explicit_official_transitive,0.556,SEO1998->890201 (2008)->220401 (2020)
SEO1998,700102,Application Tools and System Utilities,SEO,220499,"Information systems, technologies and services not elsewhere classified",objective,True,explicit_official_transitive,0.9,SEO1998->890202 (2008)->220499 (2020)
SEO1998,700103,Information Processing Services,SEO,220499,"Information systems, technologies and services not elsewhere classified",objective,True,explicit_official_transitive,0.9,SEO1998->890205 (2008)->220499 (2020)
SEO1998,700199,Computer Software and Services not elsewhere classified,SEO,220499,"Information systems, technologies and services not elsewhere classified",objective,False,explicit_official_transitive,0.472,SEO1998->890204 (2008)->220499 (2020)
SEO1998,700199,Computer Software and Services not elsewhere classified,SEO,220499,"Information systems, technologies and services not elsewhere classified",objective,False,explicit_official_transitive,0.427,SEO1998->890206 (2008)->220499 (2020)
SEO1998,700199,Computer Software and Services not elsewhere classified,SEO,220499,"Information systems, technologies and services not elsewhere classified",objective,True,explicit_official_transitive,0.9,SEO1998->890299 (2008)->220499 (2020)
SEO1998,700199,Computer Software and Services not elsewhere classified,SEO,229999,Other information and communication services not elsewhere classified,objective,False,explicit_official_transitive,0.712,SEO1998->899999 (2008)->229999 (2020)
SEO1998,7002,OTHER INFORMATION SERVICES,SEO,2203,Information services,group,True,derived_empirical,1.0,"rolled up from 2 SEO1998 leaf-level mapping(s), 2 agreeing"
SEO1998,700201,Library and Related Information Services,SEO,220303,Library and archival services,objective,True,explicit_official_transitive,0.9,SEO1998->890302 (2008)->220303 (2020)
SEO1998,700299,Information Services not elsewhere classified,SEO,220302,Electronic information storage and retrieval services,objective,False,explicit_official_transitive,0.408,SEO1998->890301 (2008)->220302 (2020)
SEO1998,700299,Information Services not elsewhere classified,SEO,220305,News collection services,objective,False,explicit_official_transitive,0.435,SEO1998->890303 (2008)->220305 (2020)
SEO1998,700299,Information Services not elsewhere classified,SEO,229999,Other information and communication services not elsewhere classified,objective,False,explicit_official_transitive,0.833,SEO1998->899999 (2008)->229999 (2020)
SEO1998,700299,Information Services not elsewhere classified,SEO,220399,Information services not elsewhere classified,objective,True,explicit_official_transitive,0.9,SEO1998->890399 (2008)->220399 (2020)
SEO1998,7003,COMMUNICATION SERVICES,SEO,2201,"Communication technologies, systems and services",group,True,derived_empirical,0.5,"rolled up from 4 SEO1998 leaf-level mapping(s), 2 agreeing"
SEO1998,7003,COMMUNICATION SERVICES,SEO,2799,Other transport,group,False,derived_empirical,0.25,"rolled up from 4 SEO1998 leaf-level mapping(s), 1 agreeing"
SEO1998,7003,COMMUNICATION SERVICES,SEO,2205,Media services,group,False,derived_empirical,0.25,"rolled up from 4 SEO1998 leaf-level mapping(s), 1 agreeing"
SEO1998,700301,Broadcasting,SEO,220502,"Internet, digital and social media",objective,True,explicit_official_transitive,0.727,SEO1998->890403 (2008)->220502 (2020)
SEO1998,700301,Broadcasting,SEO,220504,"Radio, television, film and video services",objective,False,explicit_official_transitive,0.533,SEO1998->890405 (2008)->220504 (2020)
SEO1998,700302,Telecommunications,SEO,220106,"Satellite technologies, networks and services",objective,True,explicit_official_transitive,0.571,SEO1998->890105 (2008)->220106 (2020)
SEO1998,700302,Telecommunications,SEO,220103,Mobile technologies and communications,objective,False,explicit_official_transitive,0.321,SEO1998->890104 (2008)->220103 (2020)
SEO1998,700302,Telecommunications,SEO,220105,Network systems and services,objective,False,explicit_official_transitive,0.3,SEO1998->890102 (2008)->220105 (2020)
SEO1998,700302,Telecommunications,SEO,220103,Mobile technologies and communications,objective,False,explicit_official_transitive,0.275,SEO1998->890103 (2008)->220103 (2020)
SEO1998,700302,Telecommunications,SEO,220105,Network systems and services,objective,False,explicit_official_transitive,0.218,SEO1998->890101 (2008)->220105 (2020)
SEO1998,700303,Postal Communications,SEO,279904,Postal and package services (incl. courier services),objective,True,explicit_official_transitive,0.356,SEO1998->889904 (2008)->279904 (2020)
SEO1998,700399,Communication Services not elsewhere classified,SEO,220501,"Animation, video games and computer generated imagery services",objective,False,explicit_official_transitive,0.333,SEO1998->890401 (2008)->220501 (2020)
SEO1998,700399,Communication Services not elsewhere classified,SEO,220504,"Radio, television, film and video services",objective,False,explicit_official_transitive,0.336,SEO1998->890402 (2008)->220504 (2020)
SEO1998,700399,Communication Services not elsewhere classified,SEO,220199,"Communication technologies, systems and services not elsewhere classified",objective,False,explicit_official_transitive,0.366,SEO1998->890106 (2008)->220199 (2020)
SEO1998,700399,Communication Services not elsewhere classified,SEO,220199,"Communication technologies, systems and services not elsewhere classified",objective,True,explicit_official_transitive,0.879,SEO1998->890199 (2008)->220199 (2020)
SEO1998,700399,Communication Services not elsewhere classified,SEO,229999,Other information and communication services not elsewhere classified,objective,False,explicit_official_transitive,0.855,SEO1998->899999 (2008)->229999 (2020)
SEO1998,700399,Communication Services not elsewhere classified,SEO,220599,Media services not elsewhere classified,objective,False,explicit_official_transitive,0.86,SEO1998->890499 (2008)->220599 (2020)
SEO1998,700399,Communication Services not elsewhere classified,SEO,220503,Publishing and print services,objective,False,explicit_official_transitive,0.404,SEO1998->890404 (2008)->220503 (2020)
SEO1998,7004,PREVENTION AND TREATMENT OF POLLUTION,SEO,2202,Environmentally sustainable information and communication services,group,True,derived_empirical,1.0,"rolled up from 1 SEO1998 leaf-level mapping(s), 1 agreeing"
SEO1998,700401,Prevention and Treatment of Pollution,SEO,220202,Management of water consumption by information and communication services,objective,False,explicit_official_transitive,0.309,SEO1998->899803 (2008)->220202 (2020)
SEO1998,700401,Prevention and Treatment of Pollution,SEO,220201,Management of solid waste from information and communication services,objective,True,explicit_official_transitive,0.321,SEO1998->899802 (2008)->220201 (2020)
SEO1998,700401,Prevention and Treatment of Pollution,SEO,220299,Environmentally sustainable information and communication services not elsewhere classified,objective,False,explicit_official_transitive,0.25,SEO1998->899899 (2008)->220299 (2020)
SEO1998,700401,Prevention and Treatment of Pollution,SEO,190307,Management of greenhouse gas emissions from information and communication services,objective,False,explicit_official_transitive,0.303,SEO1998->899801 (2008)->190307 (2020)
SEO1998,71,COMMERCIAL SERVICES AND TOURISM,SEO,11,COMMERCIAL SERVICES AND TOURISM,division,True,derived_empirical,0.88,"rolled up from 25 SEO1998 leaf-level mapping(s), 22 agreeing"
SEO1998,71,COMMERCIAL SERVICES AND TOURISM,SEO,17,ENERGY,division,False,derived_empirical,0.08,"rolled up from 25 SEO1998 leaf-level mapping(s), 2 agreeing"
SEO1998,71,COMMERCIAL SERVICES AND TOURISM,SEO,19,"ENVIRONMENTAL POLICY, CLIMATE CHANGE AND NATURAL HAZARDS",division,False,derived_empirical,0.04,"rolled up from 25 SEO1998 leaf-level mapping(s), 1 agreeing"
SEO1998,7101,"ELECTRICITY, GAS AND WATER SERVICES AND UTILITIES",SEO,1703,"Energy storage, distribution and supply",group,True,derived_empirical,0.667,"rolled up from 3 SEO1998 leaf-level mapping(s), 2 agreeing"
SEO1998,7101,"ELECTRICITY, GAS AND WATER SERVICES AND UTILITIES",SEO,1105,Water and waste services,group,False,derived_empirical,0.333,"rolled up from 3 SEO1998 leaf-level mapping(s), 1 agreeing"
SEO1998,710101,Electricity Services and Utilities,SEO,170303,Energy services and utilities,objective,True,explicit_official_transitive,0.857,SEO1998->850601 (2008)->170303 (2020)
SEO1998,710102,Gas Services and Utilities,SEO,170303,Energy services and utilities,objective,True,explicit_official_transitive,0.873,SEO1998->850601 (2008)->170303 (2020)
SEO1998,710103,Water Services and Utilities,SEO,110504,Water services and utilities,objective,True,explicit_official_transitive,0.9,SEO1998->900404 (2008)->110504 (2020)
SEO1998,710103,Water Services and Utilities,SEO,110503,Water recycling services (incl. sewage and greywater),objective,False,explicit_official_transitive,0.519,SEO1998->900403 (2008)->110503 (2020)
SEO1998,7102,WASTE MANAGEMENT AND RECYCLING,SEO,1105,Water and waste services,group,True,derived_empirical,1.0,"rolled up from 3 SEO1998 leaf-level mapping(s), 3 agreeing"
SEO1998,710201,Waste Management,SEO,110501,Waste management services,objective,True,explicit_official_transitive,0.9,SEO1998->900401 (2008)->110501 (2020)
SEO1998,710202,Recycling,SEO,110502,Waste recycling services,objective,True,explicit_official_transitive,0.9,SEO1998->900402 (2008)->110502 (2020)
SEO1998,710299,Other,SEO,110599,Water and waste services not elsewhere classified,objective,True,explicit_official_transitive,0.9,SEO1998->900499 (2008)->110599 (2020)
SEO1998,7103,WHOLESALE AND RETAIL TRADE,SEO,1103,"Property, business support services and trade",group,True,derived_empirical,1.0,"rolled up from 2 SEO1998 leaf-level mapping(s), 2 agreeing"
SEO1998,710301,Wholesale Trade,SEO,110304,Wholesale and retail trade,objective,True,explicit_official_transitive,0.732,SEO1998->900204 (2008)->110304 (2020)
SEO1998,710302,Retail Trade,SEO,110304,Wholesale and retail trade,objective,True,explicit_official_transitive,0.632,SEO1998->900204 (2008)->110304 (2020)
SEO1998,7104,"FINANCE, PROPERTY AND BUSINESS SERVICES",SEO,1102,Financial services,group,True,derived_empirical,0.667,"rolled up from 3 SEO1998 leaf-level mapping(s), 2 agreeing"
SEO1998,7104,"FINANCE, PROPERTY AND BUSINESS SERVICES",SEO,1103,"Property, business support services and trade",group,False,derived_empirical,0.333,"rolled up from 3 SEO1998 leaf-level mapping(s), 1 agreeing"
SEO1998,710401,Finance and Investment Services,SEO,110202,Investment services (excl. superannuation),objective,False,explicit_official_transitive,0.521,SEO1998->900102 (2008)->110202 (2020)
SEO1998,710401,Finance and Investment Services,SEO,110201,Finance services,objective,True,explicit_official_transitive,0.681,SEO1998->900101 (2008)->110201 (2020)
SEO1998,710402,Insurance Services,SEO,110203,Superannuation and insurance services,objective,True,explicit_official_transitive,0.655,SEO1998->900103 (2008)->110203 (2020)
SEO1998,710402,Insurance Services,SEO,110299,Financial services not elsewhere classified,objective,False,explicit_official_transitive,0.459,SEO1998->900199 (2008)->110299 (2020)
SEO1998,710403,Property and Business Services,SEO,110301,Administration and business support services,objective,True,explicit_official_transitive,0.649,SEO1998->900201 (2008)->110301 (2020)
SEO1998,710403,Property and Business Services,SEO,110303,Property services (incl. security),objective,False,explicit_official_transitive,0.531,SEO1998->900203 (2008)->110303 (2020)
SEO1998,7105,TOURISM,SEO,1104,Tourism services,group,True,derived_empirical,1.0,"rolled up from 4 SEO1998 leaf-level mapping(s), 4 agreeing"
SEO1998,710501,Economic Issues,SEO,110401,Economic issues in tourism,objective,True,explicit_official_transitive,0.9,SEO1998->900301 (2008)->110401 (2020)
SEO1998,710502,Socio-Cultural Issues,SEO,110402,Socio-cultural issues in tourism,objective,True,explicit_official_transitive,0.9,SEO1998->900302 (2008)->110402 (2020)
SEO1998,710503,Tourism Infrastructure Development,SEO,110403,Tourism infrastructure development,objective,True,explicit_official_transitive,0.9,SEO1998->900303 (2008)->110403 (2020)
SEO1998,710599,Tourism not elsewhere classified,SEO,110499,Tourism services not elsewhere classified,objective,True,explicit_official_transitive,0.9,SEO1998->900399 (2008)->110499 (2020)
SEO1998,7106,OTHER COMMERCIAL SERVICES,SEO,1103,"Property, business support services and trade",group,False,derived_empirical,0.25,"rolled up from 4 SEO1998 leaf-level mapping(s), 1 agreeing"
SEO1998,7106,OTHER COMMERCIAL SERVICES,SEO,1199,Other commercial services and tourism,group,True,derived_empirical,0.75,"rolled up from 4 SEO1998 leaf-level mapping(s), 3 agreeing"
SEO1998,710601,Recreational Services,SEO,119902,Recreational services,objective,True,explicit_official_transitive,0.9,SEO1998->909902 (2008)->119902 (2020)
SEO1998,710602,Hospitality Services,SEO,119901,Hospitality services,objective,True,explicit_official_transitive,0.9,SEO1998->909901 (2008)->119901 (2020)
SEO1998,710603,Commercial Security Services,SEO,110303,Property services (incl. security),objective,True,explicit_official_transitive,0.452,SEO1998->900203 (2008)->110303 (2020)
SEO1998,710699,Commercial Services not elsewhere classified,SEO,119999,Other commercial services and tourism not elsewhere classified,objective,True,explicit_official_transitive,0.88,SEO1998->909999 (2008)->119999 (2020)
SEO1998,710699,Commercial Services not elsewhere classified,SEO,110399,"Property, business support services and trade not elsewhere classified",objective,False,explicit_official_transitive,0.667,SEO1998->900299 (2008)->110399 (2020)
SEO1998,710699,Commercial Services not elsewhere classified,SEO,110302,"Professional, scientific and technical services",objective,False,explicit_official_transitive,0.33,SEO1998->900202 (2008)->110302 (2020)
SEO1998,710699,Commercial Services not elsewhere classified,SEO,110301,Administration and business support services,objective,False,explicit_official_transitive,0.273,SEO1998->900201 (2008)->110301 (2020)
SEO1998,7107,PREVENTION AND TREATMENT OF POLLUTION,SEO,1903,Mitigation of climate change,group,False,derived_empirical,0.167,"rolled up from 6 SEO1998 leaf-level mapping(s), 1 agreeing"
SEO1998,7107,PREVENTION AND TREATMENT OF POLLUTION,SEO,1101,Environmentally sustainable commercial services and tourism,group,True,derived_empirical,0.833,"rolled up from 6 SEO1998 leaf-level mapping(s), 5 agreeing"
SEO1998,710701,"Electricity, Gas and Water Services and Utilities",SEO,110199,Environmentally sustainable commercial services and tourism not elsewhere classified,objective,False,explicit_official_transitive,0.406,SEO1998->909899 (2008)->110199 (2020)
SEO1998,710701,"Electricity, Gas and Water Services and Utilities",SEO,110104,Management of water consumption by commercial services and tourism,objective,False,explicit_official_transitive,0.435,SEO1998->909805 (2008)->110104 (2020)
SEO1998,710701,"Electricity, Gas and Water Services and Utilities",SEO,110102,Management of liquid waste from commercial services and tourism (excl. water),objective,False,explicit_official_transitive,0.413,SEO1998->909803 (2008)->110102 (2020)
SEO1998,710701,"Electricity, Gas and Water Services and Utilities",SEO,110103,Management of solid waste from commercial services and tourism,objective,False,explicit_official_transitive,0.468,SEO1998->909804 (2008)->110103 (2020)
SEO1998,710701,"Electricity, Gas and Water Services and Utilities",SEO,190303,Management of greenhouse gas emissions from commercial services and tourism,objective,True,explicit_official_transitive,0.484,SEO1998->909802 (2008)->190303 (2020)
SEO1998,710701,"Electricity, Gas and Water Services and Utilities",SEO,110101,Management of gaseous waste from commercial services and tourism (excl. greenhouse gases),objective,False,explicit_official_transitive,0.464,SEO1998->909801 (2008)->110101 (2020)
SEO1998,710702,Waste Management and Recycling,SEO,190303,Management of greenhouse gas emissions from commercial services and tourism,objective,False,explicit_official_transitive,0.324,SEO1998->909802 (2008)->190303 (2020)
SEO1998,710702,Waste Management and Recycling,SEO,110101,Management of gaseous waste from commercial services and tourism (excl. greenhouse gases),objective,False,explicit_official_transitive,0.319,SEO1998->909801 (2008)->110101 (2020)
SEO1998,710702,Waste Management and Recycling,SEO,110103,Management of solid waste from commercial services and tourism,objective,True,explicit_official_transitive,0.37,SEO1998->909804 (2008)->110103 (2020)
SEO1998,710702,Waste Management and Recycling,SEO,110102,Management of liquid waste from commercial services and tourism (excl. water),objective,False,explicit_official_transitive,0.355,SEO1998->909803 (2008)->110102 (2020)
SEO1998,710702,Waste Management and Recycling,SEO,110104,Management of water consumption by commercial services and tourism,objective,False,explicit_official_transitive,0.354,SEO1998->909805 (2008)->110104 (2020)
SEO1998,710702,Waste Management and Recycling,SEO,110199,Environmentally sustainable commercial services and tourism not elsewhere classified,objective,False,explicit_official_transitive,0.281,SEO1998->909899 (2008)->110199 (2020)
SEO1998,710703,Wholesale and Retail Trade,SEO,110103,Management of solid waste from commercial services and tourism,objective,False,explicit_official_transitive,0.25,SEO1998->909804 (2008)->110103 (2020)
SEO1998,710703,Wholesale and Retail Trade,SEO,110101,Management of gaseous waste from commercial services and tourism (excl. greenhouse gases),objective,False,explicit_official_transitive,0.243,SEO1998->909801 (2008)->110101 (2020)
SEO1998,710703,Wholesale and Retail Trade,SEO,190303,Management of greenhouse gas emissions from commercial services and tourism,objective,False,explicit_official_transitive,0.238,SEO1998->909802 (2008)->190303 (2020)
SEO1998,710703,Wholesale and Retail Trade,SEO,110102,Management of liquid waste from commercial services and tourism (excl. water),objective,False,explicit_official_transitive,0.272,SEO1998->909803 (2008)->110102 (2020)
SEO1998,710703,Wholesale and Retail Trade,SEO,110199,Environmentally sustainable commercial services and tourism not elsewhere classified,objective,True,explicit_official_transitive,0.291,SEO1998->909899 (2008)->110199 (2020)
SEO1998,710703,Wholesale and Retail Trade,SEO,110104,Management of water consumption by commercial services and tourism,objective,False,explicit_official_transitive,0.261,SEO1998->909805 (2008)->110104 (2020)
SEO1998,710704,"Finance, Property and Business Services",SEO,110104,Management of water consumption by commercial services and tourism,objective,True,explicit_official_transitive,0.381,SEO1998->909805 (2008)->110104 (2020)
SEO1998,710704,"Finance, Property and Business Services",SEO,110103,Management of solid waste from commercial services and tourism,objective,False,explicit_official_transitive,0.376,SEO1998->909804 (2008)->110103 (2020)
SEO1998,710704,"Finance, Property and Business Services",SEO,190303,Management of greenhouse gas emissions from commercial services and tourism,objective,False,explicit_official_transitive,0.333,SEO1998->909802 (2008)->190303 (2020)
SEO1998,710704,"Finance, Property and Business Services",SEO,110102,Management of liquid waste from commercial services and tourism (excl. water),objective,False,explicit_official_transitive,0.328,SEO1998->909803 (2008)->110102 (2020)
SEO1998,710704,"Finance, Property and Business Services",SEO,110101,Management of gaseous waste from commercial services and tourism (excl. greenhouse gases),objective,False,explicit_official_transitive,0.297,SEO1998->909801 (2008)->110101 (2020)
SEO1998,710704,"Finance, Property and Business Services",SEO,110199,Environmentally sustainable commercial services and tourism not elsewhere classified,objective,False,explicit_official_transitive,0.276,SEO1998->909899 (2008)->110199 (2020)
SEO1998,710705,Tourism,SEO,110102,Management of liquid waste from commercial services and tourism (excl. water),objective,False,explicit_official_transitive,0.167,SEO1998->909803 (2008)->110102 (2020)
SEO1998,710705,Tourism,SEO,110101,Management of gaseous waste from commercial services and tourism (excl. greenhouse gases),objective,False,explicit_official_transitive,0.146,SEO1998->909801 (2008)->110101 (2020)
SEO1998,710705,Tourism,SEO,110199,Environmentally sustainable commercial services and tourism not elsewhere classified,objective,False,explicit_official_transitive,0.154,SEO1998->909899 (2008)->110199 (2020)
SEO1998,710705,Tourism,SEO,110104,Management of water consumption by commercial services and tourism,objective,False,explicit_official_transitive,0.192,SEO1998->909805 (2008)->110104 (2020)
SEO1998,710705,Tourism,SEO,190303,Management of greenhouse gas emissions from commercial services and tourism,objective,False,explicit_official_transitive,0.171,SEO1998->909802 (2008)->190303 (2020)
SEO1998,710705,Tourism,SEO,110103,Management of solid waste from commercial services and tourism,objective,True,explicit_official_transitive,0.203,SEO1998->909804 (2008)->110103 (2020)
SEO1998,710706,Other Commercial Services,SEO,110101,Management of gaseous waste from commercial services and tourism (excl. greenhouse gases),objective,False,explicit_official_transitive,0.421,SEO1998->909801 (2008)->110101 (2020)
SEO1998,710706,Other Commercial Services,SEO,110104,Management of water consumption by commercial services and tourism,objective,False,explicit_official_transitive,0.527,SEO1998->909805 (2008)->110104 (2020)
SEO1998,710706,Other Commercial Services,SEO,110103,Management of solid waste from commercial services and tourism,objective,True,explicit_official_transitive,0.552,SEO1998->909804 (2008)->110103 (2020)
SEO1998,710706,Other Commercial Services,SEO,190303,Management of greenhouse gas emissions from commercial services and tourism,objective,False,explicit_official_transitive,0.48,SEO1998->909802 (2008)->190303 (2020)
SEO1998,710706,Other Commercial Services,SEO,110102,Management of liquid waste from commercial services and tourism (excl. water),objective,False,explicit_official_transitive,0.471,SEO1998->909803 (2008)->110102 (2020)
SEO1998,710706,Other Commercial Services,SEO,110199,Environmentally sustainable commercial services and tourism not elsewhere classified,objective,False,explicit_official_transitive,0.422,SEO1998->909899 (2008)->110199 (2020)
SEO1998,72,ECONOMIC FRAMEWORK,SEO,15,ECONOMIC FRAMEWORK,division,True,derived_empirical,1.0,"rolled up from 28 SEO1998 leaf-level mapping(s), 28 agreeing"
SEO1998,7201,MACROECONOMIC ISSUES,SEO,1502,Macroeconomics,group,True,derived_empirical,1.0,"rolled up from 7 SEO1998 leaf-level mapping(s), 7 agreeing"
SEO1998,720101,Fiscal Policy,SEO,150205,Fiscal policy,objective,True,explicit_official_transitive,0.9,SEO1998->910105 (2008)->150205 (2020)
SEO1998,720102,Monetary Policy,SEO,150208,Monetary policy,objective,True,explicit_official_transitive,0.9,SEO1998->910108 (2008)->150208 (2020)
SEO1998,720103,Exchange Rates,SEO,150204,Exchange rates,objective,True,explicit_official_transitive,0.9,SEO1998->910104 (2008)->150204 (2020)
SEO1998,720104,Balance of Payments,SEO,150201,Balance of payments,objective,True,explicit_official_transitive,0.9,SEO1998->910101 (2008)->150201 (2020)
SEO1998,720105,Income Distribution,SEO,150206,Income distribution,objective,True,explicit_official_transitive,0.9,SEO1998->910106 (2008)->150206 (2020)
SEO1998,720106,Taxation,SEO,150210,Taxation,objective,True,explicit_official_transitive,0.9,SEO1998->910110 (2008)->150210 (2020)
SEO1998,720199,Macroeconomic Issues not elsewhere classified,SEO,150299,Macroeconomics not elsewhere classified,objective,True,explicit_official_transitive,0.9,SEO1998->910199 (2008)->150299 (2020)
SEO1998,720199,Macroeconomic Issues not elsewhere classified,SEO,150203,Economic growth,objective,False,explicit_official_transitive,0.4,SEO1998->910103 (2008)->150203 (2020)
SEO1998,720199,Macroeconomic Issues not elsewhere classified,SEO,150207,Macro labour market issues,objective,False,explicit_official_transitive,0.366,SEO1998->910107 (2008)->150207 (2020)
SEO1998,720199,Macroeconomic Issues not elsewhere classified,SEO,150209,Savings and investments,objective,False,explicit_official_transitive,0.265,SEO1998->910109 (2008)->150209 (2020)
SEO1998,720199,Macroeconomic Issues not elsewhere classified,SEO,150202,Demography,objective,False,explicit_official_transitive,0.109,SEO1998->910102 (2008)->150202 (2020)
SEO1998,7202,MICROECONOMIC ISSUES,SEO,1505,Microeconomics,group,True,derived_empirical,1.0,"rolled up from 6 SEO1998 leaf-level mapping(s), 6 agreeing"
SEO1998,720201,Microeconomic Effects of Taxation,SEO,150508,Microeconomic effects of taxation,objective,True,explicit_official_transitive,0.9,SEO1998->910207 (2008)->150508 (2020)
SEO1998,720202,Consumption,SEO,150501,Consumption,objective,True,explicit_official_transitive,0.9,SEO1998->910201 (2008)->150501 (2020)
SEO1998,720203,Industrial Organisations,SEO,150503,Industrial organisations,objective,True,explicit_official_transitive,0.9,SEO1998->910203 (2008)->150503 (2020)
SEO1998,720204,Industry Policy,SEO,150505,Industry policy,objective,True,explicit_official_transitive,0.9,SEO1998->910205 (2008)->150505 (2020)
SEO1998,720205,Industry Costs and Structure,SEO,150504,Industry costs and structure,objective,True,explicit_official_transitive,0.9,SEO1998->910204 (2008)->150504 (2020)
SEO1998,720299,Microeconomic Issues not elsewhere classified,SEO,150599,Microeconomics not elsewhere classified,objective,True,explicit_official_transitive,0.9,SEO1998->910299 (2008)->150599 (2020)
SEO1998,720299,Microeconomic Issues not elsewhere classified,SEO,150507,Micro labour market issues,objective,False,explicit_official_transitive,0.366,SEO1998->910208 (2008)->150507 (2020)
SEO1998,720299,Microeconomic Issues not elsewhere classified,SEO,150502,Human capital issues,objective,False,explicit_official_transitive,0.277,SEO1998->910202 (2008)->150502 (2020)
SEO1998,720299,Microeconomic Issues not elsewhere classified,SEO,150506,Market-based mechanisms,objective,False,explicit_official_transitive,0.235,SEO1998->910206 (2008)->150506 (2020)
SEO1998,720299,Microeconomic Issues not elsewhere classified,SEO,150509,"Preference, behaviour and welfare",objective,False,explicit_official_transitive,0.231,SEO1998->910209 (2008)->150509 (2020)
SEO1998,720299,Microeconomic Issues not elsewhere classified,SEO,150510,Production,objective,False,explicit_official_transitive,0.182,SEO1998->910210 (2008)->150510 (2020)
SEO1998,720299,Microeconomic Issues not elsewhere classified,SEO,150511,Supply and demand,objective,False,explicit_official_transitive,0.161,SEO1998->910211 (2008)->150511 (2020)
SEO1998,7203,INTERNATIONAL TRADE ISSUES,SEO,1501,International trade policy,group,True,derived_empirical,1.0,"rolled up from 4 SEO1998 leaf-level mapping(s), 4 agreeing"
SEO1998,720301,Trade Policy,SEO,150103,Trade policy,objective,True,explicit_official_transitive,0.9,SEO1998->910303 (2008)->150103 (2020)
SEO1998,720302,Assistance and Protection,SEO,150102,Trade assistance and protection,objective,True,explicit_official_transitive,0.9,SEO1998->910302 (2008)->150102 (2020)
SEO1998,720303,International Agreements on Trade,SEO,150101,International agreements on trade,objective,True,explicit_official_transitive,0.9,SEO1998->910301 (2008)->150101 (2020)
SEO1998,720399,International Trade Issues not elsewhere classified,SEO,150199,International trade policy not elsewhere classified,objective,True,explicit_official_transitive,0.9,SEO1998->910399 (2008)->150199 (2020)
SEO1998,7204,MANAGEMENT AND PRODUCTIVITY ISSUES,SEO,1503,Management and productivity,group,True,derived_empirical,1.0,"rolled up from 5 SEO1998 leaf-level mapping(s), 5 agreeing"
SEO1998,720401,Marketing,SEO,150303,Marketing,objective,True,explicit_official_transitive,0.9,SEO1998->910403 (2008)->150303 (2020)
SEO1998,720402,Industrial Relations,SEO,150301,Industrial relations,objective,True,explicit_official_transitive,0.9,SEO1998->910401 (2008)->150301 (2020)
SEO1998,720403,Management,SEO,150302,Management,objective,True,explicit_official_transitive,0.9,SEO1998->910402 (2008)->150302 (2020)
SEO1998,720404,Productivity,SEO,150304,Productivity (excl. public sector),objective,True,explicit_official_transitive,0.9,SEO1998->910404 (2008)->150304 (2020)
SEO1998,720499,Management and Productivity Issues not elsewhere classified,SEO,150399,Management and productivity not elsewhere classified,objective,True,explicit_official_transitive,0.9,SEO1998->910499 (2008)->150399 (2020)
SEO1998,720499,Management and Productivity Issues not elsewhere classified,SEO,150305,Public sector productivity,objective,False,explicit_official_transitive,0.353,SEO1998->910405 (2008)->150305 (2020)
SEO1998,7205,MEASUREMENT STANDARDS AND CALIBRATION SERVICES,SEO,1504,Measurement standards and calibration services,group,True,derived_empirical,1.0,"rolled up from 4 SEO1998 leaf-level mapping(s), 4 agreeing"
SEO1998,720501,Defence Standards and Calibrations,SEO,150402,Defence standards and calibrations,objective,True,explicit_official_transitive,0.9,SEO1998->910502 (2008)->150402 (2020)
SEO1998,720502,Manufacturing Standards and Calibrations,SEO,150403,Manufacturing standards and calibrations,objective,True,explicit_official_transitive,0.9,SEO1998->910503 (2008)->150403 (2020)
SEO1998,720503,Service Industries Standards and Calibrations,SEO,150404,Service industries standards and calibrations,objective,True,explicit_official_transitive,0.9,SEO1998->910504 (2008)->150404 (2020)
SEO1998,720599,Measurement Standards and Calibration Services not elsewhere classified,SEO,150499,Measurement standards and calibration services not elsewhere classified,objective,True,explicit_official_transitive,0.9,SEO1998->910599 (2008)->150499 (2020)
SEO1998,720599,Measurement Standards and Calibration Services not elsewhere classified,SEO,150401,Agricultural and environmental standards and calibrations,objective,False,explicit_official_transitive,0.324,SEO1998->910501 (2008)->150401 (2020)
SEO1998,7299,OTHER ECONOMIC ISSUES,SEO,1503,Management and productivity,group,True,derived_empirical,0.5,"rolled up from 2 SEO1998 leaf-level mapping(s), 1 agreeing"
SEO1998,7299,OTHER ECONOMIC ISSUES,SEO,1599,Other economic framework,group,False,derived_empirical,0.5,"rolled up from 2 SEO1998 leaf-level mapping(s), 1 agreeing"
SEO1998,729901,Technological and Organisational Innovation,SEO,150306,Technological and organisational innovation,objective,True,explicit_official_transitive,0.9,SEO1998->910406 (2008)->150306 (2020)
SEO1998,729999,Economic Issues not elsewhere classified,SEO,159999,Other economic framework not elsewhere classified,objective,True,explicit_official_transitive,0.843,SEO1998->919999 (2008)->159999 (2020)
SEO1998,729999,Economic Issues not elsewhere classified,SEO,159902,Ecological economics,objective,False,explicit_official_transitive,0.3,SEO1998->919902 (2008)->159902 (2020)
SEO1998,729999,Economic Issues not elsewhere classified,SEO,159901,Carbon and emissions trading,objective,False,explicit_official_transitive,0.294,SEO1998->919901 (2008)->159901 (2020)
SEO1998,73,HEALTH,SEO,21,INDIGENOUS,division,False,derived_empirical,0.02,"rolled up from 49 SEO1998 leaf-level mapping(s), 1 agreeing"
SEO1998,73,HEALTH,SEO,20,HEALTH,division,True,derived_empirical,0.98,"rolled up from 49 SEO1998 leaf-level mapping(s), 48 agreeing"
SEO1998,7301,"CLINICAL (ORGANS, DISEASES AND ABNORMAL CONDITIONS)",SEO,2001,Clinical health,group,True,derived_empirical,1.0,"rolled up from 19 SEO1998 leaf-level mapping(s), 19 agreeing"
SEO1998,730101,Infectious Diseases,SEO,200104,Prevention of human diseases and conditions,objective,True,explicit_official_transitive,0.9,SEO1998->920109 (2008)->200104 (2020)
SEO1998,730102,Immune System and Allergy,SEO,200101,Diagnosis of human diseases and conditions,objective,True,explicit_official_transitive,0.9,SEO1998->920108 (2008)->200101 (2020)
SEO1998,730103,Blood Disorders,SEO,200101,Diagnosis of human diseases and conditions,objective,True,explicit_official_transitive,0.9,SEO1998->920101 (2008)->200101 (2020)
SEO1998,730104,Nervous System and Disorders,SEO,200101,Diagnosis of human diseases and conditions,objective,True,explicit_official_transitive,0.9,SEO1998->920111 (2008)->200101 (2020)
SEO1998,730105,Endocrine Organs and Diseases (incl. Diabetes),SEO,200102,Efficacy of medications,objective,False,explicit_official_transitive,0.296,SEO1998->920104 (2008)->200102 (2020)
SEO1998,730105,Endocrine Organs and Diseases (incl. Diabetes),SEO,200104,Prevention of human diseases and conditions,objective,True,explicit_official_transitive,0.9,SEO1998->920106 (2008)->200104 (2020)
SEO1998,730106,Cardiovascular System and Diseases,SEO,200101,Diagnosis of human diseases and conditions,objective,True,explicit_official_transitive,0.9,SEO1998->920103 (2008)->200101 (2020)
SEO1998,730107,Inherited Diseases (incl. Gene Therapy),SEO,200101,Diagnosis of human diseases and conditions,objective,True,explicit_official_transitive,0.9,SEO1998->920110 (2008)->200101 (2020)
SEO1998,730108,Cancer and Related Disorders,SEO,200102,Efficacy of medications,objective,True,explicit_official_transitive,0.9,SEO1998->920102 (2008)->200102 (2020)
SEO1998,730109,Surgical Methods and Procedures,SEO,200105,Treatment of human diseases and conditions,objective,True,explicit_official_transitive,0.9,SEO1998->920118 (2008)->200105 (2020)
SEO1998,730110,Respiratory System and Diseases (incl. Asthma),SEO,200105,Treatment of human diseases and conditions,objective,True,explicit_official_transitive,0.9,SEO1998->920115 (2008)->200105 (2020)
SEO1998,730111,"Hearing, Vision, Speech and Their Disorders",SEO,200104,Prevention of human diseases and conditions,objective,True,explicit_official_transitive,0.9,SEO1998->920107 (2008)->200104 (2020)
SEO1998,730112,Oro-Dental Disorders,SEO,200105,Treatment of human diseases and conditions,objective,True,explicit_official_transitive,0.9,SEO1998->920113 (2008)->200105 (2020)
SEO1998,730113,Digestive System Disorders,SEO,200101,Diagnosis of human diseases and conditions,objective,True,explicit_official_transitive,0.9,SEO1998->920105 (2008)->200101 (2020)
SEO1998,730114,Skeletal System and Disorders (incl. Arthritis),SEO,200199,Clinical health not elsewhere classified,objective,True,explicit_official_transitive,0.9,SEO1998->920116 (2008)->200199 (2020)
SEO1998,730115,Urogenital System and Disorders,SEO,200104,Prevention of human diseases and conditions,objective,True,explicit_official_transitive,0.9,SEO1998->920119 (2008)->200104 (2020)
SEO1998,730116,Reproductive System and Disorders,SEO,200105,Treatment of human diseases and conditions,objective,True,explicit_official_transitive,0.9,SEO1998->920114 (2008)->200105 (2020)
SEO1998,730117,Skin and Related Disorders,SEO,200199,Clinical health not elsewhere classified,objective,True,explicit_official_transitive,0.9,SEO1998->920117 (2008)->200199 (2020)
SEO1998,730118,"Organs, Diseases and Abnormal Conditions not elsewhere classified",SEO,200199,Clinical health not elsewhere classified,objective,True,explicit_official_transitive,0.878,SEO1998->920199 (2008)->200199 (2020)
SEO1998,730118,"Organs, Diseases and Abnormal Conditions not elsewhere classified",SEO,209999,Other health not elsewhere classified,objective,False,explicit_official_transitive,0.604,SEO1998->929999 (2008)->209999 (2020)
SEO1998,730118,"Organs, Diseases and Abnormal Conditions not elsewhere classified",SEO,200102,Efficacy of medications,objective,False,explicit_official_transitive,0.137,SEO1998->920120 (2008)->200102 (2020)
SEO1998,730118,"Organs, Diseases and Abnormal Conditions not elsewhere classified",SEO,200104,Prevention of human diseases and conditions,objective,False,explicit_official_transitive,0.273,SEO1998->920112 (2008)->200104 (2020)
SEO1998,730199,"Clinical Health not specific to Particular Organs, Diseases and Conditions",SEO,200104,Prevention of human diseases and conditions,objective,False,explicit_official_transitive,0.168,SEO1998->920112 (2008)->200104 (2020)
SEO1998,730199,"Clinical Health not specific to Particular Organs, Diseases and Conditions",SEO,200102,Efficacy of medications,objective,False,explicit_official_transitive,0.122,SEO1998->920120 (2008)->200102 (2020)
SEO1998,730199,"Clinical Health not specific to Particular Organs, Diseases and Conditions",SEO,200199,Clinical health not elsewhere classified,objective,True,explicit_official_transitive,0.599,SEO1998->920199 (2008)->200199 (2020)
SEO1998,730199,"Clinical Health not specific to Particular Organs, Diseases and Conditions",SEO,209999,Other health not elsewhere classified,objective,False,explicit_official_transitive,0.343,SEO1998->929999 (2008)->209999 (2020)
SEO1998,7302,PUBLIC HEALTH,SEO,2004,Public health (excl. specific population health),group,True,derived_empirical,0.524,"rolled up from 21 SEO1998 leaf-level mapping(s), 11 agreeing"
SEO1998,7302,PUBLIC HEALTH,SEO,2005,Specific population health (excl. Indigenous health),group,False,derived_empirical,0.333,"rolled up from 21 SEO1998 leaf-level mapping(s), 7 agreeing"
SEO1998,7302,PUBLIC HEALTH,SEO,2103,Aboriginal and Torres Strait Islander health,group,False,derived_empirical,0.048,"rolled up from 21 SEO1998 leaf-level mapping(s), 1 agreeing"
SEO1998,7302,PUBLIC HEALTH,SEO,2002,Evaluation of health and support services,group,False,derived_empirical,0.048,"rolled up from 21 SEO1998 leaf-level mapping(s), 1 agreeing"
SEO1998,7302,PUBLIC HEALTH,SEO,2099,Other health,group,False,derived_empirical,0.048,"rolled up from 21 SEO1998 leaf-level mapping(s), 1 agreeing"
SEO1998,730201,Women's Health,SEO,200509,Women's and maternal health,objective,True,explicit_official_transitive,0.9,SEO1998->920507 (2008)->200509 (2020)
SEO1998,730202,Men's Health,SEO,200504,Men's health,objective,True,explicit_official_transitive,0.9,SEO1998->920504 (2008)->200504 (2020)
SEO1998,730203,Health related to Ageing,SEO,200502,Health related to ageing,objective,True,explicit_official_transitive,0.9,SEO1998->920502 (2008)->200502 (2020)
SEO1998,730204,Child Health,SEO,200506,Neonatal and child health,objective,True,explicit_official_transitive,0.9,SEO1998->920501 (2008)->200506 (2020)
SEO1998,730205,Substance Abuse,SEO,200499,Public health (excl. specific population health) not elsewhere classified,objective,True,explicit_official_transitive,0.9,SEO1998->920414 (2008)->200499 (2020)
SEO1998,730206,Aboriginal and Torres Strait Islander Health,SEO,210301,Aboriginal and Torres Strait Islander determinants of health,objective,True,explicit_official_transitive,0.779,SEO1998->920301 (2008)->210301 (2020)
SEO1998,730206,Aboriginal and Torres Strait Islander Health,SEO,210302,Aboriginal and Torres Strait Islander health status and outcomes,objective,False,explicit_official_transitive,0.752,SEO1998->920302 (2008)->210302 (2020)
SEO1998,730206,Aboriginal and Torres Strait Islander Health,SEO,210303,Aboriginal and Torres Strait Islander health system performance,objective,False,explicit_official_transitive,0.568,SEO1998->920303 (2008)->210303 (2020)
SEO1998,730207,Health Related to Specific Ethnic Groups,SEO,211103,Pacific Peoples health system performance,objective,False,explicit_official_transitive,0.388,SEO1998->920309 (2008)->211103 (2020)
SEO1998,730207,Health Related to Specific Ethnic Groups,SEO,211101,Pacific Peoples determinants of health,objective,False,explicit_official_transitive,0.368,SEO1998->920307 (2008)->211101 (2020)
SEO1998,730207,Health Related to Specific Ethnic Groups,SEO,210702,Te tūnga me ngā putanga hauora (Māori health status and outcomes),objective,False,explicit_official_transitive,0.395,SEO1998->920305 (2008)->210702 (2020)
SEO1998,730207,Health Related to Specific Ethnic Groups,SEO,211102,Pacific Peoples health status and outcomes,objective,False,explicit_official_transitive,0.352,SEO1998->920308 (2008)->211102 (2020)
SEO1998,730207,Health Related to Specific Ethnic Groups,SEO,210703,Te whakatutukinga o te pūnaha hauora (Māori health system performance),objective,False,explicit_official_transitive,0.42,SEO1998->920306 (2008)->210703 (2020)
SEO1998,730207,Health Related to Specific Ethnic Groups,SEO,200503,Health related to specific ethnic groups,objective,True,explicit_official_transitive,0.9,SEO1998->920503 (2008)->200503 (2020)
SEO1998,730207,Health Related to Specific Ethnic Groups,SEO,210701,Ngā tokoingoa hauora (determinants of Māori health),objective,False,explicit_official_transitive,0.416,SEO1998->920304 (2008)->210701 (2020)
SEO1998,730208,Occupational Health (excl. Economic Development Aspects),SEO,200507,Occupational health,objective,True,explicit_official_transitive,0.9,SEO1998->920505 (2008)->200507 (2020)
SEO1998,730209,Rural Health,SEO,200508,Rural and remote area health,objective,True,explicit_official_transitive,0.9,SEO1998->920506 (2008)->200508 (2020)
SEO1998,730210,Environmental Health,SEO,200499,Public health (excl. specific population health) not elsewhere classified,objective,True,explicit_official_transitive,0.9,SEO1998->920405 (2008)->200499 (2020)
SEO1998,730211,Mental Health,SEO,200409,Mental health,objective,True,explicit_official_transitive,0.9,SEO1998->920410 (2008)->200409 (2020)
SEO1998,730212,Disease Distribution and Transmission,SEO,200404,Disease distribution and transmission (incl. surveillance and response),objective,True,explicit_official_transitive,0.9,SEO1998->920404 (2008)->200404 (2020)
SEO1998,730213,Preventive Medicine,SEO,200412,Preventive medicine,objective,True,explicit_official_transitive,0.9,SEO1998->920412 (2008)->200412 (2020)
SEO1998,730214,Dental Health,SEO,200402,Dental health,objective,True,explicit_official_transitive,0.9,SEO1998->920402 (2008)->200402 (2020)
SEO1998,730215,Nutrition,SEO,200410,Nutrition,objective,True,explicit_official_transitive,0.9,SEO1998->920411 (2008)->200410 (2020)
SEO1998,730216,Food Safety,SEO,200405,Food safety,objective,True,explicit_official_transitive,0.9,SEO1998->920406 (2008)->200405 (2020)
SEO1998,730217,Health Status (e.g. Indicators of Well-Being),SEO,200407,Health status (incl. wellbeing),objective,True,explicit_official_transitive,0.9,SEO1998->920408 (2008)->200407 (2020)
SEO1998,730218,Social Structure and Health,SEO,200207,Social structure and health,objective,True,explicit_official_transitive,0.9,SEO1998->920413 (2008)->200207 (2020)
SEO1998,730219,Behaviour and Health,SEO,200401,Behaviour and health,objective,True,explicit_official_transitive,0.9,SEO1998->920401 (2008)->200401 (2020)
SEO1998,730220,Injury Control,SEO,200408,Injury prevention and control,objective,True,explicit_official_transitive,0.9,SEO1998->920409 (2008)->200408 (2020)
SEO1998,730299,Public Health not elsewhere classified,SEO,200499,Public health (excl. specific population health) not elsewhere classified,objective,False,explicit_official_transitive,0.685,SEO1998->920499 (2008)->200499 (2020)
SEO1998,730299,Public Health not elsewhere classified,SEO,200406,Health protection and disaster response,objective,False,explicit_official_transitive,0.325,SEO1998->920407 (2008)->200406 (2020)
SEO1998,730299,Public Health not elsewhere classified,SEO,200403,Disability and functional capacity,objective,False,explicit_official_transitive,0.278,SEO1998->920403 (2008)->200403 (2020)
SEO1998,730299,Public Health not elsewhere classified,SEO,219999,Other Indigenous not elsewhere classified,objective,False,explicit_official_transitive,0.825,SEO1998->920399 (2008)->219999 (2020)
SEO1998,730299,Public Health not elsewhere classified,SEO,200599,Specific population health (excl. Indigenous health) not elsewhere classified,objective,False,explicit_official_transitive,0.626,SEO1998->920599 (2008)->200599 (2020)
SEO1998,730299,Public Health not elsewhere classified,SEO,209999,Other health not elsewhere classified,objective,True,explicit_official_transitive,0.899,SEO1998->929999 (2008)->209999 (2020)
SEO1998,7303,HEALTH AND SUPPORT SERVICES,SEO,2001,Clinical health,group,False,derived_empirical,0.111,"rolled up from 9 SEO1998 leaf-level mapping(s), 1 agreeing"
SEO1998,7303,HEALTH AND SUPPORT SERVICES,SEO,2003,Provision of health and support services,group,False,derived_empirical,0.444,"rolled up from 9 SEO1998 leaf-level mapping(s), 4 agreeing"
SEO1998,7303,HEALTH AND SUPPORT SERVICES,SEO,2002,Evaluation of health and support services,group,True,derived_empirical,0.444,"rolled up from 9 SEO1998 leaf-level mapping(s), 4 agreeing"
SEO1998,730301,Health Education and Promotion,SEO,200203,Health education and promotion,objective,True,explicit_official_transitive,0.9,SEO1998->920205 (2008)->200203 (2020)
SEO1998,730302,Nursing,SEO,200307,Nursing,objective,True,explicit_official_transitive,0.9,SEO1998->920210 (2008)->200307 (2020)
SEO1998,730303,"Occupational, Speech and Physiotherapy",SEO,200301,Allied health therapies (excl. mental health services),objective,True,explicit_official_transitive,0.261,SEO1998->920201 (2008)->200301 (2020)
SEO1998,730304,Palliative Care,SEO,200309,Palliative care,objective,True,explicit_official_transitive,0.9,SEO1998->920211 (2008)->200309 (2020)
SEO1998,730305,Diagnostic Methods,SEO,200101,Diagnosis of human diseases and conditions,objective,True,explicit_official_transitive,0.9,SEO1998->920203 (2008)->200101 (2020)
SEO1998,730306,Evaluation of Health Outcomes,SEO,200202,Evaluation of health outcomes,objective,True,explicit_official_transitive,0.9,SEO1998->920204 (2008)->200202 (2020)
SEO1998,730307,Health Policy Evaluation,SEO,200205,Health policy evaluation,objective,True,explicit_official_transitive,0.9,SEO1998->920208 (2008)->200205 (2020)
SEO1998,730308,Health Policy Economic Outcomes,SEO,200205,Health policy evaluation,objective,True,explicit_official_transitive,0.9,SEO1998->920207 (2008)->200205 (2020)
SEO1998,730399,Health and Support Services not elsewhere classified,SEO,200399,Provision of health and support services not elsewhere classified,objective,True,explicit_official_transitive,0.9,SEO1998->920299 (2008)->200399 (2020)
SEO1998,730399,Health and Support Services not elsewhere classified,SEO,209999,Other health not elsewhere classified,objective,False,explicit_official_transitive,0.747,SEO1998->929999 (2008)->209999 (2020)
SEO1998,730399,Health and Support Services not elsewhere classified,SEO,200399,Provision of health and support services not elsewhere classified,objective,False,explicit_official_transitive,0.188,SEO1998->920202 (2008)->200399 (2020)
SEO1998,730399,Health and Support Services not elsewhere classified,SEO,200204,Health inequalities,objective,False,explicit_official_transitive,0.338,SEO1998->920206 (2008)->200204 (2020)
SEO1998,730399,Health and Support Services not elsewhere classified,SEO,200301,Allied health therapies (excl. mental health services),objective,False,explicit_official_transitive,0.377,SEO1998->920201 (2008)->200301 (2020)
SEO1998,730399,Health and Support Services not elsewhere classified,SEO,200305,Mental health services,objective,False,explicit_official_transitive,0.405,SEO1998->920209 (2008)->200305 (2020)
SEO1998,74,EDUCATION AND TRAINING,SEO,16,EDUCATION AND TRAINING,division,True,derived_empirical,0.923,"rolled up from 13 SEO1998 leaf-level mapping(s), 12 agreeing"
SEO1998,74,EDUCATION AND TRAINING,SEO,21,INDIGENOUS,division,False,derived_empirical,0.077,"rolled up from 13 SEO1998 leaf-level mapping(s), 1 agreeing"
SEO1998,7401,EARLY CHILDHOOD AND PRIMARY EDUCATION,SEO,1603,Teaching and curriculum,group,True,derived_empirical,1.0,"rolled up from 2 SEO1998 leaf-level mapping(s), 2 agreeing"
SEO1998,740101,Early Childhood Education,SEO,160205,Policies and development,objective,False,explicit_official_transitive,0.265,SEO1998->930403 (2008)->160205 (2020)
SEO1998,740101,Early Childhood Education,SEO,160104,Professional development and adult education,objective,False,explicit_official_transitive,0.265,SEO1998->930104 (2008)->160104 (2020)
SEO1998,740101,Early Childhood Education,SEO,160299,Schools and learning environments not elsewhere classified,objective,False,explicit_official_transitive,0.265,SEO1998->930499 (2008)->160299 (2020)
SEO1998,740101,Early Childhood Education,SEO,160399,Teaching and curriculum not elsewhere classified,objective,False,explicit_official_transitive,0.233,SEO1998->930399 (2008)->160399 (2020)
SEO1998,740101,Early Childhood Education,SEO,160302,Pedagogy,objective,False,explicit_official_transitive,0.242,SEO1998->930201 (2008)->160302 (2020)
SEO1998,740101,Early Childhood Education,SEO,169999,Other education and training not elsewhere classified,objective,False,explicit_official_transitive,0.225,SEO1998->930599 (2008)->169999 (2020)
SEO1998,740101,Early Childhood Education,SEO,160199,Learner and learning not elsewhere classified,objective,False,explicit_official_transitive,0.291,SEO1998->930102 (2008)->160199 (2020)
SEO1998,740101,Early Childhood Education,SEO,160199,Learner and learning not elsewhere classified,objective,False,explicit_official_transitive,0.257,SEO1998->930199 (2008)->160199 (2020)
SEO1998,740101,Early Childhood Education,SEO,160301,"Assessment, development and evaluation of curriculum",objective,False,explicit_official_transitive,0.3,SEO1998->930302 (2008)->160301 (2020)
SEO1998,740101,Early Childhood Education,SEO,169999,Other education and training not elsewhere classified,objective,False,explicit_official_transitive,0.261,SEO1998->930402 (2008)->169999 (2020)
SEO1998,740101,Early Childhood Education,SEO,160301,"Assessment, development and evaluation of curriculum",objective,False,explicit_official_transitive,0.344,SEO1998->930301 (2008)->160301 (2020)
SEO1998,740101,Early Childhood Education,SEO,160204,"Management, resources and leadership",objective,False,explicit_official_transitive,0.406,SEO1998->930503 (2008)->160204 (2020)
SEO1998,740101,Early Childhood Education,SEO,160204,"Management, resources and leadership",objective,False,explicit_official_transitive,0.377,SEO1998->930502 (2008)->160204 (2020)
SEO1998,740101,Early Childhood Education,SEO,160303,Teacher and instructor development,objective,False,explicit_official_transitive,0.373,SEO1998->930202 (2008)->160303 (2020)
SEO1998,740101,Early Childhood Education,SEO,160204,"Management, resources and leadership",objective,False,explicit_official_transitive,0.351,SEO1998->930401 (2008)->160204 (2020)
SEO1998,740101,Early Childhood Education,SEO,160199,Learner and learning not elsewhere classified,objective,False,explicit_official_transitive,0.351,SEO1998->930101 (2008)->160199 (2020)
SEO1998,740101,Early Childhood Education,SEO,160104,Professional development and adult education,objective,False,explicit_official_transitive,0.318,SEO1998->930103 (2008)->160104 (2020)
SEO1998,740101,Early Childhood Education,SEO,160304,Teaching and instruction technologies,objective,True,explicit_official_transitive,0.419,SEO1998->930203 (2008)->160304 (2020)
SEO1998,740101,Early Childhood Education,SEO,160399,Teaching and curriculum not elsewhere classified,objective,False,explicit_official_transitive,0.351,SEO1998->930299 (2008)->160399 (2020)
SEO1998,740102,Primary Education,SEO,160399,Teaching and curriculum not elsewhere classified,objective,False,explicit_official_transitive,0.231,SEO1998->930399 (2008)->160399 (2020)
SEO1998,740102,Primary Education,SEO,160301,"Assessment, development and evaluation of curriculum",objective,False,explicit_official_transitive,0.231,SEO1998->930302 (2008)->160301 (2020)
SEO1998,740102,Primary Education,SEO,160199,Learner and learning not elsewhere classified,objective,False,explicit_official_transitive,0.128,SEO1998->930102 (2008)->160199 (2020)
SEO1998,740102,Primary Education,SEO,160199,Learner and learning not elsewhere classified,objective,False,explicit_official_transitive,0.161,SEO1998->930199 (2008)->160199 (2020)
SEO1998,740102,Primary Education,SEO,169999,Other education and training not elsewhere classified,objective,False,explicit_official_transitive,0.197,SEO1998->930402 (2008)->169999 (2020)
SEO1998,740102,Primary Education,SEO,160299,Schools and learning environments not elsewhere classified,objective,False,explicit_official_transitive,0.2,SEO1998->930499 (2008)->160299 (2020)
SEO1998,740102,Primary Education,SEO,160104,Professional development and adult education,objective,False,explicit_official_transitive,0.2,SEO1998->930104 (2008)->160104 (2020)
SEO1998,740102,Primary Education,SEO,160399,Teaching and curriculum not elsewhere classified,objective,False,explicit_official_transitive,0.212,SEO1998->930299 (2008)->160399 (2020)
SEO1998,740102,Primary Education,SEO,160204,"Management, resources and leadership",objective,False,explicit_official_transitive,0.393,SEO1998->930503 (2008)->160204 (2020)
SEO1998,740102,Primary Education,SEO,160205,Policies and development,objective,False,explicit_official_transitive,0.2,SEO1998->930403 (2008)->160205 (2020)
SEO1998,740102,Primary Education,SEO,169999,Other education and training not elsewhere classified,objective,False,explicit_official_transitive,0.25,SEO1998->930599 (2008)->169999 (2020)
SEO1998,740102,Primary Education,SEO,160204,"Management, resources and leadership",objective,False,explicit_official_transitive,0.393,SEO1998->930502 (2008)->160204 (2020)
SEO1998,740102,Primary Education,SEO,160301,"Assessment, development and evaluation of curriculum",objective,False,explicit_official_transitive,0.357,SEO1998->930301 (2008)->160301 (2020)
SEO1998,740102,Primary Education,SEO,160302,Pedagogy,objective,True,explicit_official_transitive,0.4,SEO1998->930201 (2008)->160302 (2020)
SEO1998,740102,Primary Education,SEO,160104,Professional development and adult education,objective,False,explicit_official_transitive,0.278,SEO1998->930103 (2008)->160104 (2020)
SEO1998,740102,Primary Education,SEO,160204,"Management, resources and leadership",objective,False,explicit_official_transitive,0.273,SEO1998->930401 (2008)->160204 (2020)
SEO1998,740102,Primary Education,SEO,160304,Teaching and instruction technologies,objective,False,explicit_official_transitive,0.259,SEO1998->930203 (2008)->160304 (2020)
SEO1998,740102,Primary Education,SEO,160199,Learner and learning not elsewhere classified,objective,False,explicit_official_transitive,0.245,SEO1998->930101 (2008)->160199 (2020)
SEO1998,740102,Primary Education,SEO,160303,Teacher and instructor development,objective,False,explicit_official_transitive,0.314,SEO1998->930202 (2008)->160303 (2020)
SEO1998,7402,SECONDARY EDUCATION,SEO,1603,Teaching and curriculum,group,True,derived_empirical,1.0,"rolled up from 1 SEO1998 leaf-level mapping(s), 1 agreeing"
SEO1998,740201,Secondary Education,SEO,169999,Other education and training not elsewhere classified,objective,False,explicit_official_transitive,0.286,SEO1998->930402 (2008)->169999 (2020)
SEO1998,740201,Secondary Education,SEO,169999,Other education and training not elsewhere classified,objective,False,explicit_official_transitive,0.243,SEO1998->930599 (2008)->169999 (2020)
SEO1998,740201,Secondary Education,SEO,160399,Teaching and curriculum not elsewhere classified,objective,False,explicit_official_transitive,0.222,SEO1998->930399 (2008)->160399 (2020)
SEO1998,740201,Secondary Education,SEO,160199,Learner and learning not elsewhere classified,objective,False,explicit_official_transitive,0.188,SEO1998->930199 (2008)->160199 (2020)
SEO1998,740201,Secondary Education,SEO,160104,Professional development and adult education,objective,False,explicit_official_transitive,0.129,SEO1998->930104 (2008)->160104 (2020)
SEO1998,740201,Secondary Education,SEO,160205,Policies and development,objective,False,explicit_official_transitive,0.29,SEO1998->930403 (2008)->160205 (2020)
SEO1998,740201,Secondary Education,SEO,160299,Schools and learning environments not elsewhere classified,objective,False,explicit_official_transitive,0.29,SEO1998->930499 (2008)->160299 (2020)
SEO1998,740201,Secondary Education,SEO,160199,Learner and learning not elsewhere classified,objective,False,explicit_official_transitive,0.082,SEO1998->930102 (2008)->160199 (2020)
SEO1998,740201,Secondary Education,SEO,160302,Pedagogy,objective,False,explicit_official_transitive,0.296,SEO1998->930201 (2008)->160302 (2020)
SEO1998,740201,Secondary Education,SEO,160301,"Assessment, development and evaluation of curriculum",objective,True,explicit_official_transitive,0.414,SEO1998->930301 (2008)->160301 (2020)
SEO1998,740201,Secondary Education,SEO,160104,Professional development and adult education,objective,False,explicit_official_transitive,0.316,SEO1998->930103 (2008)->160104 (2020)
SEO1998,740201,Secondary Education,SEO,160304,Teaching and instruction technologies,objective,False,explicit_official_transitive,0.393,SEO1998->930203 (2008)->160304 (2020)
SEO1998,740201,Secondary Education,SEO,160204,"Management, resources and leadership",objective,False,explicit_official_transitive,0.324,SEO1998->930401 (2008)->160204 (2020)
SEO1998,740201,Secondary Education,SEO,160204,"Management, resources and leadership",objective,False,explicit_official_transitive,0.413,SEO1998->930503 (2008)->160204 (2020)
SEO1998,740201,Secondary Education,SEO,160199,Learner and learning not elsewhere classified,objective,False,explicit_official_transitive,0.314,SEO1998->930101 (2008)->160199 (2020)
SEO1998,740201,Secondary Education,SEO,160204,"Management, resources and leadership",objective,False,explicit_official_transitive,0.381,SEO1998->930502 (2008)->160204 (2020)
SEO1998,740201,Secondary Education,SEO,160303,Teacher and instructor development,objective,False,explicit_official_transitive,0.377,SEO1998->930202 (2008)->160303 (2020)
SEO1998,740201,Secondary Education,SEO,160399,Teaching and curriculum not elsewhere classified,objective,False,explicit_official_transitive,0.324,SEO1998->930299 (2008)->160399 (2020)
SEO1998,740201,Secondary Education,SEO,160301,"Assessment, development and evaluation of curriculum",objective,False,explicit_official_transitive,0.259,SEO1998->930302 (2008)->160301 (2020)
SEO1998,7403,HIGHER EDUCATION,SEO,1603,Teaching and curriculum,group,True,derived_empirical,1.0,"rolled up from 1 SEO1998 leaf-level mapping(s), 1 agreeing"
SEO1998,740301,Higher Education,SEO,160301,"Assessment, development and evaluation of curriculum",objective,False,explicit_official_transitive,0.157,SEO1998->930302 (2008)->160301 (2020)
SEO1998,740301,Higher Education,SEO,169999,Other education and training not elsewhere classified,objective,False,explicit_official_transitive,0.254,SEO1998->930599 (2008)->169999 (2020)
SEO1998,740301,Higher Education,SEO,160205,Policies and development,objective,False,explicit_official_transitive,0.237,SEO1998->930403 (2008)->160205 (2020)
SEO1998,740301,Higher Education,SEO,169999,Other education and training not elsewhere classified,objective,False,explicit_official_transitive,0.233,SEO1998->930402 (2008)->169999 (2020)
SEO1998,740301,Higher Education,SEO,160299,Schools and learning environments not elsewhere classified,objective,False,explicit_official_transitive,0.237,SEO1998->930499 (2008)->160299 (2020)
SEO1998,740301,Higher Education,SEO,160204,"Management, resources and leadership",objective,False,explicit_official_transitive,0.246,SEO1998->930401 (2008)->160204 (2020)
SEO1998,740301,Higher Education,SEO,160301,"Assessment, development and evaluation of curriculum",objective,False,explicit_official_transitive,0.327,SEO1998->930301 (2008)->160301 (2020)
SEO1998,740301,Higher Education,SEO,160204,"Management, resources and leadership",objective,False,explicit_official_transitive,0.4,SEO1998->930502 (2008)->160204 (2020)
SEO1998,740301,Higher Education,SEO,160104,Professional development and adult education,objective,False,explicit_official_transitive,0.286,SEO1998->930103 (2008)->160104 (2020)
SEO1998,740301,Higher Education,SEO,160399,Teaching and curriculum not elsewhere classified,objective,False,explicit_official_transitive,0.308,SEO1998->930299 (2008)->160399 (2020)
SEO1998,740301,Higher Education,SEO,160302,Pedagogy,objective,False,explicit_official_transitive,0.333,SEO1998->930201 (2008)->160302 (2020)
SEO1998,740301,Higher Education,SEO,160304,Teaching and instruction technologies,objective,False,explicit_official_transitive,0.377,SEO1998->930203 (2008)->160304 (2020)
SEO1998,740301,Higher Education,SEO,160303,Teacher and instructor development,objective,True,explicit_official_transitive,0.4,SEO1998->930202 (2008)->160303 (2020)
SEO1998,740301,Higher Education,SEO,160199,Learner and learning not elsewhere classified,objective,False,explicit_official_transitive,0.262,SEO1998->930199 (2008)->160199 (2020)
SEO1998,740301,Higher Education,SEO,160199,Learner and learning not elsewhere classified,objective,False,explicit_official_transitive,0.217,SEO1998->930102 (2008)->160199 (2020)
SEO1998,740301,Higher Education,SEO,160204,"Management, resources and leadership",objective,False,explicit_official_transitive,0.4,SEO1998->930503 (2008)->160204 (2020)
SEO1998,740301,Higher Education,SEO,160199,Learner and learning not elsewhere classified,objective,False,explicit_official_transitive,0.25,SEO1998->930101 (2008)->160199 (2020)
SEO1998,740301,Higher Education,SEO,160104,Professional development and adult education,objective,False,explicit_official_transitive,0.203,SEO1998->930104 (2008)->160104 (2020)
SEO1998,740301,Higher Education,SEO,160399,Teaching and curriculum not elsewhere classified,objective,False,explicit_official_transitive,0.275,SEO1998->930399 (2008)->160399 (2020)
SEO1998,7404,VOCATIONAL EDUCATION AND TRAINING,SEO,1602,Schools and learning environments,group,True,derived_empirical,1.0,"rolled up from 1 SEO1998 leaf-level mapping(s), 1 agreeing"
SEO1998,740401,Vocational Education and Training,SEO,160399,Teaching and curriculum not elsewhere classified,objective,False,explicit_official_transitive,0.293,SEO1998->930299 (2008)->160399 (2020)
SEO1998,740401,Vocational Education and Training,SEO,160104,Professional development and adult education,objective,False,explicit_official_transitive,0.289,SEO1998->930104 (2008)->160104 (2020)
SEO1998,740401,Vocational Education and Training,SEO,160204,"Management, resources and leadership",objective,False,explicit_official_transitive,0.366,SEO1998->930401 (2008)->160204 (2020)
SEO1998,740401,Vocational Education and Training,SEO,160299,Schools and learning environments not elsewhere classified,objective,False,explicit_official_transitive,0.289,SEO1998->930499 (2008)->160299 (2020)
SEO1998,740401,Vocational Education and Training,SEO,160301,"Assessment, development and evaluation of curriculum",objective,False,explicit_official_transitive,0.235,SEO1998->930302 (2008)->160301 (2020)
SEO1998,740401,Vocational Education and Training,SEO,160399,Teaching and curriculum not elsewhere classified,objective,False,explicit_official_transitive,0.147,SEO1998->930399 (2008)->160399 (2020)
SEO1998,740401,Vocational Education and Training,SEO,160303,Teacher and instructor development,objective,False,explicit_official_transitive,0.299,SEO1998->930202 (2008)->160303 (2020)
SEO1998,740401,Vocational Education and Training,SEO,160302,Pedagogy,objective,False,explicit_official_transitive,0.244,SEO1998->930201 (2008)->160302 (2020)
SEO1998,740401,Vocational Education and Training,SEO,160104,Professional development and adult education,objective,False,explicit_official_transitive,0.115,SEO1998->930103 (2008)->160104 (2020)
SEO1998,740401,Vocational Education and Training,SEO,160199,Learner and learning not elsewhere classified,objective,False,explicit_official_transitive,0.413,SEO1998->930102 (2008)->160199 (2020)
SEO1998,740401,Vocational Education and Training,SEO,160301,"Assessment, development and evaluation of curriculum",objective,False,explicit_official_transitive,0.361,SEO1998->930301 (2008)->160301 (2020)
SEO1998,740401,Vocational Education and Training,SEO,169999,Other education and training not elsewhere classified,objective,False,explicit_official_transitive,0.364,SEO1998->930402 (2008)->169999 (2020)
SEO1998,740401,Vocational Education and Training,SEO,160205,Policies and development,objective,False,explicit_official_transitive,0.368,SEO1998->930403 (2008)->160205 (2020)
SEO1998,740401,Vocational Education and Training,SEO,160199,Learner and learning not elsewhere classified,objective,False,explicit_official_transitive,0.4,SEO1998->930101 (2008)->160199 (2020)
SEO1998,740401,Vocational Education and Training,SEO,169999,Other education and training not elsewhere classified,objective,False,explicit_official_transitive,0.5,SEO1998->930599 (2008)->169999 (2020)
SEO1998,740401,Vocational Education and Training,SEO,160204,"Management, resources and leadership",objective,False,explicit_official_transitive,0.675,SEO1998->930502 (2008)->160204 (2020)
SEO1998,740401,Vocational Education and Training,SEO,160199,Learner and learning not elsewhere classified,objective,False,explicit_official_transitive,0.333,SEO1998->930199 (2008)->160199 (2020)
SEO1998,740401,Vocational Education and Training,SEO,160204,"Management, resources and leadership",objective,True,explicit_official_transitive,0.701,SEO1998->930503 (2008)->160204 (2020)
SEO1998,740401,Vocational Education and Training,SEO,160304,Teaching and instruction technologies,objective,False,explicit_official_transitive,0.343,SEO1998->930203 (2008)->160304 (2020)
SEO1998,7405,SPECIAL EDUCATION,SEO,1602,Schools and learning environments,group,True,derived_empirical,1.0,"rolled up from 1 SEO1998 leaf-level mapping(s), 1 agreeing"
SEO1998,740501,Special Education,SEO,160304,Teaching and instruction technologies,objective,False,explicit_official_transitive,0.259,SEO1998->930203 (2008)->160304 (2020)
SEO1998,740501,Special Education,SEO,160199,Learner and learning not elsewhere classified,objective,False,explicit_official_transitive,0.161,SEO1998->930199 (2008)->160199 (2020)
SEO1998,740501,Special Education,SEO,160104,Professional development and adult education,objective,False,explicit_official_transitive,0.167,SEO1998->930103 (2008)->160104 (2020)
SEO1998,740501,Special Education,SEO,169999,Other education and training not elsewhere classified,objective,False,explicit_official_transitive,0.25,SEO1998->930599 (2008)->169999 (2020)
SEO1998,740501,Special Education,SEO,160399,Teaching and curriculum not elsewhere classified,objective,False,explicit_official_transitive,0.231,SEO1998->930399 (2008)->160399 (2020)
SEO1998,740501,Special Education,SEO,160303,Teacher and instructor development,objective,False,explicit_official_transitive,0.235,SEO1998->930202 (2008)->160303 (2020)
SEO1998,740501,Special Education,SEO,160199,Learner and learning not elsewhere classified,objective,False,explicit_official_transitive,0.085,SEO1998->930102 (2008)->160199 (2020)
SEO1998,740501,Special Education,SEO,160301,"Assessment, development and evaluation of curriculum",objective,False,explicit_official_transitive,0.154,SEO1998->930302 (2008)->160301 (2020)
SEO1998,740501,Special Education,SEO,160199,Learner and learning not elsewhere classified,objective,False,explicit_official_transitive,0.204,SEO1998->930101 (2008)->160199 (2020)
SEO1998,740501,Special Education,SEO,160399,Teaching and curriculum not elsewhere classified,objective,False,explicit_official_transitive,0.212,SEO1998->930299 (2008)->160399 (2020)
SEO1998,740501,Special Education,SEO,160205,Policies and development,objective,False,explicit_official_transitive,0.267,SEO1998->930403 (2008)->160205 (2020)
SEO1998,740501,Special Education,SEO,160301,"Assessment, development and evaluation of curriculum",objective,False,explicit_official_transitive,0.357,SEO1998->930301 (2008)->160301 (2020)
SEO1998,740501,Special Education,SEO,160204,"Management, resources and leadership",objective,False,explicit_official_transitive,0.426,SEO1998->930503 (2008)->160204 (2020)
SEO1998,740501,Special Education,SEO,160204,"Management, resources and leadership",objective,False,explicit_official_transitive,0.361,SEO1998->930502 (2008)->160204 (2020)
SEO1998,740501,Special Education,SEO,160203,Inclusive education,objective,True,explicit_official_transitive,0.85,SEO1998->939907 (2008)->160203 (2020)
SEO1998,740501,Special Education,SEO,160104,Professional development and adult education,objective,False,explicit_official_transitive,0.333,SEO1998->930104 (2008)->160104 (2020)
SEO1998,740501,Special Education,SEO,160302,Pedagogy,objective,False,explicit_official_transitive,0.32,SEO1998->930201 (2008)->160302 (2020)
SEO1998,740501,Special Education,SEO,160204,"Management, resources and leadership",objective,False,explicit_official_transitive,0.273,SEO1998->930401 (2008)->160204 (2020)
SEO1998,740501,Special Education,SEO,160299,Schools and learning environments not elsewhere classified,objective,False,explicit_official_transitive,0.267,SEO1998->930499 (2008)->160299 (2020)
SEO1998,740501,Special Education,SEO,169999,Other education and training not elsewhere classified,objective,False,explicit_official_transitive,0.262,SEO1998->930402 (2008)->169999 (2020)
SEO1998,7499,OTHER EDUCATION,SEO,1602,Schools and learning environments,group,False,derived_empirical,0.286,"rolled up from 7 SEO1998 leaf-level mapping(s), 2 agreeing"
SEO1998,7499,OTHER EDUCATION,SEO,2102,Aboriginal and Torres Strait Islander education,group,False,derived_empirical,0.143,"rolled up from 7 SEO1998 leaf-level mapping(s), 1 agreeing"
SEO1998,7499,OTHER EDUCATION,SEO,1699,Other education and training,group,True,derived_empirical,0.571,"rolled up from 7 SEO1998 leaf-level mapping(s), 4 agreeing"
SEO1998,749901,Occupational Training,SEO,169999,Other education and training not elsewhere classified,objective,True,explicit_official_transitive,0.471,SEO1998->939999 (2008)->169999 (2020)
SEO1998,749902,Continuing Education,SEO,169999,Other education and training not elsewhere classified,objective,True,explicit_official_transitive,0.269,SEO1998->939999 (2008)->169999 (2020)
SEO1998,749903,Aboriginal and Torres Strait Islander Education,SEO,210202,Aboriginal and Torres Strait Islander education system performance,objective,True,explicit_official_transitive,0.9,SEO1998->939901 (2008)->210202 (2020)
SEO1998,749904,Education Across Cultures,SEO,169999,Other education and training not elsewhere classified,objective,True,explicit_official_transitive,0.417,SEO1998->939999 (2008)->169999 (2020)
SEO1998,749905,Gender Aspects of Education,SEO,160202,Gender aspects in education,objective,True,explicit_official_transitive,0.9,SEO1998->939904 (2008)->160202 (2020)
SEO1998,749906,Education Policy,SEO,160205,Policies and development,objective,True,explicit_official_transitive,0.423,SEO1998->930501 (2008)->160205 (2020)
SEO1998,749999,Education and Training not elsewhere classified,SEO,160204,"Management, resources and leadership",objective,False,explicit_official_transitive,0.271,SEO1998->930401 (2008)->160204 (2020)
SEO1998,749999,Education and Training not elsewhere classified,SEO,160205,Policies and development,objective,False,explicit_official_transitive,0.289,SEO1998->930403 (2008)->160205 (2020)
SEO1998,749999,Education and Training not elsewhere classified,SEO,160203,Inclusive education,objective,False,explicit_official_transitive,0.257,SEO1998->939907 (2008)->160203 (2020)
SEO1998,749999,Education and Training not elsewhere classified,SEO,160104,Professional development and adult education,objective,False,explicit_official_transitive,0.152,SEO1998->930103 (2008)->160104 (2020)
SEO1998,749999,Education and Training not elsewhere classified,SEO,160201,Equity and access to education,objective,False,explicit_official_transitive,0.234,SEO1998->939903 (2008)->160201 (2020)
SEO1998,749999,Education and Training not elsewhere classified,SEO,160206,Workforce transition and employment,objective,False,explicit_official_transitive,0.293,SEO1998->939908 (2008)->160206 (2020)
SEO1998,749999,Education and Training not elsewhere classified,SEO,210602,Te whakatutukitanga o te pūnaha mātauranga Māori (Māori education system performance),objective,False,explicit_official_transitive,0.29,SEO1998->939905 (2008)->210602 (2020)
SEO1998,749999,Education and Training not elsewhere classified,SEO,211002,Pacific Peoples education system performance,objective,False,explicit_official_transitive,0.25,SEO1998->939906 (2008)->211002 (2020)
SEO1998,749999,Education and Training not elsewhere classified,SEO,160302,Pedagogy,objective,False,explicit_official_transitive,0.182,SEO1998->930201 (2008)->160302 (2020)
SEO1998,749999,Education and Training not elsewhere classified,SEO,160303,Teacher and instructor development,objective,False,explicit_official_transitive,0.321,SEO1998->930202 (2008)->160303 (2020)
SEO1998,749999,Education and Training not elsewhere classified,SEO,160199,Learner and learning not elsewhere classified,objective,False,explicit_official_transitive,0.43,SEO1998->930101 (2008)->160199 (2020)
SEO1998,749999,Education and Training not elsewhere classified,SEO,160301,"Assessment, development and evaluation of curriculum",objective,False,explicit_official_transitive,0.302,SEO1998->930301 (2008)->160301 (2020)
SEO1998,749999,Education and Training not elsewhere classified,SEO,160204,"Management, resources and leadership",objective,False,explicit_official_transitive,0.571,SEO1998->930503 (2008)->160204 (2020)
SEO1998,749999,Education and Training not elsewhere classified,SEO,160205,Policies and development,objective,False,explicit_official_transitive,0.549,SEO1998->930501 (2008)->160205 (2020)
SEO1998,749999,Education and Training not elsewhere classified,SEO,160204,"Management, resources and leadership",objective,False,explicit_official_transitive,0.571,SEO1998->930502 (2008)->160204 (2020)
SEO1998,749999,Education and Training not elsewhere classified,SEO,169999,Other education and training not elsewhere classified,objective,False,explicit_official_transitive,0.63,SEO1998->939902 (2008)->169999 (2020)
SEO1998,749999,Education and Training not elsewhere classified,SEO,160104,Professional development and adult education,objective,False,explicit_official_transitive,0.311,SEO1998->930104 (2008)->160104 (2020)
SEO1998,749999,Education and Training not elsewhere classified,SEO,160301,"Assessment, development and evaluation of curriculum",objective,False,explicit_official_transitive,0.293,SEO1998->930302 (2008)->160301 (2020)
SEO1998,749999,Education and Training not elsewhere classified,SEO,160199,Learner and learning not elsewhere classified,objective,False,explicit_official_transitive,0.494,SEO1998->930102 (2008)->160199 (2020)
SEO1998,749999,Education and Training not elsewhere classified,SEO,169999,Other education and training not elsewhere classified,objective,False,explicit_official_transitive,0.242,SEO1998->930402 (2008)->169999 (2020)
SEO1998,749999,Education and Training not elsewhere classified,SEO,160399,Teaching and curriculum not elsewhere classified,objective,False,explicit_official_transitive,0.792,SEO1998->930299 (2008)->160399 (2020)
SEO1998,749999,Education and Training not elsewhere classified,SEO,160199,Learner and learning not elsewhere classified,objective,False,explicit_official_transitive,0.826,SEO1998->930199 (2008)->160199 (2020)
SEO1998,749999,Education and Training not elsewhere classified,SEO,169999,Other education and training not elsewhere classified,objective,False,explicit_official_transitive,0.9,SEO1998->930599 (2008)->169999 (2020)
SEO1998,749999,Education and Training not elsewhere classified,SEO,160399,Teaching and curriculum not elsewhere classified,objective,False,explicit_official_transitive,0.659,SEO1998->930399 (2008)->160399 (2020)
SEO1998,749999,Education and Training not elsewhere classified,SEO,160299,Schools and learning environments not elsewhere classified,objective,False,explicit_official_transitive,0.667,SEO1998->930499 (2008)->160299 (2020)
SEO1998,749999,Education and Training not elsewhere classified,SEO,169999,Other education and training not elsewhere classified,objective,True,explicit_official_transitive,0.9,SEO1998->939999 (2008)->169999 (2020)
SEO1998,749999,Education and Training not elsewhere classified,SEO,160304,Teaching and instruction technologies,objective,False,explicit_official_transitive,0.357,SEO1998->930203 (2008)->160304 (2020)
SEO1998,75,SOCIAL DEVELOPMENT AND COMMUNITY SERVICES,SEO,13,CULTURE AND SOCIETY,division,False,derived_empirical,0.381,"rolled up from 63 SEO1998 leaf-level mapping(s), 24 agreeing"
SEO1998,75,SOCIAL DEVELOPMENT AND COMMUNITY SERVICES,SEO,21,INDIGENOUS,division,False,derived_empirical,0.032,"rolled up from 63 SEO1998 leaf-level mapping(s), 2 agreeing"
SEO1998,75,SOCIAL DEVELOPMENT AND COMMUNITY SERVICES,SEO,12,CONSTRUCTION,division,False,derived_empirical,0.032,"rolled up from 63 SEO1998 leaf-level mapping(s), 2 agreeing"
SEO1998,75,SOCIAL DEVELOPMENT AND COMMUNITY SERVICES,SEO,23,"LAW, POLITICS AND COMMUNITY SERVICES",division,True,derived_empirical,0.556,"rolled up from 63 SEO1998 leaf-level mapping(s), 35 agreeing"
SEO1998,7501,WORK,SEO,2305,Work and labour market,group,True,derived_empirical,1.0,"rolled up from 5 SEO1998 leaf-level mapping(s), 5 agreeing"
SEO1998,750101,Employment,SEO,230501,Employment patterns and change,objective,True,explicit_official_transitive,0.5,SEO1998->940501 (2008)->230501 (2020)
SEO1998,750102,Changing Work Patterns,SEO,230501,Employment patterns and change,objective,True,explicit_official_transitive,0.385,SEO1998->940501 (2008)->230501 (2020)
SEO1998,750103,The Professions and Professionalisation,SEO,230502,Professions and professionalisation,objective,True,explicit_official_transitive,0.9,SEO1998->940502 (2008)->230502 (2020)
SEO1998,750104,Preserving Institutional and Organisational Histories,SEO,230599,Work and labour market not elsewhere classified,objective,True,explicit_official_transitive,0.375,SEO1998->940599 (2008)->230599 (2020)
SEO1998,750199,Work not elsewhere classified,SEO,230599,Work and labour market not elsewhere classified,objective,True,explicit_official_transitive,0.659,SEO1998->940599 (2008)->230599 (2020)
SEO1998,750199,Work not elsewhere classified,SEO,230505,Work and family responsibilities,objective,False,explicit_official_transitive,0.492,SEO1998->940504 (2008)->230505 (2020)
SEO1998,750199,Work not elsewhere classified,SEO,230506,Workplace safety,objective,False,explicit_official_transitive,0.444,SEO1998->940505 (2008)->230506 (2020)
SEO1998,750199,Work not elsewhere classified,SEO,230504,Unpaid work and volunteering,objective,False,explicit_official_transitive,0.358,SEO1998->940503 (2008)->230504 (2020)
SEO1998,7502,ARTS AND LEISURE,SEO,1306,"Sport, exercise and recreation",group,False,derived_empirical,0.4,"rolled up from 5 SEO1998 leaf-level mapping(s), 2 agreeing"
SEO1998,7502,ARTS AND LEISURE,SEO,1301,Arts,group,True,derived_empirical,0.6,"rolled up from 5 SEO1998 leaf-level mapping(s), 3 agreeing"
SEO1998,750201,"The Performing Arts (incl. Music, Theatre and Dance)",SEO,130104,The performing arts,objective,True,explicit_official_transitive,0.9,SEO1998->950105 (2008)->130104 (2020)
SEO1998,750201,"The Performing Arts (incl. Music, Theatre and Dance)",SEO,130102,Music,objective,False,explicit_official_transitive,0.175,SEO1998->950101 (2008)->130102 (2020)
SEO1998,750202,The Creative Arts,SEO,130103,The creative arts,objective,True,explicit_official_transitive,0.9,SEO1998->950104 (2008)->130103 (2020)
SEO1998,750203,Organised Sports,SEO,130602,Organised sports,objective,True,explicit_official_transitive,0.9,SEO1998->950102 (2008)->130602 (2020)
SEO1998,750204,Recreation,SEO,130603,Recreation and leisure activities (excl. sport and exercise),objective,True,explicit_official_transitive,0.9,SEO1998->950103 (2008)->130603 (2020)
SEO1998,750299,Arts and Leisure not elsewhere classified,SEO,130199,Arts not elsewhere classified,objective,True,explicit_official_transitive,0.9,SEO1998->950199 (2008)->130199 (2020)
SEO1998,7503,COMMUNITY SERVICE (EXCL. WORK),SEO,2101,Aboriginal and Torres Strait Islander community services,group,False,derived_empirical,0.077,"rolled up from 13 SEO1998 leaf-level mapping(s), 1 agreeing"
SEO1998,7503,COMMUNITY SERVICE (EXCL. WORK),SEO,2301,Community services,group,True,derived_empirical,0.923,"rolled up from 13 SEO1998 leaf-level mapping(s), 12 agreeing"
SEO1998,750301,The Distribution of Wealth,SEO,230199,Community services not elsewhere classified,objective,True,explicit_official_transitive,0.746,SEO1998->940108 (2008)->230199 (2020)
SEO1998,750302,Class,SEO,230112,Social class and inequalities,objective,True,explicit_official_transitive,0.294,SEO1998->940116 (2008)->230112 (2020)
SEO1998,750303,Gender,SEO,230108,Gender and sexualities,objective,True,explicit_official_transitive,0.429,SEO1998->940113 (2008)->230108 (2020)
SEO1998,750304,The Aged,SEO,230102,Ageing and older people,objective,True,explicit_official_transitive,0.9,SEO1998->940103 (2008)->230102 (2020)
SEO1998,750305,Ability and Disability,SEO,230101,Ability and disability,objective,True,explicit_official_transitive,0.9,SEO1998->940101 (2008)->230101 (2020)
SEO1998,750306,Ethnicity and Multiculturalism,SEO,230110,Migrant and refugee settlement services,objective,True,explicit_official_transitive,0.559,SEO1998->940111 (2008)->230110 (2020)
SEO1998,750307,Families,SEO,230107,Families and family services,objective,True,explicit_official_transitive,0.444,SEO1998->940112 (2008)->230107 (2020)
SEO1998,750308,National Identity,SEO,230105,Citizenship and national identity,objective,True,explicit_official_transitive,0.9,SEO1998->940106 (2008)->230105 (2020)
SEO1998,750309,Aboriginal and Torres Strait Islander Development and Welfare,SEO,210102,Aboriginal and Torres Strait Islander development and wellbeing,objective,True,explicit_official_transitive,0.9,SEO1998->940102 (2008)->210102 (2020)
SEO1998,750310,"Carers Development and Welfare (i.e. Carers for the Aged, Disabled)",SEO,230103,Carers' support,objective,True,explicit_official_transitive,0.9,SEO1998->940104 (2008)->230103 (2020)
SEO1998,750311,Migrant Development and Welfare,SEO,230110,Migrant and refugee settlement services,objective,True,explicit_official_transitive,0.66,SEO1998->940111 (2008)->230110 (2020)
SEO1998,750312,Youth/Child Development and Welfare,SEO,230104,Children's services and childcare,objective,True,explicit_official_transitive,0.351,SEO1998->940105 (2008)->230104 (2020)
SEO1998,750399,Community Services not elsewhere classified,SEO,230108,Gender and sexualities,objective,False,explicit_official_transitive,0.215,SEO1998->940113 (2008)->230108 (2020)
SEO1998,750399,Community Services not elsewhere classified,SEO,230199,Community services not elsewhere classified,objective,False,explicit_official_transitive,0.158,SEO1998->940108 (2008)->230199 (2020)
SEO1998,750399,Community Services not elsewhere classified,SEO,210902,Pacific Peoples development and wellbeing,objective,False,explicit_official_transitive,0.341,SEO1998->940115 (2008)->210902 (2020)
SEO1998,750399,Community Services not elsewhere classified,SEO,210502,Te whanaketanga me te oranga o te Māori (Māori development and wellbeing),objective,False,explicit_official_transitive,0.25,SEO1998->940114 (2008)->210502 (2020)
SEO1998,750399,Community Services not elsewhere classified,SEO,230199,Community services not elsewhere classified,objective,False,explicit_official_transitive,0.4,SEO1998->940110 (2008)->230199 (2020)
SEO1998,750399,Community Services not elsewhere classified,SEO,230112,Social class and inequalities,objective,False,explicit_official_transitive,0.333,SEO1998->940116 (2008)->230112 (2020)
SEO1998,750399,Community Services not elsewhere classified,SEO,230199,Community services not elsewhere classified,objective,False,explicit_official_transitive,0.353,SEO1998->940107 (2008)->230199 (2020)
SEO1998,750399,Community Services not elsewhere classified,SEO,230113,"Structure, delivery and resourcing",objective,False,explicit_official_transitive,0.367,SEO1998->940117 (2008)->230113 (2020)
SEO1998,750399,Community Services not elsewhere classified,SEO,230104,Children's services and childcare,objective,False,explicit_official_transitive,0.463,SEO1998->940105 (2008)->230104 (2020)
SEO1998,750399,Community Services not elsewhere classified,SEO,230106,Employment services,objective,False,explicit_official_transitive,0.419,SEO1998->940109 (2008)->230106 (2020)
SEO1998,750399,Community Services not elsewhere classified,SEO,230107,Families and family services,objective,False,explicit_official_transitive,0.366,SEO1998->940112 (2008)->230107 (2020)
SEO1998,750399,Community Services not elsewhere classified,SEO,230199,Community services not elsewhere classified,objective,True,explicit_official_transitive,0.857,SEO1998->940199 (2008)->230199 (2020)
SEO1998,7504,RELIGION AND ETHICS,SEO,1305,Religion,group,False,derived_empirical,0.429,"rolled up from 7 SEO1998 leaf-level mapping(s), 3 agreeing"
SEO1998,7504,RELIGION AND ETHICS,SEO,1303,Ethics,group,True,derived_empirical,0.571,"rolled up from 7 SEO1998 leaf-level mapping(s), 4 agreeing"
SEO1998,750401,Religion and Society,SEO,130501,Religion and society,objective,True,explicit_official_transitive,0.9,SEO1998->950404 (2008)->130501 (2020)
SEO1998,750402,Religious Structures and Ritual,SEO,130504,Religious structures,objective,True,explicit_official_transitive,0.9,SEO1998->950405 (2008)->130504 (2020)
SEO1998,750403,Bioethics,SEO,130301,Bioethics,objective,True,explicit_official_transitive,0.9,SEO1998->950401 (2008)->130301 (2020)
SEO1998,750404,Social Ethics,SEO,130304,Social ethics,objective,True,explicit_official_transitive,0.9,SEO1998->950407 (2008)->130304 (2020)
SEO1998,750405,Environmental Ethics,SEO,130303,Environmental ethics,objective,True,explicit_official_transitive,0.9,SEO1998->950403 (2008)->130303 (2020)
SEO1998,750406,Business Ethics,SEO,130302,Business ethics,objective,True,explicit_official_transitive,0.9,SEO1998->950402 (2008)->130302 (2020)
SEO1998,750499,Religion and Ethics not elsewhere classified,SEO,130306,Workplace and organisational ethics (excl. business ethics),objective,False,explicit_official_transitive,0.329,SEO1998->950409 (2008)->130306 (2020)
SEO1998,750499,Religion and Ethics not elsewhere classified,SEO,130503,Religious rituals and traditions (excl. structures),objective,False,explicit_official_transitive,0.337,SEO1998->950406 (2008)->130503 (2020)
SEO1998,750499,Religion and Ethics not elsewhere classified,SEO,130599,Religion not elsewhere classified,objective,True,explicit_official_transitive,0.9,SEO1998->950499 (2008)->130599 (2020)
SEO1998,750499,Religion and Ethics not elsewhere classified,SEO,130305,Technological ethics,objective,False,explicit_official_transitive,0.375,SEO1998->950408 (2008)->130305 (2020)
SEO1998,7505,JUSTICE AND THE LAW,SEO,2304,Justice and the law,group,True,derived_empirical,1.0,"rolled up from 6 SEO1998 leaf-level mapping(s), 6 agreeing"
SEO1998,750501,Ownership of the Land,SEO,230499,Justice and the law not elsewhere classified,objective,True,explicit_official_transitive,0.308,SEO1998->940499 (2008)->230499 (2020)
SEO1998,750502,Consumer Affairs,SEO,230499,Justice and the law not elsewhere classified,objective,True,explicit_official_transitive,0.3,SEO1998->940499 (2008)->230499 (2020)
SEO1998,750503,Understanding Legal Processes,SEO,230406,Legal processes,objective,True,explicit_official_transitive,0.9,SEO1998->940406 (2008)->230406 (2020)
SEO1998,750504,Law Enforcement,SEO,230404,Law enforcement,objective,True,explicit_official_transitive,0.9,SEO1998->940404 (2008)->230404 (2020)
SEO1998,750505,Correctional Services,SEO,230408,Rehabilitation and correctional services,objective,True,explicit_official_transitive,0.689,SEO1998->940408 (2008)->230408 (2020)
SEO1998,750599,Justice and the Law not elsewhere classified,SEO,230401,Civil justice,objective,False,explicit_official_transitive,0.246,SEO1998->940401 (2008)->230401 (2020)
SEO1998,750599,Justice and the Law not elsewhere classified,SEO,230402,Crime prevention,objective,False,explicit_official_transitive,0.1,SEO1998->940402 (2008)->230402 (2020)
SEO1998,750599,Justice and the Law not elsewhere classified,SEO,230403,Criminal justice,objective,False,explicit_official_transitive,0.233,SEO1998->940403 (2008)->230403 (2020)
SEO1998,750599,Justice and the Law not elsewhere classified,SEO,230408,Rehabilitation and correctional services,objective,False,explicit_official_transitive,0.31,SEO1998->940408 (2008)->230408 (2020)
SEO1998,750599,Justice and the Law not elsewhere classified,SEO,230407,"Legislation, civil and criminal codes",objective,False,explicit_official_transitive,0.321,SEO1998->940407 (2008)->230407 (2020)
SEO1998,750599,Justice and the Law not elsewhere classified,SEO,230499,Justice and the law not elsewhere classified,objective,True,explicit_official_transitive,0.9,SEO1998->940499 (2008)->230499 (2020)
SEO1998,750599,Justice and the Law not elsewhere classified,SEO,230405,Law reform,objective,False,explicit_official_transitive,0.259,SEO1998->940405 (2008)->230405 (2020)
SEO1998,7506,GOVERNMENT AND POLITICS,SEO,2302,Government and politics,group,True,derived_empirical,1.0,"rolled up from 6 SEO1998 leaf-level mapping(s), 6 agreeing"
SEO1998,750601,Understanding Political Systems,SEO,230203,Political systems,objective,True,explicit_official_transitive,0.9,SEO1998->940203 (2008)->230203 (2020)
SEO1998,750602,Understanding Electoral Systems,SEO,230202,Electoral systems,objective,True,explicit_official_transitive,0.9,SEO1998->940202 (2008)->230202 (2020)
SEO1998,750603,Federalism in Australia,SEO,230299,Government and politics not elsewhere classified,objective,True,explicit_official_transitive,0.085,SEO1998->940299 (2008)->230299 (2020)
SEO1998,750604,Civics and Citizenship,SEO,230201,Civics and citizenship,objective,True,explicit_official_transitive,0.9,SEO1998->940201 (2008)->230201 (2020)
SEO1998,750605,Public Services Management,SEO,230204,Public services policy advice and analysis,objective,True,explicit_official_transitive,0.559,SEO1998->940204 (2008)->230204 (2020)
SEO1998,750699,Government and Politics not elsewhere classified,SEO,230299,Government and politics not elsewhere classified,objective,True,explicit_official_transitive,0.9,SEO1998->940299 (2008)->230299 (2020)
SEO1998,750699,Government and Politics not elsewhere classified,SEO,230204,Public services policy advice and analysis,objective,False,explicit_official_transitive,0.244,SEO1998->940204 (2008)->230204 (2020)
SEO1998,7507,INTERNATIONAL RELATIONS,SEO,2303,International relations,group,True,derived_empirical,1.0,"rolled up from 5 SEO1998 leaf-level mapping(s), 5 agreeing"
SEO1998,750701,Understanding International Relations,SEO,230399,International relations not elsewhere classified,objective,True,explicit_official_transitive,0.541,SEO1998->940399 (2008)->230399 (2020)
SEO1998,750702,Understanding Other Countries,SEO,230399,International relations not elsewhere classified,objective,True,explicit_official_transitive,0.364,SEO1998->940399 (2008)->230399 (2020)
SEO1998,750703,International Organisations,SEO,230303,International organisations,objective,True,explicit_official_transitive,0.9,SEO1998->940303 (2008)->230303 (2020)
SEO1998,750704,International Aid,SEO,230302,International aid and development,objective,True,explicit_official_transitive,0.9,SEO1998->940302 (2008)->230302 (2020)
SEO1998,750799,International Relations not elsewhere classified,SEO,230399,International relations not elsewhere classified,objective,True,explicit_official_transitive,0.9,SEO1998->940399 (2008)->230399 (2020)
SEO1998,750799,International Relations not elsewhere classified,SEO,230304,International political economy (excl. international trade),objective,False,explicit_official_transitive,0.43,SEO1998->940304 (2008)->230304 (2020)
SEO1998,750799,International Relations not elsewhere classified,SEO,230301,Defence and security policy,objective,False,explicit_official_transitive,0.24,SEO1998->940301 (2008)->230301 (2020)
SEO1998,7508,HERITAGE,SEO,1304,Heritage,group,True,derived_empirical,0.5,"rolled up from 6 SEO1998 leaf-level mapping(s), 3 agreeing"
SEO1998,7508,HERITAGE,SEO,2104,Aboriginal and Torres Strait Islander heritage and culture,group,False,derived_empirical,0.167,"rolled up from 6 SEO1998 leaf-level mapping(s), 1 agreeing"
SEO1998,7508,HERITAGE,SEO,1204,Construction planning,group,False,derived_empirical,0.333,"rolled up from 6 SEO1998 leaf-level mapping(s), 2 agreeing"
SEO1998,750801,Preserving the Built Environment,SEO,130405,Conserving the historic environment,objective,True,explicit_official_transitive,0.9,SEO1998->950307 (2008)->130405 (2020)
SEO1998,750802,Preserving Movable Cultural Heritage,SEO,130402,Conserving collections and movable cultural heritage,objective,True,explicit_official_transitive,0.75,SEO1998->950303 (2008)->130402 (2020)
SEO1998,750803,Urban Planning,SEO,120406,Urban planning,objective,True,explicit_official_transitive,0.9,SEO1998->870105 (2008)->120406 (2020)
SEO1998,750804,Regional Planning,SEO,120404,Regional planning,objective,True,explicit_official_transitive,0.9,SEO1998->870103 (2008)->120404 (2020)
SEO1998,750805,Aboriginal and Torres Strait Islander Heritage,SEO,210407,Conserving Aboriginal and Torres Strait Islander heritage and culture,objective,True,explicit_official_transitive,0.9,SEO1998->950302 (2008)->210407 (2020)
SEO1998,750899,Heritage not elsewhere classified,SEO,210805,Ngā tikanga Māori (Māori customary practices),objective,False,explicit_official_transitive,0.243,SEO1998->950310 (2008)->210805 (2020)
SEO1998,750899,Heritage not elsewhere classified,SEO,130403,Conserving intangible cultural heritage,objective,False,explicit_official_transitive,0.222,SEO1998->950304 (2008)->130403 (2020)
SEO1998,750899,Heritage not elsewhere classified,SEO,211201,Conserving Pacific Peoples heritage and culture,objective,False,explicit_official_transitive,0.235,SEO1998->950306 (2008)->211201 (2020)
SEO1998,750899,Heritage not elsewhere classified,SEO,210801,Āhuatanga Māori (te tuku ihotanga Māori) (Māori tradition),objective,False,explicit_official_transitive,0.182,SEO1998->950301 (2008)->210801 (2020)
SEO1998,750899,Heritage not elsewhere classified,SEO,210804,Ngā taonga (Māori artefacts),objective,False,explicit_official_transitive,0.211,SEO1998->950309 (2008)->210804 (2020)
SEO1998,750899,Heritage not elsewhere classified,SEO,210806,Ngā wāhi taonga (Māori places of significance),objective,False,explicit_official_transitive,0.32,SEO1998->950311 (2008)->210806 (2020)
SEO1998,750899,Heritage not elsewhere classified,SEO,130499,Heritage not elsewhere classified,objective,True,explicit_official_transitive,0.9,SEO1998->950399 (2008)->130499 (2020)
SEO1998,750899,Heritage not elsewhere classified,SEO,210803,Mōhiotanga Māori (Māori knowledge),objective,False,explicit_official_transitive,0.119,SEO1998->950308 (2008)->210803 (2020)
SEO1998,750899,Heritage not elsewhere classified,SEO,130404,Conserving natural heritage,objective,False,explicit_official_transitive,0.267,SEO1998->950305 (2008)->130404 (2020)
SEO1998,7509,UNDERSTANDING PAST SOCIETIES,SEO,1307,Understanding past societies,group,True,derived_empirical,1.0,"rolled up from 2 SEO1998 leaf-level mapping(s), 2 agreeing"
SEO1998,750901,Understanding Australia's Past,SEO,130703,Understanding Australia’s past,objective,True,explicit_official_transitive,0.9,SEO1998->950503 (2008)->130703 (2020)
SEO1998,750902,Understanding the Past of Other Societies,SEO,130705,Understanding New Zealand’s past,objective,False,explicit_official_transitive,0.548,SEO1998->950505 (2008)->130705 (2020)
SEO1998,750902,Understanding the Past of Other Societies,SEO,130701,Understanding Africa’s past,objective,False,explicit_official_transitive,0.559,SEO1998->950501 (2008)->130701 (2020)
SEO1998,750902,Understanding the Past of Other Societies,SEO,130702,Understanding Asia’s past,objective,False,explicit_official_transitive,0.576,SEO1998->950502 (2008)->130702 (2020)
SEO1998,750902,Understanding the Past of Other Societies,SEO,130706,Understanding the past of the Americas,objective,True,explicit_official_transitive,0.785,SEO1998->950506 (2008)->130706 (2020)
SEO1998,750902,Understanding the Past of Other Societies,SEO,130799,Understanding past societies not elsewhere classified,objective,False,explicit_official_transitive,0.596,SEO1998->950599 (2008)->130799 (2020)
SEO1998,750902,Understanding the Past of Other Societies,SEO,130704,Understanding Europe’s past,objective,False,explicit_official_transitive,0.588,SEO1998->950504 (2008)->130704 (2020)
SEO1998,7510,COMMUNICATION,SEO,1304,Heritage,group,False,derived_empirical,0.143,"rolled up from 7 SEO1998 leaf-level mapping(s), 1 agreeing"
SEO1998,7510,COMMUNICATION,SEO,1302,Communication,group,True,derived_empirical,0.857,"rolled up from 7 SEO1998 leaf-level mapping(s), 6 agreeing"
SEO1998,751001,Languages and Literature,SEO,130203,Literature,objective,True,explicit_official_transitive,0.9,SEO1998->950203 (2008)->130203 (2020)
SEO1998,751002,Languages and Literacy,SEO,130202,Languages and linguistics,objective,True,explicit_official_transitive,0.9,SEO1998->950202 (2008)->130202 (2020)
SEO1998,751003,Visual Communication,SEO,130205,Visual communication,objective,True,explicit_official_transitive,0.9,SEO1998->950205 (2008)->130205 (2020)
SEO1998,751004,The Media,SEO,130204,The media,objective,True,explicit_official_transitive,0.9,SEO1998->950204 (2008)->130204 (2020)
SEO1998,751005,Communication Across Languages and Culture,SEO,130201,Communication across languages and culture,objective,True,explicit_official_transitive,0.9,SEO1998->950201 (2008)->130201 (2020)
SEO1998,751006,Managing Collections,SEO,130402,Conserving collections and movable cultural heritage,objective,True,explicit_official_transitive,0.444,SEO1998->950303 (2008)->130402 (2020)
SEO1998,751099,Communication not elsewhere classified,SEO,130299,Communication not elsewhere classified,objective,True,explicit_official_transitive,0.9,SEO1998->950299 (2008)->130299 (2020)
SEO1998,7599,OTHER SOCIAL DEVELOPMENT AND COMMUNITY SERVICES,SEO,2399,"Other law, politics and community services",group,True,derived_empirical,1.0,"rolled up from 1 SEO1998 leaf-level mapping(s), 1 agreeing"
SEO1998,759999,Other Social Development and Community Services,SEO,239999,"Other law, politics and community services not elsewhere classified",objective,True,explicit_official_transitive,0.481,SEO1998->949999 (2008)->239999 (2020)
SEO1998,759999,Other Social Development and Community Services,SEO,139999,Other culture and society not elsewhere classified,objective,False,explicit_official_transitive,0.213,SEO1998->959999 (2008)->139999 (2020)
SEO1998,76,ENVIRONMENTAL POLICY AND OTHER ASPECTS,SEO,19,"ENVIRONMENTAL POLICY, CLIMATE CHANGE AND NATURAL HAZARDS",division,True,derived_empirical,0.8,"rolled up from 10 SEO1998 leaf-level mapping(s), 8 agreeing"
SEO1998,76,ENVIRONMENTAL POLICY AND OTHER ASPECTS,SEO,18,ENVIRONMENTAL MANAGEMENT,division,False,derived_empirical,0.2,"rolled up from 10 SEO1998 leaf-level mapping(s), 2 agreeing"
SEO1998,7601,"ENVIRONMENTAL POLICY, LEGISLATION AND STANDARDS",SEO,1902,"Environmental policy, legislation and standards",group,True,derived_empirical,0.8,"rolled up from 5 SEO1998 leaf-level mapping(s), 4 agreeing"
SEO1998,7601,"ENVIRONMENTAL POLICY, LEGISLATION AND STANDARDS",SEO,1901,Adaptation to climate change,group,False,derived_empirical,0.2,"rolled up from 5 SEO1998 leaf-level mapping(s), 1 agreeing"
SEO1998,760101,Global Climate Change Adaptation Measures,SEO,190101,Climate change adaptation measures (excl. ecosystem),objective,True,explicit_official_transitive,0.9,SEO1998->960301 (2008)->190101 (2020)
SEO1998,760102,Trade and Environment,SEO,190210,Trade and environment,objective,True,explicit_official_transitive,0.9,SEO1998->960707 (2008)->190210 (2020)
SEO1998,760103,"Consumption Patterns, Population Issues and the Environment",SEO,190201,"Consumption patterns, population issues and the environment",objective,True,explicit_official_transitive,0.9,SEO1998->960702 (2008)->190201 (2020)
SEO1998,760104,Environmental Education and Awareness,SEO,190203,Environmental education and awareness,objective,True,explicit_official_transitive,0.9,SEO1998->960703 (2008)->190203 (2020)
SEO1998,760199,"Environmental Policy, Legislation and Standards not elsewhere classified",SEO,190211,Water policy (incl. water allocation),objective,False,explicit_official_transitive,0.222,SEO1998->960706 (2008)->190211 (2020)
SEO1998,760199,"Environmental Policy, Legislation and Standards not elsewhere classified",SEO,190299,"Environmental policy, legislation and standards not elsewhere classified",objective,True,explicit_official_transitive,0.9,SEO1998->960799 (2008)->190299 (2020)
SEO1998,760199,"Environmental Policy, Legislation and Standards not elsewhere classified",SEO,190211,Water policy (incl. water allocation),objective,False,explicit_official_transitive,0.2,SEO1998->960709 (2008)->190211 (2020)
SEO1998,760199,"Environmental Policy, Legislation and Standards not elsewhere classified",SEO,180201,Assessment and management of coastal and estuarine ecosystems,objective,False,explicit_official_transitive,0.241,SEO1998->960701 (2008)->180201 (2020)
SEO1998,760199,"Environmental Policy, Legislation and Standards not elsewhere classified",SEO,190207,Land policy,objective,False,explicit_official_transitive,0.225,SEO1998->960705 (2008)->190207 (2020)
SEO1998,760199,"Environmental Policy, Legislation and Standards not elsewhere classified",SEO,190207,Land policy,objective,False,explicit_official_transitive,0.202,SEO1998->960708 (2008)->190207 (2020)
SEO1998,760199,"Environmental Policy, Legislation and Standards not elsewhere classified",SEO,190299,"Environmental policy, legislation and standards not elsewhere classified",objective,False,explicit_official_transitive,0.295,SEO1998->960704 (2008)->190299 (2020)
SEO1998,7602,ENVIRONMENTAL AND NATURAL RESOURCE EVALUATION,SEO,1902,"Environmental policy, legislation and standards",group,True,derived_empirical,0.75,"rolled up from 4 SEO1998 leaf-level mapping(s), 3 agreeing"
SEO1998,7602,ENVIRONMENTAL AND NATURAL RESOURCE EVALUATION,SEO,1899,Other environmental management,group,False,derived_empirical,0.25,"rolled up from 4 SEO1998 leaf-level mapping(s), 1 agreeing"
SEO1998,760201,Institutional Arrangements,SEO,190206,Institutional arrangements,objective,True,explicit_official_transitive,0.9,SEO1998->960605 (2008)->190206 (2020)
SEO1998,760202,Economic Incentives and Regulation,SEO,190205,Environmental protection frameworks (incl. economic incentives),objective,True,explicit_official_transitive,0.9,SEO1998->960601 (2008)->190205 (2020)
SEO1998,760203,Rights to Environmental and Natural Resources,SEO,190208,Rights to environmental and natural resources (excl. water allocation),objective,True,explicit_official_transitive,0.9,SEO1998->960606 (2008)->190208 (2020)
SEO1998,760299,Environmental and Natural Resource Evaluation not elsewhere classified,SEO,190202,Eco-verification (excl. environmental lifecycle assessment),objective,False,explicit_official_transitive,0.357,SEO1998->960602 (2008)->190202 (2020)
SEO1998,760299,Environmental and Natural Resource Evaluation not elsewhere classified,SEO,180205,Measurement and assessment of estuarine water quality,objective,False,explicit_official_transitive,0.456,SEO1998->960608 (2008)->180205 (2020)
SEO1998,760299,Environmental and Natural Resource Evaluation not elsewhere classified,SEO,190204,Environmental lifecycle assessment,objective,False,explicit_official_transitive,0.442,SEO1998->960603 (2008)->190204 (2020)
SEO1998,760299,Environmental and Natural Resource Evaluation not elsewhere classified,SEO,190209,Sustainability indicators,objective,False,explicit_official_transitive,0.211,SEO1998->960609 (2008)->190209 (2020)
SEO1998,760299,Environmental and Natural Resource Evaluation not elsewhere classified,SEO,180308,"Surface water quantification, allocation and impact of depletion",objective,False,explicit_official_transitive,0.456,SEO1998->960611 (2008)->180308 (2020)
SEO1998,760299,Environmental and Natural Resource Evaluation not elsewhere classified,SEO,189999,Other environmental management not elsewhere classified,objective,False,explicit_official_transitive,0.412,SEO1998->960604 (2008)->189999 (2020)
SEO1998,760299,Environmental and Natural Resource Evaluation not elsewhere classified,SEO,189999,Other environmental management not elsewhere classified,objective,True,explicit_official_transitive,0.9,SEO1998->960699 (2008)->189999 (2020)
SEO1998,760299,Environmental and Natural Resource Evaluation not elsewhere classified,SEO,180603,"Evaluation, allocation, and impacts of land use",objective,False,explicit_official_transitive,0.352,SEO1998->960610 (2008)->180603 (2020)
SEO1998,760299,Environmental and Natural Resource Evaluation not elsewhere classified,SEO,180603,"Evaluation, allocation, and impacts of land use",objective,False,explicit_official_transitive,0.374,SEO1998->960607 (2008)->180603 (2020)
SEO1998,7699,OTHER ENVIRONMENTAL ASPECTS,SEO,1899,Other environmental management,group,True,derived_empirical,1.0,"rolled up from 1 SEO1998 leaf-level mapping(s), 1 agreeing"
SEO1998,769999,Other Environmental Aspects,SEO,189999,Other environmental management not elsewhere classified,objective,True,explicit_official_transitive,0.508,SEO1998->969999 (2008)->189999 (2020)
SEO1998,77,ENVIRONMENTAL MANAGEMENT,SEO,19,"ENVIRONMENTAL POLICY, CLIMATE CHANGE AND NATURAL HAZARDS",division,False,derived_empirical,0.023,"rolled up from 87 SEO1998 leaf-level mapping(s), 2 agreeing"
SEO1998,77,ENVIRONMENTAL MANAGEMENT,SEO,18,ENVIRONMENTAL MANAGEMENT,division,True,derived_empirical,0.977,"rolled up from 87 SEO1998 leaf-level mapping(s), 85 agreeing"
SEO1998,7701,CLIMATE AND WEATHER,SEO,1905,Understanding climate change,group,True,derived_empirical,0.5,"rolled up from 4 SEO1998 leaf-level mapping(s), 2 agreeing"
SEO1998,7701,CLIMATE AND WEATHER,SEO,1801,"Air quality, atmosphere and weather",group,False,derived_empirical,0.5,"rolled up from 4 SEO1998 leaf-level mapping(s), 2 agreeing"
SEO1998,770101,Climate Change,SEO,190301,Climate change mitigation strategies,objective,False,explicit_official_transitive,0.56,SEO1998->960302 (2008)->190301 (2020)
SEO1998,770101,Climate Change,SEO,190103,Social impacts of climate change and variability,objective,False,explicit_official_transitive,0.452,SEO1998->960311 (2008)->190103 (2020)
SEO1998,770101,Climate Change,SEO,190102,Ecosystem adaptation to climate change,objective,False,explicit_official_transitive,0.538,SEO1998->960305 (2008)->190102 (2020)
SEO1998,770101,Climate Change,SEO,190504,Effects of climate change on Australia (excl. social impacts),objective,False,explicit_official_transitive,0.308,SEO1998->960307 (2008)->190504 (2020)
SEO1998,770101,Climate Change,SEO,190506,Effects of climate change on the South Pacific (excl. Australia and New Zealand) (excl. social impacts),objective,False,explicit_official_transitive,0.211,SEO1998->960309 (2008)->190506 (2020)
SEO1998,770101,Climate Change,SEO,190503,Effects of climate change on Antarctic and sub-Antarctic environments (excl. social impacts),objective,False,explicit_official_transitive,0.23,SEO1998->960306 (2008)->190503 (2020)
SEO1998,770101,Climate Change,SEO,190507,"Global effects of climate change (excl. Australia, New Zealand, Antarctica and the South Pacific) (excl. social impacts)",objective,False,explicit_official_transitive,0.187,SEO1998->960310 (2008)->190507 (2020)
SEO1998,770101,Climate Change,SEO,190505,Effects of climate change on New Zealand (excl. social impacts),objective,False,explicit_official_transitive,0.301,SEO1998->960308 (2008)->190505 (2020)
SEO1998,770101,Climate Change,SEO,190501,Climate change models,objective,True,explicit_official_transitive,0.8,SEO1998->960303 (2008)->190501 (2020)
SEO1998,770102,Climate Variability,SEO,190504,Effects of climate change on Australia (excl. social impacts),objective,False,explicit_official_transitive,0.396,SEO1998->960307 (2008)->190504 (2020)
SEO1998,770102,Climate Variability,SEO,190103,Social impacts of climate change and variability,objective,False,explicit_official_transitive,0.567,SEO1998->960311 (2008)->190103 (2020)
SEO1998,770102,Climate Variability,SEO,190502,Climate variability (excl. social impacts),objective,True,explicit_official_transitive,0.623,SEO1998->960304 (2008)->190502 (2020)
SEO1998,770102,Climate Variability,SEO,190506,Effects of climate change on the South Pacific (excl. Australia and New Zealand) (excl. social impacts),objective,False,explicit_official_transitive,0.275,SEO1998->960309 (2008)->190506 (2020)
SEO1998,770102,Climate Variability,SEO,190507,"Global effects of climate change (excl. Australia, New Zealand, Antarctica and the South Pacific) (excl. social impacts)",objective,False,explicit_official_transitive,0.245,SEO1998->960310 (2008)->190507 (2020)
SEO1998,770102,Climate Variability,SEO,190505,Effects of climate change on New Zealand (excl. social impacts),objective,False,explicit_official_transitive,0.388,SEO1998->960308 (2008)->190505 (2020)
SEO1998,770102,Climate Variability,SEO,190503,Effects of climate change on Antarctic and sub-Antarctic environments (excl. social impacts),objective,False,explicit_official_transitive,0.299,SEO1998->960306 (2008)->190503 (2020)
SEO1998,770103,Weather,SEO,180104,Weather,objective,True,explicit_official_transitive,0.9,SEO1998->960203 (2008)->180104 (2020)
SEO1998,770199,Other,SEO,180103,Atmospheric processes and dynamics,objective,True,explicit_official_transitive,0.205,SEO1998->960202 (2008)->180103 (2020)
SEO1998,770199,Other,SEO,180199,"Air quality, atmosphere and weather not elsewhere classified",objective,False,explicit_official_transitive,0.192,SEO1998->960299 (2008)->180199 (2020)
SEO1998,770199,Other,SEO,190399,Mitigation of climate change not elsewhere classified,objective,False,explicit_official_transitive,0.179,SEO1998->960399 (2008)->190399 (2020)
SEO1998,7702,ATMOSPHERE (EXCL. CLIMATE AND WEATHER),SEO,1801,"Air quality, atmosphere and weather",group,True,derived_empirical,1.0,"rolled up from 3 SEO1998 leaf-level mapping(s), 3 agreeing"
SEO1998,770201,Atmospheric Composition,SEO,180102,Atmospheric composition (incl. greenhouse gas inventory),objective,True,explicit_official_transitive,0.9,SEO1998->960201 (2008)->180102 (2020)
SEO1998,770202,Atmospheric Processes,SEO,180103,Atmospheric processes and dynamics,objective,True,explicit_official_transitive,0.764,SEO1998->960202 (2008)->180103 (2020)
SEO1998,770299,Atmosphere not elsewhere classified,SEO,180199,"Air quality, atmosphere and weather not elsewhere classified",objective,True,user_provided,1.0,"hand-coded: no SEO2020 objective/group match found officially or by label, resolved by direct user judgment"
SEO1998,7703,MARINE ENVIRONMENT,SEO,1899,Other environmental management,group,False,derived_empirical,0.125,"rolled up from 8 SEO1998 leaf-level mapping(s), 1 agreeing"
SEO1998,7703,MARINE ENVIRONMENT,SEO,1805,Marine systems and management,group,True,derived_empirical,0.75,"rolled up from 8 SEO1998 leaf-level mapping(s), 6 agreeing"
SEO1998,7703,MARINE ENVIRONMENT,SEO,1801,"Air quality, atmosphere and weather",group,False,derived_empirical,0.125,"rolled up from 8 SEO1998 leaf-level mapping(s), 1 agreeing"
SEO1998,770301,Air Quality,SEO,180101,Air quality,objective,True,explicit_official_transitive,0.9,SEO1998->960104 (2008)->180101 (2020)
SEO1998,770302,Living Resources (incl. Impacts of Fishing on Non-Target Species),SEO,180504,Marine biodiversity,objective,True,explicit_official_transitive,0.9,SEO1998->960808 (2008)->180504 (2020)
SEO1998,770303,Control of Pests and Exotic Species,SEO,180503,"Control of pests, diseases and exotic species in marine environments",objective,True,explicit_official_transitive,0.68,SEO1998->960407 (2008)->180503 (2020)
SEO1998,770304,Physical and Chemical Conditions,SEO,180505,Measurement and assessment of marine water quality and condition,objective,True,explicit_official_transitive,0.9,SEO1998->961104 (2008)->180505 (2020)
SEO1998,770305,Oceanic Processes (excl. Climate Related),SEO,180506,Oceanic processes (excl. in the Antarctic and Southern Ocean),objective,True,explicit_official_transitive,0.9,SEO1998->969902 (2008)->180506 (2020)
SEO1998,770306,Integrated (Ecosystem) Assessment and Management,SEO,180501,Assessment and management of benthic marine ecosystems,objective,True,explicit_official_transitive,0.9,SEO1998->960507 (2008)->180501 (2020)
SEO1998,770307,Marine Protected Areas,SEO,180507,Rehabilitation or conservation of marine environments,objective,True,explicit_official_transitive,0.9,SEO1998->961303 (2008)->180507 (2020)
SEO1998,770399,Other,SEO,189999,Other environmental management not elsewhere classified,objective,True,explicit_official_transitive,0.244,SEO1998->969999 (2008)->189999 (2020)
SEO1998,770399,Other,SEO,190499,Natural hazards not elsewhere classified,objective,False,explicit_official_transitive,0.093,SEO1998->961006 (2008)->190499 (2020)
SEO1998,7704,COASTAL AND ESTUARINE ENVIRONMENT,SEO,1801,"Air quality, atmosphere and weather",group,False,derived_empirical,0.1,"rolled up from 10 SEO1998 leaf-level mapping(s), 1 agreeing"
SEO1998,7704,COASTAL AND ESTUARINE ENVIRONMENT,SEO,1899,Other environmental management,group,False,derived_empirical,0.1,"rolled up from 10 SEO1998 leaf-level mapping(s), 1 agreeing"
SEO1998,7704,COASTAL AND ESTUARINE ENVIRONMENT,SEO,1802,Coastal and estuarine systems and management,group,True,derived_empirical,0.8,"rolled up from 10 SEO1998 leaf-level mapping(s), 8 agreeing"
SEO1998,770401,Air Quality,SEO,180101,Air quality,objective,True,explicit_official_transitive,0.9,SEO1998->960102 (2008)->180101 (2020)
SEO1998,770402,Land and Water Management,SEO,180299,Coastal and estuarine systems and management not elsewhere classified,objective,True,explicit_official_transitive,0.762,SEO1998->960903 (2008)->180299 (2020)
SEO1998,770402,Land and Water Management,SEO,180299,Coastal and estuarine systems and management not elsewhere classified,objective,False,explicit_official_transitive,0.613,SEO1998->960902 (2008)->180299 (2020)
SEO1998,770403,Living Resources (Flora and Fauna),SEO,180203,Coastal or estuarine biodiversity,objective,True,explicit_official_transitive,0.9,SEO1998->960802 (2008)->180203 (2020)
SEO1998,770404,Control of Pests and Exotic Species,SEO,180204,"Control of pests, diseases and exotic species in coastal and estuarine environments",objective,True,explicit_official_transitive,0.565,SEO1998->960412 (2008)->180204 (2020)
SEO1998,770404,Control of Pests and Exotic Species,SEO,180204,"Control of pests, diseases and exotic species in coastal and estuarine environments",objective,False,explicit_official_transitive,0.56,SEO1998->960402 (2008)->180204 (2020)
SEO1998,770405,Physical and Chemical Conditions,SEO,180205,Measurement and assessment of estuarine water quality,objective,True,explicit_official_transitive,0.9,SEO1998->961102 (2008)->180205 (2020)
SEO1998,770406,Integrated (Ecosystem) Assessment and Management,SEO,180201,Assessment and management of coastal and estuarine ecosystems,objective,True,explicit_official_transitive,0.9,SEO1998->960503 (2008)->180201 (2020)
SEO1998,770407,Remnant Vegetation and Protected Conservation Areas (Both Terrestrial and Marine),SEO,180206,Rehabilitation or conservation of coastal or estuarine environments,objective,True,explicit_official_transitive,0.9,SEO1998->961304 (2008)->180206 (2020)
SEO1998,770408,Rehabilitation of Degraded Coastal and Estuarine Areas,SEO,180206,Rehabilitation or conservation of coastal or estuarine environments,objective,True,explicit_official_transitive,0.9,SEO1998->961201 (2008)->180206 (2020)
SEO1998,770409,Estuarine and Lagoon Areas,SEO,189999,Other environmental management not elsewhere classified,objective,True,explicit_official_transitive,0.258,SEO1998->969999 (2008)->189999 (2020)
SEO1998,770499,Other,SEO,180202,Coastal erosion,objective,True,explicit_official_transitive,0.25,SEO1998->961401 (2008)->180202 (2020)
SEO1998,770499,Other,SEO,189999,Other environmental management not elsewhere classified,objective,False,explicit_official_transitive,0.244,SEO1998->969999 (2008)->189999 (2020)
SEO1998,770499,Other,SEO,190405,Meteorological hazards (e.g. cyclones and storms),objective,False,explicit_official_transitive,0.138,SEO1998->961002 (2008)->190405 (2020)
SEO1998,7705,URBAN AND INDUSTRIAL ENVIRONMENT,SEO,1899,Other environmental management,group,False,derived_empirical,0.125,"rolled up from 8 SEO1998 leaf-level mapping(s), 1 agreeing"
SEO1998,7705,URBAN AND INDUSTRIAL ENVIRONMENT,SEO,1801,"Air quality, atmosphere and weather",group,False,derived_empirical,0.125,"rolled up from 8 SEO1998 leaf-level mapping(s), 1 agreeing"
SEO1998,7705,URBAN AND INDUSTRIAL ENVIRONMENT,SEO,1806,Terrestrial systems and management,group,True,derived_empirical,0.75,"rolled up from 8 SEO1998 leaf-level mapping(s), 6 agreeing"
SEO1998,770501,Air Quality,SEO,180101,Air quality,objective,True,explicit_official_transitive,0.9,SEO1998->960106 (2008)->180101 (2020)
SEO1998,770502,Land and Water Management,SEO,180603,"Evaluation, allocation, and impacts of land use",objective,False,explicit_official_transitive,0.623,SEO1998->960911 (2008)->180603 (2020)
SEO1998,770502,Land and Water Management,SEO,180699,Terrestrial systems and management not elsewhere classified,objective,True,explicit_official_transitive,0.742,SEO1998->960912 (2008)->180699 (2020)
SEO1998,770503,Living Resources (Flora and Fauna),SEO,180606,Terrestrial biodiversity,objective,True,explicit_official_transitive,0.9,SEO1998->960812 (2008)->180606 (2020)
SEO1998,770504,Control of Pests and Exotic Species,SEO,180602,"Control of pests, diseases and exotic species in terrestrial environments",objective,True,explicit_official_transitive,0.9,SEO1998->960411 (2008)->180602 (2020)
SEO1998,770505,Integrated (Ecosystem) Assessment and Management,SEO,180601,Assessment and management of terrestrial ecosystems,objective,True,explicit_official_transitive,0.9,SEO1998->960511 (2008)->180601 (2020)
SEO1998,770506,Remnant Vegetation and Protected Conservation Areas,SEO,180604,Rehabilitation or conservation of terrestrial environments,objective,True,explicit_official_transitive,0.9,SEO1998->961310 (2008)->180604 (2020)
SEO1998,770507,Industrial/Degraded Areas,SEO,180604,Rehabilitation or conservation of terrestrial environments,objective,True,explicit_official_transitive,0.9,SEO1998->961208 (2008)->180604 (2020)
SEO1998,770599,Other,SEO,189999,Other environmental management not elsewhere classified,objective,True,explicit_official_transitive,0.244,SEO1998->969999 (2008)->189999 (2020)
SEO1998,770599,Other,SEO,190499,Natural hazards not elsewhere classified,objective,False,explicit_official_transitive,0.07,SEO1998->961010 (2008)->190499 (2020)
SEO1998,770599,Other,SEO,180605,Soils,objective,False,explicit_official_transitive,0.065,SEO1998->961407 (2008)->180605 (2020)
SEO1998,7706,HIGH COUNTRY (INCL. MOUNTAINS),SEO,1806,Terrestrial systems and management,group,True,derived_empirical,0.75,"rolled up from 8 SEO1998 leaf-level mapping(s), 6 agreeing"
SEO1998,7706,HIGH COUNTRY (INCL. MOUNTAINS),SEO,1801,"Air quality, atmosphere and weather",group,False,derived_empirical,0.125,"rolled up from 8 SEO1998 leaf-level mapping(s), 1 agreeing"
SEO1998,7706,HIGH COUNTRY (INCL. MOUNTAINS),SEO,1899,Other environmental management,group,False,derived_empirical,0.125,"rolled up from 8 SEO1998 leaf-level mapping(s), 1 agreeing"
SEO1998,770601,Air Quality,SEO,180199,"Air quality, atmosphere and weather not elsewhere classified",objective,True,explicit_official_transitive,0.468,SEO1998->960199 (2008)->180199 (2020)
SEO1998,770602,Land and Water Management,SEO,180603,"Evaluation, allocation, and impacts of land use",objective,True,explicit_official_transitive,0.9,SEO1998->960909 (2008)->180603 (2020)
SEO1998,770603,Living Resources (Flora and Fauna),SEO,180606,Terrestrial biodiversity,objective,True,explicit_official_transitive,0.9,SEO1998->960810 (2008)->180606 (2020)
SEO1998,770604,Control of Pests and Exotic Species,SEO,180602,"Control of pests, diseases and exotic species in terrestrial environments",objective,True,explicit_official_transitive,0.9,SEO1998->960409 (2008)->180602 (2020)
SEO1998,770605,Integrated (Ecosystem) Assessment and Management,SEO,180601,Assessment and management of terrestrial ecosystems,objective,True,explicit_official_transitive,0.9,SEO1998->960509 (2008)->180601 (2020)
SEO1998,770606,Remnant Vegetation and Protected Conservation Areas,SEO,180604,Rehabilitation or conservation of terrestrial environments,objective,True,explicit_official_transitive,0.9,SEO1998->961307 (2008)->180604 (2020)
SEO1998,770607,Rehabilitation of Degraded High Country,SEO,180604,Rehabilitation or conservation of terrestrial environments,objective,True,explicit_official_transitive,0.9,SEO1998->961206 (2008)->180604 (2020)
SEO1998,770699,Other,SEO,189999,Other environmental management not elsewhere classified,objective,True,explicit_official_transitive,0.244,SEO1998->969999 (2008)->189999 (2020)
SEO1998,770699,Other,SEO,180605,Soils,objective,False,explicit_official_transitive,0.222,SEO1998->961405 (2008)->180605 (2020)
SEO1998,770699,Other,SEO,190499,Natural hazards not elsewhere classified,objective,False,explicit_official_transitive,0.161,SEO1998->961008 (2008)->190499 (2020)
SEO1998,7707,FOREST AND WOODED LANDS,SEO,1899,Other environmental management,group,False,derived_empirical,0.125,"rolled up from 8 SEO1998 leaf-level mapping(s), 1 agreeing"
SEO1998,7707,FOREST AND WOODED LANDS,SEO,1801,"Air quality, atmosphere and weather",group,False,derived_empirical,0.125,"rolled up from 8 SEO1998 leaf-level mapping(s), 1 agreeing"
SEO1998,7707,FOREST AND WOODED LANDS,SEO,1806,Terrestrial systems and management,group,True,derived_empirical,0.75,"rolled up from 8 SEO1998 leaf-level mapping(s), 6 agreeing"
SEO1998,770701,Air Quality,SEO,180199,"Air quality, atmosphere and weather not elsewhere classified",objective,True,explicit_official_transitive,0.468,SEO1998->960199 (2008)->180199 (2020)
SEO1998,770702,Land and Water Management,SEO,180603,"Evaluation, allocation, and impacts of land use",objective,False,explicit_official_transitive,0.59,SEO1998->960906 (2008)->180603 (2020)
SEO1998,770702,Land and Water Management,SEO,180699,Terrestrial systems and management not elsewhere classified,objective,True,explicit_official_transitive,0.677,SEO1998->960907 (2008)->180699 (2020)
SEO1998,770703,Living Resources (Flora and Fauna),SEO,180606,Terrestrial biodiversity,objective,True,explicit_official_transitive,0.9,SEO1998->960806 (2008)->180606 (2020)
SEO1998,770704,Control of Pests and Exotic Species,SEO,180602,"Control of pests, diseases and exotic species in terrestrial environments",objective,True,explicit_official_transitive,0.569,SEO1998->960414 (2008)->180602 (2020)
SEO1998,770704,Control of Pests and Exotic Species,SEO,180602,"Control of pests, diseases and exotic species in terrestrial environments",objective,False,explicit_official_transitive,0.565,SEO1998->960404 (2008)->180602 (2020)
SEO1998,770705,Integrated (Ecosystem) Assessment and Management,SEO,180601,Assessment and management of terrestrial ecosystems,objective,True,explicit_official_transitive,0.9,SEO1998->960505 (2008)->180601 (2020)
SEO1998,770706,Remnant Vegetation and Protected Conservation Areas,SEO,180604,Rehabilitation or conservation of terrestrial environments,objective,True,explicit_official_transitive,0.9,SEO1998->961306 (2008)->180604 (2020)
SEO1998,770707,Rehabilitation/Reafforestation,SEO,180604,Rehabilitation or conservation of terrestrial environments,objective,True,explicit_official_transitive,0.9,SEO1998->961203 (2008)->180604 (2020)
SEO1998,770799,Other,SEO,189999,Other environmental management not elsewhere classified,objective,True,explicit_official_transitive,0.244,SEO1998->969999 (2008)->189999 (2020)
SEO1998,770799,Other,SEO,190499,Natural hazards not elsewhere classified,objective,False,explicit_official_transitive,0.14,SEO1998->961004 (2008)->190499 (2020)
SEO1998,770799,Other,SEO,180605,Soils,objective,False,explicit_official_transitive,0.129,SEO1998->961403 (2008)->180605 (2020)
SEO1998,7708,FARMLAND (INCL. ARABLE LAND AND PERMANENT CROP LAND),SEO,1899,Other environmental management,group,False,derived_empirical,0.125,"rolled up from 8 SEO1998 leaf-level mapping(s), 1 agreeing"
SEO1998,7708,FARMLAND (INCL. ARABLE LAND AND PERMANENT CROP LAND),SEO,1801,"Air quality, atmosphere and weather",group,False,derived_empirical,0.125,"rolled up from 8 SEO1998 leaf-level mapping(s), 1 agreeing"
SEO1998,7708,FARMLAND (INCL. ARABLE LAND AND PERMANENT CROP LAND),SEO,1806,Terrestrial systems and management,group,True,derived_empirical,0.75,"rolled up from 8 SEO1998 leaf-level mapping(s), 6 agreeing"
SEO1998,770801,Air Quality,SEO,180101,Air quality,objective,True,explicit_official_transitive,0.9,SEO1998->960103 (2008)->180101 (2020)
SEO1998,770802,Land and Water Management,SEO,180699,Terrestrial systems and management not elsewhere classified,objective,True,explicit_official_transitive,0.556,SEO1998->960905 (2008)->180699 (2020)
SEO1998,770802,Land and Water Management,SEO,180603,"Evaluation, allocation, and impacts of land use",objective,False,explicit_official_transitive,0.494,SEO1998->960904 (2008)->180603 (2020)
SEO1998,770803,Living Resources (Flora and Fauna),SEO,180606,Terrestrial biodiversity,objective,True,explicit_official_transitive,0.9,SEO1998->960804 (2008)->180606 (2020)
SEO1998,770804,Control of Pests and Exotic Species,SEO,180602,"Control of pests, diseases and exotic species in terrestrial environments",objective,True,explicit_official_transitive,0.464,SEO1998->960413 (2008)->180602 (2020)
SEO1998,770804,Control of Pests and Exotic Species,SEO,180602,"Control of pests, diseases and exotic species in terrestrial environments",objective,False,explicit_official_transitive,0.461,SEO1998->960403 (2008)->180602 (2020)
SEO1998,770805,Integrated (Ecosystem) Assessment and Management,SEO,180601,Assessment and management of terrestrial ecosystems,objective,True,explicit_official_transitive,0.9,SEO1998->960504 (2008)->180601 (2020)
SEO1998,770806,Remnant Vegetation and Protected Conservation Areas,SEO,180604,Rehabilitation or conservation of terrestrial environments,objective,True,explicit_official_transitive,0.9,SEO1998->961305 (2008)->180604 (2020)
SEO1998,770807,Rehabilitation of Degraded Farmland,SEO,180604,Rehabilitation or conservation of terrestrial environments,objective,True,explicit_official_transitive,0.9,SEO1998->961202 (2008)->180604 (2020)
SEO1998,770899,Other,SEO,189999,Other environmental management not elsewhere classified,objective,True,explicit_official_transitive,0.244,SEO1998->969999 (2008)->189999 (2020)
SEO1998,770899,Other,SEO,190499,Natural hazards not elsewhere classified,objective,False,explicit_official_transitive,0.071,SEO1998->961003 (2008)->190499 (2020)
SEO1998,770899,Other,SEO,180605,Soils,objective,False,explicit_official_transitive,0.102,SEO1998->961402 (2008)->180605 (2020)
SEO1998,7709,SPARSELAND (INCL. PERMANENT GRASSLAND AND THE ARID ZONE),SEO,1806,Terrestrial systems and management,group,True,derived_empirical,0.75,"rolled up from 8 SEO1998 leaf-level mapping(s), 6 agreeing"
SEO1998,7709,SPARSELAND (INCL. PERMANENT GRASSLAND AND THE ARID ZONE),SEO,1899,Other environmental management,group,False,derived_empirical,0.125,"rolled up from 8 SEO1998 leaf-level mapping(s), 1 agreeing"
SEO1998,7709,SPARSELAND (INCL. PERMANENT GRASSLAND AND THE ARID ZONE),SEO,1801,"Air quality, atmosphere and weather",group,False,derived_empirical,0.125,"rolled up from 8 SEO1998 leaf-level mapping(s), 1 agreeing"
SEO1998,770901,Air Quality,SEO,180199,"Air quality, atmosphere and weather not elsewhere classified",objective,True,explicit_official_transitive,0.468,SEO1998->960199 (2008)->180199 (2020)
SEO1998,770902,Land and Water Management,SEO,180603,"Evaluation, allocation, and impacts of land use",objective,True,explicit_official_transitive,0.9,SEO1998->960910 (2008)->180603 (2020)
SEO1998,770903,Living Resources (Flora and Fauna),SEO,180606,Terrestrial biodiversity,objective,True,explicit_official_transitive,0.9,SEO1998->960811 (2008)->180606 (2020)
SEO1998,770904,Control of Pests and Exotic Species,SEO,180602,"Control of pests, diseases and exotic species in terrestrial environments",objective,True,explicit_official_transitive,0.9,SEO1998->960410 (2008)->180602 (2020)
SEO1998,770905,Integrated (Ecosystem) Assessment and Management,SEO,180601,Assessment and management of terrestrial ecosystems,objective,True,explicit_official_transitive,0.9,SEO1998->960510 (2008)->180601 (2020)
SEO1998,770906,Remnant Vegetation and Protected Conservation Areas,SEO,180604,Rehabilitation or conservation of terrestrial environments,objective,True,explicit_official_transitive,0.9,SEO1998->961309 (2008)->180604 (2020)
SEO1998,770907,Rehabilitation of Degraded Sparseland,SEO,180604,Rehabilitation or conservation of terrestrial environments,objective,True,explicit_official_transitive,0.9,SEO1998->961207 (2008)->180604 (2020)
SEO1998,770999,Other,SEO,180605,Soils,objective,False,explicit_official_transitive,0.071,SEO1998->961406 (2008)->180605 (2020)
SEO1998,770999,Other,SEO,190499,Natural hazards not elsewhere classified,objective,False,explicit_official_transitive,0.098,SEO1998->961009 (2008)->190499 (2020)
SEO1998,770999,Other,SEO,189999,Other environmental management not elsewhere classified,objective,True,explicit_official_transitive,0.244,SEO1998->969999 (2008)->189999 (2020)
SEO1998,7710,MINING ENVIRONMENTS,SEO,1806,Terrestrial systems and management,group,True,derived_empirical,0.625,"rolled up from 8 SEO1998 leaf-level mapping(s), 5 agreeing"
SEO1998,7710,MINING ENVIRONMENTS,SEO,1899,Other environmental management,group,False,derived_empirical,0.25,"rolled up from 8 SEO1998 leaf-level mapping(s), 2 agreeing"
SEO1998,7710,MINING ENVIRONMENTS,SEO,1801,"Air quality, atmosphere and weather",group,False,derived_empirical,0.125,"rolled up from 8 SEO1998 leaf-level mapping(s), 1 agreeing"
SEO1998,771001,Air Quality,SEO,180101,Air quality,objective,True,explicit_official_transitive,0.9,SEO1998->960105 (2008)->180101 (2020)
SEO1998,771002,Land and Water Management,SEO,180699,Terrestrial systems and management not elsewhere classified,objective,True,explicit_official_transitive,0.9,SEO1998->960908 (2008)->180699 (2020)
SEO1998,771003,Living Resources (Flora and Fauna),SEO,180606,Terrestrial biodiversity,objective,True,explicit_official_transitive,0.9,SEO1998->960809 (2008)->180606 (2020)
SEO1998,771004,Control of Pests and Exotic Species,SEO,180602,"Control of pests, diseases and exotic species in terrestrial environments",objective,True,explicit_official_transitive,0.9,SEO1998->960408 (2008)->180602 (2020)
SEO1998,771005,Integrated (Ecosystem) Assessment and Management,SEO,180601,Assessment and management of terrestrial ecosystems,objective,True,explicit_official_transitive,0.9,SEO1998->960508 (2008)->180601 (2020)
SEO1998,771006,Remnant Vegetation and Protected Conservation Areas,SEO,189999,Other environmental management not elsewhere classified,objective,True,explicit_official_transitive,0.803,SEO1998->961399 (2008)->189999 (2020)
SEO1998,771007,Rehabilitation of Degraded Mining Lands,SEO,180604,Rehabilitation or conservation of terrestrial environments,objective,True,explicit_official_transitive,0.9,SEO1998->961205 (2008)->180604 (2020)
SEO1998,771099,Other,SEO,180605,Soils,objective,False,explicit_official_transitive,0.118,SEO1998->961404 (2008)->180605 (2020)
SEO1998,771099,Other,SEO,190499,Natural hazards not elsewhere classified,objective,False,explicit_official_transitive,0.093,SEO1998->961007 (2008)->190499 (2020)
SEO1998,771099,Other,SEO,189999,Other environmental management not elsewhere classified,objective,True,explicit_official_transitive,0.244,SEO1998->969999 (2008)->189999 (2020)
SEO1998,7711,ANTARCTIC AND SUB-ANTARCTIC AREAS,SEO,1804,Management of Antarctic and Southern Ocean environments,group,True,derived_empirical,0.5,"rolled up from 6 SEO1998 leaf-level mapping(s), 3 agreeing"
SEO1998,7711,ANTARCTIC AND SUB-ANTARCTIC AREAS,SEO,1899,Other environmental management,group,False,derived_empirical,0.333,"rolled up from 6 SEO1998 leaf-level mapping(s), 2 agreeing"
SEO1998,7711,ANTARCTIC AND SUB-ANTARCTIC AREAS,SEO,1801,"Air quality, atmosphere and weather",group,False,derived_empirical,0.167,"rolled up from 6 SEO1998 leaf-level mapping(s), 1 agreeing"
SEO1998,771101,Air Quality,SEO,180101,Air quality,objective,True,explicit_official_transitive,0.9,SEO1998->960101 (2008)->180101 (2020)
SEO1998,771102,Land and Water Management,SEO,180401,Antarctic and Southern Ocean ice dynamics,objective,True,explicit_official_transitive,0.9,SEO1998->960901 (2008)->180401 (2020)
SEO1998,771103,Living Resources (Flora and Fauna),SEO,180404,Biodiversity in Antarctic and Southern Ocean environments,objective,True,explicit_official_transitive,0.9,SEO1998->960801 (2008)->180404 (2020)
SEO1998,771104,Control of Pests and Exotic Species,SEO,189999,Other environmental management not elsewhere classified,objective,True,explicit_official_transitive,0.667,SEO1998->960499 (2008)->189999 (2020)
SEO1998,771105,Integrated (Ecosystem) Assessment and Management,SEO,180403,Assessment and management of Antarctic and Southern Ocean ecosystems,objective,True,explicit_official_transitive,0.9,SEO1998->960502 (2008)->180403 (2020)
SEO1998,771199,Other,SEO,190403,"Geological hazards (e.g. earthquakes, landslides and volcanic activity)",objective,False,explicit_official_transitive,0.062,SEO1998->961001 (2008)->190403 (2020)
SEO1998,771199,Other,SEO,189999,Other environmental management not elsewhere classified,objective,True,explicit_official_transitive,0.244,SEO1998->969999 (2008)->189999 (2020)
SEO1998,771199,Other,SEO,180402,Antarctic and Southern Ocean oceanic processes,objective,False,explicit_official_transitive,0.089,SEO1998->969901 (2008)->180402 (2020)
SEO1998,7799,OTHER (INCL. ISLANDS),SEO,1899,Other environmental management,group,True,derived_empirical,0.75,"rolled up from 8 SEO1998 leaf-level mapping(s), 6 agreeing"
SEO1998,7799,OTHER (INCL. ISLANDS),SEO,1806,Terrestrial systems and management,group,False,derived_empirical,0.125,"rolled up from 8 SEO1998 leaf-level mapping(s), 1 agreeing"
SEO1998,7799,OTHER (INCL. ISLANDS),SEO,1801,"Air quality, atmosphere and weather",group,False,derived_empirical,0.125,"rolled up from 8 SEO1998 leaf-level mapping(s), 1 agreeing"
SEO1998,779901,Air Quality,SEO,180199,"Air quality, atmosphere and weather not elsewhere classified",objective,True,explicit_official_transitive,0.468,SEO1998->960199 (2008)->180199 (2020)
SEO1998,779902,Land and Water Management,SEO,180305,"Ground water quantification, allocation and impact of depletion",objective,False,explicit_official_transitive,0.367,SEO1998->960913 (2008)->180305 (2020)
SEO1998,779902,Land and Water Management,SEO,189999,Other environmental management not elsewhere classified,objective,True,explicit_official_transitive,0.549,SEO1998->960999 (2008)->189999 (2020)
SEO1998,779903,Living Resources (Flora and Fauna),SEO,189999,Other environmental management not elsewhere classified,objective,True,explicit_official_transitive,0.59,SEO1998->960803 (2008)->189999 (2020)
SEO1998,779903,Living Resources (Flora and Fauna),SEO,180303,"Fresh, ground and surface water biodiversity",objective,False,explicit_official_transitive,0.4,SEO1998->960807 (2008)->180303 (2020)
SEO1998,779903,Living Resources (Flora and Fauna),SEO,180303,"Fresh, ground and surface water biodiversity",objective,False,explicit_official_transitive,0.283,SEO1998->960805 (2008)->180303 (2020)
SEO1998,779903,Living Resources (Flora and Fauna),SEO,189999,Other environmental management not elsewhere classified,objective,False,explicit_official_transitive,0.231,SEO1998->960899 (2008)->189999 (2020)
SEO1998,779904,Control of Pests and Exotic Species,SEO,189999,Other environmental management not elsewhere classified,objective,False,explicit_official_transitive,0.345,SEO1998->960401 (2008)->189999 (2020)
SEO1998,779904,Control of Pests and Exotic Species,SEO,180302,"Control of pests, diseases and exotic species in fresh, ground and surface water",objective,False,explicit_official_transitive,0.547,SEO1998->960406 (2008)->180302 (2020)
SEO1998,779904,Control of Pests and Exotic Species,SEO,189999,Other environmental management not elsewhere classified,objective,False,explicit_official_transitive,0.246,SEO1998->960415 (2008)->189999 (2020)
SEO1998,779904,Control of Pests and Exotic Species,SEO,180602,"Control of pests, diseases and exotic species in terrestrial environments",objective,False,explicit_official_transitive,0.642,SEO1998->960405 (2008)->180602 (2020)
SEO1998,779904,Control of Pests and Exotic Species,SEO,189999,Other environmental management not elsewhere classified,objective,True,explicit_official_transitive,0.667,SEO1998->960499 (2008)->189999 (2020)
SEO1998,779905,Integrated (Ecosystem) Assessment and Management,SEO,180301,Assessment and management of freshwater ecosystems,objective,False,explicit_official_transitive,0.534,SEO1998->960506 (2008)->180301 (2020)
SEO1998,779905,Integrated (Ecosystem) Assessment and Management,SEO,189999,Other environmental management not elsewhere classified,objective,True,explicit_official_transitive,0.648,SEO1998->960599 (2008)->189999 (2020)
SEO1998,779905,Integrated (Ecosystem) Assessment and Management,SEO,180502,Assessment and management of pelagic marine ecosystems,objective,False,explicit_official_transitive,0.625,SEO1998->960501 (2008)->180502 (2020)
SEO1998,779906,Remnant Vegetation and Protected Conservation Areas,SEO,180406,Protection and conservation of Antarctic and Southern Ocean environments,objective,False,explicit_official_transitive,0.455,SEO1998->961301 (2008)->180406 (2020)
SEO1998,779906,Remnant Vegetation and Protected Conservation Areas,SEO,180307,"Rehabilitation or conservation of fresh, ground and surface water environments",objective,False,explicit_official_transitive,0.441,SEO1998->961302 (2008)->180307 (2020)
SEO1998,779906,Remnant Vegetation and Protected Conservation Areas,SEO,189999,Other environmental management not elsewhere classified,objective,True,explicit_official_transitive,0.803,SEO1998->961399 (2008)->189999 (2020)
SEO1998,779906,Remnant Vegetation and Protected Conservation Areas,SEO,180604,Rehabilitation or conservation of terrestrial environments,objective,False,explicit_official_transitive,0.779,SEO1998->961308 (2008)->180604 (2020)
SEO1998,779907,Rehabilitation of Degraded Areas,SEO,189999,Other environmental management not elsewhere classified,objective,True,explicit_official_transitive,0.646,SEO1998->961299 (2008)->189999 (2020)
SEO1998,779907,Rehabilitation of Degraded Areas,SEO,180307,"Rehabilitation or conservation of fresh, ground and surface water environments",objective,False,explicit_official_transitive,0.602,SEO1998->961204 (2008)->180307 (2020)
SEO1998,779907,Rehabilitation of Degraded Areas,SEO,189999,Other environmental management not elsewhere classified,objective,False,explicit_official_transitive,0.206,SEO1998->969999 (2008)->189999 (2020)
SEO1998,779999,Other,SEO,180306,Measurement and assessment of freshwater quality (incl. physical and chemical conditions of water),objective,False,explicit_official_transitive,0.08,SEO1998->961101 (2008)->180306 (2020)
SEO1998,779999,Other,SEO,180699,Terrestrial systems and management not elsewhere classified,objective,True,explicit_official_transitive,0.286,SEO1998->961499 (2008)->180699 (2020)
SEO1998,779999,Other,SEO,189999,Other environmental management not elsewhere classified,objective,False,explicit_official_transitive,0.244,SEO1998->969999 (2008)->189999 (2020)
SEO1998,779999,Other,SEO,190499,Natural hazards not elsewhere classified,objective,False,explicit_official_transitive,0.222,SEO1998->961099 (2008)->190499 (2020)
SEO1998,779999,Other,SEO,189999,Other environmental management not elsewhere classified,objective,False,explicit_official_transitive,0.141,SEO1998->961199 (2008)->189999 (2020)
SEO1998,779999,Other,SEO,190401,"Climatological hazards (e.g. extreme temperatures, drought and wildfires)",objective,False,explicit_official_transitive,0.118,SEO1998->961005 (2008)->190401 (2020)
SEO1998,779999,Other,SEO,180306,Measurement and assessment of freshwater quality (incl. physical and chemical conditions of water),objective,False,explicit_official_transitive,0.047,SEO1998->961103 (2008)->180306 (2020)
SEO1998,78,NON-ORIENTED RESEARCH,SEO,28,EXPANDING KNOWLEDGE,division,True,derived_empirical,1.0,"rolled up from 9 SEO1998 leaf-level mapping(s), 9 agreeing"
SEO1998,7801,NON-ORIENTED RESEARCH,SEO,2801,Expanding knowledge,group,True,derived_empirical,1.0,"rolled up from 9 SEO1998 leaf-level mapping(s), 9 agreeing"
SEO1998,780101,Mathematical Sciences,SEO,280118,Expanding knowledge in the mathematical sciences,objective,True,explicit_official_transitive,0.9,SEO1998->970101 (2008)->280118 (2020)
SEO1998,780102,Physical Sciences,SEO,280120,Expanding knowledge in the physical sciences,objective,True,explicit_official_transitive,0.9,SEO1998->970102 (2008)->280120 (2020)
SEO1998,780103,Chemical Sciences,SEO,280105,Expanding knowledge in the chemical sciences,objective,True,explicit_official_transitive,0.9,SEO1998->970103 (2008)->280105 (2020)
SEO1998,780104,Earth Sciences,SEO,280107,Expanding knowledge in the earth sciences,objective,True,explicit_official_transitive,0.9,SEO1998->970104 (2008)->280107 (2020)
SEO1998,780105,Biological Sciences,SEO,280102,Expanding knowledge in the biological sciences,objective,True,explicit_official_transitive,0.585,SEO1998->970106 (2008)->280102 (2020)
SEO1998,780105,Biological Sciences,SEO,280111,Expanding knowledge in the environmental sciences,objective,False,explicit_official_transitive,0.441,SEO1998->970105 (2008)->280111 (2020)
SEO1998,780106,Political Science and Public Policy,SEO,280123,Expanding knowledge in human society,objective,True,explicit_official_transitive,0.23,SEO1998->970116 (2008)->280123 (2020)
SEO1998,780107,Studies in Human Society,SEO,280123,Expanding knowledge in human society,objective,True,explicit_official_transitive,0.579,SEO1998->970116 (2008)->280123 (2020)
SEO1998,780108,Behavioural and Cognitive Sciences,SEO,280121,Expanding knowledge in psychology,objective,True,explicit_official_transitive,0.6,SEO1998->970117 (2008)->280121 (2020)
SEO1998,780108,Behavioural and Cognitive Sciences,SEO,280116,"Expanding knowledge in language, communication and culture",objective,False,explicit_official_transitive,0.261,SEO1998->970120 (2008)->280116 (2020)
SEO1998,780199,Other,SEO,280117,Expanding knowledge in law and legal studies,objective,False,explicit_official_transitive,0.122,SEO1998->970118 (2008)->280117 (2020)
SEO1998,780199,Other,SEO,280109,Expanding knowledge in education,objective,False,explicit_official_transitive,0.108,SEO1998->970113 (2008)->280109 (2020)
SEO1998,780199,Other,SEO,280106,"Expanding knowledge in commerce, management, tourism and services",objective,False,explicit_official_transitive,0.086,SEO1998->970115 (2008)->280106 (2020)
SEO1998,780199,Other,SEO,280119,Expanding knowledge in philosophy and religious studies,objective,False,explicit_official_transitive,0.1,SEO1998->970122 (2008)->280119 (2020)
SEO1998,780199,Other,SEO,280108,Expanding knowledge in economics,objective,False,explicit_official_transitive,0.108,SEO1998->970114 (2008)->280108 (2020)
SEO1998,780199,Other,SEO,280122,Expanding knowledge in creative arts and writing studies,objective,False,explicit_official_transitive,0.137,SEO1998->970119 (2008)->280122 (2020)
SEO1998,780199,Other,SEO,280113,"Expanding knowledge in history, heritage and archaeology",objective,False,explicit_official_transitive,0.157,SEO1998->970121 (2008)->280113 (2020)
SEO1998,780199,Other,SEO,280101,"Expanding knowledge in the agricultural, food and veterinary sciences",objective,False,explicit_official_transitive,0.147,SEO1998->970107 (2008)->280101 (2020)
SEO1998,780199,Other,SEO,280115,Expanding knowledge in the information and computing sciences,objective,False,explicit_official_transitive,0.152,SEO1998->970108 (2008)->280115 (2020)
SEO1998,780199,Other,SEO,280110,Expanding knowledge in engineering,objective,False,explicit_official_transitive,0.154,SEO1998->970109 (2008)->280110 (2020)
SEO1998,780199,Other,SEO,280104,Expanding knowledge in built environment and design,objective,False,explicit_official_transitive,0.143,SEO1998->970112 (2008)->280104 (2020)
SEO1998,780199,Other,SEO,280110,Expanding knowledge in engineering,objective,False,explicit_official_transitive,0.158,SEO1998->970110 (2008)->280110 (2020)
SEO1998,780199,Other,SEO,280111,Expanding knowledge in the environmental sciences,objective,True,explicit_official_transitive,0.185,SEO1998->970105 (2008)->280111 (2020)
SEO1998,780199,Other,SEO,280103,Expanding knowledge in the biomedical and clinical sciences,objective,False,explicit_official_transitive,0.136,SEO1998->970111 (2008)->280103 (2020)
SEO1998,780199,Other,SEO,280116,"Expanding knowledge in language, communication and culture",objective,False,explicit_official_transitive,0.095,SEO1998->970120 (2008)->280116 (2020)
