source_system,source_code,source_label,system,canonical_code,canonical_label,canonical_level,is_primary,match_method,confidence,notes
OpenAlex,1100,General Agricultural and Biological Sciences,FOR,3002,"Agriculture, land and farm management",group,True,constrained_lexical,0.301,"constrained to groups within division(s) 30,31"
OpenAlex,1100,General Agricultural and Biological Sciences,FOR,3107,Microbiology,group,False,constrained_lexical,0.0,"constrained to groups within division(s) 30,31"
OpenAlex,1100,General Agricultural and Biological Sciences,FOR,3106,Industrial biotechnology,group,False,constrained_lexical,0.0,"constrained to groups within division(s) 30,31"
OpenAlex,1100,General Agricultural and Biological Sciences,FOR,3105,Genetics,group,False,constrained_lexical,0.018,"constrained to groups within division(s) 30,31"
OpenAlex,1100,General Agricultural and Biological Sciences,FOR,3103,Ecology,group,False,constrained_lexical,0.024,"constrained to groups within division(s) 30,31"
OpenAlex,1100,General Agricultural and Biological Sciences,FOR,3009,Veterinary sciences,group,False,constrained_lexical,0.03,"constrained to groups within division(s) 30,31"
OpenAlex,1100,General Agricultural and Biological Sciences,FOR,3109,Zoology,group,False,constrained_lexical,0.035,"constrained to groups within division(s) 30,31"
OpenAlex,1100,General Agricultural and Biological Sciences,FOR,3008,Horticultural production,group,False,constrained_lexical,0.037,"constrained to groups within division(s) 30,31"
OpenAlex,1100,General Agricultural and Biological Sciences,FOR,3004,Crop and pasture production,group,False,constrained_lexical,0.04,"constrained to groups within division(s) 30,31"
OpenAlex,1100,General Agricultural and Biological Sciences,FOR,3003,Animal production,group,False,constrained_lexical,0.048,"constrained to groups within division(s) 30,31"
OpenAlex,1100,General Agricultural and Biological Sciences,FOR,3007,Forestry sciences,group,False,constrained_lexical,0.033,"constrained to groups within division(s) 30,31"
OpenAlex,1100,General Agricultural and Biological Sciences,FOR,3005,Fisheries sciences,group,False,constrained_lexical,0.08,"constrained to groups within division(s) 30,31"
OpenAlex,1100,General Agricultural and Biological Sciences,FOR,3006,Food sciences,group,False,constrained_lexical,0.05,"constrained to groups within division(s) 30,31"
OpenAlex,1100,General Agricultural and Biological Sciences,FOR,3108,Plant biology,group,False,constrained_lexical,0.218,"constrained to groups within division(s) 30,31"
OpenAlex,1100,General Agricultural and Biological Sciences,FOR,3102,Bioinformatics and computational biology,group,False,constrained_lexical,0.206,"constrained to groups within division(s) 30,31"
OpenAlex,1100,General Agricultural and Biological Sciences,FOR,3001,Agricultural biotechnology,group,False,constrained_lexical,0.179,"constrained to groups within division(s) 30,31"
OpenAlex,1100,General Agricultural and Biological Sciences,FOR,3104,Evolutionary biology,group,False,constrained_lexical,0.222,"constrained to groups within division(s) 30,31"
OpenAlex,1100,General Agricultural and Biological Sciences,FOR,3099,"Other agricultural, veterinary and food sciences",group,False,constrained_lexical,0.133,"constrained to groups within division(s) 30,31"
OpenAlex,1100,General Agricultural and Biological Sciences,FOR,3199,Other biological sciences,group,False,constrained_lexical,0.09,"constrained to groups within division(s) 30,31"
OpenAlex,1100,General Agricultural and Biological Sciences,FOR,3101,Biochemistry and cell biology,group,False,constrained_lexical,0.15,"constrained to groups within division(s) 30,31"
OpenAlex,1102,Agronomy and Crop Science,FOR,3099,"Other agricultural, veterinary and food sciences",group,False,constrained_lexical,0.05,"constrained to groups within division(s) 30,31"
OpenAlex,1102,Agronomy and Crop Science,FOR,3199,Other biological sciences,group,False,constrained_lexical,0.0,"constrained to groups within division(s) 30,31"
OpenAlex,1102,Agronomy and Crop Science,FOR,3107,Microbiology,group,False,constrained_lexical,0.0,"constrained to groups within division(s) 30,31"
OpenAlex,1102,Agronomy and Crop Science,FOR,3106,Industrial biotechnology,group,False,constrained_lexical,0.0,"constrained to groups within division(s) 30,31"
OpenAlex,1102,Agronomy and Crop Science,FOR,3105,Genetics,group,False,constrained_lexical,0.018,"constrained to groups within division(s) 30,31"
OpenAlex,1102,Agronomy and Crop Science,FOR,3102,Bioinformatics and computational biology,group,False,constrained_lexical,0.024,"constrained to groups within division(s) 30,31"
OpenAlex,1102,Agronomy and Crop Science,FOR,3006,Food sciences,group,False,constrained_lexical,0.025,"constrained to groups within division(s) 30,31"
OpenAlex,1102,Agronomy and Crop Science,FOR,3101,Biochemistry and cell biology,group,False,constrained_lexical,0.041,"constrained to groups within division(s) 30,31"
OpenAlex,1102,Agronomy and Crop Science,FOR,3001,Agricultural biotechnology,group,False,constrained_lexical,0.054,"constrained to groups within division(s) 30,31"
OpenAlex,1102,Agronomy and Crop Science,FOR,3103,Ecology,group,False,constrained_lexical,0.024,"constrained to groups within division(s) 30,31"
OpenAlex,1102,Agronomy and Crop Science,FOR,3108,Plant biology,group,False,constrained_lexical,0.075,"constrained to groups within division(s) 30,31"
OpenAlex,1102,Agronomy and Crop Science,FOR,3002,"Agriculture, land and farm management",group,False,constrained_lexical,0.14,"constrained to groups within division(s) 30,31"
OpenAlex,1102,Agronomy and Crop Science,FOR,3003,Animal production,group,False,constrained_lexical,0.111,"constrained to groups within division(s) 30,31"
OpenAlex,1102,Agronomy and Crop Science,FOR,3008,Horticultural production,group,False,constrained_lexical,0.111,"constrained to groups within division(s) 30,31"
OpenAlex,1102,Agronomy and Crop Science,FOR,3109,Zoology,group,False,constrained_lexical,0.105,"constrained to groups within division(s) 30,31"
OpenAlex,1102,Agronomy and Crop Science,FOR,3004,Crop and pasture production,group,True,constrained_lexical,0.292,"constrained to groups within division(s) 30,31"
OpenAlex,1102,Agronomy and Crop Science,FOR,3007,Forestry sciences,group,False,constrained_lexical,0.1,"constrained to groups within division(s) 30,31"
OpenAlex,1102,Agronomy and Crop Science,FOR,3005,Fisheries sciences,group,False,constrained_lexical,0.08,"constrained to groups within division(s) 30,31"
OpenAlex,1102,Agronomy and Crop Science,FOR,3009,Veterinary sciences,group,False,constrained_lexical,0.076,"constrained to groups within division(s) 30,31"
OpenAlex,1102,Agronomy and Crop Science,FOR,3104,Evolutionary biology,group,False,constrained_lexical,0.063,"constrained to groups within division(s) 30,31"
OpenAlex,1103,Animal Science and Zoology,FOR,3108,Plant biology,group,False,constrained_lexical,0.04,"constrained to groups within division(s) 30,31"
OpenAlex,1103,Animal Science and Zoology,FOR,3106,Industrial biotechnology,group,False,constrained_lexical,0.0,"constrained to groups within division(s) 30,31"
OpenAlex,1103,Animal Science and Zoology,FOR,3105,Genetics,group,False,constrained_lexical,0.0,"constrained to groups within division(s) 30,31"
OpenAlex,1103,Animal Science and Zoology,FOR,3102,Bioinformatics and computational biology,group,False,constrained_lexical,0.0,"constrained to groups within division(s) 30,31"
OpenAlex,1103,Animal Science and Zoology,FOR,3101,Biochemistry and cell biology,group,False,constrained_lexical,0.0,"constrained to groups within division(s) 30,31"
OpenAlex,1103,Animal Science and Zoology,FOR,3099,"Other agricultural, veterinary and food sciences",group,False,constrained_lexical,0.0,"constrained to groups within division(s) 30,31"
OpenAlex,1103,Animal Science and Zoology,FOR,3104,Evolutionary biology,group,False,constrained_lexical,0.02,"constrained to groups within division(s) 30,31"
OpenAlex,1103,Animal Science and Zoology,FOR,3008,Horticultural production,group,False,constrained_lexical,0.02,"constrained to groups within division(s) 30,31"
OpenAlex,1103,Animal Science and Zoology,FOR,3006,Food sciences,group,False,constrained_lexical,0.025,"constrained to groups within division(s) 30,31"
OpenAlex,1103,Animal Science and Zoology,FOR,3199,Other biological sciences,group,False,constrained_lexical,0.0,"constrained to groups within division(s) 30,31"
OpenAlex,1103,Animal Science and Zoology,FOR,3107,Microbiology,group,False,constrained_lexical,0.04,"constrained to groups within division(s) 30,31"
OpenAlex,1103,Animal Science and Zoology,FOR,3103,Ecology,group,False,constrained_lexical,0.049,"constrained to groups within division(s) 30,31"
OpenAlex,1103,Animal Science and Zoology,FOR,3005,Fisheries sciences,group,False,constrained_lexical,0.06,"constrained to groups within division(s) 30,31"
OpenAlex,1103,Animal Science and Zoology,FOR,3004,Crop and pasture production,group,False,constrained_lexical,0.06,"constrained to groups within division(s) 30,31"
OpenAlex,1103,Animal Science and Zoology,FOR,3002,"Agriculture, land and farm management",group,False,constrained_lexical,0.06,"constrained to groups within division(s) 30,31"
OpenAlex,1103,Animal Science and Zoology,FOR,3009,Veterinary sciences,group,False,constrained_lexical,0.08,"constrained to groups within division(s) 30,31"
OpenAlex,1103,Animal Science and Zoology,FOR,3007,Forestry sciences,group,False,constrained_lexical,0.18,"constrained to groups within division(s) 30,31"
OpenAlex,1103,Animal Science and Zoology,FOR,3003,Animal production,group,False,constrained_lexical,0.4,"constrained to groups within division(s) 30,31"
OpenAlex,1103,Animal Science and Zoology,FOR,3109,Zoology,group,True,constrained_lexical,0.453,"constrained to groups within division(s) 30,31"
OpenAlex,1103,Animal Science and Zoology,FOR,3001,Agricultural biotechnology,group,False,constrained_lexical,0.04,"constrained to groups within division(s) 30,31"
OpenAlex,1104,Aquatic Science,FOR,3199,Other biological sciences,group,False,constrained_lexical,0.03,"constrained to groups within division(s) 30,31"
OpenAlex,1104,Aquatic Science,FOR,3106,Industrial biotechnology,group,False,constrained_lexical,0.026,"constrained to groups within division(s) 30,31"
OpenAlex,1104,Aquatic Science,FOR,3103,Ecology,group,False,constrained_lexical,0.024,"constrained to groups within division(s) 30,31"
OpenAlex,1104,Aquatic Science,FOR,3107,Microbiology,group,False,constrained_lexical,0.04,"constrained to groups within division(s) 30,31"
OpenAlex,1104,Aquatic Science,FOR,3008,Horticultural production,group,False,constrained_lexical,0.024,"constrained to groups within division(s) 30,31"
OpenAlex,1104,Aquatic Science,FOR,3009,Veterinary sciences,group,False,constrained_lexical,0.0,"constrained to groups within division(s) 30,31"
OpenAlex,1104,Aquatic Science,FOR,3105,Genetics,group,False,constrained_lexical,0.0,"constrained to groups within division(s) 30,31"
OpenAlex,1104,Aquatic Science,FOR,3007,Forestry sciences,group,False,constrained_lexical,0.024,"constrained to groups within division(s) 30,31"
OpenAlex,1104,Aquatic Science,FOR,3108,Plant biology,group,False,constrained_lexical,0.048,"constrained to groups within division(s) 30,31"
OpenAlex,1104,Aquatic Science,FOR,3006,Food sciences,group,False,constrained_lexical,0.025,"constrained to groups within division(s) 30,31"
OpenAlex,1104,Aquatic Science,FOR,3101,Biochemistry and cell biology,group,False,constrained_lexical,0.048,"constrained to groups within division(s) 30,31"
OpenAlex,1104,Aquatic Science,FOR,3002,"Agriculture, land and farm management",group,True,constrained_lexical,0.095,"constrained to groups within division(s) 30,31"
OpenAlex,1104,Aquatic Science,FOR,3104,Evolutionary biology,group,False,constrained_lexical,0.095,"constrained to groups within division(s) 30,31"
OpenAlex,1104,Aquatic Science,FOR,3109,Zoology,group,False,constrained_lexical,0.095,"constrained to groups within division(s) 30,31"
OpenAlex,1104,Aquatic Science,FOR,3004,Crop and pasture production,group,False,constrained_lexical,0.071,"constrained to groups within division(s) 30,31"
OpenAlex,1104,Aquatic Science,FOR,3102,Bioinformatics and computational biology,group,False,constrained_lexical,0.048,"constrained to groups within division(s) 30,31"
OpenAlex,1104,Aquatic Science,FOR,3001,Agricultural biotechnology,group,False,constrained_lexical,0.048,"constrained to groups within division(s) 30,31"
OpenAlex,1104,Aquatic Science,FOR,3003,Animal production,group,False,constrained_lexical,0.048,"constrained to groups within division(s) 30,31"
OpenAlex,1104,Aquatic Science,FOR,3005,Fisheries sciences,group,False,constrained_lexical,0.048,"constrained to groups within division(s) 30,31"
OpenAlex,1104,Aquatic Science,FOR,3099,"Other agricultural, veterinary and food sciences",group,False,constrained_lexical,0.05,"constrained to groups within division(s) 30,31"
OpenAlex,1105,"Ecology, Evolution, Behavior and Systematics",FOR,3199,Other biological sciences,group,False,constrained_lexical,0.06,"constrained to groups within division(s) 30,31"
OpenAlex,1105,"Ecology, Evolution, Behavior and Systematics",FOR,3009,Veterinary sciences,group,False,constrained_lexical,0.03,"constrained to groups within division(s) 30,31"
OpenAlex,1105,"Ecology, Evolution, Behavior and Systematics",FOR,3007,Forestry sciences,group,False,constrained_lexical,0.033,"constrained to groups within division(s) 30,31"
OpenAlex,1105,"Ecology, Evolution, Behavior and Systematics",FOR,3099,"Other agricultural, veterinary and food sciences",group,False,constrained_lexical,0.05,"constrained to groups within division(s) 30,31"
OpenAlex,1105,"Ecology, Evolution, Behavior and Systematics",FOR,3006,Food sciences,group,False,constrained_lexical,0.05,"constrained to groups within division(s) 30,31"
OpenAlex,1105,"Ecology, Evolution, Behavior and Systematics",FOR,3106,Industrial biotechnology,group,False,constrained_lexical,0.051,"constrained to groups within division(s) 30,31"
OpenAlex,1105,"Ecology, Evolution, Behavior and Systematics",FOR,3004,Crop and pasture production,group,False,constrained_lexical,0.053,"constrained to groups within division(s) 30,31"
OpenAlex,1105,"Ecology, Evolution, Behavior and Systematics",FOR,3105,Genetics,group,False,constrained_lexical,0.055,"constrained to groups within division(s) 30,31"
OpenAlex,1105,"Ecology, Evolution, Behavior and Systematics",FOR,3101,Biochemistry and cell biology,group,False,constrained_lexical,0.064,"constrained to groups within division(s) 30,31"
OpenAlex,1105,"Ecology, Evolution, Behavior and Systematics",FOR,3001,Agricultural biotechnology,group,False,constrained_lexical,0.071,"constrained to groups within division(s) 30,31"
OpenAlex,1105,"Ecology, Evolution, Behavior and Systematics",FOR,3008,Horticultural production,group,False,constrained_lexical,0.074,"constrained to groups within division(s) 30,31"
OpenAlex,1105,"Ecology, Evolution, Behavior and Systematics",FOR,3005,Fisheries sciences,group,False,constrained_lexical,0.08,"constrained to groups within division(s) 30,31"
OpenAlex,1105,"Ecology, Evolution, Behavior and Systematics",FOR,3102,Bioinformatics and computational biology,group,False,constrained_lexical,0.095,"constrained to groups within division(s) 30,31"
OpenAlex,1105,"Ecology, Evolution, Behavior and Systematics",FOR,3003,Animal production,group,False,constrained_lexical,0.095,"constrained to groups within division(s) 30,31"
OpenAlex,1105,"Ecology, Evolution, Behavior and Systematics",FOR,3002,"Agriculture, land and farm management",group,False,constrained_lexical,0.105,"constrained to groups within division(s) 30,31"
OpenAlex,1105,"Ecology, Evolution, Behavior and Systematics",FOR,3107,Microbiology,group,False,constrained_lexical,0.12,"constrained to groups within division(s) 30,31"
OpenAlex,1105,"Ecology, Evolution, Behavior and Systematics",FOR,3108,Plant biology,group,False,constrained_lexical,0.151,"constrained to groups within division(s) 30,31"
OpenAlex,1105,"Ecology, Evolution, Behavior and Systematics",FOR,3109,Zoology,group,False,constrained_lexical,0.175,"constrained to groups within division(s) 30,31"
OpenAlex,1105,"Ecology, Evolution, Behavior and Systematics",FOR,3103,Ecology,group,False,constrained_lexical,0.24,"constrained to groups within division(s) 30,31"
OpenAlex,1105,"Ecology, Evolution, Behavior and Systematics",FOR,3104,Evolutionary biology,group,True,constrained_lexical,0.397,"constrained to groups within division(s) 30,31"
OpenAlex,1106,Food Science,FOR,3001,Agricultural biotechnology,group,False,constrained_lexical,0.071,"constrained to groups within division(s) 30,31"
OpenAlex,1106,Food Science,FOR,3109,Zoology,group,False,constrained_lexical,0.07,"constrained to groups within division(s) 30,31"
OpenAlex,1106,Food Science,FOR,3008,Horticultural production,group,False,constrained_lexical,0.056,"constrained to groups within division(s) 30,31"
OpenAlex,1106,Food Science,FOR,3009,Veterinary sciences,group,False,constrained_lexical,0.045,"constrained to groups within division(s) 30,31"
OpenAlex,1106,Food Science,FOR,3103,Ecology,group,False,constrained_lexical,0.024,"constrained to groups within division(s) 30,31"
OpenAlex,1106,Food Science,FOR,3105,Genetics,group,False,constrained_lexical,0.036,"constrained to groups within division(s) 30,31"
OpenAlex,1106,Food Science,FOR,3199,Other biological sciences,group,False,constrained_lexical,0.03,"constrained to groups within division(s) 30,31"
OpenAlex,1106,Food Science,FOR,3003,Animal production,group,False,constrained_lexical,0.079,"constrained to groups within division(s) 30,31"
OpenAlex,1106,Food Science,FOR,3107,Microbiology,group,False,constrained_lexical,0.04,"constrained to groups within division(s) 30,31"
OpenAlex,1106,Food Science,FOR,3005,Fisheries sciences,group,False,constrained_lexical,0.02,"constrained to groups within division(s) 30,31"
OpenAlex,1106,Food Science,FOR,3007,Forestry sciences,group,False,constrained_lexical,0.083,"constrained to groups within division(s) 30,31"
OpenAlex,1106,Food Science,FOR,3101,Biochemistry and cell biology,group,False,constrained_lexical,0.09,"constrained to groups within division(s) 30,31"
OpenAlex,1106,Food Science,FOR,3006,Food sciences,group,True,constrained_lexical,1.0,"constrained to groups within division(s) 30,31"
OpenAlex,1106,Food Science,FOR,3099,"Other agricultural, veterinary and food sciences",group,False,constrained_lexical,0.21,"constrained to groups within division(s) 30,31"
OpenAlex,1106,Food Science,FOR,3102,Bioinformatics and computational biology,group,False,constrained_lexical,0.167,"constrained to groups within division(s) 30,31"
OpenAlex,1106,Food Science,FOR,3004,Crop and pasture production,group,False,constrained_lexical,0.088,"constrained to groups within division(s) 30,31"
OpenAlex,1106,Food Science,FOR,3108,Plant biology,group,False,constrained_lexical,0.132,"constrained to groups within division(s) 30,31"
OpenAlex,1106,Food Science,FOR,3106,Industrial biotechnology,group,False,constrained_lexical,0.103,"constrained to groups within division(s) 30,31"
OpenAlex,1106,Food Science,FOR,3104,Evolutionary biology,group,False,constrained_lexical,0.095,"constrained to groups within division(s) 30,31"
OpenAlex,1106,Food Science,FOR,3002,"Agriculture, land and farm management",group,False,constrained_lexical,0.14,"constrained to groups within division(s) 30,31"
OpenAlex,1107,Forestry,FOR,3199,Other biological sciences,group,False,constrained_lexical,0.0,"constrained to groups within division(s) 30,31"
OpenAlex,1107,Forestry,FOR,3107,Microbiology,group,False,constrained_lexical,0.04,"constrained to groups within division(s) 30,31"
OpenAlex,1107,Forestry,FOR,3009,Veterinary sciences,group,False,constrained_lexical,0.0,"constrained to groups within division(s) 30,31"
OpenAlex,1107,Forestry,FOR,3005,Fisheries sciences,group,False,constrained_lexical,0.0,"constrained to groups within division(s) 30,31"
OpenAlex,1107,Forestry,FOR,3105,Genetics,group,False,constrained_lexical,0.026,"constrained to groups within division(s) 30,31"
OpenAlex,1107,Forestry,FOR,3103,Ecology,group,False,constrained_lexical,0.026,"constrained to groups within division(s) 30,31"
OpenAlex,1107,Forestry,FOR,3008,Horticultural production,group,False,constrained_lexical,0.026,"constrained to groups within division(s) 30,31"
OpenAlex,1107,Forestry,FOR,3006,Food sciences,group,False,constrained_lexical,0.026,"constrained to groups within division(s) 30,31"
OpenAlex,1107,Forestry,FOR,3003,Animal production,group,False,constrained_lexical,0.026,"constrained to groups within division(s) 30,31"
OpenAlex,1107,Forestry,FOR,3106,Industrial biotechnology,group,False,constrained_lexical,0.0,"constrained to groups within division(s) 30,31"
OpenAlex,1107,Forestry,FOR,3108,Plant biology,group,False,constrained_lexical,0.053,"constrained to groups within division(s) 30,31"
OpenAlex,1107,Forestry,FOR,3001,Agricultural biotechnology,group,False,constrained_lexical,0.053,"constrained to groups within division(s) 30,31"
OpenAlex,1107,Forestry,FOR,3109,Zoology,group,False,constrained_lexical,0.079,"constrained to groups within division(s) 30,31"
OpenAlex,1107,Forestry,FOR,3102,Bioinformatics and computational biology,group,False,constrained_lexical,0.079,"constrained to groups within division(s) 30,31"
OpenAlex,1107,Forestry,FOR,3101,Biochemistry and cell biology,group,False,constrained_lexical,0.079,"constrained to groups within division(s) 30,31"
OpenAlex,1107,Forestry,FOR,3099,"Other agricultural, veterinary and food sciences",group,False,constrained_lexical,0.1,"constrained to groups within division(s) 30,31"
OpenAlex,1107,Forestry,FOR,3104,Evolutionary biology,group,False,constrained_lexical,0.105,"constrained to groups within division(s) 30,31"
OpenAlex,1107,Forestry,FOR,3002,"Agriculture, land and farm management",group,False,constrained_lexical,0.158,"constrained to groups within division(s) 30,31"
OpenAlex,1107,Forestry,FOR,3007,Forestry sciences,group,True,constrained_lexical,1.0,"constrained to groups within division(s) 30,31"
OpenAlex,1107,Forestry,FOR,3004,Crop and pasture production,group,False,constrained_lexical,0.053,"constrained to groups within division(s) 30,31"
OpenAlex,1108,Horticulture,FOR,3103,Ecology,group,False,constrained_lexical,0.0,"constrained to groups within division(s) 30,31"
OpenAlex,1108,Horticulture,FOR,3104,Evolutionary biology,group,False,constrained_lexical,0.0,"constrained to groups within division(s) 30,31"
OpenAlex,1108,Horticulture,FOR,3105,Genetics,group,False,constrained_lexical,0.0,"constrained to groups within division(s) 30,31"
OpenAlex,1108,Horticulture,FOR,3102,Bioinformatics and computational biology,group,False,constrained_lexical,0.0,"constrained to groups within division(s) 30,31"
OpenAlex,1108,Horticulture,FOR,3107,Microbiology,group,False,constrained_lexical,0.0,"constrained to groups within division(s) 30,31"
OpenAlex,1108,Horticulture,FOR,3109,Zoology,group,False,constrained_lexical,0.0,"constrained to groups within division(s) 30,31"
OpenAlex,1108,Horticulture,FOR,3199,Other biological sciences,group,False,constrained_lexical,0.0,"constrained to groups within division(s) 30,31"
OpenAlex,1108,Horticulture,FOR,3106,Industrial biotechnology,group,False,constrained_lexical,0.0,"constrained to groups within division(s) 30,31"
OpenAlex,1108,Horticulture,FOR,3101,Biochemistry and cell biology,group,False,constrained_lexical,0.0,"constrained to groups within division(s) 30,31"
OpenAlex,1108,Horticulture,FOR,3099,"Other agricultural, veterinary and food sciences",group,False,constrained_lexical,0.0,"constrained to groups within division(s) 30,31"
OpenAlex,1108,Horticulture,FOR,3009,Veterinary sciences,group,False,constrained_lexical,0.0,"constrained to groups within division(s) 30,31"
OpenAlex,1108,Horticulture,FOR,3001,Agricultural biotechnology,group,False,constrained_lexical,0.111,"constrained to groups within division(s) 30,31"
OpenAlex,1108,Horticulture,FOR,3004,Crop and pasture production,group,False,constrained_lexical,0.111,"constrained to groups within division(s) 30,31"
OpenAlex,1108,Horticulture,FOR,3108,Plant biology,group,False,constrained_lexical,0.111,"constrained to groups within division(s) 30,31"
OpenAlex,1108,Horticulture,FOR,3002,"Agriculture, land and farm management",group,False,constrained_lexical,0.0,"constrained to groups within division(s) 30,31"
OpenAlex,1108,Horticulture,FOR,3008,Horticultural production,group,True,constrained_lexical,0.444,"constrained to groups within division(s) 30,31"
OpenAlex,1108,Horticulture,FOR,3005,Fisheries sciences,group,False,constrained_lexical,0.0,"constrained to groups within division(s) 30,31"
OpenAlex,1108,Horticulture,FOR,3006,Food sciences,group,False,constrained_lexical,0.0,"constrained to groups within division(s) 30,31"
OpenAlex,1108,Horticulture,FOR,3007,Forestry sciences,group,False,constrained_lexical,0.0,"constrained to groups within division(s) 30,31"
OpenAlex,1108,Horticulture,FOR,3003,Animal production,group,False,constrained_lexical,0.0,"constrained to groups within division(s) 30,31"
OpenAlex,1109,Insect Science,FOR,3004,Crop and pasture production,group,False,constrained_lexical,0.049,"constrained to groups within division(s) 30,31"
OpenAlex,1109,Insect Science,FOR,3099,"Other agricultural, veterinary and food sciences",group,False,constrained_lexical,0.0,"constrained to groups within division(s) 30,31"
OpenAlex,1109,Insect Science,FOR,3001,Agricultural biotechnology,group,False,constrained_lexical,0.018,"constrained to groups within division(s) 30,31"
OpenAlex,1109,Insect Science,FOR,3105,Genetics,group,False,constrained_lexical,0.018,"constrained to groups within division(s) 30,31"
OpenAlex,1109,Insect Science,FOR,3003,Animal production,group,False,constrained_lexical,0.032,"constrained to groups within division(s) 30,31"
OpenAlex,1109,Insect Science,FOR,3002,"Agriculture, land and farm management",group,False,constrained_lexical,0.035,"constrained to groups within division(s) 30,31"
OpenAlex,1109,Insect Science,FOR,3108,Plant biology,group,False,constrained_lexical,0.038,"constrained to groups within division(s) 30,31"
OpenAlex,1109,Insect Science,FOR,3005,Fisheries sciences,group,False,constrained_lexical,0.04,"constrained to groups within division(s) 30,31"
OpenAlex,1109,Insect Science,FOR,3009,Veterinary sciences,group,False,constrained_lexical,0.045,"constrained to groups within division(s) 30,31"
OpenAlex,1109,Insect Science,FOR,3007,Forestry sciences,group,False,constrained_lexical,0.05,"constrained to groups within division(s) 30,31"
OpenAlex,1109,Insect Science,FOR,3006,Food sciences,group,False,constrained_lexical,0.05,"constrained to groups within division(s) 30,31"
OpenAlex,1109,Insect Science,FOR,3106,Industrial biotechnology,group,False,constrained_lexical,0.051,"constrained to groups within division(s) 30,31"
OpenAlex,1109,Insect Science,FOR,3104,Evolutionary biology,group,False,constrained_lexical,0.127,"constrained to groups within division(s) 30,31"
OpenAlex,1109,Insect Science,FOR,3103,Ecology,group,False,constrained_lexical,0.122,"constrained to groups within division(s) 30,31"
OpenAlex,1109,Insect Science,FOR,3102,Bioinformatics and computational biology,group,False,constrained_lexical,0.071,"constrained to groups within division(s) 30,31"
OpenAlex,1109,Insect Science,FOR,3107,Microbiology,group,True,constrained_lexical,0.16,"constrained to groups within division(s) 30,31"
OpenAlex,1109,Insect Science,FOR,3008,Horticultural production,group,False,constrained_lexical,0.056,"constrained to groups within division(s) 30,31"
OpenAlex,1109,Insect Science,FOR,3109,Zoology,group,False,constrained_lexical,0.053,"constrained to groups within division(s) 30,31"
OpenAlex,1109,Insect Science,FOR,3101,Biochemistry and cell biology,group,False,constrained_lexical,0.051,"constrained to groups within division(s) 30,31"
OpenAlex,1109,Insect Science,FOR,3199,Other biological sciences,group,False,constrained_lexical,0.06,"constrained to groups within division(s) 30,31"
OpenAlex,1110,Plant Science,FOR,3102,Bioinformatics and computational biology,group,False,constrained_lexical,0.143,"constrained to groups within division(s) 30,31"
OpenAlex,1110,Plant Science,FOR,3199,Other biological sciences,group,False,constrained_lexical,0.03,"constrained to groups within division(s) 30,31"
OpenAlex,1110,Plant Science,FOR,3105,Genetics,group,False,constrained_lexical,0.091,"constrained to groups within division(s) 30,31"
OpenAlex,1110,Plant Science,FOR,3005,Fisheries sciences,group,False,constrained_lexical,0.1,"constrained to groups within division(s) 30,31"
OpenAlex,1110,Plant Science,FOR,3106,Industrial biotechnology,group,False,constrained_lexical,0.103,"constrained to groups within division(s) 30,31"
OpenAlex,1110,Plant Science,FOR,3009,Veterinary sciences,group,False,constrained_lexical,0.121,"constrained to groups within division(s) 30,31"
OpenAlex,1110,Plant Science,FOR,3002,"Agriculture, land and farm management",group,False,constrained_lexical,0.123,"constrained to groups within division(s) 30,31"
OpenAlex,1110,Plant Science,FOR,3101,Biochemistry and cell biology,group,False,constrained_lexical,0.128,"constrained to groups within division(s) 30,31"
OpenAlex,1110,Plant Science,FOR,3004,Crop and pasture production,group,False,constrained_lexical,0.149,"constrained to groups within division(s) 30,31"
OpenAlex,1110,Plant Science,FOR,3103,Ecology,group,False,constrained_lexical,0.146,"constrained to groups within division(s) 30,31"
OpenAlex,1110,Plant Science,FOR,3003,Animal production,group,False,constrained_lexical,0.159,"constrained to groups within division(s) 30,31"
OpenAlex,1110,Plant Science,FOR,3099,"Other agricultural, veterinary and food sciences",group,False,constrained_lexical,0.15,"constrained to groups within division(s) 30,31"
OpenAlex,1110,Plant Science,FOR,3108,Plant biology,group,True,constrained_lexical,0.616,"constrained to groups within division(s) 30,31"
OpenAlex,1110,Plant Science,FOR,3104,Evolutionary biology,group,False,constrained_lexical,0.206,"constrained to groups within division(s) 30,31"
OpenAlex,1110,Plant Science,FOR,3107,Microbiology,group,False,constrained_lexical,0.2,"constrained to groups within division(s) 30,31"
OpenAlex,1110,Plant Science,FOR,3008,Horticultural production,group,False,constrained_lexical,0.185,"constrained to groups within division(s) 30,31"
OpenAlex,1110,Plant Science,FOR,3001,Agricultural biotechnology,group,False,constrained_lexical,0.161,"constrained to groups within division(s) 30,31"
OpenAlex,1110,Plant Science,FOR,3006,Food sciences,group,False,constrained_lexical,0.175,"constrained to groups within division(s) 30,31"
OpenAlex,1110,Plant Science,FOR,3007,Forestry sciences,group,False,constrained_lexical,0.167,"constrained to groups within division(s) 30,31"
OpenAlex,1110,Plant Science,FOR,3109,Zoology,group,False,constrained_lexical,0.175,"constrained to groups within division(s) 30,31"
OpenAlex,1111,Soil Science,FOR,3199,Other biological sciences,group,False,constrained_lexical,0.0,"constrained to groups within division(s) 30,31"
OpenAlex,1111,Soil Science,FOR,3109,Zoology,group,False,constrained_lexical,0.0,"constrained to groups within division(s) 30,31"
OpenAlex,1111,Soil Science,FOR,3107,Microbiology,group,False,constrained_lexical,0.0,"constrained to groups within division(s) 30,31"
OpenAlex,1111,Soil Science,FOR,3105,Genetics,group,False,constrained_lexical,0.0,"constrained to groups within division(s) 30,31"
OpenAlex,1111,Soil Science,FOR,3009,Veterinary sciences,group,False,constrained_lexical,0.015,"constrained to groups within division(s) 30,31"
OpenAlex,1111,Soil Science,FOR,3104,Evolutionary biology,group,False,constrained_lexical,0.016,"constrained to groups within division(s) 30,31"
OpenAlex,1111,Soil Science,FOR,3102,Bioinformatics and computational biology,group,False,constrained_lexical,0.024,"constrained to groups within division(s) 30,31"
OpenAlex,1111,Soil Science,FOR,3103,Ecology,group,False,constrained_lexical,0.024,"constrained to groups within division(s) 30,31"
OpenAlex,1111,Soil Science,FOR,3006,Food sciences,group,False,constrained_lexical,0.025,"constrained to groups within division(s) 30,31"
OpenAlex,1111,Soil Science,FOR,3101,Biochemistry and cell biology,group,False,constrained_lexical,0.029,"constrained to groups within division(s) 30,31"
OpenAlex,1111,Soil Science,FOR,3106,Industrial biotechnology,group,False,constrained_lexical,0.026,"constrained to groups within division(s) 30,31"
OpenAlex,1111,Soil Science,FOR,3108,Plant biology,group,False,constrained_lexical,0.038,"constrained to groups within division(s) 30,31"
OpenAlex,1111,Soil Science,FOR,3002,"Agriculture, land and farm management",group,False,constrained_lexical,0.053,"constrained to groups within division(s) 30,31"
OpenAlex,1111,Soil Science,FOR,3001,Agricultural biotechnology,group,False,constrained_lexical,0.054,"constrained to groups within division(s) 30,31"
OpenAlex,1111,Soil Science,FOR,3005,Fisheries sciences,group,False,constrained_lexical,0.06,"constrained to groups within division(s) 30,31"
OpenAlex,1111,Soil Science,FOR,3003,Animal production,group,False,constrained_lexical,0.063,"constrained to groups within division(s) 30,31"
OpenAlex,1111,Soil Science,FOR,3004,Crop and pasture production,group,False,constrained_lexical,0.087,"constrained to groups within division(s) 30,31"
OpenAlex,1111,Soil Science,FOR,3008,Horticultural production,group,False,constrained_lexical,0.093,"constrained to groups within division(s) 30,31"
OpenAlex,1111,Soil Science,FOR,4106,Soil sciences,group,True,constrained_lexical,1.0,"constrained to groups within division(s) 30,31"
OpenAlex,1111,Soil Science,FOR,3007,Forestry sciences,group,False,constrained_lexical,0.033,"constrained to groups within division(s) 30,31"
OpenAlex,1111,Soil Science,FOR,3099,"Other agricultural, veterinary and food sciences",group,False,constrained_lexical,0.05,"constrained to groups within division(s) 30,31"
OpenAlex,1200,General Arts and Humanities,FOR,5004,Religious studies,group,False,constrained_lexical,0.038,"constrained to groups within division(s) 43,36,50,47"
OpenAlex,1200,General Arts and Humanities,FOR,4303,Historical studies,group,False,constrained_lexical,0.0,"constrained to groups within division(s) 43,36,50,47"
OpenAlex,1200,General Arts and Humanities,FOR,3602,Creative and professional writing,group,False,constrained_lexical,0.0,"constrained to groups within division(s) 43,36,50,47"
OpenAlex,1200,General Arts and Humanities,FOR,3605,Screen and digital media,group,False,constrained_lexical,0.0,"constrained to groups within division(s) 43,36,50,47"
OpenAlex,1200,General Arts and Humanities,FOR,4301,Archaeology,group,False,constrained_lexical,0.0,"constrained to groups within division(s) 43,36,50,47"
OpenAlex,1200,General Arts and Humanities,FOR,4702,Cultural studies,group,False,constrained_lexical,0.077,"constrained to groups within division(s) 43,36,50,47"
OpenAlex,1200,General Arts and Humanities,FOR,4701,Communication and media studies,group,False,constrained_lexical,0.0,"constrained to groups within division(s) 43,36,50,47"
OpenAlex,1200,General Arts and Humanities,FOR,5005,Theology,group,False,constrained_lexical,0.0,"constrained to groups within division(s) 43,36,50,47"
OpenAlex,1200,General Arts and Humanities,FOR,5099,Other philosophy and religious studies,group,False,constrained_lexical,0.0,"constrained to groups within division(s) 43,36,50,47"
OpenAlex,1200,General Arts and Humanities,FOR,5003,Philosophy,group,False,constrained_lexical,0.038,"constrained to groups within division(s) 43,36,50,47"
OpenAlex,1200,General Arts and Humanities,FOR,4399,"Other history, heritage and archaeology",group,False,constrained_lexical,0.0,"constrained to groups within division(s) 43,36,50,47"
OpenAlex,1200,General Arts and Humanities,FOR,5002,History and philosophy of specific fields,group,False,constrained_lexical,0.038,"constrained to groups within division(s) 43,36,50,47"
OpenAlex,1200,General Arts and Humanities,FOR,3604,Performing arts,group,True,constrained_lexical,0.205,"constrained to groups within division(s) 43,36,50,47"
OpenAlex,1200,General Arts and Humanities,FOR,4704,Linguistics,group,False,constrained_lexical,0.038,"constrained to groups within division(s) 43,36,50,47"
OpenAlex,1200,General Arts and Humanities,FOR,4703,Language studies,group,False,constrained_lexical,0.038,"constrained to groups within division(s) 43,36,50,47"
OpenAlex,1200,General Arts and Humanities,FOR,4302,"Heritage, archive and museum studies",group,False,constrained_lexical,0.038,"constrained to groups within division(s) 43,36,50,47"
OpenAlex,1200,General Arts and Humanities,FOR,3603,Music,group,False,constrained_lexical,0.042,"constrained to groups within division(s) 43,36,50,47"
OpenAlex,1200,General Arts and Humanities,FOR,4799,"Other language, communication and culture",group,False,constrained_lexical,0.05,"constrained to groups within division(s) 43,36,50,47"
OpenAlex,1200,General Arts and Humanities,FOR,3601,"Art history, theory and criticism",group,False,constrained_lexical,0.062,"constrained to groups within division(s) 43,36,50,47"
OpenAlex,1200,General Arts and Humanities,FOR,3699,Other creative arts and writing,group,False,constrained_lexical,0.083,"constrained to groups within division(s) 43,36,50,47"
OpenAlex,1200,General Arts and Humanities,FOR,4705,Literary studies,group,False,constrained_lexical,0.154,"constrained to groups within division(s) 43,36,50,47"
OpenAlex,1200,General Arts and Humanities,FOR,3606,Visual arts,group,False,constrained_lexical,0.185,"constrained to groups within division(s) 43,36,50,47"
OpenAlex,1200,General Arts and Humanities,FOR,5001,Applied ethics,group,False,constrained_lexical,0.038,"constrained to groups within division(s) 43,36,50,47"
OpenAlex,1202,History,FOR,3606,Visual arts,group,False,constrained_lexical,0.083,"constrained to groups within division(s) 43,36,50,47"
OpenAlex,1202,History,FOR,3602,Creative and professional writing,group,False,constrained_lexical,0.077,"constrained to groups within division(s) 43,36,50,47"
OpenAlex,1202,History,FOR,3605,Screen and digital media,group,False,constrained_lexical,0.069,"constrained to groups within division(s) 43,36,50,47"
OpenAlex,1202,History,FOR,4702,Cultural studies,group,False,constrained_lexical,0.062,"constrained to groups within division(s) 43,36,50,47"
OpenAlex,1202,History,FOR,3604,Performing arts,group,False,constrained_lexical,0.0,"constrained to groups within division(s) 43,36,50,47"
OpenAlex,1202,History,FOR,3699,Other creative arts and writing,group,False,constrained_lexical,0.05,"constrained to groups within division(s) 43,36,50,47"
OpenAlex,1202,History,FOR,4704,Linguistics,group,False,constrained_lexical,0.036,"constrained to groups within division(s) 43,36,50,47"
OpenAlex,1202,History,FOR,3603,Music,group,False,constrained_lexical,0.083,"constrained to groups within division(s) 43,36,50,47"
OpenAlex,1202,History,FOR,5005,Theology,group,False,constrained_lexical,0.0,"constrained to groups within division(s) 43,36,50,47"
OpenAlex,1202,History,FOR,5001,Applied ethics,group,False,constrained_lexical,0.053,"constrained to groups within division(s) 43,36,50,47"
OpenAlex,1202,History,FOR,4799,"Other language, communication and culture",group,False,constrained_lexical,0.1,"constrained to groups within division(s) 43,36,50,47"
OpenAlex,1202,History,FOR,4302,"Heritage, archive and museum studies",group,False,constrained_lexical,0.041,"constrained to groups within division(s) 43,36,50,47"
OpenAlex,1202,History,FOR,4701,Communication and media studies,group,False,constrained_lexical,0.105,"constrained to groups within division(s) 43,36,50,47"
OpenAlex,1202,History,FOR,5003,Philosophy,group,False,constrained_lexical,0.11,"constrained to groups within division(s) 43,36,50,47"
OpenAlex,1202,History,FOR,4705,Literary studies,group,False,constrained_lexical,0.119,"constrained to groups within division(s) 43,36,50,47"
OpenAlex,1202,History,FOR,5004,Religious studies,group,False,constrained_lexical,0.133,"constrained to groups within division(s) 43,36,50,47"
OpenAlex,1202,History,FOR,5099,Other philosophy and religious studies,group,False,constrained_lexical,0.15,"constrained to groups within division(s) 43,36,50,47"
OpenAlex,1202,History,FOR,4301,Archaeology,group,False,constrained_lexical,0.156,"constrained to groups within division(s) 43,36,50,47"
OpenAlex,1202,History,FOR,4399,"Other history, heritage and archaeology",group,False,constrained_lexical,0.21,"constrained to groups within division(s) 43,36,50,47"
OpenAlex,1202,History,FOR,5002,History and philosophy of specific fields,group,False,constrained_lexical,0.298,"constrained to groups within division(s) 43,36,50,47"
OpenAlex,1202,History,FOR,3601,"Art history, theory and criticism",group,False,constrained_lexical,0.393,"constrained to groups within division(s) 43,36,50,47"
OpenAlex,1202,History,FOR,4303,Historical studies,group,True,constrained_lexical,1.0,"constrained to groups within division(s) 43,36,50,47"
OpenAlex,1202,History,FOR,4703,Language studies,group,False,constrained_lexical,0.101,"constrained to groups within division(s) 43,36,50,47"
OpenAlex,1203,Language and Linguistics,FOR,3606,Visual arts,group,False,constrained_lexical,0.042,"constrained to groups within division(s) 43,36,50,47"
OpenAlex,1203,Language and Linguistics,FOR,3602,Creative and professional writing,group,False,constrained_lexical,0.038,"constrained to groups within division(s) 43,36,50,47"
OpenAlex,1203,Language and Linguistics,FOR,3605,Screen and digital media,group,False,constrained_lexical,0.034,"constrained to groups within division(s) 43,36,50,47"
OpenAlex,1203,Language and Linguistics,FOR,5004,Religious studies,group,False,constrained_lexical,0.033,"constrained to groups within division(s) 43,36,50,47"
OpenAlex,1203,Language and Linguistics,FOR,5005,Theology,group,False,constrained_lexical,0.0,"constrained to groups within division(s) 43,36,50,47"
OpenAlex,1203,Language and Linguistics,FOR,3604,Performing arts,group,False,constrained_lexical,0.0,"constrained to groups within division(s) 43,36,50,47"
OpenAlex,1203,Language and Linguistics,FOR,3699,Other creative arts and writing,group,False,constrained_lexical,0.0,"constrained to groups within division(s) 43,36,50,47"
OpenAlex,1203,Language and Linguistics,FOR,5001,Applied ethics,group,False,constrained_lexical,0.0,"constrained to groups within division(s) 43,36,50,47"
OpenAlex,1203,Language and Linguistics,FOR,3603,Music,group,False,constrained_lexical,0.042,"constrained to groups within division(s) 43,36,50,47"
OpenAlex,1203,Language and Linguistics,FOR,4302,"Heritage, archive and museum studies",group,False,constrained_lexical,0.02,"constrained to groups within division(s) 43,36,50,47"
OpenAlex,1203,Language and Linguistics,FOR,4301,Archaeology,group,False,constrained_lexical,0.044,"constrained to groups within division(s) 43,36,50,47"
OpenAlex,1203,Language and Linguistics,FOR,5003,Philosophy,group,False,constrained_lexical,0.055,"constrained to groups within division(s) 43,36,50,47"
OpenAlex,1203,Language and Linguistics,FOR,4702,Cultural studies,group,False,constrained_lexical,0.047,"constrained to groups within division(s) 43,36,50,47"
OpenAlex,1203,Language and Linguistics,FOR,4399,"Other history, heritage and archaeology",group,False,constrained_lexical,0.05,"constrained to groups within division(s) 43,36,50,47"
OpenAlex,1203,Language and Linguistics,FOR,4701,Communication and media studies,group,False,constrained_lexical,0.053,"constrained to groups within division(s) 43,36,50,47"
OpenAlex,1203,Language and Linguistics,FOR,5002,History and philosophy of specific fields,group,False,constrained_lexical,0.067,"constrained to groups within division(s) 43,36,50,47"
OpenAlex,1203,Language and Linguistics,FOR,5099,Other philosophy and religious studies,group,False,constrained_lexical,0.075,"constrained to groups within division(s) 43,36,50,47"
OpenAlex,1203,Language and Linguistics,FOR,4705,Literary studies,group,False,constrained_lexical,0.103,"constrained to groups within division(s) 43,36,50,47"
OpenAlex,1203,Language and Linguistics,FOR,3601,"Art history, theory and criticism",group,False,constrained_lexical,0.125,"constrained to groups within division(s) 43,36,50,47"
OpenAlex,1203,Language and Linguistics,FOR,4799,"Other language, communication and culture",group,False,constrained_lexical,0.193,"constrained to groups within division(s) 43,36,50,47"
OpenAlex,1203,Language and Linguistics,FOR,4703,Language studies,group,False,constrained_lexical,0.384,"constrained to groups within division(s) 43,36,50,47"
OpenAlex,1203,Language and Linguistics,FOR,4704,Linguistics,group,True,constrained_lexical,0.53,"constrained to groups within division(s) 43,36,50,47"
OpenAlex,1203,Language and Linguistics,FOR,4303,Historical studies,group,False,constrained_lexical,0.046,"constrained to groups within division(s) 43,36,50,47"
OpenAlex,1204,Archeology,FOR,3604,Performing arts,group,False,constrained_lexical,0.0,"constrained to groups within division(s) 43,36,50,47"
OpenAlex,1204,Archeology,FOR,3602,Creative and professional writing,group,False,constrained_lexical,0.0,"constrained to groups within division(s) 43,36,50,47"
OpenAlex,1204,Archeology,FOR,3603,Music,group,False,constrained_lexical,0.0,"constrained to groups within division(s) 43,36,50,47"
OpenAlex,1204,Archeology,FOR,3605,Screen and digital media,group,False,constrained_lexical,0.0,"constrained to groups within division(s) 43,36,50,47"
OpenAlex,1204,Archeology,FOR,4704,Linguistics,group,False,constrained_lexical,0.018,"constrained to groups within division(s) 43,36,50,47"
OpenAlex,1204,Archeology,FOR,3699,Other creative arts and writing,group,False,constrained_lexical,0.0,"constrained to groups within division(s) 43,36,50,47"
OpenAlex,1204,Archeology,FOR,4701,Communication and media studies,group,False,constrained_lexical,0.0,"constrained to groups within division(s) 43,36,50,47"
OpenAlex,1204,Archeology,FOR,5001,Applied ethics,group,False,constrained_lexical,0.0,"constrained to groups within division(s) 43,36,50,47"
OpenAlex,1204,Archeology,FOR,5005,Theology,group,False,constrained_lexical,0.0,"constrained to groups within division(s) 43,36,50,47"
OpenAlex,1204,Archeology,FOR,3606,Visual arts,group,False,constrained_lexical,0.0,"constrained to groups within division(s) 43,36,50,47"
OpenAlex,1204,Archeology,FOR,4702,Cultural studies,group,False,constrained_lexical,0.031,"constrained to groups within division(s) 43,36,50,47"
OpenAlex,1204,Archeology,FOR,4399,"Other history, heritage and archaeology",group,False,constrained_lexical,0.2,"constrained to groups within division(s) 43,36,50,47"
OpenAlex,1204,Archeology,FOR,5002,History and philosophy of specific fields,group,False,constrained_lexical,0.044,"constrained to groups within division(s) 43,36,50,47"
OpenAlex,1204,Archeology,FOR,4703,Language studies,group,False,constrained_lexical,0.038,"constrained to groups within division(s) 43,36,50,47"
OpenAlex,1204,Archeology,FOR,4302,"Heritage, archive and museum studies",group,False,constrained_lexical,0.184,"constrained to groups within division(s) 43,36,50,47"
OpenAlex,1204,Archeology,FOR,4301,Archaeology,group,False,constrained_lexical,0.178,"constrained to groups within division(s) 43,36,50,47"
OpenAlex,1204,Archeology,FOR,3601,"Art history, theory and criticism",group,False,constrained_lexical,0.125,"constrained to groups within division(s) 43,36,50,47"
OpenAlex,1204,Archeology,FOR,5099,Other philosophy and religious studies,group,True,constrained_lexical,0.225,"constrained to groups within division(s) 43,36,50,47"
OpenAlex,1204,Archeology,FOR,5004,Religious studies,group,False,constrained_lexical,0.067,"constrained to groups within division(s) 43,36,50,47"
OpenAlex,1204,Archeology,FOR,4303,Historical studies,group,False,constrained_lexical,0.058,"constrained to groups within division(s) 43,36,50,47"
OpenAlex,1204,Archeology,FOR,4705,Literary studies,group,False,constrained_lexical,0.058,"constrained to groups within division(s) 43,36,50,47"
OpenAlex,1204,Archeology,FOR,4799,"Other language, communication and culture",group,False,constrained_lexical,0.05,"constrained to groups within division(s) 43,36,50,47"
OpenAlex,1204,Archeology,FOR,5003,Philosophy,group,False,constrained_lexical,0.068,"constrained to groups within division(s) 43,36,50,47"
OpenAlex,1205,Classics,FOR,4799,"Other language, communication and culture",group,False,constrained_lexical,0.05,"constrained to groups within division(s) 43,36,50,47"
OpenAlex,1205,Classics,FOR,5005,Theology,group,False,constrained_lexical,0.0,"constrained to groups within division(s) 43,36,50,47"
OpenAlex,1205,Classics,FOR,5001,Applied ethics,group,False,constrained_lexical,0.0,"constrained to groups within division(s) 43,36,50,47"
OpenAlex,1205,Classics,FOR,4701,Communication and media studies,group,False,constrained_lexical,0.0,"constrained to groups within division(s) 43,36,50,47"
OpenAlex,1205,Classics,FOR,3699,Other creative arts and writing,group,False,constrained_lexical,0.0,"constrained to groups within division(s) 43,36,50,47"
OpenAlex,1205,Classics,FOR,3606,Visual arts,group,False,constrained_lexical,0.0,"constrained to groups within division(s) 43,36,50,47"
OpenAlex,1205,Classics,FOR,3605,Screen and digital media,group,False,constrained_lexical,0.0,"constrained to groups within division(s) 43,36,50,47"
OpenAlex,1205,Classics,FOR,3604,Performing arts,group,False,constrained_lexical,0.0,"constrained to groups within division(s) 43,36,50,47"
OpenAlex,1205,Classics,FOR,3603,Music,group,False,constrained_lexical,0.0,"constrained to groups within division(s) 43,36,50,47"
OpenAlex,1205,Classics,FOR,3602,Creative and professional writing,group,False,constrained_lexical,0.0,"constrained to groups within division(s) 43,36,50,47"
OpenAlex,1205,Classics,FOR,4399,"Other history, heritage and archaeology",group,False,constrained_lexical,0.05,"constrained to groups within division(s) 43,36,50,47"
OpenAlex,1205,Classics,FOR,5099,Other philosophy and religious studies,group,False,constrained_lexical,0.0,"constrained to groups within division(s) 43,36,50,47"
OpenAlex,1205,Classics,FOR,4704,Linguistics,group,False,constrained_lexical,0.05,"constrained to groups within division(s) 43,36,50,47"
OpenAlex,1205,Classics,FOR,4705,Literary studies,group,True,constrained_lexical,0.2,"constrained to groups within division(s) 43,36,50,47"
OpenAlex,1205,Classics,FOR,4303,Historical studies,group,False,constrained_lexical,0.15,"constrained to groups within division(s) 43,36,50,47"
OpenAlex,1205,Classics,FOR,3601,"Art history, theory and criticism",group,False,constrained_lexical,0.125,"constrained to groups within division(s) 43,36,50,47"
OpenAlex,1205,Classics,FOR,4703,Language studies,group,False,constrained_lexical,0.1,"constrained to groups within division(s) 43,36,50,47"
OpenAlex,1205,Classics,FOR,5004,Religious studies,group,False,constrained_lexical,0.05,"constrained to groups within division(s) 43,36,50,47"
OpenAlex,1205,Classics,FOR,5003,Philosophy,group,False,constrained_lexical,0.1,"constrained to groups within division(s) 43,36,50,47"
OpenAlex,1205,Classics,FOR,4301,Archaeology,group,False,constrained_lexical,0.05,"constrained to groups within division(s) 43,36,50,47"
OpenAlex,1205,Classics,FOR,4302,"Heritage, archive and museum studies",group,False,constrained_lexical,0.05,"constrained to groups within division(s) 43,36,50,47"
OpenAlex,1205,Classics,FOR,4702,Cultural studies,group,False,constrained_lexical,0.05,"constrained to groups within division(s) 43,36,50,47"
OpenAlex,1205,Classics,FOR,5002,History and philosophy of specific fields,group,False,constrained_lexical,0.1,"constrained to groups within division(s) 43,36,50,47"
OpenAlex,1206,Conservation,FOR,3606,Visual arts,group,False,constrained_lexical,0.042,"constrained to groups within division(s) 43,36,50,47"
OpenAlex,1206,Conservation,FOR,5005,Theology,group,False,constrained_lexical,0.0,"constrained to groups within division(s) 43,36,50,47"
OpenAlex,1206,Conservation,FOR,4799,"Other language, communication and culture",group,False,constrained_lexical,0.0,"constrained to groups within division(s) 43,36,50,47"
OpenAlex,1206,Conservation,FOR,4703,Language studies,group,False,constrained_lexical,0.0,"constrained to groups within division(s) 43,36,50,47"
OpenAlex,1206,Conservation,FOR,4702,Cultural studies,group,False,constrained_lexical,0.0,"constrained to groups within division(s) 43,36,50,47"
OpenAlex,1206,Conservation,FOR,3699,Other creative arts and writing,group,False,constrained_lexical,0.0,"constrained to groups within division(s) 43,36,50,47"
OpenAlex,1206,Conservation,FOR,3604,Performing arts,group,False,constrained_lexical,0.0,"constrained to groups within division(s) 43,36,50,47"
OpenAlex,1206,Conservation,FOR,5001,Applied ethics,group,False,constrained_lexical,0.03,"constrained to groups within division(s) 43,36,50,47"
OpenAlex,1206,Conservation,FOR,4704,Linguistics,group,False,constrained_lexical,0.03,"constrained to groups within division(s) 43,36,50,47"
OpenAlex,1206,Conservation,FOR,5004,Religious studies,group,False,constrained_lexical,0.033,"constrained to groups within division(s) 43,36,50,47"
OpenAlex,1206,Conservation,FOR,5099,Other philosophy and religious studies,group,False,constrained_lexical,0.0,"constrained to groups within division(s) 43,36,50,47"
OpenAlex,1206,Conservation,FOR,3603,Music,group,False,constrained_lexical,0.042,"constrained to groups within division(s) 43,36,50,47"
OpenAlex,1206,Conservation,FOR,5003,Philosophy,group,False,constrained_lexical,0.061,"constrained to groups within division(s) 43,36,50,47"
OpenAlex,1206,Conservation,FOR,4705,Literary studies,group,False,constrained_lexical,0.061,"constrained to groups within division(s) 43,36,50,47"
OpenAlex,1206,Conservation,FOR,4303,Historical studies,group,False,constrained_lexical,0.061,"constrained to groups within division(s) 43,36,50,47"
OpenAlex,1206,Conservation,FOR,4301,Archaeology,group,False,constrained_lexical,0.061,"constrained to groups within division(s) 43,36,50,47"
OpenAlex,1206,Conservation,FOR,3605,Screen and digital media,group,False,constrained_lexical,0.069,"constrained to groups within division(s) 43,36,50,47"
OpenAlex,1206,Conservation,FOR,3602,Creative and professional writing,group,False,constrained_lexical,0.077,"constrained to groups within division(s) 43,36,50,47"
OpenAlex,1206,Conservation,FOR,4701,Communication and media studies,group,False,constrained_lexical,0.091,"constrained to groups within division(s) 43,36,50,47"
OpenAlex,1206,Conservation,FOR,5002,History and philosophy of specific fields,group,False,constrained_lexical,0.121,"constrained to groups within division(s) 43,36,50,47"
OpenAlex,1206,Conservation,FOR,4302,"Heritage, archive and museum studies",group,False,constrained_lexical,0.121,"constrained to groups within division(s) 43,36,50,47"
OpenAlex,1206,Conservation,FOR,3601,"Art history, theory and criticism",group,True,constrained_lexical,0.188,"constrained to groups within division(s) 43,36,50,47"
OpenAlex,1206,Conservation,FOR,4399,"Other history, heritage and archaeology",group,False,constrained_lexical,0.05,"constrained to groups within division(s) 43,36,50,47"
OpenAlex,1207,History and Philosophy of Science,FOR,4705,Literary studies,group,False,constrained_lexical,0.049,"constrained to groups within division(s) 43,36,50,47"
OpenAlex,1207,History and Philosophy of Science,FOR,4302,"Heritage, archive and museum studies",group,False,constrained_lexical,0.041,"constrained to groups within division(s) 43,36,50,47"
OpenAlex,1207,History and Philosophy of Science,FOR,3605,Screen and digital media,group,False,constrained_lexical,0.034,"constrained to groups within division(s) 43,36,50,47"
OpenAlex,1207,History and Philosophy of Science,FOR,4702,Cultural studies,group,False,constrained_lexical,0.031,"constrained to groups within division(s) 43,36,50,47"
OpenAlex,1207,History and Philosophy of Science,FOR,3699,Other creative arts and writing,group,False,constrained_lexical,0.05,"constrained to groups within division(s) 43,36,50,47"
OpenAlex,1207,History and Philosophy of Science,FOR,4703,Language studies,group,False,constrained_lexical,0.013,"constrained to groups within division(s) 43,36,50,47"
OpenAlex,1207,History and Philosophy of Science,FOR,3604,Performing arts,group,False,constrained_lexical,0.0,"constrained to groups within division(s) 43,36,50,47"
OpenAlex,1207,History and Philosophy of Science,FOR,3606,Visual arts,group,False,constrained_lexical,0.0,"constrained to groups within division(s) 43,36,50,47"
OpenAlex,1207,History and Philosophy of Science,FOR,5005,Theology,group,False,constrained_lexical,0.0,"constrained to groups within division(s) 43,36,50,47"
OpenAlex,1207,History and Philosophy of Science,FOR,4301,Archaeology,group,False,constrained_lexical,0.022,"constrained to groups within division(s) 43,36,50,47"
OpenAlex,1207,History and Philosophy of Science,FOR,4704,Linguistics,group,False,constrained_lexical,0.054,"constrained to groups within division(s) 43,36,50,47"
OpenAlex,1207,History and Philosophy of Science,FOR,5004,Religious studies,group,False,constrained_lexical,0.067,"constrained to groups within division(s) 43,36,50,47"
OpenAlex,1207,History and Philosophy of Science,FOR,3602,Creative and professional writing,group,False,constrained_lexical,0.077,"constrained to groups within division(s) 43,36,50,47"
OpenAlex,1207,History and Philosophy of Science,FOR,5003,Philosophy,group,False,constrained_lexical,0.416,"constrained to groups within division(s) 43,36,50,47"
OpenAlex,1207,History and Philosophy of Science,FOR,4303,Historical studies,group,False,constrained_lexical,0.37,"constrained to groups within division(s) 43,36,50,47"
OpenAlex,1207,History and Philosophy of Science,FOR,3601,"Art history, theory and criticism",group,False,constrained_lexical,0.236,"constrained to groups within division(s) 43,36,50,47"
OpenAlex,1207,History and Philosophy of Science,FOR,5099,Other philosophy and religious studies,group,False,constrained_lexical,0.135,"constrained to groups within division(s) 43,36,50,47"
OpenAlex,1207,History and Philosophy of Science,FOR,5002,History and philosophy of specific fields,group,True,constrained_lexical,0.606,"constrained to groups within division(s) 43,36,50,47"
OpenAlex,1207,History and Philosophy of Science,FOR,4799,"Other language, communication and culture",group,False,constrained_lexical,0.1,"constrained to groups within division(s) 43,36,50,47"
OpenAlex,1207,History and Philosophy of Science,FOR,4399,"Other history, heritage and archaeology",group,False,constrained_lexical,0.093,"constrained to groups within division(s) 43,36,50,47"
OpenAlex,1207,History and Philosophy of Science,FOR,3603,Music,group,False,constrained_lexical,0.083,"constrained to groups within division(s) 43,36,50,47"
OpenAlex,1207,History and Philosophy of Science,FOR,5001,Applied ethics,group,False,constrained_lexical,0.079,"constrained to groups within division(s) 43,36,50,47"
OpenAlex,1207,History and Philosophy of Science,FOR,4701,Communication and media studies,group,False,constrained_lexical,0.105,"constrained to groups within division(s) 43,36,50,47"
OpenAlex,1208,Literature and Literary Theory,FOR,3605,Screen and digital media,group,False,constrained_lexical,0.069,"constrained to groups within division(s) 43,36,50,47"
OpenAlex,1208,Literature and Literary Theory,FOR,5005,Theology,group,False,constrained_lexical,0.0,"constrained to groups within division(s) 43,36,50,47"
OpenAlex,1208,Literature and Literary Theory,FOR,3606,Visual arts,group,False,constrained_lexical,0.0,"constrained to groups within division(s) 43,36,50,47"
OpenAlex,1208,Literature and Literary Theory,FOR,3604,Performing arts,group,False,constrained_lexical,0.0,"constrained to groups within division(s) 43,36,50,47"
OpenAlex,1208,Literature and Literary Theory,FOR,5001,Applied ethics,group,False,constrained_lexical,0.026,"constrained to groups within division(s) 43,36,50,47"
OpenAlex,1208,Literature and Literary Theory,FOR,3603,Music,group,False,constrained_lexical,0.042,"constrained to groups within division(s) 43,36,50,47"
OpenAlex,1208,Literature and Literary Theory,FOR,4399,"Other history, heritage and archaeology",group,False,constrained_lexical,0.05,"constrained to groups within division(s) 43,36,50,47"
OpenAlex,1208,Literature and Literary Theory,FOR,3699,Other creative arts and writing,group,False,constrained_lexical,0.05,"constrained to groups within division(s) 43,36,50,47"
OpenAlex,1208,Literature and Literary Theory,FOR,5002,History and philosophy of specific fields,group,False,constrained_lexical,0.067,"constrained to groups within division(s) 43,36,50,47"
OpenAlex,1208,Literature and Literary Theory,FOR,4301,Archaeology,group,False,constrained_lexical,0.067,"constrained to groups within division(s) 43,36,50,47"
OpenAlex,1208,Literature and Literary Theory,FOR,4302,"Heritage, archive and museum studies",group,False,constrained_lexical,0.082,"constrained to groups within division(s) 43,36,50,47"
OpenAlex,1208,Literature and Literary Theory,FOR,5099,Other philosophy and religious studies,group,False,constrained_lexical,0.0,"constrained to groups within division(s) 43,36,50,47"
OpenAlex,1208,Literature and Literary Theory,FOR,5004,Religious studies,group,False,constrained_lexical,0.1,"constrained to groups within division(s) 43,36,50,47"
OpenAlex,1208,Literature and Literary Theory,FOR,4705,Literary studies,group,True,constrained_lexical,0.42,"constrained to groups within division(s) 43,36,50,47"
OpenAlex,1208,Literature and Literary Theory,FOR,3601,"Art history, theory and criticism",group,False,constrained_lexical,0.35,"constrained to groups within division(s) 43,36,50,47"
OpenAlex,1208,Literature and Literary Theory,FOR,4701,Communication and media studies,group,False,constrained_lexical,0.158,"constrained to groups within division(s) 43,36,50,47"
OpenAlex,1208,Literature and Literary Theory,FOR,5003,Philosophy,group,False,constrained_lexical,0.151,"constrained to groups within division(s) 43,36,50,47"
OpenAlex,1208,Literature and Literary Theory,FOR,4799,"Other language, communication and culture",group,False,constrained_lexical,0.1,"constrained to groups within division(s) 43,36,50,47"
OpenAlex,1208,Literature and Literary Theory,FOR,4704,Linguistics,group,False,constrained_lexical,0.125,"constrained to groups within division(s) 43,36,50,47"
OpenAlex,1208,Literature and Literary Theory,FOR,3602,Creative and professional writing,group,False,constrained_lexical,0.115,"constrained to groups within division(s) 43,36,50,47"
OpenAlex,1208,Literature and Literary Theory,FOR,4303,Historical studies,group,False,constrained_lexical,0.104,"constrained to groups within division(s) 43,36,50,47"
OpenAlex,1208,Literature and Literary Theory,FOR,4703,Language studies,group,False,constrained_lexical,0.101,"constrained to groups within division(s) 43,36,50,47"
OpenAlex,1208,Literature and Literary Theory,FOR,4702,Cultural studies,group,False,constrained_lexical,0.141,"constrained to groups within division(s) 43,36,50,47"
OpenAlex,1209,Museology,FOR,5004,Religious studies,group,False,constrained_lexical,0.033,"constrained to groups within division(s) 43,36,50,47"
OpenAlex,1209,Museology,FOR,5005,Theology,group,False,constrained_lexical,0.0,"constrained to groups within division(s) 43,36,50,47"
OpenAlex,1209,Museology,FOR,5001,Applied ethics,group,False,constrained_lexical,0.0,"constrained to groups within division(s) 43,36,50,47"
OpenAlex,1209,Museology,FOR,4703,Language studies,group,False,constrained_lexical,0.0,"constrained to groups within division(s) 43,36,50,47"
OpenAlex,1209,Museology,FOR,3603,Music,group,False,constrained_lexical,0.0,"constrained to groups within division(s) 43,36,50,47"
OpenAlex,1209,Museology,FOR,3602,Creative and professional writing,group,False,constrained_lexical,0.0,"constrained to groups within division(s) 43,36,50,47"
OpenAlex,1209,Museology,FOR,4303,Historical studies,group,False,constrained_lexical,0.021,"constrained to groups within division(s) 43,36,50,47"
OpenAlex,1209,Museology,FOR,5002,History and philosophy of specific fields,group,False,constrained_lexical,0.022,"constrained to groups within division(s) 43,36,50,47"
OpenAlex,1209,Museology,FOR,4301,Archaeology,group,False,constrained_lexical,0.022,"constrained to groups within division(s) 43,36,50,47"
OpenAlex,1209,Museology,FOR,4701,Communication and media studies,group,False,constrained_lexical,0.026,"constrained to groups within division(s) 43,36,50,47"
OpenAlex,1209,Museology,FOR,5099,Other philosophy and religious studies,group,False,constrained_lexical,0.0,"constrained to groups within division(s) 43,36,50,47"
OpenAlex,1209,Museology,FOR,4704,Linguistics,group,False,constrained_lexical,0.042,"constrained to groups within division(s) 43,36,50,47"
OpenAlex,1209,Museology,FOR,3699,Other creative arts and writing,group,False,constrained_lexical,0.05,"constrained to groups within division(s) 43,36,50,47"
OpenAlex,1209,Museology,FOR,5003,Philosophy,group,False,constrained_lexical,0.062,"constrained to groups within division(s) 43,36,50,47"
OpenAlex,1209,Museology,FOR,4705,Literary studies,group,False,constrained_lexical,0.062,"constrained to groups within division(s) 43,36,50,47"
OpenAlex,1209,Museology,FOR,3604,Performing arts,group,False,constrained_lexical,0.062,"constrained to groups within division(s) 43,36,50,47"
OpenAlex,1209,Museology,FOR,3605,Screen and digital media,group,False,constrained_lexical,0.069,"constrained to groups within division(s) 43,36,50,47"
OpenAlex,1209,Museology,FOR,4302,"Heritage, archive and museum studies",group,False,constrained_lexical,0.083,"constrained to groups within division(s) 43,36,50,47"
OpenAlex,1209,Museology,FOR,4799,"Other language, communication and culture",group,False,constrained_lexical,0.1,"constrained to groups within division(s) 43,36,50,47"
OpenAlex,1209,Museology,FOR,4399,"Other history, heritage and archaeology",group,False,constrained_lexical,0.1,"constrained to groups within division(s) 43,36,50,47"
OpenAlex,1209,Museology,FOR,3606,Visual arts,group,False,constrained_lexical,0.292,"constrained to groups within division(s) 43,36,50,47"
OpenAlex,1209,Museology,FOR,3601,"Art history, theory and criticism",group,True,constrained_lexical,0.312,"constrained to groups within division(s) 43,36,50,47"
OpenAlex,1209,Museology,FOR,4702,Cultural studies,group,False,constrained_lexical,0.042,"constrained to groups within division(s) 43,36,50,47"
OpenAlex,1210,Music,FOR,5002,History and philosophy of specific fields,group,False,constrained_lexical,0.045,"constrained to groups within division(s) 43,36,50,47"
OpenAlex,1210,Music,FOR,5099,Other philosophy and religious studies,group,False,constrained_lexical,0.0,"constrained to groups within division(s) 43,36,50,47"
OpenAlex,1210,Music,FOR,3602,Creative and professional writing,group,False,constrained_lexical,0.0,"constrained to groups within division(s) 43,36,50,47"
OpenAlex,1210,Music,FOR,3605,Screen and digital media,group,False,constrained_lexical,0.0,"constrained to groups within division(s) 43,36,50,47"
OpenAlex,1210,Music,FOR,4702,Cultural studies,group,False,constrained_lexical,0.045,"constrained to groups within division(s) 43,36,50,47"
OpenAlex,1210,Music,FOR,4701,Communication and media studies,group,False,constrained_lexical,0.0,"constrained to groups within division(s) 43,36,50,47"
OpenAlex,1210,Music,FOR,4703,Language studies,group,False,constrained_lexical,0.0,"constrained to groups within division(s) 43,36,50,47"
OpenAlex,1210,Music,FOR,5001,Applied ethics,group,False,constrained_lexical,0.0,"constrained to groups within division(s) 43,36,50,47"
OpenAlex,1210,Music,FOR,5005,Theology,group,False,constrained_lexical,0.0,"constrained to groups within division(s) 43,36,50,47"
OpenAlex,1210,Music,FOR,3699,Other creative arts and writing,group,False,constrained_lexical,0.0,"constrained to groups within division(s) 43,36,50,47"
OpenAlex,1210,Music,FOR,4303,Historical studies,group,False,constrained_lexical,0.045,"constrained to groups within division(s) 43,36,50,47"
OpenAlex,1210,Music,FOR,5004,Religious studies,group,False,constrained_lexical,0.045,"constrained to groups within division(s) 43,36,50,47"
OpenAlex,1210,Music,FOR,4301,Archaeology,group,False,constrained_lexical,0.045,"constrained to groups within division(s) 43,36,50,47"
OpenAlex,1210,Music,FOR,3603,Music,group,True,constrained_lexical,1.0,"constrained to groups within division(s) 43,36,50,47"
OpenAlex,1210,Music,FOR,3604,Performing arts,group,False,constrained_lexical,0.188,"constrained to groups within division(s) 43,36,50,47"
OpenAlex,1210,Music,FOR,4705,Literary studies,group,False,constrained_lexical,0.136,"constrained to groups within division(s) 43,36,50,47"
OpenAlex,1210,Music,FOR,3601,"Art history, theory and criticism",group,False,constrained_lexical,0.125,"constrained to groups within division(s) 43,36,50,47"
OpenAlex,1210,Music,FOR,4302,"Heritage, archive and museum studies",group,False,constrained_lexical,0.045,"constrained to groups within division(s) 43,36,50,47"
OpenAlex,1210,Music,FOR,5003,Philosophy,group,False,constrained_lexical,0.091,"constrained to groups within division(s) 43,36,50,47"
OpenAlex,1210,Music,FOR,4399,"Other history, heritage and archaeology",group,False,constrained_lexical,0.05,"constrained to groups within division(s) 43,36,50,47"
OpenAlex,1210,Music,FOR,4799,"Other language, communication and culture",group,False,constrained_lexical,0.05,"constrained to groups within division(s) 43,36,50,47"
OpenAlex,1210,Music,FOR,3606,Visual arts,group,False,constrained_lexical,0.045,"constrained to groups within division(s) 43,36,50,47"
OpenAlex,1210,Music,FOR,4704,Linguistics,group,False,constrained_lexical,0.091,"constrained to groups within division(s) 43,36,50,47"
OpenAlex,1211,Philosophy,FOR,5001,Applied ethics,group,False,constrained_lexical,0.105,"constrained to groups within division(s) 43,36,50,47"
OpenAlex,1211,Philosophy,FOR,4301,Archaeology,group,False,constrained_lexical,0.044,"constrained to groups within division(s) 43,36,50,47"
OpenAlex,1211,Philosophy,FOR,4399,"Other history, heritage and archaeology",group,False,constrained_lexical,0.05,"constrained to groups within division(s) 43,36,50,47"
OpenAlex,1211,Philosophy,FOR,3604,Performing arts,group,False,constrained_lexical,0.062,"constrained to groups within division(s) 43,36,50,47"
OpenAlex,1211,Philosophy,FOR,4703,Language studies,group,False,constrained_lexical,0.063,"constrained to groups within division(s) 43,36,50,47"
OpenAlex,1211,Philosophy,FOR,4705,Literary studies,group,False,constrained_lexical,0.081,"constrained to groups within division(s) 43,36,50,47"
OpenAlex,1211,Philosophy,FOR,4302,"Heritage, archive and museum studies",group,False,constrained_lexical,0.082,"constrained to groups within division(s) 43,36,50,47"
OpenAlex,1211,Philosophy,FOR,3606,Visual arts,group,False,constrained_lexical,0.083,"constrained to groups within division(s) 43,36,50,47"
OpenAlex,1211,Philosophy,FOR,3603,Music,group,False,constrained_lexical,0.083,"constrained to groups within division(s) 43,36,50,47"
OpenAlex,1211,Philosophy,FOR,4303,Historical studies,group,False,constrained_lexical,0.085,"constrained to groups within division(s) 43,36,50,47"
OpenAlex,1211,Philosophy,FOR,3602,Creative and professional writing,group,False,constrained_lexical,0.115,"constrained to groups within division(s) 43,36,50,47"
OpenAlex,1211,Philosophy,FOR,3699,Other creative arts and writing,group,False,constrained_lexical,0.0,"constrained to groups within division(s) 43,36,50,47"
OpenAlex,1211,Philosophy,FOR,4702,Cultural studies,group,False,constrained_lexical,0.125,"constrained to groups within division(s) 43,36,50,47"
OpenAlex,1211,Philosophy,FOR,5003,Philosophy,group,True,constrained_lexical,1.0,"constrained to groups within division(s) 43,36,50,47"
OpenAlex,1211,Philosophy,FOR,5005,Theology,group,False,constrained_lexical,0.5,"constrained to groups within division(s) 43,36,50,47"
OpenAlex,1211,Philosophy,FOR,5002,History and philosophy of specific fields,group,False,constrained_lexical,0.321,"constrained to groups within division(s) 43,36,50,47"
OpenAlex,1211,Philosophy,FOR,3601,"Art history, theory and criticism",group,False,constrained_lexical,0.312,"constrained to groups within division(s) 43,36,50,47"
OpenAlex,1211,Philosophy,FOR,4704,Linguistics,group,False,constrained_lexical,0.125,"constrained to groups within division(s) 43,36,50,47"
OpenAlex,1211,Philosophy,FOR,5004,Religious studies,group,False,constrained_lexical,0.2,"constrained to groups within division(s) 43,36,50,47"
OpenAlex,1211,Philosophy,FOR,4701,Communication and media studies,group,False,constrained_lexical,0.158,"constrained to groups within division(s) 43,36,50,47"
OpenAlex,1211,Philosophy,FOR,4799,"Other language, communication and culture",group,False,constrained_lexical,0.15,"constrained to groups within division(s) 43,36,50,47"
OpenAlex,1211,Philosophy,FOR,3605,Screen and digital media,group,False,constrained_lexical,0.138,"constrained to groups within division(s) 43,36,50,47"
OpenAlex,1211,Philosophy,FOR,5099,Other philosophy and religious studies,group,False,constrained_lexical,0.3,"constrained to groups within division(s) 43,36,50,47"
OpenAlex,1212,Religious studies,FOR,4799,"Other language, communication and culture",group,False,constrained_lexical,0.05,"constrained to groups within division(s) 43,36,50,47"
OpenAlex,1212,Religious studies,FOR,3606,Visual arts,group,False,constrained_lexical,0.0,"constrained to groups within division(s) 43,36,50,47"
OpenAlex,1212,Religious studies,FOR,3604,Performing arts,group,False,constrained_lexical,0.0,"constrained to groups within division(s) 43,36,50,47"
OpenAlex,1212,Religious studies,FOR,3602,Creative and professional writing,group,False,constrained_lexical,0.0,"constrained to groups within division(s) 43,36,50,47"
OpenAlex,1212,Religious studies,FOR,4701,Communication and media studies,group,False,constrained_lexical,0.026,"constrained to groups within division(s) 43,36,50,47"
OpenAlex,1212,Religious studies,FOR,4702,Cultural studies,group,False,constrained_lexical,0.031,"constrained to groups within division(s) 43,36,50,47"
OpenAlex,1212,Religious studies,FOR,3605,Screen and digital media,group,False,constrained_lexical,0.034,"constrained to groups within division(s) 43,36,50,47"
OpenAlex,1212,Religious studies,FOR,4704,Linguistics,group,False,constrained_lexical,0.036,"constrained to groups within division(s) 43,36,50,47"
OpenAlex,1212,Religious studies,FOR,3603,Music,group,False,constrained_lexical,0.042,"constrained to groups within division(s) 43,36,50,47"
OpenAlex,1212,Religious studies,FOR,4301,Archaeology,group,False,constrained_lexical,0.044,"constrained to groups within division(s) 43,36,50,47"
OpenAlex,1212,Religious studies,FOR,3699,Other creative arts and writing,group,False,constrained_lexical,0.0,"constrained to groups within division(s) 43,36,50,47"
OpenAlex,1212,Religious studies,FOR,4399,"Other history, heritage and archaeology",group,False,constrained_lexical,0.05,"constrained to groups within division(s) 43,36,50,47"
OpenAlex,1212,Religious studies,FOR,5001,Applied ethics,group,False,constrained_lexical,0.053,"constrained to groups within division(s) 43,36,50,47"
OpenAlex,1212,Religious studies,FOR,4302,"Heritage, archive and museum studies",group,False,constrained_lexical,0.061,"constrained to groups within division(s) 43,36,50,47"
OpenAlex,1212,Religious studies,FOR,5003,Philosophy,group,False,constrained_lexical,0.068,"constrained to groups within division(s) 43,36,50,47"
OpenAlex,1212,Religious studies,FOR,4705,Literary studies,group,False,constrained_lexical,0.073,"constrained to groups within division(s) 43,36,50,47"
OpenAlex,1212,Religious studies,FOR,4303,Historical studies,group,False,constrained_lexical,0.085,"constrained to groups within division(s) 43,36,50,47"
OpenAlex,1212,Religious studies,FOR,5002,History and philosophy of specific fields,group,False,constrained_lexical,0.089,"constrained to groups within division(s) 43,36,50,47"
OpenAlex,1212,Religious studies,FOR,3601,"Art history, theory and criticism",group,False,constrained_lexical,0.125,"constrained to groups within division(s) 43,36,50,47"
OpenAlex,1212,Religious studies,FOR,5099,Other philosophy and religious studies,group,False,constrained_lexical,0.25,"constrained to groups within division(s) 43,36,50,47"
OpenAlex,1212,Religious studies,FOR,5005,Theology,group,False,constrained_lexical,0.5,"constrained to groups within division(s) 43,36,50,47"
OpenAlex,1212,Religious studies,FOR,5004,Religious studies,group,True,constrained_lexical,1.0,"constrained to groups within division(s) 43,36,50,47"
OpenAlex,1212,Religious studies,FOR,4703,Language studies,group,False,constrained_lexical,0.051,"constrained to groups within division(s) 43,36,50,47"
OpenAlex,1213,Visual Arts and Performing Arts,FOR,4399,"Other history, heritage and archaeology",group,False,constrained_lexical,0.05,"constrained to groups within division(s) 43,36,50,47"
OpenAlex,1213,Visual Arts and Performing Arts,FOR,5099,Other philosophy and religious studies,group,False,constrained_lexical,0.0,"constrained to groups within division(s) 43,36,50,47"
OpenAlex,1213,Visual Arts and Performing Arts,FOR,4301,Archaeology,group,False,constrained_lexical,0.044,"constrained to groups within division(s) 43,36,50,47"
OpenAlex,1213,Visual Arts and Performing Arts,FOR,5002,History and philosophy of specific fields,group,False,constrained_lexical,0.044,"constrained to groups within division(s) 43,36,50,47"
OpenAlex,1213,Visual Arts and Performing Arts,FOR,4302,"Heritage, archive and museum studies",group,False,constrained_lexical,0.061,"constrained to groups within division(s) 43,36,50,47"
OpenAlex,1213,Visual Arts and Performing Arts,FOR,4704,Linguistics,group,False,constrained_lexical,0.036,"constrained to groups within division(s) 43,36,50,47"
OpenAlex,1213,Visual Arts and Performing Arts,FOR,5004,Religious studies,group,False,constrained_lexical,0.033,"constrained to groups within division(s) 43,36,50,47"
OpenAlex,1213,Visual Arts and Performing Arts,FOR,5001,Applied ethics,group,False,constrained_lexical,0.026,"constrained to groups within division(s) 43,36,50,47"
OpenAlex,1213,Visual Arts and Performing Arts,FOR,5005,Theology,group,False,constrained_lexical,0.0,"constrained to groups within division(s) 43,36,50,47"
OpenAlex,1213,Visual Arts and Performing Arts,FOR,4703,Language studies,group,False,constrained_lexical,0.038,"constrained to groups within division(s) 43,36,50,47"
OpenAlex,1213,Visual Arts and Performing Arts,FOR,4303,Historical studies,group,False,constrained_lexical,0.075,"constrained to groups within division(s) 43,36,50,47"
OpenAlex,1213,Visual Arts and Performing Arts,FOR,4799,"Other language, communication and culture",group,False,constrained_lexical,0.05,"constrained to groups within division(s) 43,36,50,47"
OpenAlex,1213,Visual Arts and Performing Arts,FOR,4701,Communication and media studies,group,False,constrained_lexical,0.079,"constrained to groups within division(s) 43,36,50,47"
OpenAlex,1213,Visual Arts and Performing Arts,FOR,5003,Philosophy,group,False,constrained_lexical,0.082,"constrained to groups within division(s) 43,36,50,47"
OpenAlex,1213,Visual Arts and Performing Arts,FOR,4702,Cultural studies,group,False,constrained_lexical,0.094,"constrained to groups within division(s) 43,36,50,47"
OpenAlex,1213,Visual Arts and Performing Arts,FOR,4705,Literary studies,group,False,constrained_lexical,0.1,"constrained to groups within division(s) 43,36,50,47"
OpenAlex,1213,Visual Arts and Performing Arts,FOR,3605,Screen and digital media,group,False,constrained_lexical,0.103,"constrained to groups within division(s) 43,36,50,47"
OpenAlex,1213,Visual Arts and Performing Arts,FOR,3603,Music,group,False,constrained_lexical,0.125,"constrained to groups within division(s) 43,36,50,47"
OpenAlex,1213,Visual Arts and Performing Arts,FOR,3699,Other creative arts and writing,group,False,constrained_lexical,0.13,"constrained to groups within division(s) 43,36,50,47"
OpenAlex,1213,Visual Arts and Performing Arts,FOR,3601,"Art history, theory and criticism",group,False,constrained_lexical,0.625,"constrained to groups within division(s) 43,36,50,47"
OpenAlex,1213,Visual Arts and Performing Arts,FOR,3606,Visual arts,group,False,constrained_lexical,0.792,"constrained to groups within division(s) 43,36,50,47"
OpenAlex,1213,Visual Arts and Performing Arts,FOR,3604,Performing arts,group,True,constrained_lexical,0.938,"constrained to groups within division(s) 43,36,50,47"
OpenAlex,1213,Visual Arts and Performing Arts,FOR,3602,Creative and professional writing,group,False,constrained_lexical,0.077,"constrained to groups within division(s) 43,36,50,47"
OpenAlex,1302,Aging,FOR,3206,Medical biotechnology,group,False,constrained_lexical,0.0,"constrained to groups within division(s) 31,32"
OpenAlex,1302,Aging,FOR,3207,Medical microbiology,group,False,constrained_lexical,0.0,"constrained to groups within division(s) 31,32"
OpenAlex,1302,Aging,FOR,3208,Medical physiology,group,False,constrained_lexical,0.0,"constrained to groups within division(s) 31,32"
OpenAlex,1302,Aging,FOR,3209,Neurosciences,group,False,constrained_lexical,0.0,"constrained to groups within division(s) 31,32"
OpenAlex,1302,Aging,FOR,3210,Nutrition and dietetics,group,False,constrained_lexical,0.0,"constrained to groups within division(s) 31,32"
OpenAlex,1302,Aging,FOR,3299,Other biomedical and clinical sciences,group,False,constrained_lexical,0.0,"constrained to groups within division(s) 31,32"
OpenAlex,1302,Aging,FOR,3213,Paediatrics,group,False,constrained_lexical,0.0,"constrained to groups within division(s) 31,32"
OpenAlex,1302,Aging,FOR,3214,Pharmacology and pharmaceutical sciences,group,False,constrained_lexical,0.0,"constrained to groups within division(s) 31,32"
OpenAlex,1302,Aging,FOR,3215,Reproductive medicine,group,False,constrained_lexical,0.0,"constrained to groups within division(s) 31,32"
OpenAlex,1302,Aging,FOR,3203,Dentistry,group,False,constrained_lexical,0.0,"constrained to groups within division(s) 31,32"
OpenAlex,1302,Aging,FOR,3212,Ophthalmology and optometry,group,False,constrained_lexical,0.0,"constrained to groups within division(s) 31,32"
OpenAlex,1302,Aging,FOR,3201,Cardiovascular medicine and haematology,group,False,constrained_lexical,0.0,"constrained to groups within division(s) 31,32"
OpenAlex,1302,Aging,FOR,3199,Other biological sciences,group,False,constrained_lexical,0.0,"constrained to groups within division(s) 31,32"
OpenAlex,1302,Aging,FOR,3101,Biochemistry and cell biology,group,True,constrained_lexical,0.2,"constrained to groups within division(s) 31,32"
OpenAlex,1302,Aging,FOR,3109,Zoology,group,False,constrained_lexical,0.0,"constrained to groups within division(s) 31,32"
OpenAlex,1302,Aging,FOR,3202,Clinical sciences,group,False,constrained_lexical,0.2,"constrained to groups within division(s) 31,32"
OpenAlex,1302,Aging,FOR,3102,Bioinformatics and computational biology,group,False,constrained_lexical,0.1,"constrained to groups within division(s) 31,32"
OpenAlex,1302,Aging,FOR,3105,Genetics,group,False,constrained_lexical,0.1,"constrained to groups within division(s) 31,32"
OpenAlex,1302,Aging,FOR,3204,Immunology,group,False,constrained_lexical,0.1,"constrained to groups within division(s) 31,32"
OpenAlex,1302,Aging,FOR,3107,Microbiology,group,False,constrained_lexical,0.1,"constrained to groups within division(s) 31,32"
OpenAlex,1302,Aging,FOR,3211,Oncology and carcinogenesis,group,False,constrained_lexical,0.1,"constrained to groups within division(s) 31,32"
OpenAlex,1302,Aging,FOR,3103,Ecology,group,False,constrained_lexical,0.0,"constrained to groups within division(s) 31,32"
OpenAlex,1302,Aging,FOR,3104,Evolutionary biology,group,False,constrained_lexical,0.0,"constrained to groups within division(s) 31,32"
OpenAlex,1302,Aging,FOR,3106,Industrial biotechnology,group,False,constrained_lexical,0.0,"constrained to groups within division(s) 31,32"
OpenAlex,1302,Aging,FOR,3108,Plant biology,group,False,constrained_lexical,0.0,"constrained to groups within division(s) 31,32"
OpenAlex,1302,Aging,FOR,3205,Medical biochemistry and metabolomics,group,False,constrained_lexical,0.1,"constrained to groups within division(s) 31,32"
OpenAlex,1303,Biochemistry,FOR,3211,Oncology and carcinogenesis,group,False,constrained_lexical,0.024,"constrained to groups within division(s) 31,32"
OpenAlex,1303,Biochemistry,FOR,3104,Evolutionary biology,group,False,constrained_lexical,0.024,"constrained to groups within division(s) 31,32"
OpenAlex,1303,Biochemistry,FOR,3109,Zoology,group,False,constrained_lexical,0.024,"constrained to groups within division(s) 31,32"
OpenAlex,1303,Biochemistry,FOR,3202,Clinical sciences,group,False,constrained_lexical,0.024,"constrained to groups within division(s) 31,32"
OpenAlex,1303,Biochemistry,FOR,3105,Genetics,group,False,constrained_lexical,0.0,"constrained to groups within division(s) 31,32"
OpenAlex,1303,Biochemistry,FOR,3206,Medical biotechnology,group,False,constrained_lexical,0.024,"constrained to groups within division(s) 31,32"
OpenAlex,1303,Biochemistry,FOR,3204,Immunology,group,False,constrained_lexical,0.0,"constrained to groups within division(s) 31,32"
OpenAlex,1303,Biochemistry,FOR,3209,Neurosciences,group,False,constrained_lexical,0.0,"constrained to groups within division(s) 31,32"
OpenAlex,1303,Biochemistry,FOR,3210,Nutrition and dietetics,group,False,constrained_lexical,0.0,"constrained to groups within division(s) 31,32"
OpenAlex,1303,Biochemistry,FOR,3213,Paediatrics,group,False,constrained_lexical,0.0,"constrained to groups within division(s) 31,32"
OpenAlex,1303,Biochemistry,FOR,3299,Other biomedical and clinical sciences,group,False,constrained_lexical,0.0,"constrained to groups within division(s) 31,32"
OpenAlex,1303,Biochemistry,FOR,3107,Microbiology,group,False,constrained_lexical,0.0,"constrained to groups within division(s) 31,32"
OpenAlex,1303,Biochemistry,FOR,3103,Ecology,group,False,constrained_lexical,0.024,"constrained to groups within division(s) 31,32"
OpenAlex,1303,Biochemistry,FOR,3205,Medical biochemistry and metabolomics,group,True,constrained_lexical,0.343,"constrained to groups within division(s) 31,32"
OpenAlex,1303,Biochemistry,FOR,3199,Other biological sciences,group,False,constrained_lexical,0.03,"constrained to groups within division(s) 31,32"
OpenAlex,1303,Biochemistry,FOR,3207,Medical microbiology,group,False,constrained_lexical,0.027,"constrained to groups within division(s) 31,32"
OpenAlex,1303,Biochemistry,FOR,3101,Biochemistry and cell biology,group,False,constrained_lexical,0.319,"constrained to groups within division(s) 31,32"
OpenAlex,1303,Biochemistry,FOR,3214,Pharmacology and pharmaceutical sciences,group,False,constrained_lexical,0.132,"constrained to groups within division(s) 31,32"
OpenAlex,1303,Biochemistry,FOR,3201,Cardiovascular medicine and haematology,group,False,constrained_lexical,0.071,"constrained to groups within division(s) 31,32"
OpenAlex,1303,Biochemistry,FOR,3203,Dentistry,group,False,constrained_lexical,0.071,"constrained to groups within division(s) 31,32"
OpenAlex,1303,Biochemistry,FOR,3212,Ophthalmology and optometry,group,False,constrained_lexical,0.083,"constrained to groups within division(s) 31,32"
OpenAlex,1303,Biochemistry,FOR,3215,Reproductive medicine,group,False,constrained_lexical,0.053,"constrained to groups within division(s) 31,32"
OpenAlex,1303,Biochemistry,FOR,3106,Industrial biotechnology,group,False,constrained_lexical,0.051,"constrained to groups within division(s) 31,32"
OpenAlex,1303,Biochemistry,FOR,3102,Bioinformatics and computational biology,group,False,constrained_lexical,0.048,"constrained to groups within division(s) 31,32"
OpenAlex,1303,Biochemistry,FOR,3108,Plant biology,group,False,constrained_lexical,0.048,"constrained to groups within division(s) 31,32"
OpenAlex,1303,Biochemistry,FOR,3208,Medical physiology,group,False,constrained_lexical,0.059,"constrained to groups within division(s) 31,32"
OpenAlex,1304,Biophysics,FOR,3205,Medical biochemistry and metabolomics,group,False,constrained_lexical,0.024,"constrained to groups within division(s) 31,32"
OpenAlex,1304,Biophysics,FOR,3214,Pharmacology and pharmaceutical sciences,group,False,constrained_lexical,0.026,"constrained to groups within division(s) 31,32"
OpenAlex,1304,Biophysics,FOR,3203,Dentistry,group,False,constrained_lexical,0.024,"constrained to groups within division(s) 31,32"
OpenAlex,1304,Biophysics,FOR,3204,Immunology,group,False,constrained_lexical,0.024,"constrained to groups within division(s) 31,32"
OpenAlex,1304,Biophysics,FOR,3201,Cardiovascular medicine and haematology,group,False,constrained_lexical,0.0,"constrained to groups within division(s) 31,32"
OpenAlex,1304,Biophysics,FOR,3207,Medical microbiology,group,False,constrained_lexical,0.027,"constrained to groups within division(s) 31,32"
OpenAlex,1304,Biophysics,FOR,3209,Neurosciences,group,False,constrained_lexical,0.0,"constrained to groups within division(s) 31,32"
OpenAlex,1304,Biophysics,FOR,3210,Nutrition and dietetics,group,False,constrained_lexical,0.0,"constrained to groups within division(s) 31,32"
OpenAlex,1304,Biophysics,FOR,3213,Paediatrics,group,False,constrained_lexical,0.0,"constrained to groups within division(s) 31,32"
OpenAlex,1304,Biophysics,FOR,3215,Reproductive medicine,group,False,constrained_lexical,0.0,"constrained to groups within division(s) 31,32"
OpenAlex,1304,Biophysics,FOR,3206,Medical biotechnology,group,False,constrained_lexical,0.0,"constrained to groups within division(s) 31,32"
OpenAlex,1304,Biophysics,FOR,3199,Other biological sciences,group,False,constrained_lexical,0.03,"constrained to groups within division(s) 31,32"
OpenAlex,1304,Biophysics,FOR,3103,Ecology,group,False,constrained_lexical,0.024,"constrained to groups within division(s) 31,32"
OpenAlex,1304,Biophysics,FOR,3211,Oncology and carcinogenesis,group,False,constrained_lexical,0.049,"constrained to groups within division(s) 31,32"
OpenAlex,1304,Biophysics,FOR,3101,Biochemistry and cell biology,group,False,constrained_lexical,0.098,"constrained to groups within division(s) 31,32"
OpenAlex,1304,Biophysics,FOR,3109,Zoology,group,False,constrained_lexical,0.098,"constrained to groups within division(s) 31,32"
OpenAlex,1304,Biophysics,FOR,3212,Ophthalmology and optometry,group,False,constrained_lexical,0.083,"constrained to groups within division(s) 31,32"
OpenAlex,1304,Biophysics,FOR,3299,Other biomedical and clinical sciences,group,False,constrained_lexical,0.075,"constrained to groups within division(s) 31,32"
OpenAlex,1304,Biophysics,FOR,3104,Evolutionary biology,group,False,constrained_lexical,0.073,"constrained to groups within division(s) 31,32"
OpenAlex,1304,Biophysics,FOR,3208,Medical physiology,group,True,constrained_lexical,0.118,"constrained to groups within division(s) 31,32"
OpenAlex,1304,Biophysics,FOR,3106,Industrial biotechnology,group,False,constrained_lexical,0.051,"constrained to groups within division(s) 31,32"
OpenAlex,1304,Biophysics,FOR,3102,Bioinformatics and computational biology,group,False,constrained_lexical,0.049,"constrained to groups within division(s) 31,32"
OpenAlex,1304,Biophysics,FOR,3107,Microbiology,group,False,constrained_lexical,0.04,"constrained to groups within division(s) 31,32"
OpenAlex,1304,Biophysics,FOR,3105,Genetics,group,False,constrained_lexical,0.049,"constrained to groups within division(s) 31,32"
OpenAlex,1304,Biophysics,FOR,3202,Clinical sciences,group,False,constrained_lexical,0.049,"constrained to groups within division(s) 31,32"
OpenAlex,1304,Biophysics,FOR,3108,Plant biology,group,False,constrained_lexical,0.073,"constrained to groups within division(s) 31,32"
OpenAlex,1305,Biotechnology,FOR,3211,Oncology and carcinogenesis,group,False,constrained_lexical,0.021,"constrained to groups within division(s) 31,32"
OpenAlex,1305,Biotechnology,FOR,3105,Genetics,group,False,constrained_lexical,0.02,"constrained to groups within division(s) 31,32"
OpenAlex,1305,Biotechnology,FOR,3109,Zoology,group,False,constrained_lexical,0.0,"constrained to groups within division(s) 31,32"
OpenAlex,1305,Biotechnology,FOR,3199,Other biological sciences,group,False,constrained_lexical,0.0,"constrained to groups within division(s) 31,32"
OpenAlex,1305,Biotechnology,FOR,3201,Cardiovascular medicine and haematology,group,False,constrained_lexical,0.0,"constrained to groups within division(s) 31,32"
OpenAlex,1305,Biotechnology,FOR,3213,Paediatrics,group,False,constrained_lexical,0.0,"constrained to groups within division(s) 31,32"
OpenAlex,1305,Biotechnology,FOR,3212,Ophthalmology and optometry,group,False,constrained_lexical,0.0,"constrained to groups within division(s) 31,32"
OpenAlex,1305,Biotechnology,FOR,3214,Pharmacology and pharmaceutical sciences,group,False,constrained_lexical,0.0,"constrained to groups within division(s) 31,32"
OpenAlex,1305,Biotechnology,FOR,3215,Reproductive medicine,group,False,constrained_lexical,0.0,"constrained to groups within division(s) 31,32"
OpenAlex,1305,Biotechnology,FOR,3299,Other biomedical and clinical sciences,group,False,constrained_lexical,0.0,"constrained to groups within division(s) 31,32"
OpenAlex,1305,Biotechnology,FOR,3209,Neurosciences,group,False,constrained_lexical,0.026,"constrained to groups within division(s) 31,32"
OpenAlex,1305,Biotechnology,FOR,3203,Dentistry,group,False,constrained_lexical,0.0,"constrained to groups within division(s) 31,32"
OpenAlex,1305,Biotechnology,FOR,3207,Medical microbiology,group,False,constrained_lexical,0.027,"constrained to groups within division(s) 31,32"
OpenAlex,1305,Biotechnology,FOR,3208,Medical physiology,group,False,constrained_lexical,0.029,"constrained to groups within division(s) 31,32"
OpenAlex,1305,Biotechnology,FOR,3107,Microbiology,group,False,constrained_lexical,0.04,"constrained to groups within division(s) 31,32"
OpenAlex,1305,Biotechnology,FOR,3206,Medical biotechnology,group,False,constrained_lexical,0.382,"constrained to groups within division(s) 31,32"
OpenAlex,1305,Biotechnology,FOR,3102,Bioinformatics and computational biology,group,False,constrained_lexical,0.095,"constrained to groups within division(s) 31,32"
OpenAlex,1305,Biotechnology,FOR,3101,Biochemistry and cell biology,group,False,constrained_lexical,0.082,"constrained to groups within division(s) 31,32"
OpenAlex,1305,Biotechnology,FOR,3108,Plant biology,group,False,constrained_lexical,0.082,"constrained to groups within division(s) 31,32"
OpenAlex,1305,Biotechnology,FOR,3204,Immunology,group,False,constrained_lexical,0.065,"constrained to groups within division(s) 31,32"
OpenAlex,1305,Biotechnology,FOR,3106,Industrial biotechnology,group,True,constrained_lexical,0.41,"constrained to groups within division(s) 31,32"
OpenAlex,1305,Biotechnology,FOR,3202,Clinical sciences,group,False,constrained_lexical,0.061,"constrained to groups within division(s) 31,32"
OpenAlex,1305,Biotechnology,FOR,3205,Medical biochemistry and metabolomics,group,False,constrained_lexical,0.061,"constrained to groups within division(s) 31,32"
OpenAlex,1305,Biotechnology,FOR,3103,Ecology,group,False,constrained_lexical,0.049,"constrained to groups within division(s) 31,32"
OpenAlex,1305,Biotechnology,FOR,3104,Evolutionary biology,group,False,constrained_lexical,0.041,"constrained to groups within division(s) 31,32"
OpenAlex,1305,Biotechnology,FOR,3210,Nutrition and dietetics,group,False,constrained_lexical,0.065,"constrained to groups within division(s) 31,32"
OpenAlex,1306,Cancer Research,FOR,3199,Other biological sciences,group,False,constrained_lexical,0.03,"constrained to groups within division(s) 31,32"
OpenAlex,1306,Cancer Research,FOR,3214,Pharmacology and pharmaceutical sciences,group,False,constrained_lexical,0.026,"constrained to groups within division(s) 31,32"
OpenAlex,1306,Cancer Research,FOR,3209,Neurosciences,group,False,constrained_lexical,0.026,"constrained to groups within division(s) 31,32"
OpenAlex,1306,Cancer Research,FOR,3103,Ecology,group,False,constrained_lexical,0.024,"constrained to groups within division(s) 31,32"
OpenAlex,1306,Cancer Research,FOR,3204,Immunology,group,False,constrained_lexical,0.0,"constrained to groups within division(s) 31,32"
OpenAlex,1306,Cancer Research,FOR,3210,Nutrition and dietetics,group,False,constrained_lexical,0.0,"constrained to groups within division(s) 31,32"
OpenAlex,1306,Cancer Research,FOR,3212,Ophthalmology and optometry,group,False,constrained_lexical,0.0,"constrained to groups within division(s) 31,32"
OpenAlex,1306,Cancer Research,FOR,3213,Paediatrics,group,False,constrained_lexical,0.0,"constrained to groups within division(s) 31,32"
OpenAlex,1306,Cancer Research,FOR,3215,Reproductive medicine,group,False,constrained_lexical,0.0,"constrained to groups within division(s) 31,32"
OpenAlex,1306,Cancer Research,FOR,3109,Zoology,group,False,constrained_lexical,0.035,"constrained to groups within division(s) 31,32"
OpenAlex,1306,Cancer Research,FOR,3208,Medical physiology,group,False,constrained_lexical,0.0,"constrained to groups within division(s) 31,32"
OpenAlex,1306,Cancer Research,FOR,3205,Medical biochemistry and metabolomics,group,False,constrained_lexical,0.057,"constrained to groups within division(s) 31,32"
OpenAlex,1306,Cancer Research,FOR,3299,Other biomedical and clinical sciences,group,False,constrained_lexical,0.0,"constrained to groups within division(s) 31,32"
OpenAlex,1306,Cancer Research,FOR,3203,Dentistry,group,False,constrained_lexical,0.059,"constrained to groups within division(s) 31,32"
OpenAlex,1306,Cancer Research,FOR,3211,Oncology and carcinogenesis,group,True,constrained_lexical,0.106,"constrained to groups within division(s) 31,32"
OpenAlex,1306,Cancer Research,FOR,3106,Industrial biotechnology,group,False,constrained_lexical,0.103,"constrained to groups within division(s) 31,32"
OpenAlex,1306,Cancer Research,FOR,3102,Bioinformatics and computational biology,group,False,constrained_lexical,0.095,"constrained to groups within division(s) 31,32"
OpenAlex,1306,Cancer Research,FOR,3101,Biochemistry and cell biology,group,False,constrained_lexical,0.081,"constrained to groups within division(s) 31,32"
OpenAlex,1306,Cancer Research,FOR,3202,Clinical sciences,group,False,constrained_lexical,0.081,"constrained to groups within division(s) 31,32"
OpenAlex,1306,Cancer Research,FOR,3108,Plant biology,group,False,constrained_lexical,0.057,"constrained to groups within division(s) 31,32"
OpenAlex,1306,Cancer Research,FOR,3107,Microbiology,group,False,constrained_lexical,0.08,"constrained to groups within division(s) 31,32"
OpenAlex,1306,Cancer Research,FOR,3206,Medical biotechnology,group,False,constrained_lexical,0.073,"constrained to groups within division(s) 31,32"
OpenAlex,1306,Cancer Research,FOR,3105,Genetics,group,False,constrained_lexical,0.073,"constrained to groups within division(s) 31,32"
OpenAlex,1306,Cancer Research,FOR,3201,Cardiovascular medicine and haematology,group,False,constrained_lexical,0.071,"constrained to groups within division(s) 31,32"
OpenAlex,1306,Cancer Research,FOR,3104,Evolutionary biology,group,False,constrained_lexical,0.063,"constrained to groups within division(s) 31,32"
OpenAlex,1306,Cancer Research,FOR,3207,Medical microbiology,group,False,constrained_lexical,0.081,"constrained to groups within division(s) 31,32"
OpenAlex,1307,Cell Biology,FOR,3205,Medical biochemistry and metabolomics,group,False,constrained_lexical,0.057,"constrained to groups within division(s) 31,32"
OpenAlex,1307,Cell Biology,FOR,3207,Medical microbiology,group,False,constrained_lexical,0.054,"constrained to groups within division(s) 31,32"
OpenAlex,1307,Cell Biology,FOR,3206,Medical biotechnology,group,False,constrained_lexical,0.049,"constrained to groups within division(s) 31,32"
OpenAlex,1307,Cell Biology,FOR,3107,Microbiology,group,False,constrained_lexical,0.04,"constrained to groups within division(s) 31,32"
OpenAlex,1307,Cell Biology,FOR,3203,Dentistry,group,False,constrained_lexical,0.039,"constrained to groups within division(s) 31,32"
OpenAlex,1307,Cell Biology,FOR,3212,Ophthalmology and optometry,group,False,constrained_lexical,0.0,"constrained to groups within division(s) 31,32"
OpenAlex,1307,Cell Biology,FOR,3103,Ecology,group,False,constrained_lexical,0.024,"constrained to groups within division(s) 31,32"
OpenAlex,1307,Cell Biology,FOR,3213,Paediatrics,group,False,constrained_lexical,0.0,"constrained to groups within division(s) 31,32"
OpenAlex,1307,Cell Biology,FOR,3214,Pharmacology and pharmaceutical sciences,group,False,constrained_lexical,0.0,"constrained to groups within division(s) 31,32"
OpenAlex,1307,Cell Biology,FOR,3202,Clinical sciences,group,False,constrained_lexical,0.064,"constrained to groups within division(s) 31,32"
OpenAlex,1307,Cell Biology,FOR,3210,Nutrition and dietetics,group,False,constrained_lexical,0.032,"constrained to groups within division(s) 31,32"
OpenAlex,1307,Cell Biology,FOR,3201,Cardiovascular medicine and haematology,group,False,constrained_lexical,0.071,"constrained to groups within division(s) 31,32"
OpenAlex,1307,Cell Biology,FOR,3215,Reproductive medicine,group,False,constrained_lexical,0.0,"constrained to groups within division(s) 31,32"
OpenAlex,1307,Cell Biology,FOR,3299,Other biomedical and clinical sciences,group,False,constrained_lexical,0.075,"constrained to groups within division(s) 31,32"
OpenAlex,1307,Cell Biology,FOR,3101,Biochemistry and cell biology,group,True,constrained_lexical,0.741,"constrained to groups within division(s) 31,32"
OpenAlex,1307,Cell Biology,FOR,3108,Plant biology,group,False,constrained_lexical,0.332,"constrained to groups within division(s) 31,32"
OpenAlex,1307,Cell Biology,FOR,3104,Evolutionary biology,group,False,constrained_lexical,0.263,"constrained to groups within division(s) 31,32"
OpenAlex,1307,Cell Biology,FOR,3102,Bioinformatics and computational biology,group,False,constrained_lexical,0.262,"constrained to groups within division(s) 31,32"
OpenAlex,1307,Cell Biology,FOR,3199,Other biological sciences,group,False,constrained_lexical,0.13,"constrained to groups within division(s) 31,32"
OpenAlex,1307,Cell Biology,FOR,3105,Genetics,group,False,constrained_lexical,0.073,"constrained to groups within division(s) 31,32"
OpenAlex,1307,Cell Biology,FOR,3109,Zoology,group,False,constrained_lexical,0.105,"constrained to groups within division(s) 31,32"
OpenAlex,1307,Cell Biology,FOR,3208,Medical physiology,group,False,constrained_lexical,0.088,"constrained to groups within division(s) 31,32"
OpenAlex,1307,Cell Biology,FOR,3211,Oncology and carcinogenesis,group,False,constrained_lexical,0.085,"constrained to groups within division(s) 31,32"
OpenAlex,1307,Cell Biology,FOR,3106,Industrial biotechnology,group,False,constrained_lexical,0.077,"constrained to groups within division(s) 31,32"
OpenAlex,1307,Cell Biology,FOR,3209,Neurosciences,group,False,constrained_lexical,0.077,"constrained to groups within division(s) 31,32"
OpenAlex,1307,Cell Biology,FOR,3204,Immunology,group,False,constrained_lexical,0.109,"constrained to groups within division(s) 31,32"
OpenAlex,1308,Clinical Biochemistry,FOR,3103,Ecology,group,False,constrained_lexical,0.0,"constrained to groups within division(s) 31,32"
OpenAlex,1308,Clinical Biochemistry,FOR,3104,Evolutionary biology,group,False,constrained_lexical,0.0,"constrained to groups within division(s) 31,32"
OpenAlex,1308,Clinical Biochemistry,FOR,3109,Zoology,group,False,constrained_lexical,0.0,"constrained to groups within division(s) 31,32"
OpenAlex,1308,Clinical Biochemistry,FOR,3199,Other biological sciences,group,False,constrained_lexical,0.0,"constrained to groups within division(s) 31,32"
OpenAlex,1308,Clinical Biochemistry,FOR,3201,Cardiovascular medicine and haematology,group,False,constrained_lexical,0.0,"constrained to groups within division(s) 31,32"
OpenAlex,1308,Clinical Biochemistry,FOR,3208,Medical physiology,group,False,constrained_lexical,0.0,"constrained to groups within division(s) 31,32"
OpenAlex,1308,Clinical Biochemistry,FOR,3206,Medical biotechnology,group,False,constrained_lexical,0.0,"constrained to groups within division(s) 31,32"
OpenAlex,1308,Clinical Biochemistry,FOR,3209,Neurosciences,group,False,constrained_lexical,0.0,"constrained to groups within division(s) 31,32"
OpenAlex,1308,Clinical Biochemistry,FOR,3212,Ophthalmology and optometry,group,False,constrained_lexical,0.0,"constrained to groups within division(s) 31,32"
OpenAlex,1308,Clinical Biochemistry,FOR,3213,Paediatrics,group,False,constrained_lexical,0.0,"constrained to groups within division(s) 31,32"
OpenAlex,1308,Clinical Biochemistry,FOR,3214,Pharmacology and pharmaceutical sciences,group,False,constrained_lexical,0.03,"constrained to groups within division(s) 31,32"
OpenAlex,1308,Clinical Biochemistry,FOR,3203,Dentistry,group,False,constrained_lexical,0.0,"constrained to groups within division(s) 31,32"
OpenAlex,1308,Clinical Biochemistry,FOR,3215,Reproductive medicine,group,False,constrained_lexical,0.0,"constrained to groups within division(s) 31,32"
OpenAlex,1308,Clinical Biochemistry,FOR,3211,Oncology and carcinogenesis,group,False,constrained_lexical,0.03,"constrained to groups within division(s) 31,32"
OpenAlex,1308,Clinical Biochemistry,FOR,3108,Plant biology,group,False,constrained_lexical,0.03,"constrained to groups within division(s) 31,32"
OpenAlex,1308,Clinical Biochemistry,FOR,3204,Immunology,group,False,constrained_lexical,0.03,"constrained to groups within division(s) 31,32"
OpenAlex,1308,Clinical Biochemistry,FOR,3202,Clinical sciences,group,True,constrained_lexical,0.394,"constrained to groups within division(s) 31,32"
OpenAlex,1308,Clinical Biochemistry,FOR,3101,Biochemistry and cell biology,group,False,constrained_lexical,0.234,"constrained to groups within division(s) 31,32"
OpenAlex,1308,Clinical Biochemistry,FOR,3299,Other biomedical and clinical sciences,group,False,constrained_lexical,0.135,"constrained to groups within division(s) 31,32"
OpenAlex,1308,Clinical Biochemistry,FOR,3107,Microbiology,group,False,constrained_lexical,0.08,"constrained to groups within division(s) 31,32"
OpenAlex,1308,Clinical Biochemistry,FOR,3205,Medical biochemistry and metabolomics,group,False,constrained_lexical,0.234,"constrained to groups within division(s) 31,32"
OpenAlex,1308,Clinical Biochemistry,FOR,3207,Medical microbiology,group,False,constrained_lexical,0.061,"constrained to groups within division(s) 31,32"
OpenAlex,1308,Clinical Biochemistry,FOR,3210,Nutrition and dietetics,group,False,constrained_lexical,0.032,"constrained to groups within division(s) 31,32"
OpenAlex,1308,Clinical Biochemistry,FOR,3105,Genetics,group,False,constrained_lexical,0.03,"constrained to groups within division(s) 31,32"
OpenAlex,1308,Clinical Biochemistry,FOR,3106,Industrial biotechnology,group,False,constrained_lexical,0.03,"constrained to groups within division(s) 31,32"
OpenAlex,1308,Clinical Biochemistry,FOR,3102,Bioinformatics and computational biology,group,False,constrained_lexical,0.061,"constrained to groups within division(s) 31,32"
OpenAlex,1309,Developmental Biology,FOR,3207,Medical microbiology,group,False,constrained_lexical,0.0,"constrained to groups within division(s) 31,32"
OpenAlex,1309,Developmental Biology,FOR,3204,Immunology,group,False,constrained_lexical,0.0,"constrained to groups within division(s) 31,32"
OpenAlex,1309,Developmental Biology,FOR,3205,Medical biochemistry and metabolomics,group,False,constrained_lexical,0.0,"constrained to groups within division(s) 31,32"
OpenAlex,1309,Developmental Biology,FOR,3206,Medical biotechnology,group,False,constrained_lexical,0.0,"constrained to groups within division(s) 31,32"
OpenAlex,1309,Developmental Biology,FOR,3208,Medical physiology,group,False,constrained_lexical,0.0,"constrained to groups within division(s) 31,32"
OpenAlex,1309,Developmental Biology,FOR,3202,Clinical sciences,group,False,constrained_lexical,0.0,"constrained to groups within division(s) 31,32"
OpenAlex,1309,Developmental Biology,FOR,3210,Nutrition and dietetics,group,False,constrained_lexical,0.0,"constrained to groups within division(s) 31,32"
OpenAlex,1309,Developmental Biology,FOR,3212,Ophthalmology and optometry,group,False,constrained_lexical,0.0,"constrained to groups within division(s) 31,32"
OpenAlex,1309,Developmental Biology,FOR,3213,Paediatrics,group,False,constrained_lexical,0.0,"constrained to groups within division(s) 31,32"
OpenAlex,1309,Developmental Biology,FOR,3214,Pharmacology and pharmaceutical sciences,group,False,constrained_lexical,0.0,"constrained to groups within division(s) 31,32"
OpenAlex,1309,Developmental Biology,FOR,3209,Neurosciences,group,False,constrained_lexical,0.0,"constrained to groups within division(s) 31,32"
OpenAlex,1309,Developmental Biology,FOR,3201,Cardiovascular medicine and haematology,group,False,constrained_lexical,0.0,"constrained to groups within division(s) 31,32"
OpenAlex,1309,Developmental Biology,FOR,3299,Other biomedical and clinical sciences,group,False,constrained_lexical,0.0,"constrained to groups within division(s) 31,32"
OpenAlex,1309,Developmental Biology,FOR,3106,Industrial biotechnology,group,False,constrained_lexical,0.0,"constrained to groups within division(s) 31,32"
OpenAlex,1309,Developmental Biology,FOR,3104,Evolutionary biology,group,True,constrained_lexical,0.358,"constrained to groups within division(s) 31,32"
OpenAlex,1309,Developmental Biology,FOR,3108,Plant biology,group,False,constrained_lexical,0.305,"constrained to groups within division(s) 31,32"
OpenAlex,1309,Developmental Biology,FOR,3102,Bioinformatics and computational biology,group,False,constrained_lexical,0.301,"constrained to groups within division(s) 31,32"
OpenAlex,1309,Developmental Biology,FOR,3109,Zoology,group,False,constrained_lexical,0.263,"constrained to groups within division(s) 31,32"
OpenAlex,1309,Developmental Biology,FOR,3101,Biochemistry and cell biology,group,False,constrained_lexical,0.248,"constrained to groups within division(s) 31,32"
OpenAlex,1309,Developmental Biology,FOR,3107,Microbiology,group,False,constrained_lexical,0.0,"constrained to groups within division(s) 31,32"
OpenAlex,1309,Developmental Biology,FOR,3103,Ecology,group,False,constrained_lexical,0.105,"constrained to groups within division(s) 31,32"
OpenAlex,1309,Developmental Biology,FOR,3105,Genetics,group,False,constrained_lexical,0.053,"constrained to groups within division(s) 31,32"
OpenAlex,1309,Developmental Biology,FOR,3203,Dentistry,group,False,constrained_lexical,0.053,"constrained to groups within division(s) 31,32"
OpenAlex,1309,Developmental Biology,FOR,3211,Oncology and carcinogenesis,group,False,constrained_lexical,0.053,"constrained to groups within division(s) 31,32"
OpenAlex,1309,Developmental Biology,FOR,3215,Reproductive medicine,group,False,constrained_lexical,0.053,"constrained to groups within division(s) 31,32"
OpenAlex,1309,Developmental Biology,FOR,3199,Other biological sciences,group,False,constrained_lexical,0.13,"constrained to groups within division(s) 31,32"
OpenAlex,1310,Endocrinology,FOR,3205,Medical biochemistry and metabolomics,group,False,constrained_lexical,0.0,"constrained to groups within division(s) 31,32"
OpenAlex,1310,Endocrinology,FOR,3206,Medical biotechnology,group,False,constrained_lexical,0.0,"constrained to groups within division(s) 31,32"
OpenAlex,1310,Endocrinology,FOR,3208,Medical physiology,group,False,constrained_lexical,0.0,"constrained to groups within division(s) 31,32"
OpenAlex,1310,Endocrinology,FOR,3209,Neurosciences,group,False,constrained_lexical,0.0,"constrained to groups within division(s) 31,32"
OpenAlex,1310,Endocrinology,FOR,3210,Nutrition and dietetics,group,False,constrained_lexical,0.0,"constrained to groups within division(s) 31,32"
OpenAlex,1310,Endocrinology,FOR,3213,Paediatrics,group,False,constrained_lexical,0.0,"constrained to groups within division(s) 31,32"
OpenAlex,1310,Endocrinology,FOR,3212,Ophthalmology and optometry,group,False,constrained_lexical,0.0,"constrained to groups within division(s) 31,32"
OpenAlex,1310,Endocrinology,FOR,3204,Immunology,group,False,constrained_lexical,0.0,"constrained to groups within division(s) 31,32"
OpenAlex,1310,Endocrinology,FOR,3214,Pharmacology and pharmaceutical sciences,group,False,constrained_lexical,0.0,"constrained to groups within division(s) 31,32"
OpenAlex,1310,Endocrinology,FOR,3215,Reproductive medicine,group,False,constrained_lexical,0.0,"constrained to groups within division(s) 31,32"
OpenAlex,1310,Endocrinology,FOR,3211,Oncology and carcinogenesis,group,False,constrained_lexical,0.0,"constrained to groups within division(s) 31,32"
OpenAlex,1310,Endocrinology,FOR,3203,Dentistry,group,False,constrained_lexical,0.0,"constrained to groups within division(s) 31,32"
OpenAlex,1310,Endocrinology,FOR,3299,Other biomedical and clinical sciences,group,False,constrained_lexical,0.0,"constrained to groups within division(s) 31,32"
OpenAlex,1310,Endocrinology,FOR,3199,Other biological sciences,group,False,constrained_lexical,0.0,"constrained to groups within division(s) 31,32"
OpenAlex,1310,Endocrinology,FOR,3107,Microbiology,group,True,constrained_lexical,0.08,"constrained to groups within division(s) 31,32"
OpenAlex,1310,Endocrinology,FOR,3207,Medical microbiology,group,False,constrained_lexical,0.054,"constrained to groups within division(s) 31,32"
OpenAlex,1310,Endocrinology,FOR,3104,Evolutionary biology,group,False,constrained_lexical,0.05,"constrained to groups within division(s) 31,32"
OpenAlex,1310,Endocrinology,FOR,3202,Clinical sciences,group,False,constrained_lexical,0.05,"constrained to groups within division(s) 31,32"
OpenAlex,1310,Endocrinology,FOR,3101,Biochemistry and cell biology,group,False,constrained_lexical,0.025,"constrained to groups within division(s) 31,32"
OpenAlex,1310,Endocrinology,FOR,3201,Cardiovascular medicine and haematology,group,False,constrained_lexical,0.0,"constrained to groups within division(s) 31,32"
OpenAlex,1310,Endocrinology,FOR,3102,Bioinformatics and computational biology,group,False,constrained_lexical,0.0,"constrained to groups within division(s) 31,32"
OpenAlex,1310,Endocrinology,FOR,3103,Ecology,group,False,constrained_lexical,0.0,"constrained to groups within division(s) 31,32"
OpenAlex,1310,Endocrinology,FOR,3105,Genetics,group,False,constrained_lexical,0.0,"constrained to groups within division(s) 31,32"
OpenAlex,1310,Endocrinology,FOR,3106,Industrial biotechnology,group,False,constrained_lexical,0.0,"constrained to groups within division(s) 31,32"
OpenAlex,1310,Endocrinology,FOR,3109,Zoology,group,False,constrained_lexical,0.0,"constrained to groups within division(s) 31,32"
OpenAlex,1310,Endocrinology,FOR,3108,Plant biology,group,False,constrained_lexical,0.025,"constrained to groups within division(s) 31,32"
OpenAlex,1311,Genetics,FOR,3204,Immunology,group,False,constrained_lexical,0.087,"constrained to groups within division(s) 31,32"
OpenAlex,1311,Genetics,FOR,3299,Other biomedical and clinical sciences,group,False,constrained_lexical,0.075,"constrained to groups within division(s) 31,32"
OpenAlex,1311,Genetics,FOR,3201,Cardiovascular medicine and haematology,group,False,constrained_lexical,0.071,"constrained to groups within division(s) 31,32"
OpenAlex,1311,Genetics,FOR,3213,Paediatrics,group,False,constrained_lexical,0.071,"constrained to groups within division(s) 31,32"
OpenAlex,1311,Genetics,FOR,3101,Biochemistry and cell biology,group,False,constrained_lexical,0.064,"constrained to groups within division(s) 31,32"
OpenAlex,1311,Genetics,FOR,3214,Pharmacology and pharmaceutical sciences,group,False,constrained_lexical,0.053,"constrained to groups within division(s) 31,32"
OpenAlex,1311,Genetics,FOR,3203,Dentistry,group,False,constrained_lexical,0.059,"constrained to groups within division(s) 31,32"
OpenAlex,1311,Genetics,FOR,3215,Reproductive medicine,group,False,constrained_lexical,0.053,"constrained to groups within division(s) 31,32"
OpenAlex,1311,Genetics,FOR,3106,Industrial biotechnology,group,False,constrained_lexical,0.026,"constrained to groups within division(s) 31,32"
OpenAlex,1311,Genetics,FOR,3205,Medical biochemistry and metabolomics,group,False,constrained_lexical,0.019,"constrained to groups within division(s) 31,32"
OpenAlex,1311,Genetics,FOR,3208,Medical physiology,group,False,constrained_lexical,0.088,"constrained to groups within division(s) 31,32"
OpenAlex,1311,Genetics,FOR,3199,Other biological sciences,group,False,constrained_lexical,0.06,"constrained to groups within division(s) 31,32"
OpenAlex,1311,Genetics,FOR,3212,Ophthalmology and optometry,group,False,constrained_lexical,0.0,"constrained to groups within division(s) 31,32"
OpenAlex,1311,Genetics,FOR,3202,Clinical sciences,group,False,constrained_lexical,0.092,"constrained to groups within division(s) 31,32"
OpenAlex,1311,Genetics,FOR,3102,Bioinformatics and computational biology,group,False,constrained_lexical,0.095,"constrained to groups within division(s) 31,32"
OpenAlex,1311,Genetics,FOR,3108,Plant biology,group,False,constrained_lexical,0.094,"constrained to groups within division(s) 31,32"
OpenAlex,1311,Genetics,FOR,3105,Genetics,group,True,constrained_lexical,1.0,"constrained to groups within division(s) 31,32"
OpenAlex,1311,Genetics,FOR,3109,Zoology,group,False,constrained_lexical,0.175,"constrained to groups within division(s) 31,32"
OpenAlex,1311,Genetics,FOR,3207,Medical microbiology,group,False,constrained_lexical,0.162,"constrained to groups within division(s) 31,32"
OpenAlex,1311,Genetics,FOR,3107,Microbiology,group,False,constrained_lexical,0.12,"constrained to groups within division(s) 31,32"
OpenAlex,1311,Genetics,FOR,3104,Evolutionary biology,group,False,constrained_lexical,0.127,"constrained to groups within division(s) 31,32"
OpenAlex,1311,Genetics,FOR,3209,Neurosciences,group,False,constrained_lexical,0.103,"constrained to groups within division(s) 31,32"
OpenAlex,1311,Genetics,FOR,3103,Ecology,group,False,constrained_lexical,0.098,"constrained to groups within division(s) 31,32"
OpenAlex,1311,Genetics,FOR,3206,Medical biotechnology,group,False,constrained_lexical,0.098,"constrained to groups within division(s) 31,32"
OpenAlex,1311,Genetics,FOR,3210,Nutrition and dietetics,group,False,constrained_lexical,0.097,"constrained to groups within division(s) 31,32"
OpenAlex,1311,Genetics,FOR,3211,Oncology and carcinogenesis,group,False,constrained_lexical,0.106,"constrained to groups within division(s) 31,32"
OpenAlex,1312,Molecular Biology,FOR,3213,Paediatrics,group,False,constrained_lexical,0.071,"constrained to groups within division(s) 31,32"
OpenAlex,1312,Molecular Biology,FOR,3107,Microbiology,group,False,constrained_lexical,0.16,"constrained to groups within division(s) 31,32"
OpenAlex,1312,Molecular Biology,FOR,3215,Reproductive medicine,group,False,constrained_lexical,0.158,"constrained to groups within division(s) 31,32"
OpenAlex,1312,Molecular Biology,FOR,3203,Dentistry,group,False,constrained_lexical,0.157,"constrained to groups within division(s) 31,32"
OpenAlex,1312,Molecular Biology,FOR,3201,Cardiovascular medicine and haematology,group,False,constrained_lexical,0.143,"constrained to groups within division(s) 31,32"
OpenAlex,1312,Molecular Biology,FOR,3202,Clinical sciences,group,False,constrained_lexical,0.138,"constrained to groups within division(s) 31,32"
OpenAlex,1312,Molecular Biology,FOR,3209,Neurosciences,group,False,constrained_lexical,0.103,"constrained to groups within division(s) 31,32"
OpenAlex,1312,Molecular Biology,FOR,3210,Nutrition and dietetics,group,False,constrained_lexical,0.129,"constrained to groups within division(s) 31,32"
OpenAlex,1312,Molecular Biology,FOR,3103,Ecology,group,False,constrained_lexical,0.098,"constrained to groups within division(s) 31,32"
OpenAlex,1312,Molecular Biology,FOR,3212,Ophthalmology and optometry,group,False,constrained_lexical,0.083,"constrained to groups within division(s) 31,32"
OpenAlex,1312,Molecular Biology,FOR,3211,Oncology and carcinogenesis,group,False,constrained_lexical,0.17,"constrained to groups within division(s) 31,32"
OpenAlex,1312,Molecular Biology,FOR,3199,Other biological sciences,group,False,constrained_lexical,0.13,"constrained to groups within division(s) 31,32"
OpenAlex,1312,Molecular Biology,FOR,3299,Other biomedical and clinical sciences,group,False,constrained_lexical,0.075,"constrained to groups within division(s) 31,32"
OpenAlex,1312,Molecular Biology,FOR,3207,Medical microbiology,group,False,constrained_lexical,0.189,"constrained to groups within division(s) 31,32"
OpenAlex,1312,Molecular Biology,FOR,3208,Medical physiology,group,False,constrained_lexical,0.206,"constrained to groups within division(s) 31,32"
OpenAlex,1312,Molecular Biology,FOR,3102,Bioinformatics and computational biology,group,True,constrained_lexical,0.571,"constrained to groups within division(s) 31,32"
OpenAlex,1312,Molecular Biology,FOR,3108,Plant biology,group,False,constrained_lexical,0.464,"constrained to groups within division(s) 31,32"
OpenAlex,1312,Molecular Biology,FOR,3101,Biochemistry and cell biology,group,False,constrained_lexical,0.451,"constrained to groups within division(s) 31,32"
OpenAlex,1312,Molecular Biology,FOR,3104,Evolutionary biology,group,False,constrained_lexical,0.343,"constrained to groups within division(s) 31,32"
OpenAlex,1312,Molecular Biology,FOR,3206,Medical biotechnology,group,False,constrained_lexical,0.341,"constrained to groups within division(s) 31,32"
OpenAlex,1312,Molecular Biology,FOR,3204,Immunology,group,False,constrained_lexical,0.196,"constrained to groups within division(s) 31,32"
OpenAlex,1312,Molecular Biology,FOR,3106,Industrial biotechnology,group,False,constrained_lexical,0.256,"constrained to groups within division(s) 31,32"
OpenAlex,1312,Molecular Biology,FOR,3109,Zoology,group,False,constrained_lexical,0.228,"constrained to groups within division(s) 31,32"
OpenAlex,1312,Molecular Biology,FOR,3205,Medical biochemistry and metabolomics,group,False,constrained_lexical,0.226,"constrained to groups within division(s) 31,32"
OpenAlex,1312,Molecular Biology,FOR,3214,Pharmacology and pharmaceutical sciences,group,False,constrained_lexical,0.211,"constrained to groups within division(s) 31,32"
OpenAlex,1312,Molecular Biology,FOR,3105,Genetics,group,False,constrained_lexical,0.291,"constrained to groups within division(s) 31,32"
OpenAlex,1313,Molecular Medicine,FOR,3109,Zoology,group,False,constrained_lexical,0.045,"constrained to groups within division(s) 31,32"
OpenAlex,1313,Molecular Medicine,FOR,3202,Clinical sciences,group,False,constrained_lexical,0.045,"constrained to groups within division(s) 31,32"
OpenAlex,1313,Molecular Medicine,FOR,3203,Dentistry,group,False,constrained_lexical,0.045,"constrained to groups within division(s) 31,32"
OpenAlex,1313,Molecular Medicine,FOR,3210,Nutrition and dietetics,group,False,constrained_lexical,0.045,"constrained to groups within division(s) 31,32"
OpenAlex,1313,Molecular Medicine,FOR,3211,Oncology and carcinogenesis,group,False,constrained_lexical,0.045,"constrained to groups within division(s) 31,32"
OpenAlex,1313,Molecular Medicine,FOR,3199,Other biological sciences,group,False,constrained_lexical,0.0,"constrained to groups within division(s) 31,32"
OpenAlex,1313,Molecular Medicine,FOR,3209,Neurosciences,group,False,constrained_lexical,0.0,"constrained to groups within division(s) 31,32"
OpenAlex,1313,Molecular Medicine,FOR,3212,Ophthalmology and optometry,group,False,constrained_lexical,0.0,"constrained to groups within division(s) 31,32"
OpenAlex,1313,Molecular Medicine,FOR,3213,Paediatrics,group,False,constrained_lexical,0.0,"constrained to groups within division(s) 31,32"
OpenAlex,1313,Molecular Medicine,FOR,3108,Plant biology,group,False,constrained_lexical,0.045,"constrained to groups within division(s) 31,32"
OpenAlex,1313,Molecular Medicine,FOR,3104,Evolutionary biology,group,False,constrained_lexical,0.0,"constrained to groups within division(s) 31,32"
OpenAlex,1313,Molecular Medicine,FOR,3107,Microbiology,group,False,constrained_lexical,0.045,"constrained to groups within division(s) 31,32"
OpenAlex,1313,Molecular Medicine,FOR,3106,Industrial biotechnology,group,False,constrained_lexical,0.045,"constrained to groups within division(s) 31,32"
OpenAlex,1313,Molecular Medicine,FOR,3206,Medical biotechnology,group,True,constrained_lexical,0.291,"constrained to groups within division(s) 31,32"
OpenAlex,1313,Molecular Medicine,FOR,3105,Genetics,group,False,constrained_lexical,0.045,"constrained to groups within division(s) 31,32"
OpenAlex,1313,Molecular Medicine,FOR,3207,Medical microbiology,group,False,constrained_lexical,0.291,"constrained to groups within division(s) 31,32"
OpenAlex,1313,Molecular Medicine,FOR,3215,Reproductive medicine,group,False,constrained_lexical,0.253,"constrained to groups within division(s) 31,32"
OpenAlex,1313,Molecular Medicine,FOR,3208,Medical physiology,group,False,constrained_lexical,0.245,"constrained to groups within division(s) 31,32"
OpenAlex,1313,Molecular Medicine,FOR,3205,Medical biochemistry and metabolomics,group,False,constrained_lexical,0.188,"constrained to groups within division(s) 31,32"
OpenAlex,1313,Molecular Medicine,FOR,3201,Cardiovascular medicine and haematology,group,False,constrained_lexical,0.214,"constrained to groups within division(s) 31,32"
OpenAlex,1313,Molecular Medicine,FOR,3204,Immunology,group,False,constrained_lexical,0.091,"constrained to groups within division(s) 31,32"
OpenAlex,1313,Molecular Medicine,FOR,3214,Pharmacology and pharmaceutical sciences,group,False,constrained_lexical,0.091,"constrained to groups within division(s) 31,32"
OpenAlex,1313,Molecular Medicine,FOR,3299,Other biomedical and clinical sciences,group,False,constrained_lexical,0.075,"constrained to groups within division(s) 31,32"
OpenAlex,1313,Molecular Medicine,FOR,3102,Bioinformatics and computational biology,group,False,constrained_lexical,0.045,"constrained to groups within division(s) 31,32"
OpenAlex,1313,Molecular Medicine,FOR,3103,Ecology,group,False,constrained_lexical,0.045,"constrained to groups within division(s) 31,32"
OpenAlex,1313,Molecular Medicine,FOR,3101,Biochemistry and cell biology,group,False,constrained_lexical,0.091,"constrained to groups within division(s) 31,32"
OpenAlex,1314,Physiology,FOR,3204,Immunology,group,False,constrained_lexical,0.0,"constrained to groups within division(s) 31,32"
OpenAlex,1314,Physiology,FOR,3199,Other biological sciences,group,False,constrained_lexical,0.03,"constrained to groups within division(s) 31,32"
OpenAlex,1314,Physiology,FOR,3107,Microbiology,group,False,constrained_lexical,0.0,"constrained to groups within division(s) 31,32"
OpenAlex,1314,Physiology,FOR,3201,Cardiovascular medicine and haematology,group,False,constrained_lexical,0.0,"constrained to groups within division(s) 31,32"
OpenAlex,1314,Physiology,FOR,3207,Medical microbiology,group,False,constrained_lexical,0.0,"constrained to groups within division(s) 31,32"
OpenAlex,1314,Physiology,FOR,3211,Oncology and carcinogenesis,group,False,constrained_lexical,0.033,"constrained to groups within division(s) 31,32"
OpenAlex,1314,Physiology,FOR,3210,Nutrition and dietetics,group,False,constrained_lexical,0.0,"constrained to groups within division(s) 31,32"
OpenAlex,1314,Physiology,FOR,3212,Ophthalmology and optometry,group,False,constrained_lexical,0.0,"constrained to groups within division(s) 31,32"
OpenAlex,1314,Physiology,FOR,3213,Paediatrics,group,False,constrained_lexical,0.0,"constrained to groups within division(s) 31,32"
OpenAlex,1314,Physiology,FOR,3214,Pharmacology and pharmaceutical sciences,group,False,constrained_lexical,0.0,"constrained to groups within division(s) 31,32"
OpenAlex,1314,Physiology,FOR,3299,Other biomedical and clinical sciences,group,False,constrained_lexical,0.0,"constrained to groups within division(s) 31,32"
OpenAlex,1314,Physiology,FOR,3209,Neurosciences,group,False,constrained_lexical,0.0,"constrained to groups within division(s) 31,32"
OpenAlex,1314,Physiology,FOR,3206,Medical biotechnology,group,False,constrained_lexical,0.033,"constrained to groups within division(s) 31,32"
OpenAlex,1314,Physiology,FOR,3208,Medical physiology,group,True,constrained_lexical,0.367,"constrained to groups within division(s) 31,32"
OpenAlex,1314,Physiology,FOR,3105,Genetics,group,False,constrained_lexical,0.033,"constrained to groups within division(s) 31,32"
OpenAlex,1314,Physiology,FOR,3106,Industrial biotechnology,group,False,constrained_lexical,0.033,"constrained to groups within division(s) 31,32"
OpenAlex,1314,Physiology,FOR,5199,Other physical sciences,group,False,constrained_lexical,0.3,"constrained to groups within division(s) 31,32"
OpenAlex,1314,Physiology,FOR,3108,Plant biology,group,False,constrained_lexical,0.133,"constrained to groups within division(s) 31,32"
OpenAlex,1314,Physiology,FOR,3109,Zoology,group,False,constrained_lexical,0.133,"constrained to groups within division(s) 31,32"
OpenAlex,1314,Physiology,FOR,3104,Evolutionary biology,group,False,constrained_lexical,0.1,"constrained to groups within division(s) 31,32"
OpenAlex,1314,Physiology,FOR,3101,Biochemistry and cell biology,group,False,constrained_lexical,0.1,"constrained to groups within division(s) 31,32"
OpenAlex,1314,Physiology,FOR,3103,Ecology,group,False,constrained_lexical,0.067,"constrained to groups within division(s) 31,32"
OpenAlex,1314,Physiology,FOR,3202,Clinical sciences,group,False,constrained_lexical,0.067,"constrained to groups within division(s) 31,32"
OpenAlex,1314,Physiology,FOR,3203,Dentistry,group,False,constrained_lexical,0.067,"constrained to groups within division(s) 31,32"
OpenAlex,1314,Physiology,FOR,3205,Medical biochemistry and metabolomics,group,False,constrained_lexical,0.067,"constrained to groups within division(s) 31,32"
OpenAlex,1314,Physiology,FOR,3215,Reproductive medicine,group,False,constrained_lexical,0.053,"constrained to groups within division(s) 31,32"
OpenAlex,1314,Physiology,FOR,3102,Bioinformatics and computational biology,group,False,constrained_lexical,0.067,"constrained to groups within division(s) 31,32"
OpenAlex,1315,Structural Biology,FOR,3205,Medical biochemistry and metabolomics,group,False,constrained_lexical,0.0,"constrained to groups within division(s) 31,32"
OpenAlex,1315,Structural Biology,FOR,3211,Oncology and carcinogenesis,group,False,constrained_lexical,0.077,"constrained to groups within division(s) 31,32"
OpenAlex,1315,Structural Biology,FOR,3214,Pharmacology and pharmaceutical sciences,group,False,constrained_lexical,0.077,"constrained to groups within division(s) 31,32"
OpenAlex,1315,Structural Biology,FOR,3201,Cardiovascular medicine and haematology,group,False,constrained_lexical,0.0,"constrained to groups within division(s) 31,32"
OpenAlex,1315,Structural Biology,FOR,3206,Medical biotechnology,group,False,constrained_lexical,0.0,"constrained to groups within division(s) 31,32"
OpenAlex,1315,Structural Biology,FOR,3207,Medical microbiology,group,False,constrained_lexical,0.077,"constrained to groups within division(s) 31,32"
OpenAlex,1315,Structural Biology,FOR,3209,Neurosciences,group,False,constrained_lexical,0.0,"constrained to groups within division(s) 31,32"
OpenAlex,1315,Structural Biology,FOR,3299,Other biomedical and clinical sciences,group,False,constrained_lexical,0.0,"constrained to groups within division(s) 31,32"
OpenAlex,1315,Structural Biology,FOR,3213,Paediatrics,group,False,constrained_lexical,0.0,"constrained to groups within division(s) 31,32"
OpenAlex,1315,Structural Biology,FOR,3215,Reproductive medicine,group,False,constrained_lexical,0.0,"constrained to groups within division(s) 31,32"
OpenAlex,1315,Structural Biology,FOR,3208,Medical physiology,group,False,constrained_lexical,0.0,"constrained to groups within division(s) 31,32"
OpenAlex,1315,Structural Biology,FOR,3204,Immunology,group,False,constrained_lexical,0.077,"constrained to groups within division(s) 31,32"
OpenAlex,1315,Structural Biology,FOR,3210,Nutrition and dietetics,group,False,constrained_lexical,0.0,"constrained to groups within division(s) 31,32"
OpenAlex,1315,Structural Biology,FOR,3202,Clinical sciences,group,False,constrained_lexical,0.077,"constrained to groups within division(s) 31,32"
OpenAlex,1315,Structural Biology,FOR,3203,Dentistry,group,False,constrained_lexical,0.077,"constrained to groups within division(s) 31,32"
OpenAlex,1315,Structural Biology,FOR,3101,Biochemistry and cell biology,group,True,constrained_lexical,0.374,"constrained to groups within division(s) 31,32"
OpenAlex,1315,Structural Biology,FOR,3104,Evolutionary biology,group,False,constrained_lexical,0.354,"constrained to groups within division(s) 31,32"
OpenAlex,1315,Structural Biology,FOR,3102,Bioinformatics and computational biology,group,False,constrained_lexical,0.297,"constrained to groups within division(s) 31,32"
OpenAlex,1315,Structural Biology,FOR,3105,Genetics,group,False,constrained_lexical,0.154,"constrained to groups within division(s) 31,32"
OpenAlex,1315,Structural Biology,FOR,3108,Plant biology,group,False,constrained_lexical,0.277,"constrained to groups within division(s) 31,32"
OpenAlex,1315,Structural Biology,FOR,3109,Zoology,group,False,constrained_lexical,0.154,"constrained to groups within division(s) 31,32"
OpenAlex,1315,Structural Biology,FOR,3199,Other biological sciences,group,False,constrained_lexical,0.13,"constrained to groups within division(s) 31,32"
OpenAlex,1315,Structural Biology,FOR,3212,Ophthalmology and optometry,group,False,constrained_lexical,0.083,"constrained to groups within division(s) 31,32"
OpenAlex,1315,Structural Biology,FOR,3103,Ecology,group,False,constrained_lexical,0.077,"constrained to groups within division(s) 31,32"
OpenAlex,1315,Structural Biology,FOR,3107,Microbiology,group,False,constrained_lexical,0.077,"constrained to groups within division(s) 31,32"
OpenAlex,1315,Structural Biology,FOR,3106,Industrial biotechnology,group,False,constrained_lexical,0.154,"constrained to groups within division(s) 31,32"
OpenAlex,1402,Accounting,FOR,3599,"Other commerce, management, tourism and services",group,False,constrained_lexical,0.037,constrained to groups within division(s) 35
OpenAlex,1402,Accounting,FOR,3509,"Transportation, logistics and supply chains",group,False,constrained_lexical,0.027,constrained to groups within division(s) 35
OpenAlex,1402,Accounting,FOR,3504,Commercial services,group,False,constrained_lexical,0.028,constrained to groups within division(s) 35
OpenAlex,1402,Accounting,FOR,3508,Tourism,group,False,constrained_lexical,0.077,constrained to groups within division(s) 35
OpenAlex,1402,Accounting,FOR,3506,Marketing,group,False,constrained_lexical,0.091,constrained to groups within division(s) 35
OpenAlex,1402,Accounting,FOR,3507,"Strategy, management and organisational behaviour",group,False,constrained_lexical,0.141,constrained to groups within division(s) 35
OpenAlex,1402,Accounting,FOR,3503,Business systems in context,group,False,constrained_lexical,0.161,constrained to groups within division(s) 35
OpenAlex,1402,Accounting,FOR,3502,"Banking, finance and investment",group,False,constrained_lexical,0.216,constrained to groups within division(s) 35
OpenAlex,1402,Accounting,FOR,3501,"Accounting, auditing and accountability",group,True,constrained_lexical,0.583,constrained to groups within division(s) 35
OpenAlex,1402,Accounting,FOR,3505,Human resources and industrial relations,group,False,constrained_lexical,0.104,constrained to groups within division(s) 35
OpenAlex,1403,Business and International Management,FOR,3502,"Banking, finance and investment",group,False,constrained_lexical,0.125,constrained to groups within division(s) 35
OpenAlex,1403,Business and International Management,FOR,3507,"Strategy, management and organisational behaviour",group,True,constrained_lexical,0.341,constrained to groups within division(s) 35
OpenAlex,1403,Business and International Management,FOR,3503,Business systems in context,group,False,constrained_lexical,0.299,constrained to groups within division(s) 35
OpenAlex,1403,Business and International Management,FOR,3506,Marketing,group,False,constrained_lexical,0.188,constrained to groups within division(s) 35
OpenAlex,1403,Business and International Management,FOR,3501,"Accounting, auditing and accountability",group,False,constrained_lexical,0.125,constrained to groups within division(s) 35
OpenAlex,1403,Business and International Management,FOR,3504,Commercial services,group,False,constrained_lexical,0.125,constrained to groups within division(s) 35
OpenAlex,1403,Business and International Management,FOR,3505,Human resources and industrial relations,group,False,constrained_lexical,0.125,constrained to groups within division(s) 35
OpenAlex,1403,Business and International Management,FOR,3599,"Other commerce, management, tourism and services",group,False,constrained_lexical,0.102,constrained to groups within division(s) 35
OpenAlex,1403,Business and International Management,FOR,3508,Tourism,group,False,constrained_lexical,0.062,constrained to groups within division(s) 35
OpenAlex,1403,Business and International Management,FOR,3509,"Transportation, logistics and supply chains",group,False,constrained_lexical,0.0,constrained to groups within division(s) 35
OpenAlex,1404,Management Information Systems,FOR,3505,Human resources and industrial relations,group,False,constrained_lexical,0.062,constrained to groups within division(s) 35
OpenAlex,1404,Management Information Systems,FOR,3599,"Other commerce, management, tourism and services",group,False,constrained_lexical,0.065,constrained to groups within division(s) 35
OpenAlex,1404,Management Information Systems,FOR,3502,"Banking, finance and investment",group,False,constrained_lexical,0.054,constrained to groups within division(s) 35
OpenAlex,1404,Management Information Systems,FOR,3504,Commercial services,group,False,constrained_lexical,0.056,constrained to groups within division(s) 35
OpenAlex,1404,Management Information Systems,FOR,3506,Marketing,group,False,constrained_lexical,0.091,constrained to groups within division(s) 35
OpenAlex,1404,Management Information Systems,FOR,3508,Tourism,group,False,constrained_lexical,0.077,constrained to groups within division(s) 35
OpenAlex,1404,Management Information Systems,FOR,3509,"Transportation, logistics and supply chains",group,False,constrained_lexical,0.162,constrained to groups within division(s) 35
OpenAlex,1404,Management Information Systems,FOR,3501,"Accounting, auditing and accountability",group,False,constrained_lexical,0.167,constrained to groups within division(s) 35
OpenAlex,1404,Management Information Systems,FOR,3507,"Strategy, management and organisational behaviour",group,False,constrained_lexical,0.204,constrained to groups within division(s) 35
OpenAlex,1404,Management Information Systems,FOR,3503,Business systems in context,group,False,constrained_lexical,0.401,constrained to groups within division(s) 35
OpenAlex,1404,Management Information Systems,FOR,4609,Information systems,group,True,constrained_lexical,0.807,constrained to groups within division(s) 35
OpenAlex,1405,Management of Technology and Innovation,FOR,3509,"Transportation, logistics and supply chains",group,False,constrained_lexical,0.054,constrained to groups within division(s) 35
OpenAlex,1405,Management of Technology and Innovation,FOR,3502,"Banking, finance and investment",group,False,constrained_lexical,0.054,constrained to groups within division(s) 35
OpenAlex,1405,Management of Technology and Innovation,FOR,3504,Commercial services,group,False,constrained_lexical,0.056,constrained to groups within division(s) 35
OpenAlex,1405,Management of Technology and Innovation,FOR,3599,"Other commerce, management, tourism and services",group,False,constrained_lexical,0.065,constrained to groups within division(s) 35
OpenAlex,1405,Management of Technology and Innovation,FOR,3501,"Accounting, auditing and accountability",group,False,constrained_lexical,0.067,constrained to groups within division(s) 35
OpenAlex,1405,Management of Technology and Innovation,FOR,3508,Tourism,group,False,constrained_lexical,0.077,constrained to groups within division(s) 35
OpenAlex,1405,Management of Technology and Innovation,FOR,3505,Human resources and industrial relations,group,False,constrained_lexical,0.083,constrained to groups within division(s) 35
OpenAlex,1405,Management of Technology and Innovation,FOR,3506,Marketing,group,False,constrained_lexical,0.145,constrained to groups within division(s) 35
OpenAlex,1405,Management of Technology and Innovation,FOR,3507,"Strategy, management and organisational behaviour",group,False,constrained_lexical,0.246,constrained to groups within division(s) 35
OpenAlex,1405,Management of Technology and Innovation,FOR,3503,Business systems in context,group,True,constrained_lexical,0.29,constrained to groups within division(s) 35
OpenAlex,1406,Marketing,FOR,3505,Human resources and industrial relations,group,False,constrained_lexical,0.062,constrained to groups within division(s) 35
OpenAlex,1406,Marketing,FOR,3501,"Accounting, auditing and accountability",group,False,constrained_lexical,0.067,constrained to groups within division(s) 35
OpenAlex,1406,Marketing,FOR,3599,"Other commerce, management, tourism and services",group,False,constrained_lexical,0.075,constrained to groups within division(s) 35
OpenAlex,1406,Marketing,FOR,3509,"Transportation, logistics and supply chains",group,False,constrained_lexical,0.081,constrained to groups within division(s) 35
OpenAlex,1406,Marketing,FOR,3504,Commercial services,group,False,constrained_lexical,0.083,constrained to groups within division(s) 35
OpenAlex,1406,Marketing,FOR,3507,"Strategy, management and organisational behaviour",group,False,constrained_lexical,0.099,constrained to groups within division(s) 35
OpenAlex,1406,Marketing,FOR,3503,Business systems in context,group,False,constrained_lexical,0.097,constrained to groups within division(s) 35
OpenAlex,1406,Marketing,FOR,3508,Tourism,group,False,constrained_lexical,0.115,constrained to groups within division(s) 35
OpenAlex,1406,Marketing,FOR,3506,Marketing,group,True,constrained_lexical,1.0,constrained to groups within division(s) 35
OpenAlex,1406,Marketing,FOR,3502,"Banking, finance and investment",group,False,constrained_lexical,0.081,constrained to groups within division(s) 35
OpenAlex,1407,Organizational Behavior and Human Resource Management,FOR,3509,"Transportation, logistics and supply chains",group,False,constrained_lexical,0.054,constrained to groups within division(s) 35
OpenAlex,1407,Organizational Behavior and Human Resource Management,FOR,3507,"Strategy, management and organisational behaviour",group,True,constrained_lexical,0.629,constrained to groups within division(s) 35
OpenAlex,1407,Organizational Behavior and Human Resource Management,FOR,3505,Human resources and industrial relations,group,False,constrained_lexical,0.439,constrained to groups within division(s) 35
OpenAlex,1407,Organizational Behavior and Human Resource Management,FOR,3506,Marketing,group,False,constrained_lexical,0.182,constrained to groups within division(s) 35
OpenAlex,1407,Organizational Behavior and Human Resource Management,FOR,3508,Tourism,group,False,constrained_lexical,0.154,constrained to groups within division(s) 35
OpenAlex,1407,Organizational Behavior and Human Resource Management,FOR,3503,Business systems in context,group,False,constrained_lexical,0.129,constrained to groups within division(s) 35
OpenAlex,1407,Organizational Behavior and Human Resource Management,FOR,3501,"Accounting, auditing and accountability",group,False,constrained_lexical,0.1,constrained to groups within division(s) 35
OpenAlex,1407,Organizational Behavior and Human Resource Management,FOR,3599,"Other commerce, management, tourism and services",group,False,constrained_lexical,0.095,constrained to groups within division(s) 35
OpenAlex,1407,Organizational Behavior and Human Resource Management,FOR,3502,"Banking, finance and investment",group,False,constrained_lexical,0.081,constrained to groups within division(s) 35
OpenAlex,1407,Organizational Behavior and Human Resource Management,FOR,3504,Commercial services,group,False,constrained_lexical,0.056,constrained to groups within division(s) 35
OpenAlex,1408,Strategy and Management,FOR,3599,"Other commerce, management, tourism and services",group,False,constrained_lexical,0.071,constrained to groups within division(s) 35
OpenAlex,1408,Strategy and Management,FOR,3505,Human resources and industrial relations,group,False,constrained_lexical,0.104,constrained to groups within division(s) 35
OpenAlex,1408,Strategy and Management,FOR,3508,Tourism,group,False,constrained_lexical,0.077,constrained to groups within division(s) 35
OpenAlex,1408,Strategy and Management,FOR,3504,Commercial services,group,False,constrained_lexical,0.083,constrained to groups within division(s) 35
OpenAlex,1408,Strategy and Management,FOR,3506,Marketing,group,False,constrained_lexical,0.145,constrained to groups within division(s) 35
OpenAlex,1408,Strategy and Management,FOR,3502,"Banking, finance and investment",group,False,constrained_lexical,0.216,constrained to groups within division(s) 35
OpenAlex,1408,Strategy and Management,FOR,3501,"Accounting, auditing and accountability",group,False,constrained_lexical,0.167,constrained to groups within division(s) 35
OpenAlex,1408,Strategy and Management,FOR,3503,Business systems in context,group,False,constrained_lexical,0.29,constrained to groups within division(s) 35
OpenAlex,1408,Strategy and Management,FOR,3507,"Strategy, management and organisational behaviour",group,True,constrained_lexical,0.781,constrained to groups within division(s) 35
OpenAlex,1408,Strategy and Management,FOR,3509,"Transportation, logistics and supply chains",group,False,constrained_lexical,0.162,constrained to groups within division(s) 35
OpenAlex,1409,"Tourism, Leisure and Hospitality Management",FOR,3509,"Transportation, logistics and supply chains",group,False,constrained_lexical,0.0,constrained to groups within division(s) 35
OpenAlex,1409,"Tourism, Leisure and Hospitality Management",FOR,3503,Business systems in context,group,False,constrained_lexical,0.062,constrained to groups within division(s) 35
OpenAlex,1409,"Tourism, Leisure and Hospitality Management",FOR,3502,"Banking, finance and investment",group,False,constrained_lexical,0.062,constrained to groups within division(s) 35
OpenAlex,1409,"Tourism, Leisure and Hospitality Management",FOR,3501,"Accounting, auditing and accountability",group,False,constrained_lexical,0.062,constrained to groups within division(s) 35
OpenAlex,1409,"Tourism, Leisure and Hospitality Management",FOR,3599,"Other commerce, management, tourism and services",group,False,constrained_lexical,0.125,constrained to groups within division(s) 35
OpenAlex,1409,"Tourism, Leisure and Hospitality Management",FOR,3505,Human resources and industrial relations,group,False,constrained_lexical,0.125,constrained to groups within division(s) 35
OpenAlex,1409,"Tourism, Leisure and Hospitality Management",FOR,3507,"Strategy, management and organisational behaviour",group,False,constrained_lexical,0.139,constrained to groups within division(s) 35
OpenAlex,1409,"Tourism, Leisure and Hospitality Management",FOR,3508,Tourism,group,False,constrained_lexical,0.268,constrained to groups within division(s) 35
OpenAlex,1409,"Tourism, Leisure and Hospitality Management",FOR,3504,Commercial services,group,True,constrained_lexical,0.312,constrained to groups within division(s) 35
OpenAlex,1409,"Tourism, Leisure and Hospitality Management",FOR,3506,Marketing,group,False,constrained_lexical,0.125,constrained to groups within division(s) 35
OpenAlex,1410,Industrial relations,FOR,3507,"Strategy, management and organisational behaviour",group,False,constrained_lexical,0.0,constrained to groups within division(s) 35
OpenAlex,1410,Industrial relations,FOR,3599,"Other commerce, management, tourism and services",group,False,constrained_lexical,0.0,constrained to groups within division(s) 35
OpenAlex,1410,Industrial relations,FOR,3509,"Transportation, logistics and supply chains",group,False,constrained_lexical,0.0,constrained to groups within division(s) 35
OpenAlex,1410,Industrial relations,FOR,3508,Tourism,group,False,constrained_lexical,0.0,constrained to groups within division(s) 35
OpenAlex,1410,Industrial relations,FOR,3504,Commercial services,group,False,constrained_lexical,0.0,constrained to groups within division(s) 35
OpenAlex,1410,Industrial relations,FOR,3501,"Accounting, auditing and accountability",group,False,constrained_lexical,0.0,constrained to groups within division(s) 35
OpenAlex,1410,Industrial relations,FOR,3502,"Banking, finance and investment",group,False,constrained_lexical,0.0,constrained to groups within division(s) 35
OpenAlex,1410,Industrial relations,FOR,3506,Marketing,group,False,constrained_lexical,0.286,constrained to groups within division(s) 35
OpenAlex,1410,Industrial relations,FOR,3505,Human resources and industrial relations,group,True,constrained_lexical,0.857,constrained to groups within division(s) 35
OpenAlex,1410,Industrial relations,FOR,3503,Business systems in context,group,False,constrained_lexical,0.0,constrained to groups within division(s) 35
OpenAlex,1502,Bioengineering,FOR,4011,Environmental engineering,group,False,constrained_lexical,0.0,constrained to groups within division(s) 40
OpenAlex,1502,Bioengineering,FOR,4019,Resources engineering and extractive metallurgy,group,False,constrained_lexical,0.0,constrained to groups within division(s) 40
OpenAlex,1502,Bioengineering,FOR,4018,Nanotechnology,group,False,constrained_lexical,0.0,constrained to groups within division(s) 40
OpenAlex,1502,Bioengineering,FOR,4016,Materials engineering,group,False,constrained_lexical,0.0,constrained to groups within division(s) 40
OpenAlex,1502,Bioengineering,FOR,4015,Maritime engineering,group,False,constrained_lexical,0.0,constrained to groups within division(s) 40
OpenAlex,1502,Bioengineering,FOR,4014,Manufacturing engineering,group,False,constrained_lexical,0.0,constrained to groups within division(s) 40
OpenAlex,1502,Bioengineering,FOR,4013,Geomatic engineering,group,False,constrained_lexical,0.0,constrained to groups within division(s) 40
OpenAlex,1502,Bioengineering,FOR,4099,Other engineering,group,False,constrained_lexical,0.0,constrained to groups within division(s) 40
OpenAlex,1502,Bioengineering,FOR,4010,Engineering practice and education,group,False,constrained_lexical,0.0,constrained to groups within division(s) 40
OpenAlex,1502,Bioengineering,FOR,4012,Fluid mechanics and thermal engineering,group,False,constrained_lexical,0.0,constrained to groups within division(s) 40
OpenAlex,1502,Bioengineering,FOR,4007,"Control engineering, mechatronics and robotics",group,False,constrained_lexical,0.0,constrained to groups within division(s) 40
OpenAlex,1502,Bioengineering,FOR,4004,Chemical engineering,group,True,constrained_lexical,0.143,constrained to groups within division(s) 40
OpenAlex,1502,Bioengineering,FOR,4009,"Electronics, sensors and digital hardware",group,False,constrained_lexical,0.143,constrained to groups within division(s) 40
OpenAlex,1502,Bioengineering,FOR,4017,Mechanical engineering,group,False,constrained_lexical,0.143,constrained to groups within division(s) 40
OpenAlex,1502,Bioengineering,FOR,4001,Aerospace engineering,group,False,constrained_lexical,0.0,constrained to groups within division(s) 40
OpenAlex,1502,Bioengineering,FOR,4008,Electrical engineering,group,False,constrained_lexical,0.0,constrained to groups within division(s) 40
OpenAlex,1502,Bioengineering,FOR,4003,Biomedical engineering,group,False,constrained_lexical,0.0,constrained to groups within division(s) 40
OpenAlex,1502,Bioengineering,FOR,4005,Civil engineering,group,False,constrained_lexical,0.0,constrained to groups within division(s) 40
OpenAlex,1502,Bioengineering,FOR,4006,Communications engineering,group,False,constrained_lexical,0.0,constrained to groups within division(s) 40
OpenAlex,1502,Bioengineering,FOR,4002,Automotive engineering,group,False,constrained_lexical,0.0,constrained to groups within division(s) 40
OpenAlex,1503,Catalysis,FOR,4009,"Electronics, sensors and digital hardware",group,False,constrained_lexical,0.0,constrained to groups within division(s) 40
OpenAlex,1503,Catalysis,FOR,4019,Resources engineering and extractive metallurgy,group,False,constrained_lexical,0.0,constrained to groups within division(s) 40
OpenAlex,1503,Catalysis,FOR,4018,Nanotechnology,group,False,constrained_lexical,0.0,constrained to groups within division(s) 40
OpenAlex,1503,Catalysis,FOR,4017,Mechanical engineering,group,False,constrained_lexical,0.0,constrained to groups within division(s) 40
OpenAlex,1503,Catalysis,FOR,4016,Materials engineering,group,False,constrained_lexical,0.0,constrained to groups within division(s) 40
OpenAlex,1503,Catalysis,FOR,4015,Maritime engineering,group,False,constrained_lexical,0.0,constrained to groups within division(s) 40
OpenAlex,1503,Catalysis,FOR,4014,Manufacturing engineering,group,False,constrained_lexical,0.0,constrained to groups within division(s) 40
OpenAlex,1503,Catalysis,FOR,4013,Geomatic engineering,group,False,constrained_lexical,0.0,constrained to groups within division(s) 40
OpenAlex,1503,Catalysis,FOR,4010,Engineering practice and education,group,False,constrained_lexical,0.0,constrained to groups within division(s) 40
OpenAlex,1503,Catalysis,FOR,4099,Other engineering,group,False,constrained_lexical,0.0,constrained to groups within division(s) 40
OpenAlex,1503,Catalysis,FOR,4008,Electrical engineering,group,False,constrained_lexical,0.0,constrained to groups within division(s) 40
OpenAlex,1503,Catalysis,FOR,4006,Communications engineering,group,False,constrained_lexical,0.0,constrained to groups within division(s) 40
OpenAlex,1503,Catalysis,FOR,4005,Civil engineering,group,False,constrained_lexical,0.0,constrained to groups within division(s) 40
OpenAlex,1503,Catalysis,FOR,4003,Biomedical engineering,group,False,constrained_lexical,0.0,constrained to groups within division(s) 40
OpenAlex,1503,Catalysis,FOR,4002,Automotive engineering,group,False,constrained_lexical,0.0,constrained to groups within division(s) 40
OpenAlex,1503,Catalysis,FOR,4001,Aerospace engineering,group,False,constrained_lexical,0.0,constrained to groups within division(s) 40
OpenAlex,1503,Catalysis,FOR,4012,Fluid mechanics and thermal engineering,group,False,constrained_lexical,0.037,constrained to groups within division(s) 40
OpenAlex,1503,Catalysis,FOR,4011,Environmental engineering,group,False,constrained_lexical,0.037,constrained to groups within division(s) 40
OpenAlex,1503,Catalysis,FOR,4004,Chemical engineering,group,True,constrained_lexical,0.037,constrained to groups within division(s) 40
OpenAlex,1503,Catalysis,FOR,4007,"Control engineering, mechatronics and robotics",group,False,constrained_lexical,0.0,constrained to groups within division(s) 40
OpenAlex,1504,Chemical Health and Safety,FOR,4008,Electrical engineering,group,False,constrained_lexical,0.0,constrained to groups within division(s) 40
OpenAlex,1504,Chemical Health and Safety,FOR,4009,"Electronics, sensors and digital hardware",group,False,constrained_lexical,0.0,constrained to groups within division(s) 40
OpenAlex,1504,Chemical Health and Safety,FOR,4012,Fluid mechanics and thermal engineering,group,False,constrained_lexical,0.0,constrained to groups within division(s) 40
OpenAlex,1504,Chemical Health and Safety,FOR,4013,Geomatic engineering,group,False,constrained_lexical,0.0,constrained to groups within division(s) 40
OpenAlex,1504,Chemical Health and Safety,FOR,4019,Resources engineering and extractive metallurgy,group,False,constrained_lexical,0.0,constrained to groups within division(s) 40
OpenAlex,1504,Chemical Health and Safety,FOR,4016,Materials engineering,group,False,constrained_lexical,0.0,constrained to groups within division(s) 40
OpenAlex,1504,Chemical Health and Safety,FOR,4018,Nanotechnology,group,False,constrained_lexical,0.0,constrained to groups within division(s) 40
OpenAlex,1504,Chemical Health and Safety,FOR,4099,Other engineering,group,False,constrained_lexical,0.0,constrained to groups within division(s) 40
OpenAlex,1504,Chemical Health and Safety,FOR,4015,Maritime engineering,group,False,constrained_lexical,0.0,constrained to groups within division(s) 40
OpenAlex,1504,Chemical Health and Safety,FOR,4007,"Control engineering, mechatronics and robotics",group,False,constrained_lexical,0.0,constrained to groups within division(s) 40
OpenAlex,1504,Chemical Health and Safety,FOR,4003,Biomedical engineering,group,False,constrained_lexical,0.0,constrained to groups within division(s) 40
OpenAlex,1504,Chemical Health and Safety,FOR,4001,Aerospace engineering,group,False,constrained_lexical,0.0,constrained to groups within division(s) 40
OpenAlex,1504,Chemical Health and Safety,FOR,4011,Environmental engineering,group,True,constrained_lexical,0.273,constrained to groups within division(s) 40
OpenAlex,1504,Chemical Health and Safety,FOR,4004,Chemical engineering,group,False,constrained_lexical,0.234,constrained to groups within division(s) 40
OpenAlex,1504,Chemical Health and Safety,FOR,4005,Civil engineering,group,False,constrained_lexical,0.182,constrained to groups within division(s) 40
OpenAlex,1504,Chemical Health and Safety,FOR,4006,Communications engineering,group,False,constrained_lexical,0.0,constrained to groups within division(s) 40
OpenAlex,1504,Chemical Health and Safety,FOR,4017,Mechanical engineering,group,False,constrained_lexical,0.182,constrained to groups within division(s) 40
OpenAlex,1504,Chemical Health and Safety,FOR,4002,Automotive engineering,group,False,constrained_lexical,0.091,constrained to groups within division(s) 40
OpenAlex,1504,Chemical Health and Safety,FOR,4010,Engineering practice and education,group,False,constrained_lexical,0.091,constrained to groups within division(s) 40
OpenAlex,1504,Chemical Health and Safety,FOR,4014,Manufacturing engineering,group,False,constrained_lexical,0.182,constrained to groups within division(s) 40
OpenAlex,1506,Filtration and Separation,FOR,4011,Environmental engineering,group,False,constrained_lexical,0.0,constrained to groups within division(s) 40
OpenAlex,1506,Filtration and Separation,FOR,4099,Other engineering,group,False,constrained_lexical,0.0,constrained to groups within division(s) 40
OpenAlex,1506,Filtration and Separation,FOR,4019,Resources engineering and extractive metallurgy,group,False,constrained_lexical,0.0,constrained to groups within division(s) 40
OpenAlex,1506,Filtration and Separation,FOR,4018,Nanotechnology,group,False,constrained_lexical,0.0,constrained to groups within division(s) 40
OpenAlex,1506,Filtration and Separation,FOR,4015,Maritime engineering,group,False,constrained_lexical,0.0,constrained to groups within division(s) 40
OpenAlex,1506,Filtration and Separation,FOR,4014,Manufacturing engineering,group,False,constrained_lexical,0.0,constrained to groups within division(s) 40
OpenAlex,1506,Filtration and Separation,FOR,4013,Geomatic engineering,group,False,constrained_lexical,0.0,constrained to groups within division(s) 40
OpenAlex,1506,Filtration and Separation,FOR,4012,Fluid mechanics and thermal engineering,group,False,constrained_lexical,0.0,constrained to groups within division(s) 40
OpenAlex,1506,Filtration and Separation,FOR,4010,Engineering practice and education,group,False,constrained_lexical,0.0,constrained to groups within division(s) 40
OpenAlex,1506,Filtration and Separation,FOR,4009,"Electronics, sensors and digital hardware",group,False,constrained_lexical,0.0,constrained to groups within division(s) 40
OpenAlex,1506,Filtration and Separation,FOR,4004,Chemical engineering,group,True,constrained_lexical,0.154,constrained to groups within division(s) 40
OpenAlex,1506,Filtration and Separation,FOR,4007,"Control engineering, mechatronics and robotics",group,False,constrained_lexical,0.0,constrained to groups within division(s) 40
OpenAlex,1506,Filtration and Separation,FOR,4006,Communications engineering,group,False,constrained_lexical,0.0,constrained to groups within division(s) 40
OpenAlex,1506,Filtration and Separation,FOR,4005,Civil engineering,group,False,constrained_lexical,0.0,constrained to groups within division(s) 40
OpenAlex,1506,Filtration and Separation,FOR,4002,Automotive engineering,group,False,constrained_lexical,0.0,constrained to groups within division(s) 40
OpenAlex,1506,Filtration and Separation,FOR,4001,Aerospace engineering,group,False,constrained_lexical,0.0,constrained to groups within division(s) 40
OpenAlex,1506,Filtration and Separation,FOR,4017,Mechanical engineering,group,False,constrained_lexical,0.077,constrained to groups within division(s) 40
OpenAlex,1506,Filtration and Separation,FOR,4016,Materials engineering,group,False,constrained_lexical,0.077,constrained to groups within division(s) 40
OpenAlex,1506,Filtration and Separation,FOR,4003,Biomedical engineering,group,False,constrained_lexical,0.077,constrained to groups within division(s) 40
OpenAlex,1506,Filtration and Separation,FOR,4008,Electrical engineering,group,False,constrained_lexical,0.0,constrained to groups within division(s) 40
OpenAlex,1507,Fluid Flow and Transfer Processes,FOR,4016,Materials engineering,group,False,constrained_lexical,0.057,constrained to groups within division(s) 40
OpenAlex,1507,Fluid Flow and Transfer Processes,FOR,4010,Engineering practice and education,group,False,constrained_lexical,0.05,constrained to groups within division(s) 40
OpenAlex,1507,Fluid Flow and Transfer Processes,FOR,4015,Maritime engineering,group,False,constrained_lexical,0.036,constrained to groups within division(s) 40
OpenAlex,1507,Fluid Flow and Transfer Processes,FOR,4003,Biomedical engineering,group,False,constrained_lexical,0.03,constrained to groups within division(s) 40
OpenAlex,1507,Fluid Flow and Transfer Processes,FOR,4007,"Control engineering, mechatronics and robotics",group,False,constrained_lexical,0.057,constrained to groups within division(s) 40
OpenAlex,1507,Fluid Flow and Transfer Processes,FOR,4011,Environmental engineering,group,False,constrained_lexical,0.029,constrained to groups within division(s) 40
OpenAlex,1507,Fluid Flow and Transfer Processes,FOR,4013,Geomatic engineering,group,False,constrained_lexical,0.029,constrained to groups within division(s) 40
OpenAlex,1507,Fluid Flow and Transfer Processes,FOR,4099,Other engineering,group,False,constrained_lexical,0.023,constrained to groups within division(s) 40
OpenAlex,1507,Fluid Flow and Transfer Processes,FOR,4018,Nanotechnology,group,False,constrained_lexical,0.029,constrained to groups within division(s) 40
OpenAlex,1507,Fluid Flow and Transfer Processes,FOR,4001,Aerospace engineering,group,False,constrained_lexical,0.057,constrained to groups within division(s) 40
OpenAlex,1507,Fluid Flow and Transfer Processes,FOR,4006,Communications engineering,group,False,constrained_lexical,0.086,constrained to groups within division(s) 40
OpenAlex,1507,Fluid Flow and Transfer Processes,FOR,4009,"Electronics, sensors and digital hardware",group,False,constrained_lexical,0.086,constrained to groups within division(s) 40
OpenAlex,1507,Fluid Flow and Transfer Processes,FOR,4008,Electrical engineering,group,False,constrained_lexical,0.086,constrained to groups within division(s) 40
OpenAlex,1507,Fluid Flow and Transfer Processes,FOR,4005,Civil engineering,group,False,constrained_lexical,0.086,constrained to groups within division(s) 40
OpenAlex,1507,Fluid Flow and Transfer Processes,FOR,4002,Automotive engineering,group,False,constrained_lexical,0.097,constrained to groups within division(s) 40
OpenAlex,1507,Fluid Flow and Transfer Processes,FOR,4014,Manufacturing engineering,group,False,constrained_lexical,0.114,constrained to groups within division(s) 40
OpenAlex,1507,Fluid Flow and Transfer Processes,FOR,4017,Mechanical engineering,group,False,constrained_lexical,0.143,constrained to groups within division(s) 40
OpenAlex,1507,Fluid Flow and Transfer Processes,FOR,4004,Chemical engineering,group,False,constrained_lexical,0.2,constrained to groups within division(s) 40
OpenAlex,1507,Fluid Flow and Transfer Processes,FOR,4012,Fluid mechanics and thermal engineering,group,True,constrained_lexical,0.334,constrained to groups within division(s) 40
OpenAlex,1507,Fluid Flow and Transfer Processes,FOR,4019,Resources engineering and extractive metallurgy,group,False,constrained_lexical,0.086,constrained to groups within division(s) 40
OpenAlex,1508,Process Chemistry and Technology,FOR,4003,Biomedical engineering,group,False,constrained_lexical,0.0,constrained to groups within division(s) 40
OpenAlex,1508,Process Chemistry and Technology,FOR,4005,Civil engineering,group,False,constrained_lexical,0.0,constrained to groups within division(s) 40
OpenAlex,1508,Process Chemistry and Technology,FOR,4010,Engineering practice and education,group,False,constrained_lexical,0.0,constrained to groups within division(s) 40
OpenAlex,1508,Process Chemistry and Technology,FOR,4018,Nanotechnology,group,False,constrained_lexical,0.0,constrained to groups within division(s) 40
OpenAlex,1508,Process Chemistry and Technology,FOR,4013,Geomatic engineering,group,False,constrained_lexical,0.0,constrained to groups within division(s) 40
OpenAlex,1508,Process Chemistry and Technology,FOR,4015,Maritime engineering,group,False,constrained_lexical,0.0,constrained to groups within division(s) 40
OpenAlex,1508,Process Chemistry and Technology,FOR,4002,Automotive engineering,group,False,constrained_lexical,0.0,constrained to groups within division(s) 40
OpenAlex,1508,Process Chemistry and Technology,FOR,4099,Other engineering,group,False,constrained_lexical,0.0,constrained to groups within division(s) 40
OpenAlex,1508,Process Chemistry and Technology,FOR,4012,Fluid mechanics and thermal engineering,group,False,constrained_lexical,0.0,constrained to groups within division(s) 40
OpenAlex,1508,Process Chemistry and Technology,FOR,4019,Resources engineering and extractive metallurgy,group,False,constrained_lexical,0.05,constrained to groups within division(s) 40
OpenAlex,1508,Process Chemistry and Technology,FOR,4008,Electrical engineering,group,False,constrained_lexical,0.05,constrained to groups within division(s) 40
OpenAlex,1508,Process Chemistry and Technology,FOR,4011,Environmental engineering,group,False,constrained_lexical,0.05,constrained to groups within division(s) 40
OpenAlex,1508,Process Chemistry and Technology,FOR,4009,"Electronics, sensors and digital hardware",group,False,constrained_lexical,0.05,constrained to groups within division(s) 40
OpenAlex,1508,Process Chemistry and Technology,FOR,4001,Aerospace engineering,group,False,constrained_lexical,0.05,constrained to groups within division(s) 40
OpenAlex,1508,Process Chemistry and Technology,FOR,4017,Mechanical engineering,group,False,constrained_lexical,0.1,constrained to groups within division(s) 40
OpenAlex,1508,Process Chemistry and Technology,FOR,4014,Manufacturing engineering,group,False,constrained_lexical,0.1,constrained to groups within division(s) 40
OpenAlex,1508,Process Chemistry and Technology,FOR,4007,"Control engineering, mechatronics and robotics",group,False,constrained_lexical,0.1,constrained to groups within division(s) 40
OpenAlex,1508,Process Chemistry and Technology,FOR,4006,Communications engineering,group,False,constrained_lexical,0.1,constrained to groups within division(s) 40
OpenAlex,1508,Process Chemistry and Technology,FOR,4004,Chemical engineering,group,True,constrained_lexical,0.493,constrained to groups within division(s) 40
OpenAlex,1508,Process Chemistry and Technology,FOR,4016,Materials engineering,group,False,constrained_lexical,0.05,constrained to groups within division(s) 40
OpenAlex,1602,Analytical Chemistry,FOR,3403,Macromolecular and materials chemistry,group,False,constrained_lexical,0.168,constrained to groups within division(s) 34
OpenAlex,1602,Analytical Chemistry,FOR,3499,Other chemical sciences,group,False,constrained_lexical,0.16,constrained to groups within division(s) 34
OpenAlex,1602,Analytical Chemistry,FOR,3407,Theoretical and computational chemistry,group,False,constrained_lexical,0.193,constrained to groups within division(s) 34
OpenAlex,1602,Analytical Chemistry,FOR,3404,Medicinal and biomolecular chemistry,group,False,constrained_lexical,0.168,constrained to groups within division(s) 34
OpenAlex,1602,Analytical Chemistry,FOR,3402,Inorganic chemistry,group,False,constrained_lexical,0.251,constrained to groups within division(s) 34
OpenAlex,1602,Analytical Chemistry,FOR,3405,Organic chemistry,group,False,constrained_lexical,0.348,constrained to groups within division(s) 34
OpenAlex,1602,Analytical Chemistry,FOR,3401,Analytical chemistry,group,True,constrained_lexical,1.0,constrained to groups within division(s) 34
OpenAlex,1602,Analytical Chemistry,FOR,3406,Physical chemistry,group,False,constrained_lexical,0.251,constrained to groups within division(s) 34
OpenAlex,1603,Electrochemistry,FOR,3401,Analytical chemistry,group,True,constrained_lexical,0.333,constrained to groups within division(s) 34
OpenAlex,1603,Electrochemistry,FOR,3406,Physical chemistry,group,False,constrained_lexical,0.167,constrained to groups within division(s) 34
OpenAlex,1603,Electrochemistry,FOR,3402,Inorganic chemistry,group,False,constrained_lexical,0.0,constrained to groups within division(s) 34
OpenAlex,1603,Electrochemistry,FOR,3403,Macromolecular and materials chemistry,group,False,constrained_lexical,0.0,constrained to groups within division(s) 34
OpenAlex,1603,Electrochemistry,FOR,3404,Medicinal and biomolecular chemistry,group,False,constrained_lexical,0.0,constrained to groups within division(s) 34
OpenAlex,1603,Electrochemistry,FOR,3405,Organic chemistry,group,False,constrained_lexical,0.0,constrained to groups within division(s) 34
OpenAlex,1603,Electrochemistry,FOR,3407,Theoretical and computational chemistry,group,False,constrained_lexical,0.0,constrained to groups within division(s) 34
OpenAlex,1603,Electrochemistry,FOR,3499,Other chemical sciences,group,False,constrained_lexical,0.0,constrained to groups within division(s) 34
OpenAlex,1604,Inorganic Chemistry,FOR,3401,Analytical chemistry,group,False,constrained_lexical,0.222,constrained to groups within division(s) 34
OpenAlex,1604,Inorganic Chemistry,FOR,3407,Theoretical and computational chemistry,group,False,constrained_lexical,0.243,constrained to groups within division(s) 34
OpenAlex,1604,Inorganic Chemistry,FOR,3404,Medicinal and biomolecular chemistry,group,False,constrained_lexical,0.243,constrained to groups within division(s) 34
OpenAlex,1604,Inorganic Chemistry,FOR,3499,Other chemical sciences,group,False,constrained_lexical,0.16,constrained to groups within division(s) 34
OpenAlex,1604,Inorganic Chemistry,FOR,3406,Physical chemistry,group,False,constrained_lexical,0.293,constrained to groups within division(s) 34
OpenAlex,1604,Inorganic Chemistry,FOR,3405,Organic chemistry,group,False,constrained_lexical,0.348,constrained to groups within division(s) 34
OpenAlex,1604,Inorganic Chemistry,FOR,3402,Inorganic chemistry,group,True,constrained_lexical,1.0,constrained to groups within division(s) 34
OpenAlex,1604,Inorganic Chemistry,FOR,3403,Macromolecular and materials chemistry,group,False,constrained_lexical,0.289,constrained to groups within division(s) 34
OpenAlex,1605,Organic Chemistry,FOR,3407,Theoretical and computational chemistry,group,False,constrained_lexical,0.243,constrained to groups within division(s) 34
OpenAlex,1605,Organic Chemistry,FOR,3404,Medicinal and biomolecular chemistry,group,False,constrained_lexical,0.343,constrained to groups within division(s) 34
OpenAlex,1605,Organic Chemistry,FOR,3402,Inorganic chemistry,group,False,constrained_lexical,0.346,constrained to groups within division(s) 34
OpenAlex,1605,Organic Chemistry,FOR,3499,Other chemical sciences,group,False,constrained_lexical,0.22,constrained to groups within division(s) 34
OpenAlex,1605,Organic Chemistry,FOR,3403,Macromolecular and materials chemistry,group,False,constrained_lexical,0.387,constrained to groups within division(s) 34
OpenAlex,1605,Organic Chemistry,FOR,3406,Physical chemistry,group,False,constrained_lexical,0.441,constrained to groups within division(s) 34
OpenAlex,1605,Organic Chemistry,FOR,3405,Organic chemistry,group,True,constrained_lexical,1.0,constrained to groups within division(s) 34
OpenAlex,1605,Organic Chemistry,FOR,3401,Analytical chemistry,group,False,constrained_lexical,0.352,constrained to groups within division(s) 34
OpenAlex,1606,Physical and Theoretical Chemistry,FOR,3406,Physical chemistry,group,True,constrained_lexical,0.583,constrained to groups within division(s) 34
OpenAlex,1606,Physical and Theoretical Chemistry,FOR,3407,Theoretical and computational chemistry,group,False,constrained_lexical,0.45,constrained to groups within division(s) 34
OpenAlex,1606,Physical and Theoretical Chemistry,FOR,3402,Inorganic chemistry,group,False,constrained_lexical,0.24,constrained to groups within division(s) 34
OpenAlex,1606,Physical and Theoretical Chemistry,FOR,3405,Organic chemistry,group,False,constrained_lexical,0.217,constrained to groups within division(s) 34
OpenAlex,1606,Physical and Theoretical Chemistry,FOR,3403,Macromolecular and materials chemistry,group,False,constrained_lexical,0.209,constrained to groups within division(s) 34
OpenAlex,1606,Physical and Theoretical Chemistry,FOR,3401,Analytical chemistry,group,False,constrained_lexical,0.208,constrained to groups within division(s) 34
OpenAlex,1606,Physical and Theoretical Chemistry,FOR,3404,Medicinal and biomolecular chemistry,group,False,constrained_lexical,0.161,constrained to groups within division(s) 34
OpenAlex,1606,Physical and Theoretical Chemistry,FOR,3499,Other chemical sciences,group,False,constrained_lexical,0.12,constrained to groups within division(s) 34
OpenAlex,1607,Spectroscopy,FOR,3407,Theoretical and computational chemistry,group,False,constrained_lexical,0.05,constrained to groups within division(s) 34
OpenAlex,1607,Spectroscopy,FOR,3499,Other chemical sciences,group,False,constrained_lexical,0.06,constrained to groups within division(s) 34
OpenAlex,1607,Spectroscopy,FOR,3405,Organic chemistry,group,False,constrained_lexical,0.074,constrained to groups within division(s) 34
OpenAlex,1607,Spectroscopy,FOR,3406,Physical chemistry,group,False,constrained_lexical,0.093,constrained to groups within division(s) 34
OpenAlex,1607,Spectroscopy,FOR,3404,Medicinal and biomolecular chemistry,group,False,constrained_lexical,0.1,constrained to groups within division(s) 34
OpenAlex,1607,Spectroscopy,FOR,3401,Analytical chemistry,group,False,constrained_lexical,0.13,constrained to groups within division(s) 34
OpenAlex,1607,Spectroscopy,FOR,3403,Macromolecular and materials chemistry,group,True,constrained_lexical,0.146,constrained to groups within division(s) 34
OpenAlex,1607,Spectroscopy,FOR,3402,Inorganic chemistry,group,False,constrained_lexical,0.098,constrained to groups within division(s) 34
OpenAlex,1702,Artificial Intelligence,FOR,4607,"Graphics, augmented reality and games",group,False,constrained_lexical,0.093,constrained to groups within division(s) 46
OpenAlex,1702,Artificial Intelligence,FOR,4610,Library and information studies,group,False,constrained_lexical,0.106,constrained to groups within division(s) 46
OpenAlex,1702,Artificial Intelligence,FOR,4608,Human-centred computing,group,False,constrained_lexical,0.113,constrained to groups within division(s) 46
OpenAlex,1702,Artificial Intelligence,FOR,4699,Other information and computing sciences,group,False,constrained_lexical,0.15,constrained to groups within division(s) 46
OpenAlex,1702,Artificial Intelligence,FOR,4606,Distributed computing and systems software,group,False,constrained_lexical,0.167,constrained to groups within division(s) 46
OpenAlex,1702,Artificial Intelligence,FOR,4601,Applied computing,group,False,constrained_lexical,0.196,constrained to groups within division(s) 46
OpenAlex,1702,Artificial Intelligence,FOR,4609,Information systems,group,False,constrained_lexical,0.183,constrained to groups within division(s) 46
OpenAlex,1702,Artificial Intelligence,FOR,4612,Software engineering,group,False,constrained_lexical,0.224,constrained to groups within division(s) 46
OpenAlex,1702,Artificial Intelligence,FOR,4605,Data management and data science,group,False,constrained_lexical,0.247,constrained to groups within division(s) 46
OpenAlex,1702,Artificial Intelligence,FOR,4613,Theory of computation,group,False,constrained_lexical,0.317,constrained to groups within division(s) 46
OpenAlex,1702,Artificial Intelligence,FOR,4604,Cybersecurity and privacy,group,False,constrained_lexical,0.325,constrained to groups within division(s) 46
OpenAlex,1702,Artificial Intelligence,FOR,4611,Machine learning,group,False,constrained_lexical,0.333,constrained to groups within division(s) 46
OpenAlex,1702,Artificial Intelligence,FOR,4602,Artificial intelligence,group,True,constrained_lexical,1.0,constrained to groups within division(s) 46
OpenAlex,1702,Artificial Intelligence,FOR,4603,Computer vision and multimedia computation,group,False,constrained_lexical,0.204,constrained to groups within division(s) 46
OpenAlex,1703,Computational Theory and Mathematics,FOR,4602,Artificial intelligence,group,False,constrained_lexical,0.151,constrained to groups within division(s) 46
OpenAlex,1703,Computational Theory and Mathematics,FOR,4610,Library and information studies,group,False,constrained_lexical,0.021,constrained to groups within division(s) 46
OpenAlex,1703,Computational Theory and Mathematics,FOR,4611,Machine learning,group,False,constrained_lexical,0.0,constrained to groups within division(s) 46
OpenAlex,1703,Computational Theory and Mathematics,FOR,4607,"Graphics, augmented reality and games",group,False,constrained_lexical,0.072,constrained to groups within division(s) 46
OpenAlex,1703,Computational Theory and Mathematics,FOR,4609,Information systems,group,False,constrained_lexical,0.098,constrained to groups within division(s) 46
OpenAlex,1703,Computational Theory and Mathematics,FOR,4604,Cybersecurity and privacy,group,False,constrained_lexical,0.1,constrained to groups within division(s) 46
OpenAlex,1703,Computational Theory and Mathematics,FOR,4606,Distributed computing and systems software,group,False,constrained_lexical,0.162,constrained to groups within division(s) 46
OpenAlex,1703,Computational Theory and Mathematics,FOR,4699,Other information and computing sciences,group,False,constrained_lexical,0.268,constrained to groups within division(s) 46
OpenAlex,1703,Computational Theory and Mathematics,FOR,4608,Human-centred computing,group,False,constrained_lexical,0.182,constrained to groups within division(s) 46
OpenAlex,1703,Computational Theory and Mathematics,FOR,4612,Software engineering,group,False,constrained_lexical,0.184,constrained to groups within division(s) 46
OpenAlex,1703,Computational Theory and Mathematics,FOR,4601,Applied computing,group,False,constrained_lexical,0.214,constrained to groups within division(s) 46
OpenAlex,1703,Computational Theory and Mathematics,FOR,4603,Computer vision and multimedia computation,group,False,constrained_lexical,0.23,constrained to groups within division(s) 46
OpenAlex,1703,Computational Theory and Mathematics,FOR,4613,Theory of computation,group,True,constrained_lexical,0.65,constrained to groups within division(s) 46
OpenAlex,1703,Computational Theory and Mathematics,FOR,4605,Data management and data science,group,False,constrained_lexical,0.178,constrained to groups within division(s) 46
OpenAlex,1704,Computer Graphics and Computer-Aided Design,FOR,4605,Data management and data science,group,False,constrained_lexical,0.091,constrained to groups within division(s) 46
OpenAlex,1704,Computer Graphics and Computer-Aided Design,FOR,4610,Library and information studies,group,False,constrained_lexical,0.03,constrained to groups within division(s) 46
OpenAlex,1704,Computer Graphics and Computer-Aided Design,FOR,4612,Software engineering,group,False,constrained_lexical,0.061,constrained to groups within division(s) 46
OpenAlex,1704,Computer Graphics and Computer-Aided Design,FOR,4609,Information systems,group,False,constrained_lexical,0.061,constrained to groups within division(s) 46
OpenAlex,1704,Computer Graphics and Computer-Aided Design,FOR,4602,Artificial intelligence,group,False,constrained_lexical,0.061,constrained to groups within division(s) 46
OpenAlex,1704,Computer Graphics and Computer-Aided Design,FOR,4604,Cybersecurity and privacy,group,False,constrained_lexical,0.091,constrained to groups within division(s) 46
OpenAlex,1704,Computer Graphics and Computer-Aided Design,FOR,4611,Machine learning,group,False,constrained_lexical,0.033,constrained to groups within division(s) 46
OpenAlex,1704,Computer Graphics and Computer-Aided Design,FOR,4613,Theory of computation,group,False,constrained_lexical,0.13,constrained to groups within division(s) 46
OpenAlex,1704,Computer Graphics and Computer-Aided Design,FOR,4601,Applied computing,group,False,constrained_lexical,0.161,constrained to groups within division(s) 46
OpenAlex,1704,Computer Graphics and Computer-Aided Design,FOR,4606,Distributed computing and systems software,group,False,constrained_lexical,0.162,constrained to groups within division(s) 46
OpenAlex,1704,Computer Graphics and Computer-Aided Design,FOR,4603,Computer vision and multimedia computation,group,False,constrained_lexical,0.168,constrained to groups within division(s) 46
OpenAlex,1704,Computer Graphics and Computer-Aided Design,FOR,4608,Human-centred computing,group,False,constrained_lexical,0.235,constrained to groups within division(s) 46
OpenAlex,1704,Computer Graphics and Computer-Aided Design,FOR,4699,Other information and computing sciences,group,False,constrained_lexical,0.105,constrained to groups within division(s) 46
OpenAlex,1704,Computer Graphics and Computer-Aided Design,FOR,4607,"Graphics, augmented reality and games",group,True,constrained_lexical,0.374,constrained to groups within division(s) 46
OpenAlex,1705,Computer Networks and Communications,FOR,4607,"Graphics, augmented reality and games",group,False,constrained_lexical,0.072,constrained to groups within division(s) 46
OpenAlex,1705,Computer Networks and Communications,FOR,4612,Software engineering,group,False,constrained_lexical,0.082,constrained to groups within division(s) 46
OpenAlex,1705,Computer Networks and Communications,FOR,4610,Library and information studies,group,False,constrained_lexical,0.106,constrained to groups within division(s) 46
OpenAlex,1705,Computer Networks and Communications,FOR,4609,Information systems,group,False,constrained_lexical,0.11,constrained to groups within division(s) 46
OpenAlex,1705,Computer Networks and Communications,FOR,4602,Artificial intelligence,group,False,constrained_lexical,0.151,constrained to groups within division(s) 46
OpenAlex,1705,Computer Networks and Communications,FOR,4699,Other information and computing sciences,group,False,constrained_lexical,0.193,constrained to groups within division(s) 46
OpenAlex,1705,Computer Networks and Communications,FOR,4605,Data management and data science,group,False,constrained_lexical,0.205,constrained to groups within division(s) 46
OpenAlex,1705,Computer Networks and Communications,FOR,4608,Human-centred computing,group,False,constrained_lexical,0.224,constrained to groups within division(s) 46
OpenAlex,1705,Computer Networks and Communications,FOR,4611,Machine learning,group,False,constrained_lexical,0.267,constrained to groups within division(s) 46
OpenAlex,1705,Computer Networks and Communications,FOR,4603,Computer vision and multimedia computation,group,False,constrained_lexical,0.267,constrained to groups within division(s) 46
OpenAlex,1705,Computer Networks and Communications,FOR,4601,Applied computing,group,False,constrained_lexical,0.268,constrained to groups within division(s) 46
OpenAlex,1705,Computer Networks and Communications,FOR,4604,Cybersecurity and privacy,group,False,constrained_lexical,0.275,constrained to groups within division(s) 46
OpenAlex,1705,Computer Networks and Communications,FOR,4613,Theory of computation,group,False,constrained_lexical,0.314,constrained to groups within division(s) 46
OpenAlex,1705,Computer Networks and Communications,FOR,4606,Distributed computing and systems software,group,True,constrained_lexical,0.389,constrained to groups within division(s) 46
OpenAlex,1706,Computer Science Applications,FOR,4610,Library and information studies,group,False,constrained_lexical,0.064,constrained to groups within division(s) 46
OpenAlex,1706,Computer Science Applications,FOR,4611,Machine learning,group,False,constrained_lexical,0.067,constrained to groups within division(s) 46
OpenAlex,1706,Computer Science Applications,FOR,4605,Data management and data science,group,False,constrained_lexical,0.067,constrained to groups within division(s) 46
OpenAlex,1706,Computer Science Applications,FOR,4602,Artificial intelligence,group,False,constrained_lexical,0.067,constrained to groups within division(s) 46
OpenAlex,1706,Computer Science Applications,FOR,4612,Software engineering,group,False,constrained_lexical,0.082,constrained to groups within division(s) 46
OpenAlex,1706,Computer Science Applications,FOR,4609,Information systems,group,False,constrained_lexical,0.1,constrained to groups within division(s) 46
OpenAlex,1706,Computer Science Applications,FOR,4607,"Graphics, augmented reality and games",group,False,constrained_lexical,0.05,constrained to groups within division(s) 46
OpenAlex,1706,Computer Science Applications,FOR,4699,Other information and computing sciences,group,False,constrained_lexical,0.135,constrained to groups within division(s) 46
OpenAlex,1706,Computer Science Applications,FOR,4603,Computer vision and multimedia computation,group,False,constrained_lexical,0.199,constrained to groups within division(s) 46
OpenAlex,1706,Computer Science Applications,FOR,4608,Human-centred computing,group,False,constrained_lexical,0.21,constrained to groups within division(s) 46
OpenAlex,1706,Computer Science Applications,FOR,4606,Distributed computing and systems software,group,False,constrained_lexical,0.211,constrained to groups within division(s) 46
OpenAlex,1706,Computer Science Applications,FOR,4613,Theory of computation,group,False,constrained_lexical,0.249,constrained to groups within division(s) 46
OpenAlex,1706,Computer Science Applications,FOR,4601,Applied computing,group,True,constrained_lexical,0.607,constrained to groups within division(s) 46
OpenAlex,1706,Computer Science Applications,FOR,4604,Cybersecurity and privacy,group,False,constrained_lexical,0.125,constrained to groups within division(s) 46
OpenAlex,1707,Computer Vision and Pattern Recognition,FOR,4610,Library and information studies,group,False,constrained_lexical,0.085,constrained to groups within division(s) 46
OpenAlex,1707,Computer Vision and Pattern Recognition,FOR,4612,Software engineering,group,False,constrained_lexical,0.102,constrained to groups within division(s) 46
OpenAlex,1707,Computer Vision and Pattern Recognition,FOR,4699,Other information and computing sciences,group,False,constrained_lexical,0.108,constrained to groups within division(s) 46
OpenAlex,1707,Computer Vision and Pattern Recognition,FOR,4605,Data management and data science,group,False,constrained_lexical,0.123,constrained to groups within division(s) 46
OpenAlex,1707,Computer Vision and Pattern Recognition,FOR,4602,Artificial intelligence,group,False,constrained_lexical,0.164,constrained to groups within division(s) 46
OpenAlex,1707,Computer Vision and Pattern Recognition,FOR,4604,Cybersecurity and privacy,group,False,constrained_lexical,0.175,constrained to groups within division(s) 46
OpenAlex,1707,Computer Vision and Pattern Recognition,FOR,4609,Information systems,group,False,constrained_lexical,0.061,constrained to groups within division(s) 46
OpenAlex,1707,Computer Vision and Pattern Recognition,FOR,4606,Distributed computing and systems software,group,False,constrained_lexical,0.184,constrained to groups within division(s) 46
OpenAlex,1707,Computer Vision and Pattern Recognition,FOR,4601,Applied computing,group,False,constrained_lexical,0.2,constrained to groups within division(s) 46
OpenAlex,1707,Computer Vision and Pattern Recognition,FOR,4608,Human-centred computing,group,False,constrained_lexical,0.204,constrained to groups within division(s) 46
OpenAlex,1707,Computer Vision and Pattern Recognition,FOR,4613,Theory of computation,group,False,constrained_lexical,0.233,constrained to groups within division(s) 46
OpenAlex,1707,Computer Vision and Pattern Recognition,FOR,4611,Machine learning,group,False,constrained_lexical,0.3,constrained to groups within division(s) 46
OpenAlex,1707,Computer Vision and Pattern Recognition,FOR,4603,Computer vision and multimedia computation,group,True,constrained_lexical,0.689,constrained to groups within division(s) 46
OpenAlex,1707,Computer Vision and Pattern Recognition,FOR,4607,"Graphics, augmented reality and games",group,False,constrained_lexical,0.175,constrained to groups within division(s) 46
OpenAlex,1708,Hardware and Architecture,FOR,4610,Library and information studies,group,False,constrained_lexical,0.0,constrained to groups within division(s) 46
OpenAlex,1708,Hardware and Architecture,FOR,4613,Theory of computation,group,False,constrained_lexical,0.024,constrained to groups within division(s) 46
OpenAlex,1708,Hardware and Architecture,FOR,4601,Applied computing,group,False,constrained_lexical,0.054,constrained to groups within division(s) 46
OpenAlex,1708,Hardware and Architecture,FOR,4609,Information systems,group,False,constrained_lexical,0.062,constrained to groups within division(s) 46
OpenAlex,1708,Hardware and Architecture,FOR,4608,Human-centred computing,group,False,constrained_lexical,0.062,constrained to groups within division(s) 46
OpenAlex,1708,Hardware and Architecture,FOR,4602,Artificial intelligence,group,False,constrained_lexical,0.062,constrained to groups within division(s) 46
OpenAlex,1708,Hardware and Architecture,FOR,4611,Machine learning,group,False,constrained_lexical,0.067,constrained to groups within division(s) 46
OpenAlex,1708,Hardware and Architecture,FOR,4603,Computer vision and multimedia computation,group,False,constrained_lexical,0.074,constrained to groups within division(s) 46
OpenAlex,1708,Hardware and Architecture,FOR,4605,Data management and data science,group,False,constrained_lexical,0.078,constrained to groups within division(s) 46
OpenAlex,1708,Hardware and Architecture,FOR,4612,Software engineering,group,False,constrained_lexical,0.102,constrained to groups within division(s) 46
OpenAlex,1708,Hardware and Architecture,FOR,4607,"Graphics, augmented reality and games",group,False,constrained_lexical,0.109,constrained to groups within division(s) 46
OpenAlex,1708,Hardware and Architecture,FOR,4604,Cybersecurity and privacy,group,False,constrained_lexical,0.15,constrained to groups within division(s) 46
OpenAlex,1708,Hardware and Architecture,FOR,4606,Distributed computing and systems software,group,True,constrained_lexical,0.172,constrained to groups within division(s) 46
OpenAlex,1708,Hardware and Architecture,FOR,4699,Other information and computing sciences,group,False,constrained_lexical,0.075,constrained to groups within division(s) 46
OpenAlex,1709,Human-Computer Interaction,FOR,4602,Artificial intelligence,group,False,constrained_lexical,0.071,constrained to groups within division(s) 46
OpenAlex,1709,Human-Computer Interaction,FOR,4611,Machine learning,group,False,constrained_lexical,0.033,constrained to groups within division(s) 46
OpenAlex,1709,Human-Computer Interaction,FOR,4605,Data management and data science,group,False,constrained_lexical,0.036,constrained to groups within division(s) 46
OpenAlex,1709,Human-Computer Interaction,FOR,4612,Software engineering,group,False,constrained_lexical,0.061,constrained to groups within division(s) 46
OpenAlex,1709,Human-Computer Interaction,FOR,4609,Information systems,group,False,constrained_lexical,0.071,constrained to groups within division(s) 46
OpenAlex,1709,Human-Computer Interaction,FOR,4604,Cybersecurity and privacy,group,False,constrained_lexical,0.1,constrained to groups within division(s) 46
OpenAlex,1709,Human-Computer Interaction,FOR,4610,Library and information studies,group,False,constrained_lexical,0.085,constrained to groups within division(s) 46
OpenAlex,1709,Human-Computer Interaction,FOR,4607,"Graphics, augmented reality and games",group,False,constrained_lexical,0.143,constrained to groups within division(s) 46
OpenAlex,1709,Human-Computer Interaction,FOR,4699,Other information and computing sciences,group,False,constrained_lexical,0.118,constrained to groups within division(s) 46
OpenAlex,1709,Human-Computer Interaction,FOR,4603,Computer vision and multimedia computation,group,False,constrained_lexical,0.174,constrained to groups within division(s) 46
OpenAlex,1709,Human-Computer Interaction,FOR,4613,Theory of computation,group,False,constrained_lexical,0.192,constrained to groups within division(s) 46
OpenAlex,1709,Human-Computer Interaction,FOR,4606,Distributed computing and systems software,group,False,constrained_lexical,0.198,constrained to groups within division(s) 46
OpenAlex,1709,Human-Computer Interaction,FOR,4601,Applied computing,group,False,constrained_lexical,0.214,constrained to groups within division(s) 46
OpenAlex,1709,Human-Computer Interaction,FOR,4608,Human-centred computing,group,True,constrained_lexical,0.375,constrained to groups within division(s) 46
OpenAlex,1710,Information Systems,FOR,4608,Human-centred computing,group,False,constrained_lexical,0.127,constrained to groups within division(s) 46
OpenAlex,1710,Information Systems,FOR,4613,Theory of computation,group,False,constrained_lexical,0.146,constrained to groups within division(s) 46
OpenAlex,1710,Information Systems,FOR,4603,Computer vision and multimedia computation,group,False,constrained_lexical,0.148,constrained to groups within division(s) 46
OpenAlex,1710,Information Systems,FOR,4601,Applied computing,group,False,constrained_lexical,0.161,constrained to groups within division(s) 46
OpenAlex,1710,Information Systems,FOR,4611,Machine learning,group,False,constrained_lexical,0.167,constrained to groups within division(s) 46
OpenAlex,1710,Information Systems,FOR,4602,Artificial intelligence,group,False,constrained_lexical,0.192,constrained to groups within division(s) 46
OpenAlex,1710,Information Systems,FOR,4607,"Graphics, augmented reality and games",group,False,constrained_lexical,0.082,constrained to groups within division(s) 46
OpenAlex,1710,Information Systems,FOR,4612,Software engineering,group,False,constrained_lexical,0.224,constrained to groups within division(s) 46
OpenAlex,1710,Information Systems,FOR,4605,Data management and data science,group,False,constrained_lexical,0.26,constrained to groups within division(s) 46
OpenAlex,1710,Information Systems,FOR,4606,Distributed computing and systems software,group,False,constrained_lexical,0.373,constrained to groups within division(s) 46
OpenAlex,1710,Information Systems,FOR,4604,Cybersecurity and privacy,group,False,constrained_lexical,0.375,constrained to groups within division(s) 46
OpenAlex,1710,Information Systems,FOR,4610,Library and information studies,group,False,constrained_lexical,0.477,constrained to groups within division(s) 46
OpenAlex,1710,Information Systems,FOR,4609,Information systems,group,True,constrained_lexical,1.0,constrained to groups within division(s) 46
OpenAlex,1710,Information Systems,FOR,4699,Other information and computing sciences,group,False,constrained_lexical,0.21,constrained to groups within division(s) 46
OpenAlex,1711,Signal Processing,FOR,4699,Other information and computing sciences,group,False,constrained_lexical,0.0,constrained to groups within division(s) 46
OpenAlex,1711,Signal Processing,FOR,4608,Human-centred computing,group,False,constrained_lexical,0.015,constrained to groups within division(s) 46
OpenAlex,1711,Signal Processing,FOR,4610,Library and information studies,group,False,constrained_lexical,0.021,constrained to groups within division(s) 46
OpenAlex,1711,Signal Processing,FOR,4606,Distributed computing and systems software,group,False,constrained_lexical,0.029,constrained to groups within division(s) 46
OpenAlex,1711,Signal Processing,FOR,4602,Artificial intelligence,group,False,constrained_lexical,0.029,constrained to groups within division(s) 46
OpenAlex,1711,Signal Processing,FOR,4611,Machine learning,group,False,constrained_lexical,0.033,constrained to groups within division(s) 46
OpenAlex,1711,Signal Processing,FOR,4601,Applied computing,group,False,constrained_lexical,0.036,constrained to groups within division(s) 46
OpenAlex,1711,Signal Processing,FOR,4612,Software engineering,group,False,constrained_lexical,0.041,constrained to groups within division(s) 46
OpenAlex,1711,Signal Processing,FOR,4605,Data management and data science,group,False,constrained_lexical,0.059,constrained to groups within division(s) 46
OpenAlex,1711,Signal Processing,FOR,4607,"Graphics, augmented reality and games",group,False,constrained_lexical,0.074,constrained to groups within division(s) 46
OpenAlex,1711,Signal Processing,FOR,4613,Theory of computation,group,False,constrained_lexical,0.098,constrained to groups within division(s) 46
OpenAlex,1711,Signal Processing,FOR,4604,Cybersecurity and privacy,group,False,constrained_lexical,0.1,constrained to groups within division(s) 46
OpenAlex,1711,Signal Processing,FOR,4603,Computer vision and multimedia computation,group,True,constrained_lexical,0.167,constrained to groups within division(s) 46
OpenAlex,1711,Signal Processing,FOR,4609,Information systems,group,False,constrained_lexical,0.059,constrained to groups within division(s) 46
OpenAlex,1712,Software,FOR,4613,Theory of computation,group,False,constrained_lexical,0.086,constrained to groups within division(s) 46
OpenAlex,1712,Software,FOR,4611,Machine learning,group,False,constrained_lexical,0.033,constrained to groups within division(s) 46
OpenAlex,1712,Software,FOR,4610,Library and information studies,group,False,constrained_lexical,0.029,constrained to groups within division(s) 46
OpenAlex,1712,Software,FOR,4607,"Graphics, augmented reality and games",group,False,constrained_lexical,0.057,constrained to groups within division(s) 46
OpenAlex,1712,Software,FOR,4602,Artificial intelligence,group,False,constrained_lexical,0.057,constrained to groups within division(s) 46
OpenAlex,1712,Software,FOR,4601,Applied computing,group,False,constrained_lexical,0.057,constrained to groups within division(s) 46
OpenAlex,1712,Software,FOR,4608,Human-centred computing,group,False,constrained_lexical,0.086,constrained to groups within division(s) 46
OpenAlex,1712,Software,FOR,4606,Distributed computing and systems software,group,False,constrained_lexical,0.229,constrained to groups within division(s) 46
OpenAlex,1712,Software,FOR,4603,Computer vision and multimedia computation,group,False,constrained_lexical,0.086,constrained to groups within division(s) 46
OpenAlex,1712,Software,FOR,4609,Information systems,group,False,constrained_lexical,0.114,constrained to groups within division(s) 46
OpenAlex,1712,Software,FOR,4605,Data management and data science,group,False,constrained_lexical,0.114,constrained to groups within division(s) 46
OpenAlex,1712,Software,FOR,4699,Other information and computing sciences,group,False,constrained_lexical,0.15,constrained to groups within division(s) 46
OpenAlex,1712,Software,FOR,4612,Software engineering,group,True,constrained_lexical,0.562,constrained to groups within division(s) 46
OpenAlex,1712,Software,FOR,4604,Cybersecurity and privacy,group,False,constrained_lexical,0.086,constrained to groups within division(s) 46
OpenAlex,1800,General Decision Sciences,FOR,4999,Other mathematical sciences,group,False,constrained_lexical,0.0,"constrained to groups within division(s) 49,35"
OpenAlex,1800,General Decision Sciences,FOR,4905,Statistics,group,False,constrained_lexical,0.0,"constrained to groups within division(s) 49,35"
OpenAlex,1800,General Decision Sciences,FOR,4903,Numerical and computational mathematics,group,False,constrained_lexical,0.0,"constrained to groups within division(s) 49,35"
OpenAlex,1800,General Decision Sciences,FOR,4901,Applied mathematics,group,False,constrained_lexical,0.0,"constrained to groups within division(s) 49,35"
OpenAlex,1800,General Decision Sciences,FOR,3599,"Other commerce, management, tourism and services",group,False,constrained_lexical,0.0,"constrained to groups within division(s) 49,35"
OpenAlex,1800,General Decision Sciences,FOR,3509,"Transportation, logistics and supply chains",group,False,constrained_lexical,0.0,"constrained to groups within division(s) 49,35"
OpenAlex,1800,General Decision Sciences,FOR,3504,Commercial services,group,False,constrained_lexical,0.0,"constrained to groups within division(s) 49,35"
OpenAlex,1800,General Decision Sciences,FOR,3503,Business systems in context,group,False,constrained_lexical,0.0,"constrained to groups within division(s) 49,35"
OpenAlex,1800,General Decision Sciences,FOR,4904,Pure mathematics,group,False,constrained_lexical,0.056,"constrained to groups within division(s) 49,35"
OpenAlex,1800,General Decision Sciences,FOR,4902,Mathematical physics,group,False,constrained_lexical,0.056,"constrained to groups within division(s) 49,35"
OpenAlex,1800,General Decision Sciences,FOR,3508,Tourism,group,False,constrained_lexical,0.056,"constrained to groups within division(s) 49,35"
OpenAlex,1800,General Decision Sciences,FOR,3505,Human resources and industrial relations,group,False,constrained_lexical,0.056,"constrained to groups within division(s) 49,35"
OpenAlex,1800,General Decision Sciences,FOR,3502,"Banking, finance and investment",group,False,constrained_lexical,0.056,"constrained to groups within division(s) 49,35"
OpenAlex,1800,General Decision Sciences,FOR,3507,"Strategy, management and organisational behaviour",group,False,constrained_lexical,0.111,"constrained to groups within division(s) 49,35"
OpenAlex,1800,General Decision Sciences,FOR,3506,Marketing,group,True,constrained_lexical,0.111,"constrained to groups within division(s) 49,35"
OpenAlex,1800,General Decision Sciences,FOR,3501,"Accounting, auditing and accountability",group,False,constrained_lexical,0.0,"constrained to groups within division(s) 49,35"
OpenAlex,1802,Information Systems and Management,FOR,4901,Applied mathematics,group,False,constrained_lexical,0.057,"constrained to groups within division(s) 49,35"
OpenAlex,1802,Information Systems and Management,FOR,4999,Other mathematical sciences,group,False,constrained_lexical,0.0,"constrained to groups within division(s) 49,35"
OpenAlex,1802,Information Systems and Management,FOR,4904,Pure mathematics,group,False,constrained_lexical,0.024,"constrained to groups within division(s) 49,35"
OpenAlex,1802,Information Systems and Management,FOR,3509,"Transportation, logistics and supply chains",group,False,constrained_lexical,0.027,"constrained to groups within division(s) 49,35"
OpenAlex,1802,Information Systems and Management,FOR,3504,Commercial services,group,False,constrained_lexical,0.028,"constrained to groups within division(s) 49,35"
OpenAlex,1802,Information Systems and Management,FOR,4902,Mathematical physics,group,False,constrained_lexical,0.033,"constrained to groups within division(s) 49,35"
OpenAlex,1802,Information Systems and Management,FOR,3502,"Banking, finance and investment",group,False,constrained_lexical,0.054,"constrained to groups within division(s) 49,35"
OpenAlex,1802,Information Systems and Management,FOR,3501,"Accounting, auditing and accountability",group,False,constrained_lexical,0.067,"constrained to groups within division(s) 49,35"
OpenAlex,1802,Information Systems and Management,FOR,3599,"Other commerce, management, tourism and services",group,False,constrained_lexical,0.065,"constrained to groups within division(s) 49,35"
OpenAlex,1802,Information Systems and Management,FOR,3506,Marketing,group,False,constrained_lexical,0.073,"constrained to groups within division(s) 49,35"
OpenAlex,1802,Information Systems and Management,FOR,4903,Numerical and computational mathematics,group,False,constrained_lexical,0.087,"constrained to groups within division(s) 49,35"
OpenAlex,1802,Information Systems and Management,FOR,4905,Statistics,group,False,constrained_lexical,0.115,"constrained to groups within division(s) 49,35"
OpenAlex,1802,Information Systems and Management,FOR,3505,Human resources and industrial relations,group,False,constrained_lexical,0.125,"constrained to groups within division(s) 49,35"
OpenAlex,1802,Information Systems and Management,FOR,3508,Tourism,group,False,constrained_lexical,0.154,"constrained to groups within division(s) 49,35"
OpenAlex,1802,Information Systems and Management,FOR,3507,"Strategy, management and organisational behaviour",group,False,constrained_lexical,0.175,"constrained to groups within division(s) 49,35"
OpenAlex,1802,Information Systems and Management,FOR,3503,Business systems in context,group,False,constrained_lexical,0.401,"constrained to groups within division(s) 49,35"
OpenAlex,1802,Information Systems and Management,FOR,4609,Information systems,group,True,constrained_lexical,0.734,"constrained to groups within division(s) 49,35"
OpenAlex,1803,Management Science and Operations Research,FOR,4999,Other mathematical sciences,group,False,constrained_lexical,0.0,"constrained to groups within division(s) 49,35"
OpenAlex,1803,Management Science and Operations Research,FOR,3509,"Transportation, logistics and supply chains",group,False,constrained_lexical,0.027,"constrained to groups within division(s) 49,35"
OpenAlex,1803,Management Science and Operations Research,FOR,3504,Commercial services,group,False,constrained_lexical,0.028,"constrained to groups within division(s) 49,35"
OpenAlex,1803,Management Science and Operations Research,FOR,4902,Mathematical physics,group,False,constrained_lexical,0.033,"constrained to groups within division(s) 49,35"
OpenAlex,1803,Management Science and Operations Research,FOR,3599,"Other commerce, management, tourism and services",group,False,constrained_lexical,0.065,"constrained to groups within division(s) 49,35"
OpenAlex,1803,Management Science and Operations Research,FOR,4904,Pure mathematics,group,False,constrained_lexical,0.082,"constrained to groups within division(s) 49,35"
OpenAlex,1803,Management Science and Operations Research,FOR,3501,"Accounting, auditing and accountability",group,False,constrained_lexical,0.1,"constrained to groups within division(s) 49,35"
OpenAlex,1803,Management Science and Operations Research,FOR,3505,Human resources and industrial relations,group,False,constrained_lexical,0.125,"constrained to groups within division(s) 49,35"
OpenAlex,1803,Management Science and Operations Research,FOR,3502,"Banking, finance and investment",group,False,constrained_lexical,0.135,"constrained to groups within division(s) 49,35"
OpenAlex,1803,Management Science and Operations Research,FOR,3506,Marketing,group,False,constrained_lexical,0.164,"constrained to groups within division(s) 49,35"
OpenAlex,1803,Management Science and Operations Research,FOR,4905,Statistics,group,False,constrained_lexical,0.192,"constrained to groups within division(s) 49,35"
OpenAlex,1803,Management Science and Operations Research,FOR,4901,Applied mathematics,group,False,constrained_lexical,0.208,"constrained to groups within division(s) 49,35"
OpenAlex,1803,Management Science and Operations Research,FOR,3503,Business systems in context,group,False,constrained_lexical,0.258,"constrained to groups within division(s) 49,35"
OpenAlex,1803,Management Science and Operations Research,FOR,3508,Tourism,group,False,constrained_lexical,0.269,"constrained to groups within division(s) 49,35"
OpenAlex,1803,Management Science and Operations Research,FOR,3507,"Strategy, management and organisational behaviour",group,True,constrained_lexical,0.33,"constrained to groups within division(s) 49,35"
OpenAlex,1803,Management Science and Operations Research,FOR,4903,Numerical and computational mathematics,group,False,constrained_lexical,0.174,"constrained to groups within division(s) 49,35"
OpenAlex,1804,"Statistics, Probability and Uncertainty",FOR,3508,Tourism,group,False,constrained_lexical,0.0,"constrained to groups within division(s) 49,35"
OpenAlex,1804,"Statistics, Probability and Uncertainty",FOR,3504,Commercial services,group,False,constrained_lexical,0.0,"constrained to groups within division(s) 49,35"
OpenAlex,1804,"Statistics, Probability and Uncertainty",FOR,3501,"Accounting, auditing and accountability",group,False,constrained_lexical,0.0,"constrained to groups within division(s) 49,35"
OpenAlex,1804,"Statistics, Probability and Uncertainty",FOR,3509,"Transportation, logistics and supply chains",group,False,constrained_lexical,0.0,"constrained to groups within division(s) 49,35"
OpenAlex,1804,"Statistics, Probability and Uncertainty",FOR,4999,Other mathematical sciences,group,False,constrained_lexical,0.0,"constrained to groups within division(s) 49,35"
OpenAlex,1804,"Statistics, Probability and Uncertainty",FOR,3507,"Strategy, management and organisational behaviour",group,False,constrained_lexical,0.016,"constrained to groups within division(s) 49,35"
OpenAlex,1804,"Statistics, Probability and Uncertainty",FOR,3599,"Other commerce, management, tourism and services",group,False,constrained_lexical,0.0,"constrained to groups within division(s) 49,35"
OpenAlex,1804,"Statistics, Probability and Uncertainty",FOR,3505,Human resources and industrial relations,group,False,constrained_lexical,0.021,"constrained to groups within division(s) 49,35"
OpenAlex,1804,"Statistics, Probability and Uncertainty",FOR,3502,"Banking, finance and investment",group,False,constrained_lexical,0.027,"constrained to groups within division(s) 49,35"
OpenAlex,1804,"Statistics, Probability and Uncertainty",FOR,4904,Pure mathematics,group,False,constrained_lexical,0.033,"constrained to groups within division(s) 49,35"
OpenAlex,1804,"Statistics, Probability and Uncertainty",FOR,4902,Mathematical physics,group,False,constrained_lexical,0.033,"constrained to groups within division(s) 49,35"
OpenAlex,1804,"Statistics, Probability and Uncertainty",FOR,3506,Marketing,group,False,constrained_lexical,0.036,"constrained to groups within division(s) 49,35"
OpenAlex,1804,"Statistics, Probability and Uncertainty",FOR,4903,Numerical and computational mathematics,group,False,constrained_lexical,0.043,"constrained to groups within division(s) 49,35"
OpenAlex,1804,"Statistics, Probability and Uncertainty",FOR,4901,Applied mathematics,group,False,constrained_lexical,0.057,"constrained to groups within division(s) 49,35"
OpenAlex,1804,"Statistics, Probability and Uncertainty",FOR,3503,Business systems in context,group,False,constrained_lexical,0.065,"constrained to groups within division(s) 49,35"
OpenAlex,1804,"Statistics, Probability and Uncertainty",FOR,4905,Statistics,group,True,constrained_lexical,0.277,"constrained to groups within division(s) 49,35"
OpenAlex,1902,Atmospheric Science,FOR,3706,Geophysics,group,False,constrained_lexical,0.0,constrained to groups within division(s) 37
OpenAlex,1902,Atmospheric Science,FOR,3705,Geology,group,False,constrained_lexical,0.032,constrained to groups within division(s) 37
OpenAlex,1902,Atmospheric Science,FOR,3707,Hydrology,group,False,constrained_lexical,0.056,constrained to groups within division(s) 37
OpenAlex,1902,Atmospheric Science,FOR,3709,Physical geography and environmental geoscience,group,False,constrained_lexical,0.088,constrained to groups within division(s) 37
OpenAlex,1902,Atmospheric Science,FOR,3703,Geochemistry,group,False,constrained_lexical,0.0,constrained to groups within division(s) 37
OpenAlex,1902,Atmospheric Science,FOR,3704,Geoinformatics,group,False,constrained_lexical,0.091,constrained to groups within division(s) 37
OpenAlex,1902,Atmospheric Science,FOR,3799,Other earth sciences,group,False,constrained_lexical,0.18,constrained to groups within division(s) 37
OpenAlex,1902,Atmospheric Science,FOR,3702,Climate change science,group,False,constrained_lexical,0.188,constrained to groups within division(s) 37
OpenAlex,1902,Atmospheric Science,FOR,3701,Atmospheric sciences,group,True,constrained_lexical,1.0,constrained to groups within division(s) 37
OpenAlex,1902,Atmospheric Science,FOR,3708,Oceanography,group,False,constrained_lexical,0.091,constrained to groups within division(s) 37
OpenAlex,1904,Earth-Surface Processes,FOR,3708,Oceanography,group,False,constrained_lexical,0.0,constrained to groups within division(s) 37
OpenAlex,1904,Earth-Surface Processes,FOR,3706,Geophysics,group,False,constrained_lexical,0.0,constrained to groups within division(s) 37
OpenAlex,1904,Earth-Surface Processes,FOR,3703,Geochemistry,group,False,constrained_lexical,0.0,constrained to groups within division(s) 37
OpenAlex,1904,Earth-Surface Processes,FOR,3704,Geoinformatics,group,False,constrained_lexical,0.045,constrained to groups within division(s) 37
OpenAlex,1904,Earth-Surface Processes,FOR,3705,Geology,group,False,constrained_lexical,0.054,constrained to groups within division(s) 37
OpenAlex,1904,Earth-Surface Processes,FOR,3701,Atmospheric sciences,group,False,constrained_lexical,0.054,constrained to groups within division(s) 37
OpenAlex,1904,Earth-Surface Processes,FOR,3707,Hydrology,group,False,constrained_lexical,0.111,constrained to groups within division(s) 37
OpenAlex,1904,Earth-Surface Processes,FOR,3709,Physical geography and environmental geoscience,group,False,constrained_lexical,0.176,constrained to groups within division(s) 37
OpenAlex,1904,Earth-Surface Processes,FOR,3799,Other earth sciences,group,True,constrained_lexical,0.18,constrained to groups within division(s) 37
OpenAlex,1904,Earth-Surface Processes,FOR,3702,Climate change science,group,False,constrained_lexical,0.062,constrained to groups within division(s) 37
OpenAlex,1906,Geochemistry and Petrology,FOR,3702,Climate change science,group,False,constrained_lexical,0.0,constrained to groups within division(s) 37
OpenAlex,1906,Geochemistry and Petrology,FOR,3799,Other earth sciences,group,False,constrained_lexical,0.0,constrained to groups within division(s) 37
OpenAlex,1906,Geochemistry and Petrology,FOR,3708,Oceanography,group,False,constrained_lexical,0.0,constrained to groups within division(s) 37
OpenAlex,1906,Geochemistry and Petrology,FOR,3701,Atmospheric sciences,group,False,constrained_lexical,0.0,constrained to groups within division(s) 37
OpenAlex,1906,Geochemistry and Petrology,FOR,3709,Physical geography and environmental geoscience,group,False,constrained_lexical,0.0,constrained to groups within division(s) 37
OpenAlex,1906,Geochemistry and Petrology,FOR,3704,Geoinformatics,group,False,constrained_lexical,0.045,constrained to groups within division(s) 37
OpenAlex,1906,Geochemistry and Petrology,FOR,3707,Hydrology,group,False,constrained_lexical,0.056,constrained to groups within division(s) 37
OpenAlex,1906,Geochemistry and Petrology,FOR,3705,Geology,group,False,constrained_lexical,0.139,constrained to groups within division(s) 37
OpenAlex,1906,Geochemistry and Petrology,FOR,3703,Geochemistry,group,True,constrained_lexical,0.619,constrained to groups within division(s) 37
OpenAlex,1906,Geochemistry and Petrology,FOR,3706,Geophysics,group,False,constrained_lexical,0.028,constrained to groups within division(s) 37
OpenAlex,1907,Geology,FOR,3799,Other earth sciences,group,False,constrained_lexical,0.0,constrained to groups within division(s) 37
OpenAlex,1907,Geology,FOR,3708,Oceanography,group,False,constrained_lexical,0.0,constrained to groups within division(s) 37
OpenAlex,1907,Geology,FOR,3707,Hydrology,group,False,constrained_lexical,0.0,constrained to groups within division(s) 37
OpenAlex,1907,Geology,FOR,3702,Climate change science,group,False,constrained_lexical,0.0,constrained to groups within division(s) 37
OpenAlex,1907,Geology,FOR,3701,Atmospheric sciences,group,False,constrained_lexical,0.0,constrained to groups within division(s) 37
OpenAlex,1907,Geology,FOR,3703,Geochemistry,group,False,constrained_lexical,0.071,constrained to groups within division(s) 37
OpenAlex,1907,Geology,FOR,3704,Geoinformatics,group,False,constrained_lexical,0.045,constrained to groups within division(s) 37
OpenAlex,1907,Geology,FOR,3706,Geophysics,group,False,constrained_lexical,0.074,constrained to groups within division(s) 37
OpenAlex,1907,Geology,FOR,3705,Geology,group,True,constrained_lexical,1.0,constrained to groups within division(s) 37
OpenAlex,1907,Geology,FOR,3709,Physical geography and environmental geoscience,group,False,constrained_lexical,0.037,constrained to groups within division(s) 37
OpenAlex,1908,Geophysics,FOR,3707,Hydrology,group,False,constrained_lexical,0.0,constrained to groups within division(s) 37
OpenAlex,1908,Geophysics,FOR,3701,Atmospheric sciences,group,False,constrained_lexical,0.022,constrained to groups within division(s) 37
OpenAlex,1908,Geophysics,FOR,3704,Geoinformatics,group,False,constrained_lexical,0.045,constrained to groups within division(s) 37
OpenAlex,1908,Geophysics,FOR,3709,Physical geography and environmental geoscience,group,False,constrained_lexical,0.059,constrained to groups within division(s) 37
OpenAlex,1908,Geophysics,FOR,3708,Oceanography,group,False,constrained_lexical,0.0,constrained to groups within division(s) 37
OpenAlex,1908,Geophysics,FOR,3702,Climate change science,group,False,constrained_lexical,0.062,constrained to groups within division(s) 37
OpenAlex,1908,Geophysics,FOR,3705,Geology,group,False,constrained_lexical,0.091,constrained to groups within division(s) 37
OpenAlex,1908,Geophysics,FOR,3703,Geochemistry,group,False,constrained_lexical,0.143,constrained to groups within division(s) 37
OpenAlex,1908,Geophysics,FOR,3706,Geophysics,group,True,constrained_lexical,1.0,constrained to groups within division(s) 37
OpenAlex,1908,Geophysics,FOR,3799,Other earth sciences,group,False,constrained_lexical,0.06,constrained to groups within division(s) 37
OpenAlex,1910,Oceanography,FOR,3799,Other earth sciences,group,False,constrained_lexical,0.0,constrained to groups within division(s) 37
OpenAlex,1910,Oceanography,FOR,3707,Hydrology,group,False,constrained_lexical,0.0,constrained to groups within division(s) 37
OpenAlex,1910,Oceanography,FOR,3704,Geoinformatics,group,False,constrained_lexical,0.0,constrained to groups within division(s) 37
OpenAlex,1910,Oceanography,FOR,3703,Geochemistry,group,False,constrained_lexical,0.0,constrained to groups within division(s) 37
OpenAlex,1910,Oceanography,FOR,3705,Geology,group,False,constrained_lexical,0.02,constrained to groups within division(s) 37
OpenAlex,1910,Oceanography,FOR,3706,Geophysics,group,False,constrained_lexical,0.054,constrained to groups within division(s) 37
OpenAlex,1910,Oceanography,FOR,3702,Climate change science,group,False,constrained_lexical,0.062,constrained to groups within division(s) 37
OpenAlex,1910,Oceanography,FOR,3701,Atmospheric sciences,group,False,constrained_lexical,0.065,constrained to groups within division(s) 37
OpenAlex,1910,Oceanography,FOR,3708,Oceanography,group,True,constrained_lexical,1.0,constrained to groups within division(s) 37
OpenAlex,1910,Oceanography,FOR,3709,Physical geography and environmental geoscience,group,False,constrained_lexical,0.059,constrained to groups within division(s) 37
OpenAlex,1911,Paleontology,FOR,3799,Other earth sciences,group,False,constrained_lexical,0.0,constrained to groups within division(s) 37
OpenAlex,1911,Paleontology,FOR,3707,Hydrology,group,False,constrained_lexical,0.0,constrained to groups within division(s) 37
OpenAlex,1911,Paleontology,FOR,3706,Geophysics,group,False,constrained_lexical,0.0,constrained to groups within division(s) 37
OpenAlex,1911,Paleontology,FOR,3703,Geochemistry,group,False,constrained_lexical,0.0,constrained to groups within division(s) 37
OpenAlex,1911,Paleontology,FOR,3704,Geoinformatics,group,False,constrained_lexical,0.0,constrained to groups within division(s) 37
OpenAlex,1911,Paleontology,FOR,3705,Geology,group,False,constrained_lexical,0.05,constrained to groups within division(s) 37
OpenAlex,1911,Paleontology,FOR,3701,Atmospheric sciences,group,False,constrained_lexical,0.05,constrained to groups within division(s) 37
OpenAlex,1911,Paleontology,FOR,3709,Physical geography and environmental geoscience,group,False,constrained_lexical,0.088,constrained to groups within division(s) 37
OpenAlex,1911,Paleontology,FOR,3708,Oceanography,group,True,constrained_lexical,0.182,constrained to groups within division(s) 37
OpenAlex,1911,Paleontology,FOR,3702,Climate change science,group,False,constrained_lexical,0.0,constrained to groups within division(s) 37
OpenAlex,1912,Space and Planetary Science,FOR,3799,Other earth sciences,group,False,constrained_lexical,0.0,constrained to groups within division(s) 37
OpenAlex,1912,Space and Planetary Science,FOR,3709,Physical geography and environmental geoscience,group,False,constrained_lexical,0.0,constrained to groups within division(s) 37
OpenAlex,1912,Space and Planetary Science,FOR,3708,Oceanography,group,False,constrained_lexical,0.0,constrained to groups within division(s) 37
OpenAlex,1912,Space and Planetary Science,FOR,3707,Hydrology,group,False,constrained_lexical,0.0,constrained to groups within division(s) 37
OpenAlex,1912,Space and Planetary Science,FOR,3706,Geophysics,group,False,constrained_lexical,0.0,constrained to groups within division(s) 37
OpenAlex,1912,Space and Planetary Science,FOR,3702,Climate change science,group,False,constrained_lexical,0.0,constrained to groups within division(s) 37
OpenAlex,1912,Space and Planetary Science,FOR,3701,Atmospheric sciences,group,False,constrained_lexical,0.0,constrained to groups within division(s) 37
OpenAlex,1912,Space and Planetary Science,FOR,3705,Geology,group,False,constrained_lexical,0.111,constrained to groups within division(s) 37
OpenAlex,1912,Space and Planetary Science,FOR,3704,Geoinformatics,group,True,constrained_lexical,0.111,constrained to groups within division(s) 37
OpenAlex,1912,Space and Planetary Science,FOR,3703,Geochemistry,group,False,constrained_lexical,0.0,constrained to groups within division(s) 37
OpenAlex,2000,"General Economics, Econometrics and Finance",FOR,3899,Other economics,group,False,constrained_lexical,0.142,constrained to groups within division(s) 38
OpenAlex,2000,"General Economics, Econometrics and Finance",FOR,3802,Econometrics,group,False,constrained_lexical,0.274,constrained to groups within division(s) 38
OpenAlex,2000,"General Economics, Econometrics and Finance",FOR,3801,Applied economics,group,True,constrained_lexical,0.299,constrained to groups within division(s) 38
OpenAlex,2000,"General Economics, Econometrics and Finance",FOR,3803,Economic theory,group,False,constrained_lexical,0.283,constrained to groups within division(s) 38
OpenAlex,2002,Economics and Econometrics,FOR,3802,Econometrics,group,True,constrained_lexical,0.964,constrained to groups within division(s) 38
OpenAlex,2002,Economics and Econometrics,FOR,3803,Economic theory,group,False,constrained_lexical,0.566,constrained to groups within division(s) 38
OpenAlex,2002,Economics and Econometrics,FOR,3801,Applied economics,group,False,constrained_lexical,0.541,constrained to groups within division(s) 38
OpenAlex,2002,Economics and Econometrics,FOR,3899,Other economics,group,False,constrained_lexical,0.219,constrained to groups within division(s) 38
OpenAlex,2003,Finance,FOR,3801,Applied economics,group,True,constrained_lexical,0.076,constrained to groups within division(s) 38
OpenAlex,2003,Finance,FOR,3802,Econometrics,group,False,constrained_lexical,0.071,constrained to groups within division(s) 38
OpenAlex,2003,Finance,FOR,3899,Other economics,group,False,constrained_lexical,0.023,constrained to groups within division(s) 38
OpenAlex,2003,Finance,FOR,3803,Economic theory,group,False,constrained_lexical,0.0,constrained to groups within division(s) 38
OpenAlex,2100,General Energy,FOR,4019,Resources engineering and extractive metallurgy,group,False,constrained_lexical,0.0,"constrained to groups within division(s) 40,41"
OpenAlex,2100,General Energy,FOR,4015,Maritime engineering,group,False,constrained_lexical,0.0,"constrained to groups within division(s) 40,41"
OpenAlex,2100,General Energy,FOR,4016,Materials engineering,group,False,constrained_lexical,0.0,"constrained to groups within division(s) 40,41"
OpenAlex,2100,General Energy,FOR,4018,Nanotechnology,group,False,constrained_lexical,0.0,"constrained to groups within division(s) 40,41"
OpenAlex,2100,General Energy,FOR,4099,Other engineering,group,False,constrained_lexical,0.0,"constrained to groups within division(s) 40,41"
OpenAlex,2100,General Energy,FOR,4014,Manufacturing engineering,group,False,constrained_lexical,0.0,"constrained to groups within division(s) 40,41"
OpenAlex,2100,General Energy,FOR,4102,Ecological applications,group,False,constrained_lexical,0.0,"constrained to groups within division(s) 40,41"
OpenAlex,2100,General Energy,FOR,4104,Environmental management,group,False,constrained_lexical,0.0,"constrained to groups within division(s) 40,41"
OpenAlex,2100,General Energy,FOR,4105,Pollution and contamination,group,False,constrained_lexical,0.0,"constrained to groups within division(s) 40,41"
OpenAlex,2100,General Energy,FOR,4106,Soil sciences,group,False,constrained_lexical,0.0,"constrained to groups within division(s) 40,41"
OpenAlex,2100,General Energy,FOR,4199,Other environmental sciences,group,False,constrained_lexical,0.0,"constrained to groups within division(s) 40,41"
OpenAlex,2100,General Energy,FOR,4101,Climate change impacts and adaptation,group,False,constrained_lexical,0.0,"constrained to groups within division(s) 40,41"
OpenAlex,2100,General Energy,FOR,4013,Geomatic engineering,group,False,constrained_lexical,0.0,"constrained to groups within division(s) 40,41"
OpenAlex,2100,General Energy,FOR,4103,Environmental biotechnology,group,False,constrained_lexical,0.0,"constrained to groups within division(s) 40,41"
OpenAlex,2100,General Energy,FOR,4010,Engineering practice and education,group,False,constrained_lexical,0.0,"constrained to groups within division(s) 40,41"
OpenAlex,2100,General Energy,FOR,4017,Mechanical engineering,group,False,constrained_lexical,0.2,"constrained to groups within division(s) 40,41"
OpenAlex,2100,General Energy,FOR,4004,Chemical engineering,group,False,constrained_lexical,0.1,"constrained to groups within division(s) 40,41"
OpenAlex,2100,General Energy,FOR,4011,Environmental engineering,group,False,constrained_lexical,0.1,"constrained to groups within division(s) 40,41"
OpenAlex,2100,General Energy,FOR,4012,Fluid mechanics and thermal engineering,group,False,constrained_lexical,0.0,"constrained to groups within division(s) 40,41"
OpenAlex,2100,General Energy,FOR,4001,Aerospace engineering,group,False,constrained_lexical,0.0,"constrained to groups within division(s) 40,41"
OpenAlex,2100,General Energy,FOR,4008,Electrical engineering,group,True,constrained_lexical,0.2,"constrained to groups within division(s) 40,41"
OpenAlex,2100,General Energy,FOR,4003,Biomedical engineering,group,False,constrained_lexical,0.0,"constrained to groups within division(s) 40,41"
OpenAlex,2100,General Energy,FOR,4005,Civil engineering,group,False,constrained_lexical,0.0,"constrained to groups within division(s) 40,41"
OpenAlex,2100,General Energy,FOR,4006,Communications engineering,group,False,constrained_lexical,0.0,"constrained to groups within division(s) 40,41"
OpenAlex,2100,General Energy,FOR,4007,"Control engineering, mechatronics and robotics",group,False,constrained_lexical,0.0,"constrained to groups within division(s) 40,41"
OpenAlex,2100,General Energy,FOR,4009,"Electronics, sensors and digital hardware",group,False,constrained_lexical,0.0,"constrained to groups within division(s) 40,41"
OpenAlex,2100,General Energy,FOR,4002,Automotive engineering,group,False,constrained_lexical,0.0,"constrained to groups within division(s) 40,41"
OpenAlex,2102,Energy Engineering and Power Technology,FOR,4015,Maritime engineering,group,False,constrained_lexical,0.17,"constrained to groups within division(s) 40,41"
OpenAlex,2102,Energy Engineering and Power Technology,FOR,4012,Fluid mechanics and thermal engineering,group,False,constrained_lexical,0.136,"constrained to groups within division(s) 40,41"
OpenAlex,2102,Energy Engineering and Power Technology,FOR,4019,Resources engineering and extractive metallurgy,group,False,constrained_lexical,0.136,"constrained to groups within division(s) 40,41"
OpenAlex,2102,Energy Engineering and Power Technology,FOR,4099,Other engineering,group,False,constrained_lexical,0.066,"constrained to groups within division(s) 40,41"
OpenAlex,2102,Energy Engineering and Power Technology,FOR,4018,Nanotechnology,group,False,constrained_lexical,0.059,"constrained to groups within division(s) 40,41"
OpenAlex,2102,Energy Engineering and Power Technology,FOR,4103,Environmental biotechnology,group,False,constrained_lexical,0.0,"constrained to groups within division(s) 40,41"
OpenAlex,2102,Energy Engineering and Power Technology,FOR,4102,Ecological applications,group,False,constrained_lexical,0.0,"constrained to groups within division(s) 40,41"
OpenAlex,2102,Energy Engineering and Power Technology,FOR,4104,Environmental management,group,False,constrained_lexical,0.0,"constrained to groups within division(s) 40,41"
OpenAlex,2102,Energy Engineering and Power Technology,FOR,4105,Pollution and contamination,group,False,constrained_lexical,0.0,"constrained to groups within division(s) 40,41"
OpenAlex,2102,Energy Engineering and Power Technology,FOR,4106,Soil sciences,group,False,constrained_lexical,0.0,"constrained to groups within division(s) 40,41"
OpenAlex,2102,Energy Engineering and Power Technology,FOR,4011,Environmental engineering,group,False,constrained_lexical,0.17,"constrained to groups within division(s) 40,41"
OpenAlex,2102,Energy Engineering and Power Technology,FOR,4101,Climate change impacts and adaptation,group,False,constrained_lexical,0.0,"constrained to groups within division(s) 40,41"
OpenAlex,2102,Energy Engineering and Power Technology,FOR,4003,Biomedical engineering,group,False,constrained_lexical,0.17,"constrained to groups within division(s) 40,41"
OpenAlex,2102,Energy Engineering and Power Technology,FOR,4199,Other environmental sciences,group,False,constrained_lexical,0.0,"constrained to groups within division(s) 40,41"
OpenAlex,2102,Energy Engineering and Power Technology,FOR,4010,Engineering practice and education,group,False,constrained_lexical,0.209,"constrained to groups within division(s) 40,41"
OpenAlex,2102,Energy Engineering and Power Technology,FOR,4008,Electrical engineering,group,True,constrained_lexical,0.464,"constrained to groups within division(s) 40,41"
OpenAlex,2102,Energy Engineering and Power Technology,FOR,4002,Automotive engineering,group,False,constrained_lexical,0.346,"constrained to groups within division(s) 40,41"
OpenAlex,2102,Energy Engineering and Power Technology,FOR,4004,Chemical engineering,group,False,constrained_lexical,0.288,"constrained to groups within division(s) 40,41"
OpenAlex,2102,Energy Engineering and Power Technology,FOR,4006,Communications engineering,group,False,constrained_lexical,0.288,"constrained to groups within division(s) 40,41"
OpenAlex,2102,Energy Engineering and Power Technology,FOR,4014,Manufacturing engineering,group,False,constrained_lexical,0.288,"constrained to groups within division(s) 40,41"
OpenAlex,2102,Energy Engineering and Power Technology,FOR,4009,"Electronics, sensors and digital hardware",group,False,constrained_lexical,0.176,"constrained to groups within division(s) 40,41"
OpenAlex,2102,Energy Engineering and Power Technology,FOR,4017,Mechanical engineering,group,False,constrained_lexical,0.288,"constrained to groups within division(s) 40,41"
OpenAlex,2102,Energy Engineering and Power Technology,FOR,4007,"Control engineering, mechatronics and robotics",group,False,constrained_lexical,0.253,"constrained to groups within division(s) 40,41"
OpenAlex,2102,Energy Engineering and Power Technology,FOR,4001,Aerospace engineering,group,False,constrained_lexical,0.229,"constrained to groups within division(s) 40,41"
OpenAlex,2102,Energy Engineering and Power Technology,FOR,4005,Civil engineering,group,False,constrained_lexical,0.229,"constrained to groups within division(s) 40,41"
OpenAlex,2102,Energy Engineering and Power Technology,FOR,4013,Geomatic engineering,group,False,constrained_lexical,0.229,"constrained to groups within division(s) 40,41"
OpenAlex,2102,Energy Engineering and Power Technology,FOR,4016,Materials engineering,group,False,constrained_lexical,0.288,"constrained to groups within division(s) 40,41"
OpenAlex,2103,Fuel Technology,FOR,4013,Geomatic engineering,group,False,constrained_lexical,0.0,"constrained to groups within division(s) 40,41"
OpenAlex,2103,Fuel Technology,FOR,4015,Maritime engineering,group,False,constrained_lexical,0.0,"constrained to groups within division(s) 40,41"
OpenAlex,2103,Fuel Technology,FOR,4017,Mechanical engineering,group,False,constrained_lexical,0.0,"constrained to groups within division(s) 40,41"
OpenAlex,2103,Fuel Technology,FOR,4018,Nanotechnology,group,False,constrained_lexical,0.0,"constrained to groups within division(s) 40,41"
OpenAlex,2103,Fuel Technology,FOR,4099,Other engineering,group,False,constrained_lexical,0.0,"constrained to groups within division(s) 40,41"
OpenAlex,2103,Fuel Technology,FOR,4103,Environmental biotechnology,group,False,constrained_lexical,0.0,"constrained to groups within division(s) 40,41"
OpenAlex,2103,Fuel Technology,FOR,4102,Ecological applications,group,False,constrained_lexical,0.0,"constrained to groups within division(s) 40,41"
OpenAlex,2103,Fuel Technology,FOR,4104,Environmental management,group,False,constrained_lexical,0.0,"constrained to groups within division(s) 40,41"
OpenAlex,2103,Fuel Technology,FOR,4105,Pollution and contamination,group,False,constrained_lexical,0.0,"constrained to groups within division(s) 40,41"
OpenAlex,2103,Fuel Technology,FOR,4106,Soil sciences,group,False,constrained_lexical,0.0,"constrained to groups within division(s) 40,41"
OpenAlex,2103,Fuel Technology,FOR,4012,Fluid mechanics and thermal engineering,group,False,constrained_lexical,0.0,"constrained to groups within division(s) 40,41"
OpenAlex,2103,Fuel Technology,FOR,4101,Climate change impacts and adaptation,group,False,constrained_lexical,0.0,"constrained to groups within division(s) 40,41"
OpenAlex,2103,Fuel Technology,FOR,4199,Other environmental sciences,group,False,constrained_lexical,0.0,"constrained to groups within division(s) 40,41"
OpenAlex,2103,Fuel Technology,FOR,4010,Engineering practice and education,group,False,constrained_lexical,0.0,"constrained to groups within division(s) 40,41"
OpenAlex,2103,Fuel Technology,FOR,4005,Civil engineering,group,False,constrained_lexical,0.0,"constrained to groups within division(s) 40,41"
OpenAlex,2103,Fuel Technology,FOR,4008,Electrical engineering,group,False,constrained_lexical,0.0,"constrained to groups within division(s) 40,41"
OpenAlex,2103,Fuel Technology,FOR,4014,Manufacturing engineering,group,True,constrained_lexical,0.182,"constrained to groups within division(s) 40,41"
OpenAlex,2103,Fuel Technology,FOR,4002,Automotive engineering,group,False,constrained_lexical,0.091,"constrained to groups within division(s) 40,41"
OpenAlex,2103,Fuel Technology,FOR,4004,Chemical engineering,group,False,constrained_lexical,0.091,"constrained to groups within division(s) 40,41"
OpenAlex,2103,Fuel Technology,FOR,4007,"Control engineering, mechatronics and robotics",group,False,constrained_lexical,0.091,"constrained to groups within division(s) 40,41"
OpenAlex,2103,Fuel Technology,FOR,4006,Communications engineering,group,False,constrained_lexical,0.091,"constrained to groups within division(s) 40,41"
OpenAlex,2103,Fuel Technology,FOR,4011,Environmental engineering,group,False,constrained_lexical,0.091,"constrained to groups within division(s) 40,41"
OpenAlex,2103,Fuel Technology,FOR,4016,Materials engineering,group,False,constrained_lexical,0.091,"constrained to groups within division(s) 40,41"
OpenAlex,2103,Fuel Technology,FOR,4019,Resources engineering and extractive metallurgy,group,False,constrained_lexical,0.091,"constrained to groups within division(s) 40,41"
OpenAlex,2103,Fuel Technology,FOR,4001,Aerospace engineering,group,False,constrained_lexical,0.0,"constrained to groups within division(s) 40,41"
OpenAlex,2103,Fuel Technology,FOR,4003,Biomedical engineering,group,False,constrained_lexical,0.0,"constrained to groups within division(s) 40,41"
OpenAlex,2103,Fuel Technology,FOR,4009,"Electronics, sensors and digital hardware",group,False,constrained_lexical,0.091,"constrained to groups within division(s) 40,41"
OpenAlex,2104,Nuclear Energy and Engineering,FOR,4018,Nanotechnology,group,False,constrained_lexical,0.0,"constrained to groups within division(s) 40,41"
OpenAlex,2104,Nuclear Energy and Engineering,FOR,4012,Fluid mechanics and thermal engineering,group,False,constrained_lexical,0.158,"constrained to groups within division(s) 40,41"
OpenAlex,2104,Nuclear Energy and Engineering,FOR,4099,Other engineering,group,False,constrained_lexical,0.083,"constrained to groups within division(s) 40,41"
OpenAlex,2104,Nuclear Energy and Engineering,FOR,4009,"Electronics, sensors and digital hardware",group,False,constrained_lexical,0.067,"constrained to groups within division(s) 40,41"
OpenAlex,2104,Nuclear Energy and Engineering,FOR,4101,Climate change impacts and adaptation,group,False,constrained_lexical,0.0,"constrained to groups within division(s) 40,41"
OpenAlex,2104,Nuclear Energy and Engineering,FOR,4010,Engineering practice and education,group,False,constrained_lexical,0.178,"constrained to groups within division(s) 40,41"
OpenAlex,2104,Nuclear Energy and Engineering,FOR,4103,Environmental biotechnology,group,False,constrained_lexical,0.0,"constrained to groups within division(s) 40,41"
OpenAlex,2104,Nuclear Energy and Engineering,FOR,4104,Environmental management,group,False,constrained_lexical,0.0,"constrained to groups within division(s) 40,41"
OpenAlex,2104,Nuclear Energy and Engineering,FOR,4105,Pollution and contamination,group,False,constrained_lexical,0.0,"constrained to groups within division(s) 40,41"
OpenAlex,2104,Nuclear Energy and Engineering,FOR,4106,Soil sciences,group,False,constrained_lexical,0.0,"constrained to groups within division(s) 40,41"
OpenAlex,2104,Nuclear Energy and Engineering,FOR,4199,Other environmental sciences,group,False,constrained_lexical,0.0,"constrained to groups within division(s) 40,41"
OpenAlex,2104,Nuclear Energy and Engineering,FOR,4102,Ecological applications,group,False,constrained_lexical,0.0,"constrained to groups within division(s) 40,41"
OpenAlex,2104,Nuclear Energy and Engineering,FOR,4015,Maritime engineering,group,False,constrained_lexical,0.21,"constrained to groups within division(s) 40,41"
OpenAlex,2104,Nuclear Energy and Engineering,FOR,4003,Biomedical engineering,group,False,constrained_lexical,0.21,"constrained to groups within division(s) 40,41"
OpenAlex,2104,Nuclear Energy and Engineering,FOR,4011,Environmental engineering,group,False,constrained_lexical,0.21,"constrained to groups within division(s) 40,41"
OpenAlex,2104,Nuclear Energy and Engineering,FOR,4013,Geomatic engineering,group,False,constrained_lexical,0.21,"constrained to groups within division(s) 40,41"
OpenAlex,2104,Nuclear Energy and Engineering,FOR,4005,Civil engineering,group,False,constrained_lexical,0.343,"constrained to groups within division(s) 40,41"
OpenAlex,2104,Nuclear Energy and Engineering,FOR,4006,Communications engineering,group,False,constrained_lexical,0.276,"constrained to groups within division(s) 40,41"
OpenAlex,2104,Nuclear Energy and Engineering,FOR,4008,Electrical engineering,group,False,constrained_lexical,0.276,"constrained to groups within division(s) 40,41"
OpenAlex,2104,Nuclear Energy and Engineering,FOR,4014,Manufacturing engineering,group,False,constrained_lexical,0.276,"constrained to groups within division(s) 40,41"
OpenAlex,2104,Nuclear Energy and Engineering,FOR,4016,Materials engineering,group,False,constrained_lexical,0.276,"constrained to groups within division(s) 40,41"
OpenAlex,2104,Nuclear Energy and Engineering,FOR,4004,Chemical engineering,group,True,constrained_lexical,0.41,"constrained to groups within division(s) 40,41"
OpenAlex,2104,Nuclear Energy and Engineering,FOR,4007,"Control engineering, mechatronics and robotics",group,False,constrained_lexical,0.224,"constrained to groups within division(s) 40,41"
OpenAlex,2104,Nuclear Energy and Engineering,FOR,4019,Resources engineering and extractive metallurgy,group,False,constrained_lexical,0.224,"constrained to groups within division(s) 40,41"
OpenAlex,2104,Nuclear Energy and Engineering,FOR,4001,Aerospace engineering,group,False,constrained_lexical,0.21,"constrained to groups within division(s) 40,41"
OpenAlex,2104,Nuclear Energy and Engineering,FOR,4002,Automotive engineering,group,False,constrained_lexical,0.21,"constrained to groups within division(s) 40,41"
OpenAlex,2104,Nuclear Energy and Engineering,FOR,4017,Mechanical engineering,group,False,constrained_lexical,0.276,"constrained to groups within division(s) 40,41"
OpenAlex,2105,"Renewable Energy, Sustainability and the Environment",FOR,4012,Fluid mechanics and thermal engineering,group,False,constrained_lexical,0.071,"constrained to groups within division(s) 40,41"
OpenAlex,2105,"Renewable Energy, Sustainability and the Environment",FOR,4099,Other engineering,group,False,constrained_lexical,0.069,"constrained to groups within division(s) 40,41"
OpenAlex,2105,"Renewable Energy, Sustainability and the Environment",FOR,4013,Geomatic engineering,group,False,constrained_lexical,0.068,"constrained to groups within division(s) 40,41"
OpenAlex,2105,"Renewable Energy, Sustainability and the Environment",FOR,4019,Resources engineering and extractive metallurgy,group,False,constrained_lexical,0.064,"constrained to groups within division(s) 40,41"
OpenAlex,2105,"Renewable Energy, Sustainability and the Environment",FOR,4102,Ecological applications,group,False,constrained_lexical,0.062,"constrained to groups within division(s) 40,41"
OpenAlex,2105,"Renewable Energy, Sustainability and the Environment",FOR,4105,Pollution and contamination,group,False,constrained_lexical,0.056,"constrained to groups within division(s) 40,41"
OpenAlex,2105,"Renewable Energy, Sustainability and the Environment",FOR,4018,Nanotechnology,group,False,constrained_lexical,0.059,"constrained to groups within division(s) 40,41"
OpenAlex,2105,"Renewable Energy, Sustainability and the Environment",FOR,4016,Materials engineering,group,False,constrained_lexical,0.05,"constrained to groups within division(s) 40,41"
OpenAlex,2105,"Renewable Energy, Sustainability and the Environment",FOR,4101,Climate change impacts and adaptation,group,False,constrained_lexical,0.043,"constrained to groups within division(s) 40,41"
OpenAlex,2105,"Renewable Energy, Sustainability and the Environment",FOR,4015,Maritime engineering,group,False,constrained_lexical,0.036,"constrained to groups within division(s) 40,41"
OpenAlex,2105,"Renewable Energy, Sustainability and the Environment",FOR,4006,Communications engineering,group,False,constrained_lexical,0.085,"constrained to groups within division(s) 40,41"
OpenAlex,2105,"Renewable Energy, Sustainability and the Environment",FOR,4003,Biomedical engineering,group,False,constrained_lexical,0.061,"constrained to groups within division(s) 40,41"
OpenAlex,2105,"Renewable Energy, Sustainability and the Environment",FOR,4007,"Control engineering, mechatronics and robotics",group,False,constrained_lexical,0.093,"constrained to groups within division(s) 40,41"
OpenAlex,2105,"Renewable Energy, Sustainability and the Environment",FOR,4001,Aerospace engineering,group,False,constrained_lexical,0.038,"constrained to groups within division(s) 40,41"
OpenAlex,2105,"Renewable Energy, Sustainability and the Environment",FOR,4106,Soil sciences,group,False,constrained_lexical,0.103,"constrained to groups within division(s) 40,41"
OpenAlex,2105,"Renewable Energy, Sustainability and the Environment",FOR,4011,Environmental engineering,group,True,constrained_lexical,0.299,"constrained to groups within division(s) 40,41"
OpenAlex,2105,"Renewable Energy, Sustainability and the Environment",FOR,4008,Electrical engineering,group,False,constrained_lexical,0.204,"constrained to groups within division(s) 40,41"
OpenAlex,2105,"Renewable Energy, Sustainability and the Environment",FOR,4199,Other environmental sciences,group,False,constrained_lexical,0.193,"constrained to groups within division(s) 40,41"
OpenAlex,2105,"Renewable Energy, Sustainability and the Environment",FOR,4103,Environmental biotechnology,group,False,constrained_lexical,0.188,"constrained to groups within division(s) 40,41"
OpenAlex,2105,"Renewable Energy, Sustainability and the Environment",FOR,4104,Environmental management,group,False,constrained_lexical,0.172,"constrained to groups within division(s) 40,41"
OpenAlex,2105,"Renewable Energy, Sustainability and the Environment",FOR,4005,Civil engineering,group,False,constrained_lexical,0.094,"constrained to groups within division(s) 40,41"
OpenAlex,2105,"Renewable Energy, Sustainability and the Environment",FOR,4010,Engineering practice and education,group,False,constrained_lexical,0.15,"constrained to groups within division(s) 40,41"
OpenAlex,2105,"Renewable Energy, Sustainability and the Environment",FOR,4017,Mechanical engineering,group,False,constrained_lexical,0.145,"constrained to groups within division(s) 40,41"
OpenAlex,2105,"Renewable Energy, Sustainability and the Environment",FOR,4004,Chemical engineering,group,False,constrained_lexical,0.136,"constrained to groups within division(s) 40,41"
OpenAlex,2105,"Renewable Energy, Sustainability and the Environment",FOR,4014,Manufacturing engineering,group,False,constrained_lexical,0.117,"constrained to groups within division(s) 40,41"
OpenAlex,2105,"Renewable Energy, Sustainability and the Environment",FOR,4009,"Electronics, sensors and digital hardware",group,False,constrained_lexical,0.107,"constrained to groups within division(s) 40,41"
OpenAlex,2105,"Renewable Energy, Sustainability and the Environment",FOR,4002,Automotive engineering,group,False,constrained_lexical,0.161,"constrained to groups within division(s) 40,41"
OpenAlex,2200,General Engineering,FOR,4010,Engineering practice and education,group,False,constrained_lexical,0.243,"constrained to groups within division(s) 40,33"
OpenAlex,2200,General Engineering,FOR,4007,"Control engineering, mechatronics and robotics",group,False,constrained_lexical,0.211,"constrained to groups within division(s) 40,33"
OpenAlex,2200,General Engineering,FOR,4012,Fluid mechanics and thermal engineering,group,False,constrained_lexical,0.211,"constrained to groups within division(s) 40,33"
OpenAlex,2200,General Engineering,FOR,4099,Other engineering,group,False,constrained_lexical,0.13,"constrained to groups within division(s) 40,33"
OpenAlex,2200,General Engineering,FOR,3303,Design,group,False,constrained_lexical,0.1,"constrained to groups within division(s) 40,33"
OpenAlex,2200,General Engineering,FOR,3302,Building,group,False,constrained_lexical,0.0,"constrained to groups within division(s) 40,33"
OpenAlex,2200,General Engineering,FOR,3301,Architecture,group,False,constrained_lexical,0.0,"constrained to groups within division(s) 40,33"
OpenAlex,2200,General Engineering,FOR,3304,Urban and regional planning,group,False,constrained_lexical,0.0,"constrained to groups within division(s) 40,33"
OpenAlex,2200,General Engineering,FOR,3399,Other built environment and design,group,False,constrained_lexical,0.0,"constrained to groups within division(s) 40,33"
OpenAlex,2200,General Engineering,FOR,4016,Materials engineering,group,False,constrained_lexical,0.3,"constrained to groups within division(s) 40,33"
OpenAlex,2200,General Engineering,FOR,4009,"Electronics, sensors and digital hardware",group,False,constrained_lexical,0.1,"constrained to groups within division(s) 40,33"
OpenAlex,2200,General Engineering,FOR,4018,Nanotechnology,group,False,constrained_lexical,0.0,"constrained to groups within division(s) 40,33"
OpenAlex,2200,General Engineering,FOR,4014,Manufacturing engineering,group,False,constrained_lexical,0.3,"constrained to groups within division(s) 40,33"
OpenAlex,2200,General Engineering,FOR,4013,Geomatic engineering,group,False,constrained_lexical,0.3,"constrained to groups within division(s) 40,33"
OpenAlex,2200,General Engineering,FOR,4015,Maritime engineering,group,False,constrained_lexical,0.3,"constrained to groups within division(s) 40,33"
OpenAlex,2200,General Engineering,FOR,4005,Civil engineering,group,True,constrained_lexical,0.8,"constrained to groups within division(s) 40,33"
OpenAlex,2200,General Engineering,FOR,4019,Resources engineering and extractive metallurgy,group,False,constrained_lexical,0.411,"constrained to groups within division(s) 40,33"
OpenAlex,2200,General Engineering,FOR,4017,Mechanical engineering,group,False,constrained_lexical,0.4,"constrained to groups within division(s) 40,33"
OpenAlex,2200,General Engineering,FOR,4001,Aerospace engineering,group,False,constrained_lexical,0.3,"constrained to groups within division(s) 40,33"
OpenAlex,2200,General Engineering,FOR,4008,Electrical engineering,group,False,constrained_lexical,0.4,"constrained to groups within division(s) 40,33"
OpenAlex,2200,General Engineering,FOR,4003,Biomedical engineering,group,False,constrained_lexical,0.3,"constrained to groups within division(s) 40,33"
OpenAlex,2200,General Engineering,FOR,4004,Chemical engineering,group,False,constrained_lexical,0.3,"constrained to groups within division(s) 40,33"
OpenAlex,2200,General Engineering,FOR,4006,Communications engineering,group,False,constrained_lexical,0.3,"constrained to groups within division(s) 40,33"
OpenAlex,2200,General Engineering,FOR,4011,Environmental engineering,group,False,constrained_lexical,0.3,"constrained to groups within division(s) 40,33"
OpenAlex,2200,General Engineering,FOR,4002,Automotive engineering,group,False,constrained_lexical,0.3,"constrained to groups within division(s) 40,33"
OpenAlex,2202,Aerospace Engineering,FOR,4009,"Electronics, sensors and digital hardware",group,False,constrained_lexical,0.147,"constrained to groups within division(s) 40,33"
OpenAlex,2202,Aerospace Engineering,FOR,4015,Maritime engineering,group,False,constrained_lexical,0.236,"constrained to groups within division(s) 40,33"
OpenAlex,2202,Aerospace Engineering,FOR,4019,Resources engineering and extractive metallurgy,group,False,constrained_lexical,0.217,"constrained to groups within division(s) 40,33"
OpenAlex,2202,Aerospace Engineering,FOR,3399,Other built environment and design,group,False,constrained_lexical,0.05,"constrained to groups within division(s) 40,33"
OpenAlex,2202,Aerospace Engineering,FOR,4099,Other engineering,group,False,constrained_lexical,0.146,"constrained to groups within division(s) 40,33"
OpenAlex,2202,Aerospace Engineering,FOR,4016,Materials engineering,group,False,constrained_lexical,0.267,"constrained to groups within division(s) 40,33"
OpenAlex,2202,Aerospace Engineering,FOR,3304,Urban and regional planning,group,False,constrained_lexical,0.1,"constrained to groups within division(s) 40,33"
OpenAlex,2202,Aerospace Engineering,FOR,4018,Nanotechnology,group,False,constrained_lexical,0.088,"constrained to groups within division(s) 40,33"
OpenAlex,2202,Aerospace Engineering,FOR,3302,Building,group,False,constrained_lexical,0.081,"constrained to groups within division(s) 40,33"
OpenAlex,2202,Aerospace Engineering,FOR,3303,Design,group,False,constrained_lexical,0.06,"constrained to groups within division(s) 40,33"
OpenAlex,2202,Aerospace Engineering,FOR,3301,Architecture,group,False,constrained_lexical,0.116,"constrained to groups within division(s) 40,33"
OpenAlex,2202,Aerospace Engineering,FOR,4012,Fluid mechanics and thermal engineering,group,False,constrained_lexical,0.276,"constrained to groups within division(s) 40,33"
OpenAlex,2202,Aerospace Engineering,FOR,4008,Electrical engineering,group,False,constrained_lexical,0.322,"constrained to groups within division(s) 40,33"
OpenAlex,2202,Aerospace Engineering,FOR,4011,Environmental engineering,group,False,constrained_lexical,0.283,"constrained to groups within division(s) 40,33"
OpenAlex,2202,Aerospace Engineering,FOR,4001,Aerospace engineering,group,True,constrained_lexical,1.0,"constrained to groups within division(s) 40,33"
OpenAlex,2202,Aerospace Engineering,FOR,4006,Communications engineering,group,False,constrained_lexical,0.519,"constrained to groups within division(s) 40,33"
OpenAlex,2202,Aerospace Engineering,FOR,4017,Mechanical engineering,group,False,constrained_lexical,0.418,"constrained to groups within division(s) 40,33"
OpenAlex,2202,Aerospace Engineering,FOR,4004,Chemical engineering,group,False,constrained_lexical,0.397,"constrained to groups within division(s) 40,33"
OpenAlex,2202,Aerospace Engineering,FOR,4002,Automotive engineering,group,False,constrained_lexical,0.361,"constrained to groups within division(s) 40,33"
OpenAlex,2202,Aerospace Engineering,FOR,4007,"Control engineering, mechatronics and robotics",group,False,constrained_lexical,0.278,"constrained to groups within division(s) 40,33"
OpenAlex,2202,Aerospace Engineering,FOR,4013,Geomatic engineering,group,False,constrained_lexical,0.336,"constrained to groups within division(s) 40,33"
OpenAlex,2202,Aerospace Engineering,FOR,4003,Biomedical engineering,group,False,constrained_lexical,0.321,"constrained to groups within division(s) 40,33"
OpenAlex,2202,Aerospace Engineering,FOR,4014,Manufacturing engineering,group,False,constrained_lexical,0.3,"constrained to groups within division(s) 40,33"
OpenAlex,2202,Aerospace Engineering,FOR,4005,Civil engineering,group,False,constrained_lexical,0.294,"constrained to groups within division(s) 40,33"
OpenAlex,2202,Aerospace Engineering,FOR,4010,Engineering practice and education,group,False,constrained_lexical,0.343,"constrained to groups within division(s) 40,33"
OpenAlex,2203,Automotive Engineering,FOR,4003,Biomedical engineering,group,False,constrained_lexical,0.23,"constrained to groups within division(s) 40,33"
OpenAlex,2203,Automotive Engineering,FOR,4019,Resources engineering and extractive metallurgy,group,False,constrained_lexical,0.196,"constrained to groups within division(s) 40,33"
OpenAlex,2203,Automotive Engineering,FOR,4012,Fluid mechanics and thermal engineering,group,False,constrained_lexical,0.15,"constrained to groups within division(s) 40,33"
OpenAlex,2203,Automotive Engineering,FOR,4099,Other engineering,group,False,constrained_lexical,0.123,"constrained to groups within division(s) 40,33"
OpenAlex,2203,Automotive Engineering,FOR,3302,Building,group,False,constrained_lexical,0.081,"constrained to groups within division(s) 40,33"
OpenAlex,2203,Automotive Engineering,FOR,4009,"Electronics, sensors and digital hardware",group,False,constrained_lexical,0.053,"constrained to groups within division(s) 40,33"
OpenAlex,2203,Automotive Engineering,FOR,4011,Environmental engineering,group,False,constrained_lexical,0.242,"constrained to groups within division(s) 40,33"
OpenAlex,2203,Automotive Engineering,FOR,3304,Urban and regional planning,group,False,constrained_lexical,0.029,"constrained to groups within division(s) 40,33"
OpenAlex,2203,Automotive Engineering,FOR,3301,Architecture,group,False,constrained_lexical,0.023,"constrained to groups within division(s) 40,33"
OpenAlex,2203,Automotive Engineering,FOR,3303,Design,group,False,constrained_lexical,0.013,"constrained to groups within division(s) 40,33"
OpenAlex,2203,Automotive Engineering,FOR,4018,Nanotechnology,group,False,constrained_lexical,0.059,"constrained to groups within division(s) 40,33"
OpenAlex,2203,Automotive Engineering,FOR,4010,Engineering practice and education,group,False,constrained_lexical,0.243,"constrained to groups within division(s) 40,33"
OpenAlex,2203,Automotive Engineering,FOR,3399,Other built environment and design,group,False,constrained_lexical,0.0,"constrained to groups within division(s) 40,33"
OpenAlex,2203,Automotive Engineering,FOR,4006,Communications engineering,group,False,constrained_lexical,0.264,"constrained to groups within division(s) 40,33"
OpenAlex,2203,Automotive Engineering,FOR,4002,Automotive engineering,group,True,constrained_lexical,1.0,"constrained to groups within division(s) 40,33"
OpenAlex,2203,Automotive Engineering,FOR,4017,Mechanical engineering,group,False,constrained_lexical,0.345,"constrained to groups within division(s) 40,33"
OpenAlex,2203,Automotive Engineering,FOR,4001,Aerospace engineering,group,False,constrained_lexical,0.335,"constrained to groups within division(s) 40,33"
OpenAlex,2203,Automotive Engineering,FOR,4014,Manufacturing engineering,group,False,constrained_lexical,0.333,"constrained to groups within division(s) 40,33"
OpenAlex,2203,Automotive Engineering,FOR,4008,Electrical engineering,group,False,constrained_lexical,0.322,"constrained to groups within division(s) 40,33"
OpenAlex,2203,Automotive Engineering,FOR,4004,Chemical engineering,group,False,constrained_lexical,0.261,"constrained to groups within division(s) 40,33"
OpenAlex,2203,Automotive Engineering,FOR,4005,Civil engineering,group,False,constrained_lexical,0.294,"constrained to groups within division(s) 40,33"
OpenAlex,2203,Automotive Engineering,FOR,4015,Maritime engineering,group,False,constrained_lexical,0.271,"constrained to groups within division(s) 40,33"
OpenAlex,2203,Automotive Engineering,FOR,4013,Geomatic engineering,group,False,constrained_lexical,0.268,"constrained to groups within division(s) 40,33"
OpenAlex,2203,Automotive Engineering,FOR,4016,Materials engineering,group,False,constrained_lexical,0.267,"constrained to groups within division(s) 40,33"
OpenAlex,2203,Automotive Engineering,FOR,4007,"Control engineering, mechatronics and robotics",group,False,constrained_lexical,0.296,"constrained to groups within division(s) 40,33"
OpenAlex,2204,Biomedical Engineering,FOR,4011,Environmental engineering,group,False,constrained_lexical,0.283,"constrained to groups within division(s) 40,33"
OpenAlex,2204,Biomedical Engineering,FOR,4018,Nanotechnology,group,False,constrained_lexical,0.265,"constrained to groups within division(s) 40,33"
OpenAlex,2204,Biomedical Engineering,FOR,4019,Resources engineering and extractive metallurgy,group,False,constrained_lexical,0.239,"constrained to groups within division(s) 40,33"
OpenAlex,2204,Biomedical Engineering,FOR,4015,Maritime engineering,group,False,constrained_lexical,0.236,"constrained to groups within division(s) 40,33"
OpenAlex,2204,Biomedical Engineering,FOR,4099,Other engineering,group,False,constrained_lexical,0.169,"constrained to groups within division(s) 40,33"
OpenAlex,2204,Biomedical Engineering,FOR,3303,Design,group,False,constrained_lexical,0.108,"constrained to groups within division(s) 40,33"
OpenAlex,2204,Biomedical Engineering,FOR,3399,Other built environment and design,group,False,constrained_lexical,0.1,"constrained to groups within division(s) 40,33"
OpenAlex,2204,Biomedical Engineering,FOR,3301,Architecture,group,False,constrained_lexical,0.093,"constrained to groups within division(s) 40,33"
OpenAlex,2204,Biomedical Engineering,FOR,3304,Urban and regional planning,group,False,constrained_lexical,0.086,"constrained to groups within division(s) 40,33"
OpenAlex,2204,Biomedical Engineering,FOR,4016,Materials engineering,group,False,constrained_lexical,0.3,"constrained to groups within division(s) 40,33"
OpenAlex,2204,Biomedical Engineering,FOR,4009,"Electronics, sensors and digital hardware",group,False,constrained_lexical,0.147,"constrained to groups within division(s) 40,33"
OpenAlex,2204,Biomedical Engineering,FOR,3302,Building,group,False,constrained_lexical,0.081,"constrained to groups within division(s) 40,33"
OpenAlex,2204,Biomedical Engineering,FOR,4005,Civil engineering,group,False,constrained_lexical,0.332,"constrained to groups within division(s) 40,33"
OpenAlex,2204,Biomedical Engineering,FOR,4001,Aerospace engineering,group,False,constrained_lexical,0.335,"constrained to groups within division(s) 40,33"
OpenAlex,2204,Biomedical Engineering,FOR,4007,"Control engineering, mechatronics and robotics",group,False,constrained_lexical,0.333,"constrained to groups within division(s) 40,33"
OpenAlex,2204,Biomedical Engineering,FOR,4003,Biomedical engineering,group,True,constrained_lexical,1.0,"constrained to groups within division(s) 40,33"
OpenAlex,2204,Biomedical Engineering,FOR,4006,Communications engineering,group,False,constrained_lexical,0.455,"constrained to groups within division(s) 40,33"
OpenAlex,2204,Biomedical Engineering,FOR,4010,Engineering practice and education,group,False,constrained_lexical,0.443,"constrained to groups within division(s) 40,33"
OpenAlex,2204,Biomedical Engineering,FOR,4002,Automotive engineering,group,False,constrained_lexical,0.426,"constrained to groups within division(s) 40,33"
OpenAlex,2204,Biomedical Engineering,FOR,4017,Mechanical engineering,group,False,constrained_lexical,0.436,"constrained to groups within division(s) 40,33"
OpenAlex,2204,Biomedical Engineering,FOR,4008,Electrical engineering,group,False,constrained_lexical,0.404,"constrained to groups within division(s) 40,33"
OpenAlex,2204,Biomedical Engineering,FOR,4014,Manufacturing engineering,group,False,constrained_lexical,0.35,"constrained to groups within division(s) 40,33"
OpenAlex,2204,Biomedical Engineering,FOR,4013,Geomatic engineering,group,False,constrained_lexical,0.336,"constrained to groups within division(s) 40,33"
OpenAlex,2204,Biomedical Engineering,FOR,4012,Fluid mechanics and thermal engineering,group,False,constrained_lexical,0.335,"constrained to groups within division(s) 40,33"
OpenAlex,2204,Biomedical Engineering,FOR,4004,Chemical engineering,group,False,constrained_lexical,0.412,"constrained to groups within division(s) 40,33"
OpenAlex,2205,Civil and Structural Engineering,FOR,3399,Other built environment and design,group,False,constrained_lexical,0.0,"constrained to groups within division(s) 40,33"
OpenAlex,2205,Civil and Structural Engineering,FOR,4007,"Control engineering, mechatronics and robotics",group,False,constrained_lexical,0.202,"constrained to groups within division(s) 40,33"
OpenAlex,2205,Civil and Structural Engineering,FOR,4019,Resources engineering and extractive metallurgy,group,False,constrained_lexical,0.197,"constrained to groups within division(s) 40,33"
OpenAlex,2205,Civil and Structural Engineering,FOR,4013,Geomatic engineering,group,False,constrained_lexical,0.188,"constrained to groups within division(s) 40,33"
OpenAlex,2205,Civil and Structural Engineering,FOR,3302,Building,group,False,constrained_lexical,0.135,"constrained to groups within division(s) 40,33"
OpenAlex,2205,Civil and Structural Engineering,FOR,4009,"Electronics, sensors and digital hardware",group,False,constrained_lexical,0.067,"constrained to groups within division(s) 40,33"
OpenAlex,2205,Civil and Structural Engineering,FOR,3304,Urban and regional planning,group,False,constrained_lexical,0.071,"constrained to groups within division(s) 40,33"
OpenAlex,2205,Civil and Structural Engineering,FOR,3301,Architecture,group,False,constrained_lexical,0.047,"constrained to groups within division(s) 40,33"
OpenAlex,2205,Civil and Structural Engineering,FOR,3303,Design,group,False,constrained_lexical,0.036,"constrained to groups within division(s) 40,33"
OpenAlex,2205,Civil and Structural Engineering,FOR,4018,Nanotechnology,group,False,constrained_lexical,0.029,"constrained to groups within division(s) 40,33"
OpenAlex,2205,Civil and Structural Engineering,FOR,4099,Other engineering,group,False,constrained_lexical,0.106,"constrained to groups within division(s) 40,33"
OpenAlex,2205,Civil and Structural Engineering,FOR,4003,Biomedical engineering,group,False,constrained_lexical,0.203,"constrained to groups within division(s) 40,33"
OpenAlex,2205,Civil and Structural Engineering,FOR,4006,Communications engineering,group,False,constrained_lexical,0.207,"constrained to groups within division(s) 40,33"
OpenAlex,2205,Civil and Structural Engineering,FOR,4010,Engineering practice and education,group,False,constrained_lexical,0.211,"constrained to groups within division(s) 40,33"
OpenAlex,2205,Civil and Structural Engineering,FOR,4005,Civil engineering,group,True,constrained_lexical,0.711,"constrained to groups within division(s) 40,33"
OpenAlex,2205,Civil and Structural Engineering,FOR,4002,Automotive engineering,group,False,constrained_lexical,0.369,"constrained to groups within division(s) 40,33"
OpenAlex,2205,Civil and Structural Engineering,FOR,4001,Aerospace engineering,group,False,constrained_lexical,0.297,"constrained to groups within division(s) 40,33"
OpenAlex,2205,Civil and Structural Engineering,FOR,4017,Mechanical engineering,group,False,constrained_lexical,0.288,"constrained to groups within division(s) 40,33"
OpenAlex,2205,Civil and Structural Engineering,FOR,4015,Maritime engineering,group,False,constrained_lexical,0.25,"constrained to groups within division(s) 40,33"
OpenAlex,2205,Civil and Structural Engineering,FOR,4016,Materials engineering,group,False,constrained_lexical,0.21,"constrained to groups within division(s) 40,33"
OpenAlex,2205,Civil and Structural Engineering,FOR,4011,Environmental engineering,group,False,constrained_lexical,0.226,"constrained to groups within division(s) 40,33"
OpenAlex,2205,Civil and Structural Engineering,FOR,4008,Electrical engineering,group,False,constrained_lexical,0.224,"constrained to groups within division(s) 40,33"
OpenAlex,2205,Civil and Structural Engineering,FOR,4012,Fluid mechanics and thermal engineering,group,False,constrained_lexical,0.22,"constrained to groups within division(s) 40,33"
OpenAlex,2205,Civil and Structural Engineering,FOR,4004,Chemical engineering,group,False,constrained_lexical,0.219,"constrained to groups within division(s) 40,33"
OpenAlex,2205,Civil and Structural Engineering,FOR,4014,Manufacturing engineering,group,False,constrained_lexical,0.243,"constrained to groups within division(s) 40,33"
OpenAlex,2206,Computational Mechanics,FOR,4016,Materials engineering,group,False,constrained_lexical,0.067,"constrained to groups within division(s) 40,33"
OpenAlex,2206,Computational Mechanics,FOR,4019,Resources engineering and extractive metallurgy,group,False,constrained_lexical,0.064,"constrained to groups within division(s) 40,33"
OpenAlex,2206,Computational Mechanics,FOR,4011,Environmental engineering,group,False,constrained_lexical,0.062,"constrained to groups within division(s) 40,33"
OpenAlex,2206,Computational Mechanics,FOR,3303,Design,group,False,constrained_lexical,0.06,"constrained to groups within division(s) 40,33"
OpenAlex,2206,Computational Mechanics,FOR,3302,Building,group,False,constrained_lexical,0.054,"constrained to groups within division(s) 40,33"
OpenAlex,2206,Computational Mechanics,FOR,4008,Electrical engineering,group,False,constrained_lexical,0.041,"constrained to groups within division(s) 40,33"
OpenAlex,2206,Computational Mechanics,FOR,4015,Maritime engineering,group,False,constrained_lexical,0.036,"constrained to groups within division(s) 40,33"
OpenAlex,2206,Computational Mechanics,FOR,3304,Urban and regional planning,group,False,constrained_lexical,0.029,"constrained to groups within division(s) 40,33"
OpenAlex,2206,Computational Mechanics,FOR,3399,Other built environment and design,group,False,constrained_lexical,0.0,"constrained to groups within division(s) 40,33"
OpenAlex,2206,Computational Mechanics,FOR,4013,Geomatic engineering,group,False,constrained_lexical,0.068,"constrained to groups within division(s) 40,33"
OpenAlex,2206,Computational Mechanics,FOR,4010,Engineering practice and education,group,False,constrained_lexical,0.05,"constrained to groups within division(s) 40,33"
OpenAlex,2206,Computational Mechanics,FOR,4001,Aerospace engineering,group,False,constrained_lexical,0.077,"constrained to groups within division(s) 40,33"
OpenAlex,2206,Computational Mechanics,FOR,4018,Nanotechnology,group,False,constrained_lexical,0.0,"constrained to groups within division(s) 40,33"
OpenAlex,2206,Computational Mechanics,FOR,4006,Communications engineering,group,False,constrained_lexical,0.085,"constrained to groups within division(s) 40,33"
OpenAlex,2206,Computational Mechanics,FOR,4012,Fluid mechanics and thermal engineering,group,True,constrained_lexical,0.37,"constrained to groups within division(s) 40,33"
OpenAlex,2206,Computational Mechanics,FOR,4017,Mechanical engineering,group,False,constrained_lexical,0.327,"constrained to groups within division(s) 40,33"
OpenAlex,2206,Computational Mechanics,FOR,4007,"Control engineering, mechatronics and robotics",group,False,constrained_lexical,0.222,"constrained to groups within division(s) 40,33"
OpenAlex,2206,Computational Mechanics,FOR,4004,Chemical engineering,group,False,constrained_lexical,0.182,"constrained to groups within division(s) 40,33"
OpenAlex,2206,Computational Mechanics,FOR,4003,Biomedical engineering,group,False,constrained_lexical,0.152,"constrained to groups within division(s) 40,33"
OpenAlex,2206,Computational Mechanics,FOR,4014,Manufacturing engineering,group,False,constrained_lexical,0.083,"constrained to groups within division(s) 40,33"
OpenAlex,2206,Computational Mechanics,FOR,4005,Civil engineering,group,False,constrained_lexical,0.094,"constrained to groups within division(s) 40,33"
OpenAlex,2206,Computational Mechanics,FOR,4009,"Electronics, sensors and digital hardware",group,False,constrained_lexical,0.093,"constrained to groups within division(s) 40,33"
OpenAlex,2206,Computational Mechanics,FOR,3301,Architecture,group,False,constrained_lexical,0.093,"constrained to groups within division(s) 40,33"
OpenAlex,2206,Computational Mechanics,FOR,4099,Other engineering,group,False,constrained_lexical,0.092,"constrained to groups within division(s) 40,33"
OpenAlex,2206,Computational Mechanics,FOR,4002,Automotive engineering,group,False,constrained_lexical,0.129,"constrained to groups within division(s) 40,33"
OpenAlex,2207,Control and Systems Engineering,FOR,4016,Materials engineering,group,False,constrained_lexical,0.176,"constrained to groups within division(s) 40,33"
OpenAlex,2207,Control and Systems Engineering,FOR,4012,Fluid mechanics and thermal engineering,group,False,constrained_lexical,0.173,"constrained to groups within division(s) 40,33"
OpenAlex,2207,Control and Systems Engineering,FOR,3302,Building,group,False,constrained_lexical,0.162,"constrained to groups within division(s) 40,33"
OpenAlex,2207,Control and Systems Engineering,FOR,4019,Resources engineering and extractive metallurgy,group,False,constrained_lexical,0.155,"constrained to groups within division(s) 40,33"
OpenAlex,2207,Control and Systems Engineering,FOR,4009,"Electronics, sensors and digital hardware",group,False,constrained_lexical,0.107,"constrained to groups within division(s) 40,33"
OpenAlex,2207,Control and Systems Engineering,FOR,3301,Architecture,group,False,constrained_lexical,0.093,"constrained to groups within division(s) 40,33"
OpenAlex,2207,Control and Systems Engineering,FOR,3303,Design,group,False,constrained_lexical,0.084,"constrained to groups within division(s) 40,33"
OpenAlex,2207,Control and Systems Engineering,FOR,3304,Urban and regional planning,group,False,constrained_lexical,0.071,"constrained to groups within division(s) 40,33"
OpenAlex,2207,Control and Systems Engineering,FOR,4018,Nanotechnology,group,False,constrained_lexical,0.059,"constrained to groups within division(s) 40,33"
OpenAlex,2207,Control and Systems Engineering,FOR,4015,Maritime engineering,group,False,constrained_lexical,0.179,"constrained to groups within division(s) 40,33"
OpenAlex,2207,Control and Systems Engineering,FOR,4099,Other engineering,group,False,constrained_lexical,0.106,"constrained to groups within division(s) 40,33"
OpenAlex,2207,Control and Systems Engineering,FOR,3399,Other built environment and design,group,False,constrained_lexical,0.05,"constrained to groups within division(s) 40,33"
OpenAlex,2207,Control and Systems Engineering,FOR,4003,Biomedical engineering,group,False,constrained_lexical,0.203,"constrained to groups within division(s) 40,33"
OpenAlex,2207,Control and Systems Engineering,FOR,4005,Civil engineering,group,False,constrained_lexical,0.237,"constrained to groups within division(s) 40,33"
OpenAlex,2207,Control and Systems Engineering,FOR,4013,Geomatic engineering,group,False,constrained_lexical,0.234,"constrained to groups within division(s) 40,33"
OpenAlex,2207,Control and Systems Engineering,FOR,4007,"Control engineering, mechatronics and robotics",group,True,constrained_lexical,0.515,"constrained to groups within division(s) 40,33"
OpenAlex,2207,Control and Systems Engineering,FOR,4006,Communications engineering,group,False,constrained_lexical,0.377,"constrained to groups within division(s) 40,33"
OpenAlex,2207,Control and Systems Engineering,FOR,4014,Manufacturing engineering,group,False,constrained_lexical,0.326,"constrained to groups within division(s) 40,33"
OpenAlex,2207,Control and Systems Engineering,FOR,4017,Mechanical engineering,group,False,constrained_lexical,0.306,"constrained to groups within division(s) 40,33"
OpenAlex,2207,Control and Systems Engineering,FOR,4010,Engineering practice and education,group,False,constrained_lexical,0.361,"constrained to groups within division(s) 40,33"
OpenAlex,2207,Control and Systems Engineering,FOR,4002,Automotive engineering,group,False,constrained_lexical,0.304,"constrained to groups within division(s) 40,33"
OpenAlex,2207,Control and Systems Engineering,FOR,4001,Aerospace engineering,group,False,constrained_lexical,0.297,"constrained to groups within division(s) 40,33"
OpenAlex,2207,Control and Systems Engineering,FOR,4004,Chemical engineering,group,False,constrained_lexical,0.264,"constrained to groups within division(s) 40,33"
OpenAlex,2207,Control and Systems Engineering,FOR,4011,Environmental engineering,group,False,constrained_lexical,0.247,"constrained to groups within division(s) 40,33"
OpenAlex,2207,Control and Systems Engineering,FOR,4008,Electrical engineering,group,False,constrained_lexical,0.306,"constrained to groups within division(s) 40,33"
OpenAlex,2208,Electrical and Electronic Engineering,FOR,4018,Nanotechnology,group,False,constrained_lexical,0.235,"constrained to groups within division(s) 40,33"
OpenAlex,2208,Electrical and Electronic Engineering,FOR,3399,Other built environment and design,group,False,constrained_lexical,0.05,"constrained to groups within division(s) 40,33"
OpenAlex,2208,Electrical and Electronic Engineering,FOR,4012,Fluid mechanics and thermal engineering,group,False,constrained_lexical,0.241,"constrained to groups within division(s) 40,33"
OpenAlex,2208,Electrical and Electronic Engineering,FOR,4015,Maritime engineering,group,False,constrained_lexical,0.238,"constrained to groups within division(s) 40,33"
OpenAlex,2208,Electrical and Electronic Engineering,FOR,4019,Resources engineering and extractive metallurgy,group,False,constrained_lexical,0.185,"constrained to groups within division(s) 40,33"
OpenAlex,2208,Electrical and Electronic Engineering,FOR,4010,Engineering practice and education,group,False,constrained_lexical,0.275,"constrained to groups within division(s) 40,33"
OpenAlex,2208,Electrical and Electronic Engineering,FOR,3303,Design,group,False,constrained_lexical,0.145,"constrained to groups within division(s) 40,33"
OpenAlex,2208,Electrical and Electronic Engineering,FOR,3302,Building,group,False,constrained_lexical,0.135,"constrained to groups within division(s) 40,33"
OpenAlex,2208,Electrical and Electronic Engineering,FOR,3304,Urban and regional planning,group,False,constrained_lexical,0.1,"constrained to groups within division(s) 40,33"
OpenAlex,2208,Electrical and Electronic Engineering,FOR,4099,Other engineering,group,False,constrained_lexical,0.098,"constrained to groups within division(s) 40,33"
OpenAlex,2208,Electrical and Electronic Engineering,FOR,3301,Architecture,group,False,constrained_lexical,0.163,"constrained to groups within division(s) 40,33"
OpenAlex,2208,Electrical and Electronic Engineering,FOR,4011,Environmental engineering,group,False,constrained_lexical,0.292,"constrained to groups within division(s) 40,33"
OpenAlex,2208,Electrical and Electronic Engineering,FOR,4003,Biomedical engineering,group,False,constrained_lexical,0.318,"constrained to groups within division(s) 40,33"
OpenAlex,2208,Electrical and Electronic Engineering,FOR,4007,"Control engineering, mechatronics and robotics",group,False,constrained_lexical,0.304,"constrained to groups within division(s) 40,33"
OpenAlex,2208,Electrical and Electronic Engineering,FOR,4008,Electrical engineering,group,True,constrained_lexical,1.0,"constrained to groups within division(s) 40,33"
OpenAlex,2208,Electrical and Electronic Engineering,FOR,4006,Communications engineering,group,False,constrained_lexical,0.592,"constrained to groups within division(s) 40,33"
OpenAlex,2208,Electrical and Electronic Engineering,FOR,4017,Mechanical engineering,group,False,constrained_lexical,0.439,"constrained to groups within division(s) 40,33"
OpenAlex,2208,Electrical and Electronic Engineering,FOR,4002,Automotive engineering,group,False,constrained_lexical,0.425,"constrained to groups within division(s) 40,33"
OpenAlex,2208,Electrical and Electronic Engineering,FOR,4009,"Electronics, sensors and digital hardware",group,False,constrained_lexical,0.393,"constrained to groups within division(s) 40,33"
OpenAlex,2208,Electrical and Electronic Engineering,FOR,4005,Civil engineering,group,False,constrained_lexical,0.299,"constrained to groups within division(s) 40,33"
OpenAlex,2208,Electrical and Electronic Engineering,FOR,4014,Manufacturing engineering,group,False,constrained_lexical,0.367,"constrained to groups within division(s) 40,33"
OpenAlex,2208,Electrical and Electronic Engineering,FOR,4004,Chemical engineering,group,False,constrained_lexical,0.364,"constrained to groups within division(s) 40,33"
OpenAlex,2208,Electrical and Electronic Engineering,FOR,4013,Geomatic engineering,group,False,constrained_lexical,0.326,"constrained to groups within division(s) 40,33"
OpenAlex,2208,Electrical and Electronic Engineering,FOR,4016,Materials engineering,group,False,constrained_lexical,0.317,"constrained to groups within division(s) 40,33"
OpenAlex,2208,Electrical and Electronic Engineering,FOR,4001,Aerospace engineering,group,False,constrained_lexical,0.378,"constrained to groups within division(s) 40,33"
OpenAlex,2209,Industrial and Manufacturing Engineering,FOR,4003,Biomedical engineering,group,False,constrained_lexical,0.173,"constrained to groups within division(s) 40,33"
OpenAlex,2209,Industrial and Manufacturing Engineering,FOR,4019,Resources engineering and extractive metallurgy,group,False,constrained_lexical,0.133,"constrained to groups within division(s) 40,33"
OpenAlex,2209,Industrial and Manufacturing Engineering,FOR,4012,Fluid mechanics and thermal engineering,group,False,constrained_lexical,0.126,"constrained to groups within division(s) 40,33"
OpenAlex,2209,Industrial and Manufacturing Engineering,FOR,3302,Building,group,False,constrained_lexical,0.108,"constrained to groups within division(s) 40,33"
OpenAlex,2209,Industrial and Manufacturing Engineering,FOR,4099,Other engineering,group,False,constrained_lexical,0.083,"constrained to groups within division(s) 40,33"
OpenAlex,2209,Industrial and Manufacturing Engineering,FOR,4009,"Electronics, sensors and digital hardware",group,False,constrained_lexical,0.067,"constrained to groups within division(s) 40,33"
OpenAlex,2209,Industrial and Manufacturing Engineering,FOR,4018,Nanotechnology,group,False,constrained_lexical,0.059,"constrained to groups within division(s) 40,33"
OpenAlex,2209,Industrial and Manufacturing Engineering,FOR,3303,Design,group,False,constrained_lexical,0.036,"constrained to groups within division(s) 40,33"
OpenAlex,2209,Industrial and Manufacturing Engineering,FOR,3304,Urban and regional planning,group,False,constrained_lexical,0.014,"constrained to groups within division(s) 40,33"
OpenAlex,2209,Industrial and Manufacturing Engineering,FOR,4016,Materials engineering,group,False,constrained_lexical,0.193,"constrained to groups within division(s) 40,33"
OpenAlex,2209,Industrial and Manufacturing Engineering,FOR,3301,Architecture,group,False,constrained_lexical,0.07,"constrained to groups within division(s) 40,33"
OpenAlex,2209,Industrial and Manufacturing Engineering,FOR,4017,Mechanical engineering,group,False,constrained_lexical,0.197,"constrained to groups within division(s) 40,33"
OpenAlex,2209,Industrial and Manufacturing Engineering,FOR,3399,Other built environment and design,group,False,constrained_lexical,0.0,"constrained to groups within division(s) 40,33"
OpenAlex,2209,Industrial and Manufacturing Engineering,FOR,4001,Aerospace engineering,group,False,constrained_lexical,0.201,"constrained to groups within division(s) 40,33"
OpenAlex,2209,Industrial and Manufacturing Engineering,FOR,4014,Manufacturing engineering,group,True,constrained_lexical,0.8,"constrained to groups within division(s) 40,33"
OpenAlex,2209,Industrial and Manufacturing Engineering,FOR,4002,Automotive engineering,group,False,constrained_lexical,0.272,"constrained to groups within division(s) 40,33"
OpenAlex,2209,Industrial and Manufacturing Engineering,FOR,4015,Maritime engineering,group,False,constrained_lexical,0.25,"constrained to groups within division(s) 40,33"
OpenAlex,2209,Industrial and Manufacturing Engineering,FOR,4011,Environmental engineering,group,False,constrained_lexical,0.247,"constrained to groups within division(s) 40,33"
OpenAlex,2209,Industrial and Manufacturing Engineering,FOR,4006,Communications engineering,group,False,constrained_lexical,0.228,"constrained to groups within division(s) 40,33"
OpenAlex,2209,Industrial and Manufacturing Engineering,FOR,4005,Civil engineering,group,False,constrained_lexical,0.199,"constrained to groups within division(s) 40,33"
OpenAlex,2209,Industrial and Manufacturing Engineering,FOR,4007,"Control engineering, mechatronics and robotics",group,False,constrained_lexical,0.221,"constrained to groups within division(s) 40,33"
OpenAlex,2209,Industrial and Manufacturing Engineering,FOR,4010,Engineering practice and education,group,False,constrained_lexical,0.211,"constrained to groups within division(s) 40,33"
OpenAlex,2209,Industrial and Manufacturing Engineering,FOR,4013,Geomatic engineering,group,False,constrained_lexical,0.211,"constrained to groups within division(s) 40,33"
OpenAlex,2209,Industrial and Manufacturing Engineering,FOR,4004,Chemical engineering,group,False,constrained_lexical,0.203,"constrained to groups within division(s) 40,33"
OpenAlex,2209,Industrial and Manufacturing Engineering,FOR,4008,Electrical engineering,group,False,constrained_lexical,0.224,"constrained to groups within division(s) 40,33"
OpenAlex,2210,Mechanical Engineering,FOR,4006,Communications engineering,group,False,constrained_lexical,0.328,"constrained to groups within division(s) 40,33"
OpenAlex,2210,Mechanical Engineering,FOR,4013,Geomatic engineering,group,False,constrained_lexical,0.314,"constrained to groups within division(s) 40,33"
OpenAlex,2210,Mechanical Engineering,FOR,4003,Biomedical engineering,group,False,constrained_lexical,0.261,"constrained to groups within division(s) 40,33"
OpenAlex,2210,Mechanical Engineering,FOR,4099,Other engineering,group,False,constrained_lexical,0.215,"constrained to groups within division(s) 40,33"
OpenAlex,2210,Mechanical Engineering,FOR,4009,"Electronics, sensors and digital hardware",group,False,constrained_lexical,0.16,"constrained to groups within division(s) 40,33"
OpenAlex,2210,Mechanical Engineering,FOR,3301,Architecture,group,False,constrained_lexical,0.116,"constrained to groups within division(s) 40,33"
OpenAlex,2210,Mechanical Engineering,FOR,3303,Design,group,False,constrained_lexical,0.108,"constrained to groups within division(s) 40,33"
OpenAlex,2210,Mechanical Engineering,FOR,3399,Other built environment and design,group,False,constrained_lexical,0.1,"constrained to groups within division(s) 40,33"
OpenAlex,2210,Mechanical Engineering,FOR,4018,Nanotechnology,group,False,constrained_lexical,0.088,"constrained to groups within division(s) 40,33"
OpenAlex,2210,Mechanical Engineering,FOR,4015,Maritime engineering,group,False,constrained_lexical,0.343,"constrained to groups within division(s) 40,33"
OpenAlex,2210,Mechanical Engineering,FOR,3302,Building,group,False,constrained_lexical,0.135,"constrained to groups within division(s) 40,33"
OpenAlex,2210,Mechanical Engineering,FOR,3304,Urban and regional planning,group,False,constrained_lexical,0.086,"constrained to groups within division(s) 40,33"
OpenAlex,2210,Mechanical Engineering,FOR,4019,Resources engineering and extractive metallurgy,group,False,constrained_lexical,0.345,"constrained to groups within division(s) 40,33"
OpenAlex,2210,Mechanical Engineering,FOR,4008,Electrical engineering,group,False,constrained_lexical,0.384,"constrained to groups within division(s) 40,33"
OpenAlex,2210,Mechanical Engineering,FOR,4005,Civil engineering,group,False,constrained_lexical,0.37,"constrained to groups within division(s) 40,33"
OpenAlex,2210,Mechanical Engineering,FOR,4017,Mechanical engineering,group,True,constrained_lexical,1.0,"constrained to groups within division(s) 40,33"
OpenAlex,2210,Mechanical Engineering,FOR,4002,Automotive engineering,group,False,constrained_lexical,0.523,"constrained to groups within division(s) 40,33"
OpenAlex,2210,Mechanical Engineering,FOR,4014,Manufacturing engineering,group,False,constrained_lexical,0.467,"constrained to groups within division(s) 40,33"
OpenAlex,2210,Mechanical Engineering,FOR,4004,Chemical engineering,group,False,constrained_lexical,0.458,"constrained to groups within division(s) 40,33"
OpenAlex,2210,Mechanical Engineering,FOR,4007,"Control engineering, mechatronics and robotics",group,False,constrained_lexical,0.509,"constrained to groups within division(s) 40,33"
OpenAlex,2210,Mechanical Engineering,FOR,4012,Fluid mechanics and thermal engineering,group,False,constrained_lexical,0.426,"constrained to groups within division(s) 40,33"
OpenAlex,2210,Mechanical Engineering,FOR,4016,Materials engineering,group,False,constrained_lexical,0.417,"constrained to groups within division(s) 40,33"
OpenAlex,2210,Mechanical Engineering,FOR,4001,Aerospace engineering,group,False,constrained_lexical,0.412,"constrained to groups within division(s) 40,33"
OpenAlex,2210,Mechanical Engineering,FOR,4011,Environmental engineering,group,False,constrained_lexical,0.388,"constrained to groups within division(s) 40,33"
OpenAlex,2210,Mechanical Engineering,FOR,4010,Engineering practice and education,group,False,constrained_lexical,0.443,"constrained to groups within division(s) 40,33"
OpenAlex,2211,Mechanics of Materials,FOR,4009,"Electronics, sensors and digital hardware",group,False,constrained_lexical,0.067,"constrained to groups within division(s) 40,33"
OpenAlex,2211,Mechanics of Materials,FOR,4014,Manufacturing engineering,group,False,constrained_lexical,0.083,"constrained to groups within division(s) 40,33"
OpenAlex,2211,Mechanics of Materials,FOR,4008,Electrical engineering,group,False,constrained_lexical,0.082,"constrained to groups within division(s) 40,33"
OpenAlex,2211,Mechanics of Materials,FOR,4001,Aerospace engineering,group,False,constrained_lexical,0.077,"constrained to groups within division(s) 40,33"
OpenAlex,2211,Mechanics of Materials,FOR,4011,Environmental engineering,group,False,constrained_lexical,0.062,"constrained to groups within division(s) 40,33"
OpenAlex,2211,Mechanics of Materials,FOR,4004,Chemical engineering,group,False,constrained_lexical,0.091,"constrained to groups within division(s) 40,33"
OpenAlex,2211,Mechanics of Materials,FOR,4099,Other engineering,group,False,constrained_lexical,0.046,"constrained to groups within division(s) 40,33"
OpenAlex,2211,Mechanics of Materials,FOR,4018,Nanotechnology,group,False,constrained_lexical,0.029,"constrained to groups within division(s) 40,33"
OpenAlex,2211,Mechanics of Materials,FOR,3304,Urban and regional planning,group,False,constrained_lexical,0.029,"constrained to groups within division(s) 40,33"
OpenAlex,2211,Mechanics of Materials,FOR,3399,Other built environment and design,group,False,constrained_lexical,0.0,"constrained to groups within division(s) 40,33"
OpenAlex,2211,Mechanics of Materials,FOR,3303,Design,group,False,constrained_lexical,0.048,"constrained to groups within division(s) 40,33"
OpenAlex,2211,Mechanics of Materials,FOR,4003,Biomedical engineering,group,False,constrained_lexical,0.091,"constrained to groups within division(s) 40,33"
OpenAlex,2211,Mechanics of Materials,FOR,3301,Architecture,group,False,constrained_lexical,0.093,"constrained to groups within division(s) 40,33"
OpenAlex,2211,Mechanics of Materials,FOR,4010,Engineering practice and education,group,False,constrained_lexical,0.1,"constrained to groups within division(s) 40,33"
OpenAlex,2211,Mechanics of Materials,FOR,4016,Materials engineering,group,False,constrained_lexical,0.3,"constrained to groups within division(s) 40,33"
OpenAlex,2211,Mechanics of Materials,FOR,4012,Fluid mechanics and thermal engineering,group,False,constrained_lexical,0.217,"constrained to groups within division(s) 40,33"
OpenAlex,2211,Mechanics of Materials,FOR,4007,"Control engineering, mechatronics and robotics",group,False,constrained_lexical,0.204,"constrained to groups within division(s) 40,33"
OpenAlex,2211,Mechanics of Materials,FOR,4019,Resources engineering and extractive metallurgy,group,False,constrained_lexical,0.191,"constrained to groups within division(s) 40,33"
OpenAlex,2211,Mechanics of Materials,FOR,4002,Automotive engineering,group,False,constrained_lexical,0.161,"constrained to groups within division(s) 40,33"
OpenAlex,2211,Mechanics of Materials,FOR,4017,Mechanical engineering,group,True,constrained_lexical,0.382,"constrained to groups within division(s) 40,33"
OpenAlex,2211,Mechanics of Materials,FOR,4005,Civil engineering,group,False,constrained_lexical,0.113,"constrained to groups within division(s) 40,33"
OpenAlex,2211,Mechanics of Materials,FOR,3302,Building,group,False,constrained_lexical,0.108,"constrained to groups within division(s) 40,33"
OpenAlex,2211,Mechanics of Materials,FOR,4015,Maritime engineering,group,False,constrained_lexical,0.107,"constrained to groups within division(s) 40,33"
OpenAlex,2211,Mechanics of Materials,FOR,4006,Communications engineering,group,False,constrained_lexical,0.106,"constrained to groups within division(s) 40,33"
OpenAlex,2211,Mechanics of Materials,FOR,4013,Geomatic engineering,group,False,constrained_lexical,0.136,"constrained to groups within division(s) 40,33"
OpenAlex,2212,Ocean Engineering,FOR,4003,Biomedical engineering,group,False,constrained_lexical,0.23,"constrained to groups within division(s) 40,33"
OpenAlex,2212,Ocean Engineering,FOR,4007,"Control engineering, mechatronics and robotics",group,False,constrained_lexical,0.222,"constrained to groups within division(s) 40,33"
OpenAlex,2212,Ocean Engineering,FOR,4012,Fluid mechanics and thermal engineering,group,False,constrained_lexical,0.217,"constrained to groups within division(s) 40,33"
OpenAlex,2212,Ocean Engineering,FOR,3302,Building,group,False,constrained_lexical,0.135,"constrained to groups within division(s) 40,33"
OpenAlex,2212,Ocean Engineering,FOR,4099,Other engineering,group,False,constrained_lexical,0.123,"constrained to groups within division(s) 40,33"
OpenAlex,2212,Ocean Engineering,FOR,3301,Architecture,group,False,constrained_lexical,0.093,"constrained to groups within division(s) 40,33"
OpenAlex,2212,Ocean Engineering,FOR,3303,Design,group,False,constrained_lexical,0.072,"constrained to groups within division(s) 40,33"
OpenAlex,2212,Ocean Engineering,FOR,3304,Urban and regional planning,group,False,constrained_lexical,0.057,"constrained to groups within division(s) 40,33"
OpenAlex,2212,Ocean Engineering,FOR,3399,Other built environment and design,group,False,constrained_lexical,0.05,"constrained to groups within division(s) 40,33"
OpenAlex,2212,Ocean Engineering,FOR,4010,Engineering practice and education,group,False,constrained_lexical,0.243,"constrained to groups within division(s) 40,33"
OpenAlex,2212,Ocean Engineering,FOR,4009,"Electronics, sensors and digital hardware",group,False,constrained_lexical,0.093,"constrained to groups within division(s) 40,33"
OpenAlex,2212,Ocean Engineering,FOR,4016,Materials engineering,group,False,constrained_lexical,0.25,"constrained to groups within division(s) 40,33"
OpenAlex,2212,Ocean Engineering,FOR,4018,Nanotechnology,group,False,constrained_lexical,0.029,"constrained to groups within division(s) 40,33"
OpenAlex,2212,Ocean Engineering,FOR,4001,Aerospace engineering,group,False,constrained_lexical,0.296,"constrained to groups within division(s) 40,33"
OpenAlex,2212,Ocean Engineering,FOR,4015,Maritime engineering,group,True,constrained_lexical,0.521,"constrained to groups within division(s) 40,33"
OpenAlex,2212,Ocean Engineering,FOR,4006,Communications engineering,group,False,constrained_lexical,0.37,"constrained to groups within division(s) 40,33"
OpenAlex,2212,Ocean Engineering,FOR,4005,Civil engineering,group,False,constrained_lexical,0.37,"constrained to groups within division(s) 40,33"
OpenAlex,2212,Ocean Engineering,FOR,4002,Automotive engineering,group,False,constrained_lexical,0.361,"constrained to groups within division(s) 40,33"
OpenAlex,2212,Ocean Engineering,FOR,4013,Geomatic engineering,group,False,constrained_lexical,0.336,"constrained to groups within division(s) 40,33"
OpenAlex,2212,Ocean Engineering,FOR,4019,Resources engineering and extractive metallurgy,group,False,constrained_lexical,0.26,"constrained to groups within division(s) 40,33"
OpenAlex,2212,Ocean Engineering,FOR,4014,Manufacturing engineering,group,False,constrained_lexical,0.317,"constrained to groups within division(s) 40,33"
OpenAlex,2212,Ocean Engineering,FOR,4017,Mechanical engineering,group,False,constrained_lexical,0.309,"constrained to groups within division(s) 40,33"
OpenAlex,2212,Ocean Engineering,FOR,4011,Environmental engineering,group,False,constrained_lexical,0.304,"constrained to groups within division(s) 40,33"
OpenAlex,2212,Ocean Engineering,FOR,4008,Electrical engineering,group,False,constrained_lexical,0.302,"constrained to groups within division(s) 40,33"
OpenAlex,2212,Ocean Engineering,FOR,4004,Chemical engineering,group,False,constrained_lexical,0.321,"constrained to groups within division(s) 40,33"
OpenAlex,2213,"Safety, Risk, Reliability and Quality",FOR,4001,Aerospace engineering,group,False,constrained_lexical,0.058,"constrained to groups within division(s) 40,33"
OpenAlex,2213,"Safety, Risk, Reliability and Quality",FOR,3301,Architecture,group,False,constrained_lexical,0.047,"constrained to groups within division(s) 40,33"
OpenAlex,2213,"Safety, Risk, Reliability and Quality",FOR,4004,Chemical engineering,group,False,constrained_lexical,0.045,"constrained to groups within division(s) 40,33"
OpenAlex,2213,"Safety, Risk, Reliability and Quality",FOR,3304,Urban and regional planning,group,False,constrained_lexical,0.044,"constrained to groups within division(s) 40,33"
OpenAlex,2213,"Safety, Risk, Reliability and Quality",FOR,4015,Maritime engineering,group,False,constrained_lexical,0.036,"constrained to groups within division(s) 40,33"
OpenAlex,2213,"Safety, Risk, Reliability and Quality",FOR,4003,Biomedical engineering,group,False,constrained_lexical,0.03,"constrained to groups within division(s) 40,33"
OpenAlex,2213,"Safety, Risk, Reliability and Quality",FOR,4012,Fluid mechanics and thermal engineering,group,False,constrained_lexical,0.029,"constrained to groups within division(s) 40,33"
OpenAlex,2213,"Safety, Risk, Reliability and Quality",FOR,4018,Nanotechnology,group,False,constrained_lexical,0.029,"constrained to groups within division(s) 40,33"
OpenAlex,2213,"Safety, Risk, Reliability and Quality",FOR,4099,Other engineering,group,False,constrained_lexical,0.023,"constrained to groups within division(s) 40,33"
OpenAlex,2213,"Safety, Risk, Reliability and Quality",FOR,4006,Communications engineering,group,False,constrained_lexical,0.064,"constrained to groups within division(s) 40,33"
OpenAlex,2213,"Safety, Risk, Reliability and Quality",FOR,4016,Materials engineering,group,False,constrained_lexical,0.033,"constrained to groups within division(s) 40,33"
OpenAlex,2213,"Safety, Risk, Reliability and Quality",FOR,3399,Other built environment and design,group,False,constrained_lexical,0.0,"constrained to groups within division(s) 40,33"
OpenAlex,2213,"Safety, Risk, Reliability and Quality",FOR,4013,Geomatic engineering,group,False,constrained_lexical,0.068,"constrained to groups within division(s) 40,33"
OpenAlex,2213,"Safety, Risk, Reliability and Quality",FOR,4008,Electrical engineering,group,False,constrained_lexical,0.082,"constrained to groups within division(s) 40,33"
OpenAlex,2213,"Safety, Risk, Reliability and Quality",FOR,3303,Design,group,False,constrained_lexical,0.074,"constrained to groups within division(s) 40,33"
OpenAlex,2213,"Safety, Risk, Reliability and Quality",FOR,4010,Engineering practice and education,group,True,constrained_lexical,0.2,"constrained to groups within division(s) 40,33"
OpenAlex,2213,"Safety, Risk, Reliability and Quality",FOR,4002,Automotive engineering,group,False,constrained_lexical,0.161,"constrained to groups within division(s) 40,33"
OpenAlex,2213,"Safety, Risk, Reliability and Quality",FOR,3302,Building,group,False,constrained_lexical,0.135,"constrained to groups within division(s) 40,33"
OpenAlex,2213,"Safety, Risk, Reliability and Quality",FOR,4011,Environmental engineering,group,False,constrained_lexical,0.125,"constrained to groups within division(s) 40,33"
OpenAlex,2213,"Safety, Risk, Reliability and Quality",FOR,4005,Civil engineering,group,False,constrained_lexical,0.151,"constrained to groups within division(s) 40,33"
OpenAlex,2213,"Safety, Risk, Reliability and Quality",FOR,4007,"Control engineering, mechatronics and robotics",group,False,constrained_lexical,0.111,"constrained to groups within division(s) 40,33"
OpenAlex,2213,"Safety, Risk, Reliability and Quality",FOR,4019,Resources engineering and extractive metallurgy,group,False,constrained_lexical,0.106,"constrained to groups within division(s) 40,33"
OpenAlex,2213,"Safety, Risk, Reliability and Quality",FOR,4017,Mechanical engineering,group,False,constrained_lexical,0.091,"constrained to groups within division(s) 40,33"
OpenAlex,2213,"Safety, Risk, Reliability and Quality",FOR,4009,"Electronics, sensors and digital hardware",group,False,constrained_lexical,0.088,"constrained to groups within division(s) 40,33"
OpenAlex,2213,"Safety, Risk, Reliability and Quality",FOR,4014,Manufacturing engineering,group,False,constrained_lexical,0.117,"constrained to groups within division(s) 40,33"
OpenAlex,2214,Media Technology,FOR,4011,Environmental engineering,group,False,constrained_lexical,0.021,"constrained to groups within division(s) 40,33"
OpenAlex,2214,Media Technology,FOR,4012,Fluid mechanics and thermal engineering,group,False,constrained_lexical,0.026,"constrained to groups within division(s) 40,33"
OpenAlex,2214,Media Technology,FOR,3301,Architecture,group,False,constrained_lexical,0.023,"constrained to groups within division(s) 40,33"
OpenAlex,2214,Media Technology,FOR,4099,Other engineering,group,False,constrained_lexical,0.023,"constrained to groups within division(s) 40,33"
OpenAlex,2214,Media Technology,FOR,4008,Electrical engineering,group,False,constrained_lexical,0.02,"constrained to groups within division(s) 40,33"
OpenAlex,2214,Media Technology,FOR,3304,Urban and regional planning,group,False,constrained_lexical,0.029,"constrained to groups within division(s) 40,33"
OpenAlex,2214,Media Technology,FOR,4017,Mechanical engineering,group,False,constrained_lexical,0.018,"constrained to groups within division(s) 40,33"
OpenAlex,2214,Media Technology,FOR,3303,Design,group,False,constrained_lexical,0.013,"constrained to groups within division(s) 40,33"
OpenAlex,2214,Media Technology,FOR,3399,Other built environment and design,group,False,constrained_lexical,0.0,"constrained to groups within division(s) 40,33"
OpenAlex,2214,Media Technology,FOR,4018,Nanotechnology,group,False,constrained_lexical,0.0,"constrained to groups within division(s) 40,33"
OpenAlex,2214,Media Technology,FOR,4005,Civil engineering,group,False,constrained_lexical,0.019,"constrained to groups within division(s) 40,33"
OpenAlex,2214,Media Technology,FOR,4001,Aerospace engineering,group,False,constrained_lexical,0.038,"constrained to groups within division(s) 40,33"
OpenAlex,2214,Media Technology,FOR,3302,Building,group,False,constrained_lexical,0.027,"constrained to groups within division(s) 40,33"
OpenAlex,2214,Media Technology,FOR,4019,Resources engineering and extractive metallurgy,group,False,constrained_lexical,0.043,"constrained to groups within division(s) 40,33"
OpenAlex,2214,Media Technology,FOR,4013,Geomatic engineering,group,False,constrained_lexical,0.091,"constrained to groups within division(s) 40,33"
OpenAlex,2214,Media Technology,FOR,4006,Communications engineering,group,False,constrained_lexical,0.085,"constrained to groups within division(s) 40,33"
OpenAlex,2214,Media Technology,FOR,4015,Maritime engineering,group,False,constrained_lexical,0.071,"constrained to groups within division(s) 40,33"
OpenAlex,2214,Media Technology,FOR,4014,Manufacturing engineering,group,False,constrained_lexical,0.067,"constrained to groups within division(s) 40,33"
OpenAlex,2214,Media Technology,FOR,4002,Automotive engineering,group,False,constrained_lexical,0.065,"constrained to groups within division(s) 40,33"
OpenAlex,2214,Media Technology,FOR,4010,Engineering practice and education,group,True,constrained_lexical,0.15,"constrained to groups within division(s) 40,33"
OpenAlex,2214,Media Technology,FOR,4004,Chemical engineering,group,False,constrained_lexical,0.061,"constrained to groups within division(s) 40,33"
OpenAlex,2214,Media Technology,FOR,4007,"Control engineering, mechatronics and robotics",group,False,constrained_lexical,0.056,"constrained to groups within division(s) 40,33"
OpenAlex,2214,Media Technology,FOR,4016,Materials engineering,group,False,constrained_lexical,0.05,"constrained to groups within division(s) 40,33"
OpenAlex,2214,Media Technology,FOR,4009,"Electronics, sensors and digital hardware",group,False,constrained_lexical,0.04,"constrained to groups within division(s) 40,33"
OpenAlex,2214,Media Technology,FOR,4003,Biomedical engineering,group,False,constrained_lexical,0.061,"constrained to groups within division(s) 40,33"
OpenAlex,2215,Building and Construction,FOR,4019,Resources engineering and extractive metallurgy,group,False,constrained_lexical,0.064,"constrained to groups within division(s) 40,33"
OpenAlex,2215,Building and Construction,FOR,4008,Electrical engineering,group,False,constrained_lexical,0.061,"constrained to groups within division(s) 40,33"
OpenAlex,2215,Building and Construction,FOR,4016,Materials engineering,group,False,constrained_lexical,0.05,"constrained to groups within division(s) 40,33"
OpenAlex,2215,Building and Construction,FOR,3399,Other built environment and design,group,False,constrained_lexical,0.05,"constrained to groups within division(s) 40,33"
OpenAlex,2215,Building and Construction,FOR,4006,Communications engineering,group,False,constrained_lexical,0.043,"constrained to groups within division(s) 40,33"
OpenAlex,2215,Building and Construction,FOR,4015,Maritime engineering,group,False,constrained_lexical,0.036,"constrained to groups within division(s) 40,33"
OpenAlex,2215,Building and Construction,FOR,4018,Nanotechnology,group,False,constrained_lexical,0.029,"constrained to groups within division(s) 40,33"
OpenAlex,2215,Building and Construction,FOR,4012,Fluid mechanics and thermal engineering,group,False,constrained_lexical,0.024,"constrained to groups within division(s) 40,33"
OpenAlex,2215,Building and Construction,FOR,4099,Other engineering,group,False,constrained_lexical,0.0,"constrained to groups within division(s) 40,33"
OpenAlex,2215,Building and Construction,FOR,4002,Automotive engineering,group,False,constrained_lexical,0.065,"constrained to groups within division(s) 40,33"
OpenAlex,2215,Building and Construction,FOR,4009,"Electronics, sensors and digital hardware",group,False,constrained_lexical,0.04,"constrained to groups within division(s) 40,33"
OpenAlex,2215,Building and Construction,FOR,4013,Geomatic engineering,group,False,constrained_lexical,0.068,"constrained to groups within division(s) 40,33"
OpenAlex,2215,Building and Construction,FOR,4003,Biomedical engineering,group,False,constrained_lexical,0.0,"constrained to groups within division(s) 40,33"
OpenAlex,2215,Building and Construction,FOR,4007,"Control engineering, mechatronics and robotics",group,False,constrained_lexical,0.074,"constrained to groups within division(s) 40,33"
OpenAlex,2215,Building and Construction,FOR,4005,Civil engineering,group,False,constrained_lexical,0.17,"constrained to groups within division(s) 40,33"
OpenAlex,2215,Building and Construction,FOR,4011,Environmental engineering,group,False,constrained_lexical,0.146,"constrained to groups within division(s) 40,33"
OpenAlex,2215,Building and Construction,FOR,4014,Manufacturing engineering,group,False,constrained_lexical,0.117,"constrained to groups within division(s) 40,33"
OpenAlex,2215,Building and Construction,FOR,3304,Urban and regional planning,group,False,constrained_lexical,0.114,"constrained to groups within division(s) 40,33"
OpenAlex,2215,Building and Construction,FOR,3302,Building,group,True,constrained_lexical,0.604,"constrained to groups within division(s) 40,33"
OpenAlex,2215,Building and Construction,FOR,3303,Design,group,False,constrained_lexical,0.096,"constrained to groups within division(s) 40,33"
OpenAlex,2215,Building and Construction,FOR,4010,Engineering practice and education,group,False,constrained_lexical,0.1,"constrained to groups within division(s) 40,33"
OpenAlex,2215,Building and Construction,FOR,4004,Chemical engineering,group,False,constrained_lexical,0.076,"constrained to groups within division(s) 40,33"
OpenAlex,2215,Building and Construction,FOR,4017,Mechanical engineering,group,False,constrained_lexical,0.073,"constrained to groups within division(s) 40,33"
OpenAlex,2215,Building and Construction,FOR,4001,Aerospace engineering,group,False,constrained_lexical,0.096,"constrained to groups within division(s) 40,33"
OpenAlex,2215,Building and Construction,FOR,3301,Architecture,group,False,constrained_lexical,0.093,"constrained to groups within division(s) 40,33"
OpenAlex,2216,Architecture,FOR,4018,Nanotechnology,group,False,constrained_lexical,0.0,"constrained to groups within division(s) 40,33"
OpenAlex,2216,Architecture,FOR,4012,Fluid mechanics and thermal engineering,group,False,constrained_lexical,0.083,"constrained to groups within division(s) 40,33"
OpenAlex,2216,Architecture,FOR,4099,Other engineering,group,False,constrained_lexical,0.023,"constrained to groups within division(s) 40,33"
OpenAlex,2216,Architecture,FOR,4019,Resources engineering and extractive metallurgy,group,False,constrained_lexical,0.042,"constrained to groups within division(s) 40,33"
OpenAlex,2216,Architecture,FOR,4013,Geomatic engineering,group,False,constrained_lexical,0.042,"constrained to groups within division(s) 40,33"
OpenAlex,2216,Architecture,FOR,4008,Electrical engineering,group,False,constrained_lexical,0.042,"constrained to groups within division(s) 40,33"
OpenAlex,2216,Architecture,FOR,4006,Communications engineering,group,False,constrained_lexical,0.042,"constrained to groups within division(s) 40,33"
OpenAlex,2216,Architecture,FOR,4002,Automotive engineering,group,False,constrained_lexical,0.042,"constrained to groups within division(s) 40,33"
OpenAlex,2216,Architecture,FOR,3399,Other built environment and design,group,False,constrained_lexical,0.05,"constrained to groups within division(s) 40,33"
OpenAlex,2216,Architecture,FOR,4015,Maritime engineering,group,False,constrained_lexical,0.083,"constrained to groups within division(s) 40,33"
OpenAlex,2216,Architecture,FOR,4014,Manufacturing engineering,group,False,constrained_lexical,0.083,"constrained to groups within division(s) 40,33"
OpenAlex,2216,Architecture,FOR,4016,Materials engineering,group,False,constrained_lexical,0.042,"constrained to groups within division(s) 40,33"
OpenAlex,2216,Architecture,FOR,4004,Chemical engineering,group,False,constrained_lexical,0.083,"constrained to groups within division(s) 40,33"
OpenAlex,2216,Architecture,FOR,4003,Biomedical engineering,group,False,constrained_lexical,0.083,"constrained to groups within division(s) 40,33"
OpenAlex,2216,Architecture,FOR,4011,Environmental engineering,group,False,constrained_lexical,0.083,"constrained to groups within division(s) 40,33"
OpenAlex,2216,Architecture,FOR,4010,Engineering practice and education,group,False,constrained_lexical,0.25,"constrained to groups within division(s) 40,33"
OpenAlex,2216,Architecture,FOR,4005,Civil engineering,group,False,constrained_lexical,0.167,"constrained to groups within division(s) 40,33"
OpenAlex,2216,Architecture,FOR,4007,"Control engineering, mechatronics and robotics",group,False,constrained_lexical,0.167,"constrained to groups within division(s) 40,33"
OpenAlex,2216,Architecture,FOR,3302,Building,group,False,constrained_lexical,0.125,"constrained to groups within division(s) 40,33"
OpenAlex,2216,Architecture,FOR,3301,Architecture,group,True,constrained_lexical,1.0,"constrained to groups within division(s) 40,33"
OpenAlex,2216,Architecture,FOR,3304,Urban and regional planning,group,False,constrained_lexical,0.125,"constrained to groups within division(s) 40,33"
OpenAlex,2216,Architecture,FOR,4009,"Electronics, sensors and digital hardware",group,False,constrained_lexical,0.125,"constrained to groups within division(s) 40,33"
OpenAlex,2216,Architecture,FOR,4017,Mechanical engineering,group,False,constrained_lexical,0.125,"constrained to groups within division(s) 40,33"
OpenAlex,2216,Architecture,FOR,4001,Aerospace engineering,group,False,constrained_lexical,0.083,"constrained to groups within division(s) 40,33"
OpenAlex,2216,Architecture,FOR,3303,Design,group,False,constrained_lexical,0.125,"constrained to groups within division(s) 40,33"
OpenAlex,2302,Ecological Modeling,FOR,4102,Ecological applications,group,True,constrained_lexical,0.28,constrained to groups within division(s) 41
OpenAlex,2302,Ecological Modeling,FOR,4101,Climate change impacts and adaptation,group,False,constrained_lexical,0.174,constrained to groups within division(s) 41
OpenAlex,2302,Ecological Modeling,FOR,4103,Environmental biotechnology,group,False,constrained_lexical,0.0,constrained to groups within division(s) 41
OpenAlex,2302,Ecological Modeling,FOR,4104,Environmental management,group,False,constrained_lexical,0.0,constrained to groups within division(s) 41
OpenAlex,2302,Ecological Modeling,FOR,4105,Pollution and contamination,group,False,constrained_lexical,0.0,constrained to groups within division(s) 41
OpenAlex,2302,Ecological Modeling,FOR,4106,Soil sciences,group,False,constrained_lexical,0.0,constrained to groups within division(s) 41
OpenAlex,2302,Ecological Modeling,FOR,4199,Other environmental sciences,group,False,constrained_lexical,0.0,constrained to groups within division(s) 41
OpenAlex,2303,Ecology,FOR,4199,Other environmental sciences,group,False,constrained_lexical,0.15,constrained to groups within division(s) 41
OpenAlex,2303,Ecology,FOR,4106,Soil sciences,group,False,constrained_lexical,0.138,constrained to groups within division(s) 41
OpenAlex,2303,Ecology,FOR,4103,Environmental biotechnology,group,False,constrained_lexical,0.154,constrained to groups within division(s) 41
OpenAlex,2303,Ecology,FOR,4101,Climate change impacts and adaptation,group,False,constrained_lexical,0.13,constrained to groups within division(s) 41
OpenAlex,2303,Ecology,FOR,4104,Environmental management,group,False,constrained_lexical,0.242,constrained to groups within division(s) 41
OpenAlex,2303,Ecology,FOR,4102,Ecological applications,group,False,constrained_lexical,0.396,constrained to groups within division(s) 41
OpenAlex,2303,Ecology,FOR,3103,Ecology,group,True,constrained_lexical,1.0,constrained to groups within division(s) 41
OpenAlex,2303,Ecology,FOR,4105,Pollution and contamination,group,False,constrained_lexical,0.167,constrained to groups within division(s) 41
OpenAlex,2304,Environmental Chemistry,FOR,4101,Climate change impacts and adaptation,group,False,constrained_lexical,0.043,constrained to groups within division(s) 41
OpenAlex,2304,Environmental Chemistry,FOR,4106,Soil sciences,group,False,constrained_lexical,0.069,constrained to groups within division(s) 41
OpenAlex,2304,Environmental Chemistry,FOR,4105,Pollution and contamination,group,False,constrained_lexical,0.083,constrained to groups within division(s) 41
OpenAlex,2304,Environmental Chemistry,FOR,4102,Ecological applications,group,False,constrained_lexical,0.031,constrained to groups within division(s) 41
OpenAlex,2304,Environmental Chemistry,FOR,4104,Environmental management,group,False,constrained_lexical,0.261,constrained to groups within division(s) 41
OpenAlex,2304,Environmental Chemistry,FOR,4103,Environmental biotechnology,group,True,constrained_lexical,0.277,constrained to groups within division(s) 41
OpenAlex,2304,Environmental Chemistry,FOR,4199,Other environmental sciences,group,False,constrained_lexical,0.25,constrained to groups within division(s) 41
OpenAlex,2305,Environmental Engineering,FOR,4011,Environmental engineering,group,True,constrained_lexical,1.0,constrained to groups within division(s) 41
OpenAlex,2305,Environmental Engineering,FOR,4104,Environmental management,group,False,constrained_lexical,0.321,constrained to groups within division(s) 41
OpenAlex,2305,Environmental Engineering,FOR,4103,Environmental biotechnology,group,False,constrained_lexical,0.277,constrained to groups within division(s) 41
OpenAlex,2305,Environmental Engineering,FOR,4199,Other environmental sciences,group,False,constrained_lexical,0.25,constrained to groups within division(s) 41
OpenAlex,2305,Environmental Engineering,FOR,4105,Pollution and contamination,group,False,constrained_lexical,0.139,constrained to groups within division(s) 41
OpenAlex,2305,Environmental Engineering,FOR,4101,Climate change impacts and adaptation,group,False,constrained_lexical,0.13,constrained to groups within division(s) 41
OpenAlex,2305,Environmental Engineering,FOR,4106,Soil sciences,group,False,constrained_lexical,0.069,constrained to groups within division(s) 41
OpenAlex,2305,Environmental Engineering,FOR,4102,Ecological applications,group,False,constrained_lexical,0.062,constrained to groups within division(s) 41
OpenAlex,2306,Global and Planetary Change,FOR,4199,Other environmental sciences,group,False,constrained_lexical,0.15,constrained to groups within division(s) 41
OpenAlex,2306,Global and Planetary Change,FOR,4106,Soil sciences,group,False,constrained_lexical,0.103,constrained to groups within division(s) 41
OpenAlex,2306,Global and Planetary Change,FOR,4103,Environmental biotechnology,group,False,constrained_lexical,0.154,constrained to groups within division(s) 41
OpenAlex,2306,Global and Planetary Change,FOR,4102,Ecological applications,group,False,constrained_lexical,0.25,constrained to groups within division(s) 41
OpenAlex,2306,Global and Planetary Change,FOR,4104,Environmental management,group,False,constrained_lexical,0.273,constrained to groups within division(s) 41
OpenAlex,2306,Global and Planetary Change,FOR,4101,Climate change impacts and adaptation,group,True,constrained_lexical,0.352,constrained to groups within division(s) 41
OpenAlex,2306,Global and Planetary Change,FOR,4105,Pollution and contamination,group,False,constrained_lexical,0.167,constrained to groups within division(s) 41
OpenAlex,2307,"Health, Toxicology and Mutagenesis",FOR,4102,Ecological applications,group,False,constrained_lexical,0.031,constrained to groups within division(s) 41
OpenAlex,2307,"Health, Toxicology and Mutagenesis",FOR,4104,Environmental management,group,False,constrained_lexical,0.061,constrained to groups within division(s) 41
OpenAlex,2307,"Health, Toxicology and Mutagenesis",FOR,4103,Environmental biotechnology,group,False,constrained_lexical,0.077,constrained to groups within division(s) 41
OpenAlex,2307,"Health, Toxicology and Mutagenesis",FOR,4106,Soil sciences,group,False,constrained_lexical,0.034,constrained to groups within division(s) 41
OpenAlex,2307,"Health, Toxicology and Mutagenesis",FOR,4199,Other environmental sciences,group,False,constrained_lexical,0.15,constrained to groups within division(s) 41
OpenAlex,2307,"Health, Toxicology and Mutagenesis",FOR,4101,Climate change impacts and adaptation,group,True,constrained_lexical,0.174,constrained to groups within division(s) 41
OpenAlex,2307,"Health, Toxicology and Mutagenesis",FOR,4105,Pollution and contamination,group,False,constrained_lexical,0.111,constrained to groups within division(s) 41
OpenAlex,2308,"Management, Monitoring, Policy and Law",FOR,4102,Ecological applications,group,False,constrained_lexical,0.094,constrained to groups within division(s) 41
OpenAlex,2308,"Management, Monitoring, Policy and Law",FOR,4104,Environmental management,group,True,constrained_lexical,0.414,constrained to groups within division(s) 41
OpenAlex,2308,"Management, Monitoring, Policy and Law",FOR,4105,Pollution and contamination,group,False,constrained_lexical,0.167,constrained to groups within division(s) 41
OpenAlex,2308,"Management, Monitoring, Policy and Law",FOR,4103,Environmental biotechnology,group,False,constrained_lexical,0.154,constrained to groups within division(s) 41
OpenAlex,2308,"Management, Monitoring, Policy and Law",FOR,4199,Other environmental sciences,group,False,constrained_lexical,0.15,constrained to groups within division(s) 41
OpenAlex,2308,"Management, Monitoring, Policy and Law",FOR,4106,Soil sciences,group,False,constrained_lexical,0.138,constrained to groups within division(s) 41
OpenAlex,2308,"Management, Monitoring, Policy and Law",FOR,4101,Climate change impacts and adaptation,group,False,constrained_lexical,0.087,constrained to groups within division(s) 41
OpenAlex,2309,Nature and Landscape Conservation,FOR,4106,Soil sciences,group,False,constrained_lexical,0.034,constrained to groups within division(s) 41
OpenAlex,2309,Nature and Landscape Conservation,FOR,4105,Pollution and contamination,group,False,constrained_lexical,0.028,constrained to groups within division(s) 41
OpenAlex,2309,Nature and Landscape Conservation,FOR,4101,Climate change impacts and adaptation,group,False,constrained_lexical,0.043,constrained to groups within division(s) 41
OpenAlex,2309,Nature and Landscape Conservation,FOR,4104,Environmental management,group,True,constrained_lexical,0.152,constrained to groups within division(s) 41
OpenAlex,2309,Nature and Landscape Conservation,FOR,4103,Environmental biotechnology,group,False,constrained_lexical,0.115,constrained to groups within division(s) 41
OpenAlex,2309,Nature and Landscape Conservation,FOR,4199,Other environmental sciences,group,False,constrained_lexical,0.15,constrained to groups within division(s) 41
OpenAlex,2309,Nature and Landscape Conservation,FOR,4102,Ecological applications,group,False,constrained_lexical,0.062,constrained to groups within division(s) 41
OpenAlex,2310,Pollution,FOR,4102,Ecological applications,group,False,constrained_lexical,0.0,constrained to groups within division(s) 41
OpenAlex,2310,Pollution,FOR,4104,Environmental management,group,False,constrained_lexical,0.03,constrained to groups within division(s) 41
OpenAlex,2310,Pollution,FOR,4101,Climate change impacts and adaptation,group,False,constrained_lexical,0.043,constrained to groups within division(s) 41
OpenAlex,2310,Pollution,FOR,4106,Soil sciences,group,False,constrained_lexical,0.0,constrained to groups within division(s) 41
OpenAlex,2310,Pollution,FOR,4199,Other environmental sciences,group,False,constrained_lexical,0.15,constrained to groups within division(s) 41
OpenAlex,2310,Pollution,FOR,4105,Pollution and contamination,group,True,constrained_lexical,0.389,constrained to groups within division(s) 41
OpenAlex,2310,Pollution,FOR,4103,Environmental biotechnology,group,False,constrained_lexical,0.077,constrained to groups within division(s) 41
OpenAlex,2311,Waste Management and Disposal,FOR,4104,Environmental management,group,True,constrained_lexical,0.234,constrained to groups within division(s) 41
OpenAlex,2311,Waste Management and Disposal,FOR,4199,Other environmental sciences,group,False,constrained_lexical,0.15,constrained to groups within division(s) 41
OpenAlex,2311,Waste Management and Disposal,FOR,4105,Pollution and contamination,group,False,constrained_lexical,0.111,constrained to groups within division(s) 41
OpenAlex,2311,Waste Management and Disposal,FOR,4101,Climate change impacts and adaptation,group,False,constrained_lexical,0.043,constrained to groups within division(s) 41
OpenAlex,2311,Waste Management and Disposal,FOR,4103,Environmental biotechnology,group,False,constrained_lexical,0.038,constrained to groups within division(s) 41
OpenAlex,2311,Waste Management and Disposal,FOR,4106,Soil sciences,group,False,constrained_lexical,0.034,constrained to groups within division(s) 41
OpenAlex,2311,Waste Management and Disposal,FOR,4102,Ecological applications,group,False,constrained_lexical,0.0,constrained to groups within division(s) 41
OpenAlex,2312,Water Science and Technology,FOR,4101,Climate change impacts and adaptation,group,False,constrained_lexical,0.0,constrained to groups within division(s) 41
OpenAlex,2312,Water Science and Technology,FOR,4102,Ecological applications,group,False,constrained_lexical,0.031,constrained to groups within division(s) 41
OpenAlex,2312,Water Science and Technology,FOR,4103,Environmental biotechnology,group,False,constrained_lexical,0.038,constrained to groups within division(s) 41
OpenAlex,2312,Water Science and Technology,FOR,4105,Pollution and contamination,group,False,constrained_lexical,0.194,constrained to groups within division(s) 41
OpenAlex,2312,Water Science and Technology,FOR,4199,Other environmental sciences,group,False,constrained_lexical,0.15,constrained to groups within division(s) 41
OpenAlex,2312,Water Science and Technology,FOR,4104,Environmental management,group,True,constrained_lexical,0.212,constrained to groups within division(s) 41
OpenAlex,2312,Water Science and Technology,FOR,4106,Soil sciences,group,False,constrained_lexical,0.069,constrained to groups within division(s) 41
OpenAlex,2402,Applied Microbiology and Biotechnology,FOR,3201,Cardiovascular medicine and haematology,group,False,constrained_lexical,0.0,"constrained to groups within division(s) 31,32"
OpenAlex,2402,Applied Microbiology and Biotechnology,FOR,3215,Reproductive medicine,group,False,constrained_lexical,0.0,"constrained to groups within division(s) 31,32"
OpenAlex,2402,Applied Microbiology and Biotechnology,FOR,3214,Pharmacology and pharmaceutical sciences,group,False,constrained_lexical,0.0,"constrained to groups within division(s) 31,32"
OpenAlex,2402,Applied Microbiology and Biotechnology,FOR,3213,Paediatrics,group,False,constrained_lexical,0.0,"constrained to groups within division(s) 31,32"
OpenAlex,2402,Applied Microbiology and Biotechnology,FOR,3212,Ophthalmology and optometry,group,False,constrained_lexical,0.0,"constrained to groups within division(s) 31,32"
OpenAlex,2402,Applied Microbiology and Biotechnology,FOR,3299,Other biomedical and clinical sciences,group,False,constrained_lexical,0.0,"constrained to groups within division(s) 31,32"
OpenAlex,2402,Applied Microbiology and Biotechnology,FOR,3211,Oncology and carcinogenesis,group,False,constrained_lexical,0.0,"constrained to groups within division(s) 31,32"
OpenAlex,2402,Applied Microbiology and Biotechnology,FOR,3210,Nutrition and dietetics,group,False,constrained_lexical,0.0,"constrained to groups within division(s) 31,32"
OpenAlex,2402,Applied Microbiology and Biotechnology,FOR,3209,Neurosciences,group,False,constrained_lexical,0.0,"constrained to groups within division(s) 31,32"
OpenAlex,2402,Applied Microbiology and Biotechnology,FOR,3208,Medical physiology,group,False,constrained_lexical,0.0,"constrained to groups within division(s) 31,32"
OpenAlex,2402,Applied Microbiology and Biotechnology,FOR,3205,Medical biochemistry and metabolomics,group,False,constrained_lexical,0.0,"constrained to groups within division(s) 31,32"
OpenAlex,2402,Applied Microbiology and Biotechnology,FOR,3203,Dentistry,group,False,constrained_lexical,0.0,"constrained to groups within division(s) 31,32"
OpenAlex,2402,Applied Microbiology and Biotechnology,FOR,3199,Other biological sciences,group,False,constrained_lexical,0.0,"constrained to groups within division(s) 31,32"
OpenAlex,2402,Applied Microbiology and Biotechnology,FOR,3204,Immunology,group,False,constrained_lexical,0.105,"constrained to groups within division(s) 31,32"
OpenAlex,2402,Applied Microbiology and Biotechnology,FOR,3108,Plant biology,group,False,constrained_lexical,0.0,"constrained to groups within division(s) 31,32"
OpenAlex,2402,Applied Microbiology and Biotechnology,FOR,3107,Microbiology,group,True,constrained_lexical,0.253,"constrained to groups within division(s) 31,32"
OpenAlex,2402,Applied Microbiology and Biotechnology,FOR,3106,Industrial biotechnology,group,False,constrained_lexical,0.248,"constrained to groups within division(s) 31,32"
OpenAlex,2402,Applied Microbiology and Biotechnology,FOR,3206,Medical biotechnology,group,False,constrained_lexical,0.195,"constrained to groups within division(s) 31,32"
OpenAlex,2402,Applied Microbiology and Biotechnology,FOR,3207,Medical microbiology,group,False,constrained_lexical,0.195,"constrained to groups within division(s) 31,32"
OpenAlex,2402,Applied Microbiology and Biotechnology,FOR,3102,Bioinformatics and computational biology,group,False,constrained_lexical,0.053,"constrained to groups within division(s) 31,32"
OpenAlex,2402,Applied Microbiology and Biotechnology,FOR,3109,Zoology,group,False,constrained_lexical,0.0,"constrained to groups within division(s) 31,32"
OpenAlex,2402,Applied Microbiology and Biotechnology,FOR,3104,Evolutionary biology,group,False,constrained_lexical,0.053,"constrained to groups within division(s) 31,32"
OpenAlex,2402,Applied Microbiology and Biotechnology,FOR,3105,Genetics,group,False,constrained_lexical,0.053,"constrained to groups within division(s) 31,32"
OpenAlex,2402,Applied Microbiology and Biotechnology,FOR,3202,Clinical sciences,group,False,constrained_lexical,0.053,"constrained to groups within division(s) 31,32"
OpenAlex,2402,Applied Microbiology and Biotechnology,FOR,3101,Biochemistry and cell biology,group,False,constrained_lexical,0.0,"constrained to groups within division(s) 31,32"
OpenAlex,2402,Applied Microbiology and Biotechnology,FOR,3103,Ecology,group,False,constrained_lexical,0.053,"constrained to groups within division(s) 31,32"
OpenAlex,2403,Immunology,FOR,3199,Other biological sciences,group,False,constrained_lexical,0.03,"constrained to groups within division(s) 31,32"
OpenAlex,2403,Immunology,FOR,3106,Industrial biotechnology,group,False,constrained_lexical,0.026,"constrained to groups within division(s) 31,32"
OpenAlex,2403,Immunology,FOR,3206,Medical biotechnology,group,False,constrained_lexical,0.024,"constrained to groups within division(s) 31,32"
OpenAlex,2403,Immunology,FOR,3103,Ecology,group,False,constrained_lexical,0.0,"constrained to groups within division(s) 31,32"
OpenAlex,2403,Immunology,FOR,3205,Medical biochemistry and metabolomics,group,False,constrained_lexical,0.0,"constrained to groups within division(s) 31,32"
OpenAlex,2403,Immunology,FOR,3212,Ophthalmology and optometry,group,False,constrained_lexical,0.0,"constrained to groups within division(s) 31,32"
OpenAlex,2403,Immunology,FOR,3213,Paediatrics,group,False,constrained_lexical,0.0,"constrained to groups within division(s) 31,32"
OpenAlex,2403,Immunology,FOR,3214,Pharmacology and pharmaceutical sciences,group,False,constrained_lexical,0.0,"constrained to groups within division(s) 31,32"
OpenAlex,2403,Immunology,FOR,3299,Other biomedical and clinical sciences,group,False,constrained_lexical,0.0,"constrained to groups within division(s) 31,32"
OpenAlex,2403,Immunology,FOR,3203,Dentistry,group,False,constrained_lexical,0.039,"constrained to groups within division(s) 31,32"
OpenAlex,2403,Immunology,FOR,3210,Nutrition and dietetics,group,False,constrained_lexical,0.0,"constrained to groups within division(s) 31,32"
OpenAlex,2403,Immunology,FOR,3107,Microbiology,group,False,constrained_lexical,0.04,"constrained to groups within division(s) 31,32"
OpenAlex,2403,Immunology,FOR,3102,Bioinformatics and computational biology,group,False,constrained_lexical,0.048,"constrained to groups within division(s) 31,32"
OpenAlex,2403,Immunology,FOR,3204,Immunology,group,True,constrained_lexical,1.0,"constrained to groups within division(s) 31,32"
OpenAlex,2403,Immunology,FOR,3209,Neurosciences,group,False,constrained_lexical,0.051,"constrained to groups within division(s) 31,32"
OpenAlex,2403,Immunology,FOR,3201,Cardiovascular medicine and haematology,group,False,constrained_lexical,0.214,"constrained to groups within division(s) 31,32"
OpenAlex,2403,Immunology,FOR,3109,Zoology,group,False,constrained_lexical,0.123,"constrained to groups within division(s) 31,32"
OpenAlex,2403,Immunology,FOR,3208,Medical physiology,group,False,constrained_lexical,0.088,"constrained to groups within division(s) 31,32"
OpenAlex,2403,Immunology,FOR,3105,Genetics,group,False,constrained_lexical,0.073,"constrained to groups within division(s) 31,32"
OpenAlex,2403,Immunology,FOR,3108,Plant biology,group,False,constrained_lexical,0.075,"constrained to groups within division(s) 31,32"
OpenAlex,2403,Immunology,FOR,3211,Oncology and carcinogenesis,group,False,constrained_lexical,0.064,"constrained to groups within division(s) 31,32"
OpenAlex,2403,Immunology,FOR,3104,Evolutionary biology,group,False,constrained_lexical,0.063,"constrained to groups within division(s) 31,32"
OpenAlex,2403,Immunology,FOR,3202,Clinical sciences,group,False,constrained_lexical,0.055,"constrained to groups within division(s) 31,32"
OpenAlex,2403,Immunology,FOR,3207,Medical microbiology,group,False,constrained_lexical,0.054,"constrained to groups within division(s) 31,32"
OpenAlex,2403,Immunology,FOR,3215,Reproductive medicine,group,False,constrained_lexical,0.053,"constrained to groups within division(s) 31,32"
OpenAlex,2403,Immunology,FOR,3101,Biochemistry and cell biology,group,False,constrained_lexical,0.064,"constrained to groups within division(s) 31,32"
OpenAlex,2404,Microbiology,FOR,3103,Ecology,group,False,constrained_lexical,0.0,"constrained to groups within division(s) 31,32"
OpenAlex,2404,Microbiology,FOR,3206,Medical biotechnology,group,False,constrained_lexical,0.026,"constrained to groups within division(s) 31,32"
OpenAlex,2404,Microbiology,FOR,3209,Neurosciences,group,False,constrained_lexical,0.026,"constrained to groups within division(s) 31,32"
OpenAlex,2404,Microbiology,FOR,3102,Bioinformatics and computational biology,group,False,constrained_lexical,0.0,"constrained to groups within division(s) 31,32"
OpenAlex,2404,Microbiology,FOR,3199,Other biological sciences,group,False,constrained_lexical,0.0,"constrained to groups within division(s) 31,32"
OpenAlex,2404,Microbiology,FOR,3203,Dentistry,group,False,constrained_lexical,0.026,"constrained to groups within division(s) 31,32"
OpenAlex,2404,Microbiology,FOR,3210,Nutrition and dietetics,group,False,constrained_lexical,0.0,"constrained to groups within division(s) 31,32"
OpenAlex,2404,Microbiology,FOR,3211,Oncology and carcinogenesis,group,False,constrained_lexical,0.0,"constrained to groups within division(s) 31,32"
OpenAlex,2404,Microbiology,FOR,3212,Ophthalmology and optometry,group,False,constrained_lexical,0.0,"constrained to groups within division(s) 31,32"
OpenAlex,2404,Microbiology,FOR,3213,Paediatrics,group,False,constrained_lexical,0.0,"constrained to groups within division(s) 31,32"
OpenAlex,2404,Microbiology,FOR,3299,Other biomedical and clinical sciences,group,False,constrained_lexical,0.0,"constrained to groups within division(s) 31,32"
OpenAlex,2404,Microbiology,FOR,3204,Immunology,group,False,constrained_lexical,0.0,"constrained to groups within division(s) 31,32"
OpenAlex,2404,Microbiology,FOR,3109,Zoology,group,False,constrained_lexical,0.026,"constrained to groups within division(s) 31,32"
OpenAlex,2404,Microbiology,FOR,3107,Microbiology,group,True,constrained_lexical,1.0,"constrained to groups within division(s) 31,32"
OpenAlex,2404,Microbiology,FOR,3106,Industrial biotechnology,group,False,constrained_lexical,0.026,"constrained to groups within division(s) 31,32"
OpenAlex,2404,Microbiology,FOR,3108,Plant biology,group,False,constrained_lexical,0.026,"constrained to groups within division(s) 31,32"
OpenAlex,2404,Microbiology,FOR,3207,Medical microbiology,group,False,constrained_lexical,0.468,"constrained to groups within division(s) 31,32"
OpenAlex,2404,Microbiology,FOR,3201,Cardiovascular medicine and haematology,group,False,constrained_lexical,0.143,"constrained to groups within division(s) 31,32"
OpenAlex,2404,Microbiology,FOR,3215,Reproductive medicine,group,False,constrained_lexical,0.105,"constrained to groups within division(s) 31,32"
OpenAlex,2404,Microbiology,FOR,3205,Medical biochemistry and metabolomics,group,False,constrained_lexical,0.051,"constrained to groups within division(s) 31,32"
OpenAlex,2404,Microbiology,FOR,3202,Clinical sciences,group,False,constrained_lexical,0.128,"constrained to groups within division(s) 31,32"
OpenAlex,2404,Microbiology,FOR,3214,Pharmacology and pharmaceutical sciences,group,False,constrained_lexical,0.026,"constrained to groups within division(s) 31,32"
OpenAlex,2404,Microbiology,FOR,3101,Biochemistry and cell biology,group,False,constrained_lexical,0.026,"constrained to groups within division(s) 31,32"
OpenAlex,2404,Microbiology,FOR,3104,Evolutionary biology,group,False,constrained_lexical,0.026,"constrained to groups within division(s) 31,32"
OpenAlex,2404,Microbiology,FOR,3105,Genetics,group,False,constrained_lexical,0.026,"constrained to groups within division(s) 31,32"
OpenAlex,2404,Microbiology,FOR,3208,Medical physiology,group,False,constrained_lexical,0.029,"constrained to groups within division(s) 31,32"
OpenAlex,2405,Parasitology,FOR,3205,Medical biochemistry and metabolomics,group,False,constrained_lexical,0.0,"constrained to groups within division(s) 31,32"
OpenAlex,2405,Parasitology,FOR,3109,Zoology,group,False,constrained_lexical,0.0,"constrained to groups within division(s) 31,32"
OpenAlex,2405,Parasitology,FOR,3199,Other biological sciences,group,False,constrained_lexical,0.0,"constrained to groups within division(s) 31,32"
OpenAlex,2405,Parasitology,FOR,3204,Immunology,group,False,constrained_lexical,0.0,"constrained to groups within division(s) 31,32"
OpenAlex,2405,Parasitology,FOR,3208,Medical physiology,group,False,constrained_lexical,0.0,"constrained to groups within division(s) 31,32"
OpenAlex,2405,Parasitology,FOR,3299,Other biomedical and clinical sciences,group,False,constrained_lexical,0.0,"constrained to groups within division(s) 31,32"
OpenAlex,2405,Parasitology,FOR,3212,Ophthalmology and optometry,group,False,constrained_lexical,0.0,"constrained to groups within division(s) 31,32"
OpenAlex,2405,Parasitology,FOR,3213,Paediatrics,group,False,constrained_lexical,0.0,"constrained to groups within division(s) 31,32"
OpenAlex,2405,Parasitology,FOR,3214,Pharmacology and pharmaceutical sciences,group,False,constrained_lexical,0.0,"constrained to groups within division(s) 31,32"
OpenAlex,2405,Parasitology,FOR,3215,Reproductive medicine,group,False,constrained_lexical,0.0,"constrained to groups within division(s) 31,32"
OpenAlex,2405,Parasitology,FOR,3108,Plant biology,group,False,constrained_lexical,0.0,"constrained to groups within division(s) 31,32"
OpenAlex,2405,Parasitology,FOR,3210,Nutrition and dietetics,group,False,constrained_lexical,0.0,"constrained to groups within division(s) 31,32"
OpenAlex,2405,Parasitology,FOR,3105,Genetics,group,False,constrained_lexical,0.0,"constrained to groups within division(s) 31,32"
OpenAlex,2405,Parasitology,FOR,3104,Evolutionary biology,group,False,constrained_lexical,0.103,"constrained to groups within division(s) 31,32"
OpenAlex,2405,Parasitology,FOR,3211,Oncology and carcinogenesis,group,False,constrained_lexical,0.026,"constrained to groups within division(s) 31,32"
OpenAlex,2405,Parasitology,FOR,3102,Bioinformatics and computational biology,group,False,constrained_lexical,0.0,"constrained to groups within division(s) 31,32"
OpenAlex,2405,Parasitology,FOR,3207,Medical microbiology,group,False,constrained_lexical,0.081,"constrained to groups within division(s) 31,32"
OpenAlex,2405,Parasitology,FOR,3107,Microbiology,group,False,constrained_lexical,0.08,"constrained to groups within division(s) 31,32"
OpenAlex,2405,Parasitology,FOR,3201,Cardiovascular medicine and haematology,group,False,constrained_lexical,0.071,"constrained to groups within division(s) 31,32"
OpenAlex,2405,Parasitology,FOR,3101,Biochemistry and cell biology,group,False,constrained_lexical,0.026,"constrained to groups within division(s) 31,32"
OpenAlex,2405,Parasitology,FOR,3202,Clinical sciences,group,True,constrained_lexical,0.128,"constrained to groups within division(s) 31,32"
OpenAlex,2405,Parasitology,FOR,3106,Industrial biotechnology,group,False,constrained_lexical,0.026,"constrained to groups within division(s) 31,32"
OpenAlex,2405,Parasitology,FOR,3203,Dentistry,group,False,constrained_lexical,0.026,"constrained to groups within division(s) 31,32"
OpenAlex,2405,Parasitology,FOR,3206,Medical biotechnology,group,False,constrained_lexical,0.026,"constrained to groups within division(s) 31,32"
OpenAlex,2405,Parasitology,FOR,3209,Neurosciences,group,False,constrained_lexical,0.026,"constrained to groups within division(s) 31,32"
OpenAlex,2405,Parasitology,FOR,3103,Ecology,group,False,constrained_lexical,0.026,"constrained to groups within division(s) 31,32"
OpenAlex,2406,Virology,FOR,3205,Medical biochemistry and metabolomics,group,False,constrained_lexical,0.0,"constrained to groups within division(s) 31,32"
OpenAlex,2406,Virology,FOR,3206,Medical biotechnology,group,False,constrained_lexical,0.0,"constrained to groups within division(s) 31,32"
OpenAlex,2406,Virology,FOR,3208,Medical physiology,group,False,constrained_lexical,0.0,"constrained to groups within division(s) 31,32"
OpenAlex,2406,Virology,FOR,3209,Neurosciences,group,False,constrained_lexical,0.0,"constrained to groups within division(s) 31,32"
OpenAlex,2406,Virology,FOR,3210,Nutrition and dietetics,group,False,constrained_lexical,0.0,"constrained to groups within division(s) 31,32"
OpenAlex,2406,Virology,FOR,3212,Ophthalmology and optometry,group,False,constrained_lexical,0.0,"constrained to groups within division(s) 31,32"
OpenAlex,2406,Virology,FOR,3213,Paediatrics,group,False,constrained_lexical,0.0,"constrained to groups within division(s) 31,32"
OpenAlex,2406,Virology,FOR,3214,Pharmacology and pharmaceutical sciences,group,False,constrained_lexical,0.0,"constrained to groups within division(s) 31,32"
OpenAlex,2406,Virology,FOR,3215,Reproductive medicine,group,False,constrained_lexical,0.0,"constrained to groups within division(s) 31,32"
OpenAlex,2406,Virology,FOR,3299,Other biomedical and clinical sciences,group,False,constrained_lexical,0.0,"constrained to groups within division(s) 31,32"
OpenAlex,2406,Virology,FOR,3211,Oncology and carcinogenesis,group,False,constrained_lexical,0.0,"constrained to groups within division(s) 31,32"
OpenAlex,2406,Virology,FOR,3203,Dentistry,group,False,constrained_lexical,0.0,"constrained to groups within division(s) 31,32"
OpenAlex,2406,Virology,FOR,3204,Immunology,group,False,constrained_lexical,0.0,"constrained to groups within division(s) 31,32"
OpenAlex,2406,Virology,FOR,3199,Other biological sciences,group,False,constrained_lexical,0.0,"constrained to groups within division(s) 31,32"
OpenAlex,2406,Virology,FOR,3201,Cardiovascular medicine and haematology,group,False,constrained_lexical,0.0,"constrained to groups within division(s) 31,32"
OpenAlex,2406,Virology,FOR,3107,Microbiology,group,True,constrained_lexical,0.056,"constrained to groups within division(s) 31,32"
OpenAlex,2406,Virology,FOR,3202,Clinical sciences,group,False,constrained_lexical,0.056,"constrained to groups within division(s) 31,32"
OpenAlex,2406,Virology,FOR,3101,Biochemistry and cell biology,group,False,constrained_lexical,0.0,"constrained to groups within division(s) 31,32"
OpenAlex,2406,Virology,FOR,3102,Bioinformatics and computational biology,group,False,constrained_lexical,0.0,"constrained to groups within division(s) 31,32"
OpenAlex,2406,Virology,FOR,3207,Medical microbiology,group,False,constrained_lexical,0.056,"constrained to groups within division(s) 31,32"
OpenAlex,2406,Virology,FOR,3104,Evolutionary biology,group,False,constrained_lexical,0.0,"constrained to groups within division(s) 31,32"
OpenAlex,2406,Virology,FOR,3105,Genetics,group,False,constrained_lexical,0.0,"constrained to groups within division(s) 31,32"
OpenAlex,2406,Virology,FOR,3106,Industrial biotechnology,group,False,constrained_lexical,0.0,"constrained to groups within division(s) 31,32"
OpenAlex,2406,Virology,FOR,3108,Plant biology,group,False,constrained_lexical,0.0,"constrained to groups within division(s) 31,32"
OpenAlex,2406,Virology,FOR,3109,Zoology,group,False,constrained_lexical,0.0,"constrained to groups within division(s) 31,32"
OpenAlex,2406,Virology,FOR,3103,Ecology,group,False,constrained_lexical,0.0,"constrained to groups within division(s) 31,32"
OpenAlex,2500,General Materials Science,FOR,4018,Nanotechnology,group,False,constrained_lexical,0.0,"constrained to groups within division(s) 40,51"
OpenAlex,2500,General Materials Science,FOR,4015,Maritime engineering,group,False,constrained_lexical,0.053,"constrained to groups within division(s) 40,51"
OpenAlex,2500,General Materials Science,FOR,5101,Astronomical sciences,group,False,constrained_lexical,0.053,"constrained to groups within division(s) 40,51"
OpenAlex,2500,General Materials Science,FOR,5104,Condensed matter physics,group,False,constrained_lexical,0.053,"constrained to groups within division(s) 40,51"
OpenAlex,2500,General Materials Science,FOR,4099,Other engineering,group,False,constrained_lexical,0.023,"constrained to groups within division(s) 40,51"
OpenAlex,2500,General Materials Science,FOR,5102,"Atomic, molecular and optical physics",group,False,constrained_lexical,0.0,"constrained to groups within division(s) 40,51"
OpenAlex,2500,General Materials Science,FOR,5110,Synchrotrons and accelerators,group,False,constrained_lexical,0.0,"constrained to groups within division(s) 40,51"
OpenAlex,2500,General Materials Science,FOR,5105,Medical and biological physics,group,False,constrained_lexical,0.0,"constrained to groups within division(s) 40,51"
OpenAlex,2500,General Materials Science,FOR,5106,Nuclear and plasma physics,group,False,constrained_lexical,0.0,"constrained to groups within division(s) 40,51"
OpenAlex,2500,General Materials Science,FOR,5107,Particle and high energy physics,group,False,constrained_lexical,0.0,"constrained to groups within division(s) 40,51"
OpenAlex,2500,General Materials Science,FOR,5199,Other physical sciences,group,False,constrained_lexical,0.0,"constrained to groups within division(s) 40,51"
OpenAlex,2500,General Materials Science,FOR,5109,Space sciences,group,False,constrained_lexical,0.0,"constrained to groups within division(s) 40,51"
OpenAlex,2500,General Materials Science,FOR,4013,Geomatic engineering,group,False,constrained_lexical,0.053,"constrained to groups within division(s) 40,51"
OpenAlex,2500,General Materials Science,FOR,5103,Classical physics,group,False,constrained_lexical,0.0,"constrained to groups within division(s) 40,51"
OpenAlex,2500,General Materials Science,FOR,4012,Fluid mechanics and thermal engineering,group,False,constrained_lexical,0.053,"constrained to groups within division(s) 40,51"
OpenAlex,2500,General Materials Science,FOR,5108,Quantum physics,group,False,constrained_lexical,0.0,"constrained to groups within division(s) 40,51"
OpenAlex,2500,General Materials Science,FOR,4010,Engineering practice and education,group,False,constrained_lexical,0.053,"constrained to groups within division(s) 40,51"
OpenAlex,2500,General Materials Science,FOR,4016,Materials engineering,group,True,constrained_lexical,0.568,"constrained to groups within division(s) 40,51"
OpenAlex,2500,General Materials Science,FOR,4002,Automotive engineering,group,False,constrained_lexical,0.158,"constrained to groups within division(s) 40,51"
OpenAlex,2500,General Materials Science,FOR,4019,Resources engineering and extractive metallurgy,group,False,constrained_lexical,0.158,"constrained to groups within division(s) 40,51"
OpenAlex,2500,General Materials Science,FOR,4001,Aerospace engineering,group,False,constrained_lexical,0.105,"constrained to groups within division(s) 40,51"
OpenAlex,2500,General Materials Science,FOR,4004,Chemical engineering,group,False,constrained_lexical,0.105,"constrained to groups within division(s) 40,51"
OpenAlex,2500,General Materials Science,FOR,4005,Civil engineering,group,False,constrained_lexical,0.105,"constrained to groups within division(s) 40,51"
OpenAlex,2500,General Materials Science,FOR,4011,Environmental engineering,group,False,constrained_lexical,0.053,"constrained to groups within division(s) 40,51"
OpenAlex,2500,General Materials Science,FOR,4008,Electrical engineering,group,False,constrained_lexical,0.105,"constrained to groups within division(s) 40,51"
OpenAlex,2500,General Materials Science,FOR,4009,"Electronics, sensors and digital hardware",group,False,constrained_lexical,0.105,"constrained to groups within division(s) 40,51"
OpenAlex,2500,General Materials Science,FOR,4014,Manufacturing engineering,group,False,constrained_lexical,0.105,"constrained to groups within division(s) 40,51"
OpenAlex,2500,General Materials Science,FOR,4017,Mechanical engineering,group,False,constrained_lexical,0.105,"constrained to groups within division(s) 40,51"
OpenAlex,2500,General Materials Science,FOR,4003,Biomedical engineering,group,False,constrained_lexical,0.053,"constrained to groups within division(s) 40,51"
OpenAlex,2500,General Materials Science,FOR,4007,"Control engineering, mechatronics and robotics",group,False,constrained_lexical,0.053,"constrained to groups within division(s) 40,51"
OpenAlex,2500,General Materials Science,FOR,4006,Communications engineering,group,False,constrained_lexical,0.105,"constrained to groups within division(s) 40,51"
OpenAlex,2502,Biomaterials,FOR,5101,Astronomical sciences,group,False,constrained_lexical,0.02,"constrained to groups within division(s) 40,51"
OpenAlex,2502,Biomaterials,FOR,4001,Aerospace engineering,group,False,constrained_lexical,0.019,"constrained to groups within division(s) 40,51"
OpenAlex,2502,Biomaterials,FOR,4005,Civil engineering,group,False,constrained_lexical,0.019,"constrained to groups within division(s) 40,51"
OpenAlex,2502,Biomaterials,FOR,4007,"Control engineering, mechatronics and robotics",group,False,constrained_lexical,0.019,"constrained to groups within division(s) 40,51"
OpenAlex,2502,Biomaterials,FOR,4006,Communications engineering,group,False,constrained_lexical,0.0,"constrained to groups within division(s) 40,51"
OpenAlex,2502,Biomaterials,FOR,4010,Engineering practice and education,group,False,constrained_lexical,0.0,"constrained to groups within division(s) 40,51"
OpenAlex,2502,Biomaterials,FOR,5105,Medical and biological physics,group,False,constrained_lexical,0.0,"constrained to groups within division(s) 40,51"
OpenAlex,2502,Biomaterials,FOR,4015,Maritime engineering,group,False,constrained_lexical,0.0,"constrained to groups within division(s) 40,51"
OpenAlex,2502,Biomaterials,FOR,4099,Other engineering,group,False,constrained_lexical,0.0,"constrained to groups within division(s) 40,51"
OpenAlex,2502,Biomaterials,FOR,5107,Particle and high energy physics,group,False,constrained_lexical,0.0,"constrained to groups within division(s) 40,51"
OpenAlex,2502,Biomaterials,FOR,5108,Quantum physics,group,False,constrained_lexical,0.0,"constrained to groups within division(s) 40,51"
OpenAlex,2502,Biomaterials,FOR,5110,Synchrotrons and accelerators,group,False,constrained_lexical,0.0,"constrained to groups within division(s) 40,51"
OpenAlex,2502,Biomaterials,FOR,4008,Electrical engineering,group,False,constrained_lexical,0.02,"constrained to groups within division(s) 40,51"
OpenAlex,2502,Biomaterials,FOR,4011,Environmental engineering,group,False,constrained_lexical,0.0,"constrained to groups within division(s) 40,51"
OpenAlex,2502,Biomaterials,FOR,4013,Geomatic engineering,group,False,constrained_lexical,0.023,"constrained to groups within division(s) 40,51"
OpenAlex,2502,Biomaterials,FOR,5199,Other physical sciences,group,False,constrained_lexical,0.0,"constrained to groups within division(s) 40,51"
OpenAlex,2502,Biomaterials,FOR,4009,"Electronics, sensors and digital hardware",group,False,constrained_lexical,0.027,"constrained to groups within division(s) 40,51"
OpenAlex,2502,Biomaterials,FOR,4018,Nanotechnology,group,True,constrained_lexical,0.206,"constrained to groups within division(s) 40,51"
OpenAlex,2502,Biomaterials,FOR,5104,Condensed matter physics,group,False,constrained_lexical,0.093,"constrained to groups within division(s) 40,51"
OpenAlex,2502,Biomaterials,FOR,4016,Materials engineering,group,False,constrained_lexical,0.067,"constrained to groups within division(s) 40,51"
OpenAlex,2502,Biomaterials,FOR,4002,Automotive engineering,group,False,constrained_lexical,0.065,"constrained to groups within division(s) 40,51"
OpenAlex,2502,Biomaterials,FOR,4019,Resources engineering and extractive metallurgy,group,False,constrained_lexical,0.064,"constrained to groups within division(s) 40,51"
OpenAlex,2502,Biomaterials,FOR,5106,Nuclear and plasma physics,group,False,constrained_lexical,0.062,"constrained to groups within division(s) 40,51"
OpenAlex,2502,Biomaterials,FOR,5109,Space sciences,group,False,constrained_lexical,0.024,"constrained to groups within division(s) 40,51"
OpenAlex,2502,Biomaterials,FOR,4004,Chemical engineering,group,False,constrained_lexical,0.045,"constrained to groups within division(s) 40,51"
OpenAlex,2502,Biomaterials,FOR,5103,Classical physics,group,False,constrained_lexical,0.045,"constrained to groups within division(s) 40,51"
OpenAlex,2502,Biomaterials,FOR,4017,Mechanical engineering,group,False,constrained_lexical,0.036,"constrained to groups within division(s) 40,51"
OpenAlex,2502,Biomaterials,FOR,4012,Fluid mechanics and thermal engineering,group,False,constrained_lexical,0.035,"constrained to groups within division(s) 40,51"
OpenAlex,2502,Biomaterials,FOR,4014,Manufacturing engineering,group,False,constrained_lexical,0.033,"constrained to groups within division(s) 40,51"
OpenAlex,2502,Biomaterials,FOR,5102,"Atomic, molecular and optical physics",group,False,constrained_lexical,0.033,"constrained to groups within division(s) 40,51"
OpenAlex,2502,Biomaterials,FOR,4003,Biomedical engineering,group,False,constrained_lexical,0.061,"constrained to groups within division(s) 40,51"
OpenAlex,2503,Ceramics and Composites,FOR,4017,Mechanical engineering,group,False,constrained_lexical,0.0,"constrained to groups within division(s) 40,51"
OpenAlex,2503,Ceramics and Composites,FOR,4018,Nanotechnology,group,False,constrained_lexical,0.0,"constrained to groups within division(s) 40,51"
OpenAlex,2503,Ceramics and Composites,FOR,4019,Resources engineering and extractive metallurgy,group,False,constrained_lexical,0.0,"constrained to groups within division(s) 40,51"
OpenAlex,2503,Ceramics and Composites,FOR,4099,Other engineering,group,False,constrained_lexical,0.0,"constrained to groups within division(s) 40,51"
OpenAlex,2503,Ceramics and Composites,FOR,5101,Astronomical sciences,group,False,constrained_lexical,0.0,"constrained to groups within division(s) 40,51"
OpenAlex,2503,Ceramics and Composites,FOR,5102,"Atomic, molecular and optical physics",group,False,constrained_lexical,0.0,"constrained to groups within division(s) 40,51"
OpenAlex,2503,Ceramics and Composites,FOR,5107,Particle and high energy physics,group,False,constrained_lexical,0.0,"constrained to groups within division(s) 40,51"
OpenAlex,2503,Ceramics and Composites,FOR,5105,Medical and biological physics,group,False,constrained_lexical,0.0,"constrained to groups within division(s) 40,51"
OpenAlex,2503,Ceramics and Composites,FOR,5106,Nuclear and plasma physics,group,False,constrained_lexical,0.0,"constrained to groups within division(s) 40,51"
OpenAlex,2503,Ceramics and Composites,FOR,5108,Quantum physics,group,False,constrained_lexical,0.0,"constrained to groups within division(s) 40,51"
OpenAlex,2503,Ceramics and Composites,FOR,5109,Space sciences,group,False,constrained_lexical,0.0,"constrained to groups within division(s) 40,51"
OpenAlex,2503,Ceramics and Composites,FOR,5110,Synchrotrons and accelerators,group,False,constrained_lexical,0.0,"constrained to groups within division(s) 40,51"
OpenAlex,2503,Ceramics and Composites,FOR,4015,Maritime engineering,group,False,constrained_lexical,0.0,"constrained to groups within division(s) 40,51"
OpenAlex,2503,Ceramics and Composites,FOR,5103,Classical physics,group,False,constrained_lexical,0.0,"constrained to groups within division(s) 40,51"
OpenAlex,2503,Ceramics and Composites,FOR,5199,Other physical sciences,group,False,constrained_lexical,0.0,"constrained to groups within division(s) 40,51"
OpenAlex,2503,Ceramics and Composites,FOR,4014,Manufacturing engineering,group,False,constrained_lexical,0.0,"constrained to groups within division(s) 40,51"
OpenAlex,2503,Ceramics and Composites,FOR,4012,Fluid mechanics and thermal engineering,group,False,constrained_lexical,0.0,"constrained to groups within division(s) 40,51"
OpenAlex,2503,Ceramics and Composites,FOR,4013,Geomatic engineering,group,False,constrained_lexical,0.0,"constrained to groups within division(s) 40,51"
OpenAlex,2503,Ceramics and Composites,FOR,4016,Materials engineering,group,True,constrained_lexical,0.312,"constrained to groups within division(s) 40,51"
OpenAlex,2503,Ceramics and Composites,FOR,4001,Aerospace engineering,group,False,constrained_lexical,0.062,"constrained to groups within division(s) 40,51"
OpenAlex,2503,Ceramics and Composites,FOR,4002,Automotive engineering,group,False,constrained_lexical,0.062,"constrained to groups within division(s) 40,51"
OpenAlex,2503,Ceramics and Composites,FOR,5104,Condensed matter physics,group,False,constrained_lexical,0.062,"constrained to groups within division(s) 40,51"
OpenAlex,2503,Ceramics and Composites,FOR,4003,Biomedical engineering,group,False,constrained_lexical,0.0,"constrained to groups within division(s) 40,51"
OpenAlex,2503,Ceramics and Composites,FOR,4005,Civil engineering,group,False,constrained_lexical,0.062,"constrained to groups within division(s) 40,51"
OpenAlex,2503,Ceramics and Composites,FOR,4006,Communications engineering,group,False,constrained_lexical,0.0,"constrained to groups within division(s) 40,51"
OpenAlex,2503,Ceramics and Composites,FOR,4007,"Control engineering, mechatronics and robotics",group,False,constrained_lexical,0.0,"constrained to groups within division(s) 40,51"
OpenAlex,2503,Ceramics and Composites,FOR,4008,Electrical engineering,group,False,constrained_lexical,0.0,"constrained to groups within division(s) 40,51"
OpenAlex,2503,Ceramics and Composites,FOR,4009,"Electronics, sensors and digital hardware",group,False,constrained_lexical,0.0,"constrained to groups within division(s) 40,51"
OpenAlex,2503,Ceramics and Composites,FOR,4010,Engineering practice and education,group,False,constrained_lexical,0.0,"constrained to groups within division(s) 40,51"
OpenAlex,2503,Ceramics and Composites,FOR,4011,Environmental engineering,group,False,constrained_lexical,0.0,"constrained to groups within division(s) 40,51"
OpenAlex,2503,Ceramics and Composites,FOR,4004,Chemical engineering,group,False,constrained_lexical,0.0,"constrained to groups within division(s) 40,51"
OpenAlex,2504,"Electronic, Optical and Magnetic Materials",FOR,4004,Chemical engineering,group,False,constrained_lexical,0.015,"constrained to groups within division(s) 40,51"
OpenAlex,2504,"Electronic, Optical and Magnetic Materials",FOR,4019,Resources engineering and extractive metallurgy,group,False,constrained_lexical,0.021,"constrained to groups within division(s) 40,51"
OpenAlex,2504,"Electronic, Optical and Magnetic Materials",FOR,5101,Astronomical sciences,group,False,constrained_lexical,0.02,"constrained to groups within division(s) 40,51"
OpenAlex,2504,"Electronic, Optical and Magnetic Materials",FOR,4017,Mechanical engineering,group,False,constrained_lexical,0.018,"constrained to groups within division(s) 40,51"
OpenAlex,2504,"Electronic, Optical and Magnetic Materials",FOR,4014,Manufacturing engineering,group,False,constrained_lexical,0.017,"constrained to groups within division(s) 40,51"
OpenAlex,2504,"Electronic, Optical and Magnetic Materials",FOR,4003,Biomedical engineering,group,False,constrained_lexical,0.0,"constrained to groups within division(s) 40,51"
OpenAlex,2504,"Electronic, Optical and Magnetic Materials",FOR,4013,Geomatic engineering,group,False,constrained_lexical,0.023,"constrained to groups within division(s) 40,51"
OpenAlex,2504,"Electronic, Optical and Magnetic Materials",FOR,4010,Engineering practice and education,group,False,constrained_lexical,0.0,"constrained to groups within division(s) 40,51"
OpenAlex,2504,"Electronic, Optical and Magnetic Materials",FOR,4011,Environmental engineering,group,False,constrained_lexical,0.0,"constrained to groups within division(s) 40,51"
OpenAlex,2504,"Electronic, Optical and Magnetic Materials",FOR,4099,Other engineering,group,False,constrained_lexical,0.0,"constrained to groups within division(s) 40,51"
OpenAlex,2504,"Electronic, Optical and Magnetic Materials",FOR,5105,Medical and biological physics,group,False,constrained_lexical,0.0,"constrained to groups within division(s) 40,51"
OpenAlex,2504,"Electronic, Optical and Magnetic Materials",FOR,5107,Particle and high energy physics,group,False,constrained_lexical,0.0,"constrained to groups within division(s) 40,51"
OpenAlex,2504,"Electronic, Optical and Magnetic Materials",FOR,5110,Synchrotrons and accelerators,group,False,constrained_lexical,0.0,"constrained to groups within division(s) 40,51"
OpenAlex,2504,"Electronic, Optical and Magnetic Materials",FOR,4007,"Control engineering, mechatronics and robotics",group,False,constrained_lexical,0.0,"constrained to groups within division(s) 40,51"
OpenAlex,2504,"Electronic, Optical and Magnetic Materials",FOR,5109,Space sciences,group,False,constrained_lexical,0.024,"constrained to groups within division(s) 40,51"
OpenAlex,2504,"Electronic, Optical and Magnetic Materials",FOR,5102,"Atomic, molecular and optical physics",group,True,constrained_lexical,0.244,"constrained to groups within division(s) 40,51"
OpenAlex,2504,"Electronic, Optical and Magnetic Materials",FOR,5108,Quantum physics,group,False,constrained_lexical,0.029,"constrained to groups within division(s) 40,51"
OpenAlex,2504,"Electronic, Optical and Magnetic Materials",FOR,5104,Condensed matter physics,group,False,constrained_lexical,0.186,"constrained to groups within division(s) 40,51"
OpenAlex,2504,"Electronic, Optical and Magnetic Materials",FOR,4016,Materials engineering,group,False,constrained_lexical,0.161,"constrained to groups within division(s) 40,51"
OpenAlex,2504,"Electronic, Optical and Magnetic Materials",FOR,4008,Electrical engineering,group,False,constrained_lexical,0.152,"constrained to groups within division(s) 40,51"
OpenAlex,2504,"Electronic, Optical and Magnetic Materials",FOR,4009,"Electronics, sensors and digital hardware",group,False,constrained_lexical,0.13,"constrained to groups within division(s) 40,51"
OpenAlex,2504,"Electronic, Optical and Magnetic Materials",FOR,4018,Nanotechnology,group,False,constrained_lexical,0.118,"constrained to groups within division(s) 40,51"
OpenAlex,2504,"Electronic, Optical and Magnetic Materials",FOR,5103,Classical physics,group,False,constrained_lexical,0.091,"constrained to groups within division(s) 40,51"
OpenAlex,2504,"Electronic, Optical and Magnetic Materials",FOR,5199,Other physical sciences,group,False,constrained_lexical,0.027,"constrained to groups within division(s) 40,51"
OpenAlex,2504,"Electronic, Optical and Magnetic Materials",FOR,4002,Automotive engineering,group,False,constrained_lexical,0.065,"constrained to groups within division(s) 40,51"
OpenAlex,2504,"Electronic, Optical and Magnetic Materials",FOR,4006,Communications engineering,group,False,constrained_lexical,0.064,"constrained to groups within division(s) 40,51"
OpenAlex,2504,"Electronic, Optical and Magnetic Materials",FOR,5106,Nuclear and plasma physics,group,False,constrained_lexical,0.062,"constrained to groups within division(s) 40,51"
OpenAlex,2504,"Electronic, Optical and Magnetic Materials",FOR,4012,Fluid mechanics and thermal engineering,group,False,constrained_lexical,0.047,"constrained to groups within division(s) 40,51"
OpenAlex,2504,"Electronic, Optical and Magnetic Materials",FOR,4001,Aerospace engineering,group,False,constrained_lexical,0.038,"constrained to groups within division(s) 40,51"
OpenAlex,2504,"Electronic, Optical and Magnetic Materials",FOR,4015,Maritime engineering,group,False,constrained_lexical,0.036,"constrained to groups within division(s) 40,51"
OpenAlex,2504,"Electronic, Optical and Magnetic Materials",FOR,4005,Civil engineering,group,False,constrained_lexical,0.075,"constrained to groups within division(s) 40,51"
OpenAlex,2505,Materials Chemistry,FOR,4005,Civil engineering,group,False,constrained_lexical,0.094,"constrained to groups within division(s) 40,51"
OpenAlex,2505,Materials Chemistry,FOR,4009,"Electronics, sensors and digital hardware",group,False,constrained_lexical,0.093,"constrained to groups within division(s) 40,51"
OpenAlex,2505,Materials Chemistry,FOR,4003,Biomedical engineering,group,False,constrained_lexical,0.091,"constrained to groups within division(s) 40,51"
OpenAlex,2505,Materials Chemistry,FOR,5110,Synchrotrons and accelerators,group,False,constrained_lexical,0.091,"constrained to groups within division(s) 40,51"
OpenAlex,2505,Materials Chemistry,FOR,4012,Fluid mechanics and thermal engineering,group,False,constrained_lexical,0.082,"constrained to groups within division(s) 40,51"
OpenAlex,2505,Materials Chemistry,FOR,4015,Maritime engineering,group,False,constrained_lexical,0.071,"constrained to groups within division(s) 40,51"
OpenAlex,2505,Materials Chemistry,FOR,4013,Geomatic engineering,group,False,constrained_lexical,0.068,"constrained to groups within division(s) 40,51"
OpenAlex,2505,Materials Chemistry,FOR,4007,"Control engineering, mechatronics and robotics",group,False,constrained_lexical,0.056,"constrained to groups within division(s) 40,51"
OpenAlex,2505,Materials Chemistry,FOR,4001,Aerospace engineering,group,False,constrained_lexical,0.058,"constrained to groups within division(s) 40,51"
OpenAlex,2505,Materials Chemistry,FOR,5199,Other physical sciences,group,False,constrained_lexical,0.055,"constrained to groups within division(s) 40,51"
OpenAlex,2505,Materials Chemistry,FOR,5101,Astronomical sciences,group,False,constrained_lexical,0.039,"constrained to groups within division(s) 40,51"
OpenAlex,2505,Materials Chemistry,FOR,4099,Other engineering,group,False,constrained_lexical,0.023,"constrained to groups within division(s) 40,51"
OpenAlex,2505,Materials Chemistry,FOR,5109,Space sciences,group,False,constrained_lexical,0.095,"constrained to groups within division(s) 40,51"
OpenAlex,2505,Materials Chemistry,FOR,4011,Environmental engineering,group,False,constrained_lexical,0.0,"constrained to groups within division(s) 40,51"
OpenAlex,2505,Materials Chemistry,FOR,4006,Communications engineering,group,False,constrained_lexical,0.064,"constrained to groups within division(s) 40,51"
OpenAlex,2505,Materials Chemistry,FOR,4010,Engineering practice and education,group,False,constrained_lexical,0.0,"constrained to groups within division(s) 40,51"
OpenAlex,2505,Materials Chemistry,FOR,4014,Manufacturing engineering,group,False,constrained_lexical,0.1,"constrained to groups within division(s) 40,51"
OpenAlex,2505,Materials Chemistry,FOR,5108,Quantum physics,group,False,constrained_lexical,0.118,"constrained to groups within division(s) 40,51"
OpenAlex,2505,Materials Chemistry,FOR,4008,Electrical engineering,group,False,constrained_lexical,0.102,"constrained to groups within division(s) 40,51"
OpenAlex,2505,Materials Chemistry,FOR,3403,Macromolecular and materials chemistry,group,True,constrained_lexical,0.917,"constrained to groups within division(s) 40,51"
OpenAlex,2505,Materials Chemistry,FOR,4016,Materials engineering,group,False,constrained_lexical,0.417,"constrained to groups within division(s) 40,51"
OpenAlex,2505,Materials Chemistry,FOR,4004,Chemical engineering,group,False,constrained_lexical,0.336,"constrained to groups within division(s) 40,51"
OpenAlex,2505,Materials Chemistry,FOR,5106,Nuclear and plasma physics,group,False,constrained_lexical,0.25,"constrained to groups within division(s) 40,51"
OpenAlex,2505,Materials Chemistry,FOR,5104,Condensed matter physics,group,False,constrained_lexical,0.209,"constrained to groups within division(s) 40,51"
OpenAlex,2505,Materials Chemistry,FOR,4018,Nanotechnology,group,False,constrained_lexical,0.324,"constrained to groups within division(s) 40,51"
OpenAlex,2505,Materials Chemistry,FOR,5102,"Atomic, molecular and optical physics",group,False,constrained_lexical,0.167,"constrained to groups within division(s) 40,51"
OpenAlex,2505,Materials Chemistry,FOR,4019,Resources engineering and extractive metallurgy,group,False,constrained_lexical,0.149,"constrained to groups within division(s) 40,51"
OpenAlex,2505,Materials Chemistry,FOR,5107,Particle and high energy physics,group,False,constrained_lexical,0.136,"constrained to groups within division(s) 40,51"
OpenAlex,2505,Materials Chemistry,FOR,4002,Automotive engineering,group,False,constrained_lexical,0.129,"constrained to groups within division(s) 40,51"
OpenAlex,2505,Materials Chemistry,FOR,4017,Mechanical engineering,group,False,constrained_lexical,0.127,"constrained to groups within division(s) 40,51"
OpenAlex,2505,Materials Chemistry,FOR,5105,Medical and biological physics,group,False,constrained_lexical,0.125,"constrained to groups within division(s) 40,51"
OpenAlex,2505,Materials Chemistry,FOR,5103,Classical physics,group,False,constrained_lexical,0.182,"constrained to groups within division(s) 40,51"
OpenAlex,2506,Metals and Alloys,FOR,5103,Classical physics,group,False,constrained_lexical,0.0,"constrained to groups within division(s) 40,51"
OpenAlex,2506,Metals and Alloys,FOR,4018,Nanotechnology,group,False,constrained_lexical,0.0,"constrained to groups within division(s) 40,51"
OpenAlex,2506,Metals and Alloys,FOR,4099,Other engineering,group,False,constrained_lexical,0.0,"constrained to groups within division(s) 40,51"
OpenAlex,2506,Metals and Alloys,FOR,5101,Astronomical sciences,group,False,constrained_lexical,0.0,"constrained to groups within division(s) 40,51"
OpenAlex,2506,Metals and Alloys,FOR,5102,"Atomic, molecular and optical physics",group,False,constrained_lexical,0.0,"constrained to groups within division(s) 40,51"
OpenAlex,2506,Metals and Alloys,FOR,5104,Condensed matter physics,group,False,constrained_lexical,0.0,"constrained to groups within division(s) 40,51"
OpenAlex,2506,Metals and Alloys,FOR,4017,Mechanical engineering,group,False,constrained_lexical,0.0,"constrained to groups within division(s) 40,51"
OpenAlex,2506,Metals and Alloys,FOR,5106,Nuclear and plasma physics,group,False,constrained_lexical,0.0,"constrained to groups within division(s) 40,51"
OpenAlex,2506,Metals and Alloys,FOR,5107,Particle and high energy physics,group,False,constrained_lexical,0.0,"constrained to groups within division(s) 40,51"
OpenAlex,2506,Metals and Alloys,FOR,5108,Quantum physics,group,False,constrained_lexical,0.0,"constrained to groups within division(s) 40,51"
OpenAlex,2506,Metals and Alloys,FOR,5109,Space sciences,group,False,constrained_lexical,0.0,"constrained to groups within division(s) 40,51"
OpenAlex,2506,Metals and Alloys,FOR,5110,Synchrotrons and accelerators,group,False,constrained_lexical,0.0,"constrained to groups within division(s) 40,51"
OpenAlex,2506,Metals and Alloys,FOR,5199,Other physical sciences,group,False,constrained_lexical,0.0,"constrained to groups within division(s) 40,51"
OpenAlex,2506,Metals and Alloys,FOR,5105,Medical and biological physics,group,False,constrained_lexical,0.0,"constrained to groups within division(s) 40,51"
OpenAlex,2506,Metals and Alloys,FOR,4014,Manufacturing engineering,group,False,constrained_lexical,0.0,"constrained to groups within division(s) 40,51"
OpenAlex,2506,Metals and Alloys,FOR,4015,Maritime engineering,group,False,constrained_lexical,0.083,"constrained to groups within division(s) 40,51"
OpenAlex,2506,Metals and Alloys,FOR,4010,Engineering practice and education,group,False,constrained_lexical,0.0,"constrained to groups within division(s) 40,51"
OpenAlex,2506,Metals and Alloys,FOR,4016,Materials engineering,group,False,constrained_lexical,0.25,"constrained to groups within division(s) 40,51"
OpenAlex,2506,Metals and Alloys,FOR,4012,Fluid mechanics and thermal engineering,group,False,constrained_lexical,0.083,"constrained to groups within division(s) 40,51"
OpenAlex,2506,Metals and Alloys,FOR,4013,Geomatic engineering,group,False,constrained_lexical,0.083,"constrained to groups within division(s) 40,51"
OpenAlex,2506,Metals and Alloys,FOR,4011,Environmental engineering,group,False,constrained_lexical,0.0,"constrained to groups within division(s) 40,51"
OpenAlex,2506,Metals and Alloys,FOR,4001,Aerospace engineering,group,False,constrained_lexical,0.0,"constrained to groups within division(s) 40,51"
OpenAlex,2506,Metals and Alloys,FOR,4002,Automotive engineering,group,False,constrained_lexical,0.0,"constrained to groups within division(s) 40,51"
OpenAlex,2506,Metals and Alloys,FOR,4019,Resources engineering and extractive metallurgy,group,True,constrained_lexical,0.278,"constrained to groups within division(s) 40,51"
OpenAlex,2506,Metals and Alloys,FOR,4004,Chemical engineering,group,False,constrained_lexical,0.0,"constrained to groups within division(s) 40,51"
OpenAlex,2506,Metals and Alloys,FOR,4005,Civil engineering,group,False,constrained_lexical,0.0,"constrained to groups within division(s) 40,51"
OpenAlex,2506,Metals and Alloys,FOR,4006,Communications engineering,group,False,constrained_lexical,0.0,"constrained to groups within division(s) 40,51"
OpenAlex,2506,Metals and Alloys,FOR,4007,"Control engineering, mechatronics and robotics",group,False,constrained_lexical,0.0,"constrained to groups within division(s) 40,51"
OpenAlex,2506,Metals and Alloys,FOR,4008,Electrical engineering,group,False,constrained_lexical,0.0,"constrained to groups within division(s) 40,51"
OpenAlex,2506,Metals and Alloys,FOR,4009,"Electronics, sensors and digital hardware",group,False,constrained_lexical,0.0,"constrained to groups within division(s) 40,51"
OpenAlex,2506,Metals and Alloys,FOR,4003,Biomedical engineering,group,False,constrained_lexical,0.0,"constrained to groups within division(s) 40,51"
OpenAlex,2507,Polymers and Plastics,FOR,4013,Geomatic engineering,group,False,constrained_lexical,0.0,"constrained to groups within division(s) 40,51"
OpenAlex,2507,Polymers and Plastics,FOR,4015,Maritime engineering,group,False,constrained_lexical,0.0,"constrained to groups within division(s) 40,51"
OpenAlex,2507,Polymers and Plastics,FOR,4099,Other engineering,group,False,constrained_lexical,0.0,"constrained to groups within division(s) 40,51"
OpenAlex,2507,Polymers and Plastics,FOR,5101,Astronomical sciences,group,False,constrained_lexical,0.0,"constrained to groups within division(s) 40,51"
OpenAlex,2507,Polymers and Plastics,FOR,5102,"Atomic, molecular and optical physics",group,False,constrained_lexical,0.0,"constrained to groups within division(s) 40,51"
OpenAlex,2507,Polymers and Plastics,FOR,5103,Classical physics,group,False,constrained_lexical,0.0,"constrained to groups within division(s) 40,51"
OpenAlex,2507,Polymers and Plastics,FOR,5108,Quantum physics,group,False,constrained_lexical,0.0,"constrained to groups within division(s) 40,51"
OpenAlex,2507,Polymers and Plastics,FOR,5106,Nuclear and plasma physics,group,False,constrained_lexical,0.0,"constrained to groups within division(s) 40,51"
OpenAlex,2507,Polymers and Plastics,FOR,5107,Particle and high energy physics,group,False,constrained_lexical,0.0,"constrained to groups within division(s) 40,51"
OpenAlex,2507,Polymers and Plastics,FOR,5109,Space sciences,group,False,constrained_lexical,0.0,"constrained to groups within division(s) 40,51"
OpenAlex,2507,Polymers and Plastics,FOR,5110,Synchrotrons and accelerators,group,False,constrained_lexical,0.0,"constrained to groups within division(s) 40,51"
OpenAlex,2507,Polymers and Plastics,FOR,5199,Other physical sciences,group,False,constrained_lexical,0.0,"constrained to groups within division(s) 40,51"
OpenAlex,2507,Polymers and Plastics,FOR,4011,Environmental engineering,group,False,constrained_lexical,0.0,"constrained to groups within division(s) 40,51"
OpenAlex,2507,Polymers and Plastics,FOR,5105,Medical and biological physics,group,False,constrained_lexical,0.0,"constrained to groups within division(s) 40,51"
OpenAlex,2507,Polymers and Plastics,FOR,4010,Engineering practice and education,group,False,constrained_lexical,0.0,"constrained to groups within division(s) 40,51"
OpenAlex,2507,Polymers and Plastics,FOR,4007,"Control engineering, mechatronics and robotics",group,False,constrained_lexical,0.0,"constrained to groups within division(s) 40,51"
OpenAlex,2507,Polymers and Plastics,FOR,4006,Communications engineering,group,False,constrained_lexical,0.0,"constrained to groups within division(s) 40,51"
OpenAlex,2507,Polymers and Plastics,FOR,4018,Nanotechnology,group,False,constrained_lexical,0.088,"constrained to groups within division(s) 40,51"
OpenAlex,2507,Polymers and Plastics,FOR,5104,Condensed matter physics,group,False,constrained_lexical,0.047,"constrained to groups within division(s) 40,51"
OpenAlex,2507,Polymers and Plastics,FOR,4001,Aerospace engineering,group,False,constrained_lexical,0.038,"constrained to groups within division(s) 40,51"
OpenAlex,2507,Polymers and Plastics,FOR,4005,Civil engineering,group,False,constrained_lexical,0.038,"constrained to groups within division(s) 40,51"
OpenAlex,2507,Polymers and Plastics,FOR,4014,Manufacturing engineering,group,False,constrained_lexical,0.033,"constrained to groups within division(s) 40,51"
OpenAlex,2507,Polymers and Plastics,FOR,4002,Automotive engineering,group,False,constrained_lexical,0.032,"constrained to groups within division(s) 40,51"
OpenAlex,2507,Polymers and Plastics,FOR,4016,Materials engineering,group,True,constrained_lexical,0.117,"constrained to groups within division(s) 40,51"
OpenAlex,2507,Polymers and Plastics,FOR,4019,Resources engineering and extractive metallurgy,group,False,constrained_lexical,0.021,"constrained to groups within division(s) 40,51"
OpenAlex,2507,Polymers and Plastics,FOR,4008,Electrical engineering,group,False,constrained_lexical,0.02,"constrained to groups within division(s) 40,51"
OpenAlex,2507,Polymers and Plastics,FOR,4017,Mechanical engineering,group,False,constrained_lexical,0.018,"constrained to groups within division(s) 40,51"
OpenAlex,2507,Polymers and Plastics,FOR,4009,"Electronics, sensors and digital hardware",group,False,constrained_lexical,0.014,"constrained to groups within division(s) 40,51"
OpenAlex,2507,Polymers and Plastics,FOR,4003,Biomedical engineering,group,False,constrained_lexical,0.0,"constrained to groups within division(s) 40,51"
OpenAlex,2507,Polymers and Plastics,FOR,4004,Chemical engineering,group,False,constrained_lexical,0.0,"constrained to groups within division(s) 40,51"
OpenAlex,2507,Polymers and Plastics,FOR,4012,Fluid mechanics and thermal engineering,group,False,constrained_lexical,0.027,"constrained to groups within division(s) 40,51"
OpenAlex,2508,"Surfaces, Coatings and Films",FOR,4019,Resources engineering and extractive metallurgy,group,False,constrained_lexical,0.036,"constrained to groups within division(s) 40,51"
OpenAlex,2508,"Surfaces, Coatings and Films",FOR,4001,Aerospace engineering,group,False,constrained_lexical,0.0,"constrained to groups within division(s) 40,51"
OpenAlex,2508,"Surfaces, Coatings and Films",FOR,4003,Biomedical engineering,group,False,constrained_lexical,0.0,"constrained to groups within division(s) 40,51"
OpenAlex,2508,"Surfaces, Coatings and Films",FOR,4010,Engineering practice and education,group,False,constrained_lexical,0.0,"constrained to groups within division(s) 40,51"
OpenAlex,2508,"Surfaces, Coatings and Films",FOR,4011,Environmental engineering,group,False,constrained_lexical,0.0,"constrained to groups within division(s) 40,51"
OpenAlex,2508,"Surfaces, Coatings and Films",FOR,4013,Geomatic engineering,group,False,constrained_lexical,0.0,"constrained to groups within division(s) 40,51"
OpenAlex,2508,"Surfaces, Coatings and Films",FOR,5105,Medical and biological physics,group,False,constrained_lexical,0.0,"constrained to groups within division(s) 40,51"
OpenAlex,2508,"Surfaces, Coatings and Films",FOR,4099,Other engineering,group,False,constrained_lexical,0.0,"constrained to groups within division(s) 40,51"
OpenAlex,2508,"Surfaces, Coatings and Films",FOR,5101,Astronomical sciences,group,False,constrained_lexical,0.0,"constrained to groups within division(s) 40,51"
OpenAlex,2508,"Surfaces, Coatings and Films",FOR,5107,Particle and high energy physics,group,False,constrained_lexical,0.0,"constrained to groups within division(s) 40,51"
OpenAlex,2508,"Surfaces, Coatings and Films",FOR,5109,Space sciences,group,False,constrained_lexical,0.0,"constrained to groups within division(s) 40,51"
OpenAlex,2508,"Surfaces, Coatings and Films",FOR,5199,Other physical sciences,group,False,constrained_lexical,0.0,"constrained to groups within division(s) 40,51"
OpenAlex,2508,"Surfaces, Coatings and Films",FOR,4018,Nanotechnology,group,False,constrained_lexical,0.036,"constrained to groups within division(s) 40,51"
OpenAlex,2508,"Surfaces, Coatings and Films",FOR,4015,Maritime engineering,group,False,constrained_lexical,0.0,"constrained to groups within division(s) 40,51"
OpenAlex,2508,"Surfaces, Coatings and Films",FOR,4017,Mechanical engineering,group,False,constrained_lexical,0.036,"constrained to groups within division(s) 40,51"
OpenAlex,2508,"Surfaces, Coatings and Films",FOR,4005,Civil engineering,group,False,constrained_lexical,0.0,"constrained to groups within division(s) 40,51"
OpenAlex,2508,"Surfaces, Coatings and Films",FOR,4012,Fluid mechanics and thermal engineering,group,False,constrained_lexical,0.036,"constrained to groups within division(s) 40,51"
OpenAlex,2508,"Surfaces, Coatings and Films",FOR,5104,Condensed matter physics,group,True,constrained_lexical,0.143,"constrained to groups within division(s) 40,51"
OpenAlex,2508,"Surfaces, Coatings and Films",FOR,4009,"Electronics, sensors and digital hardware",group,False,constrained_lexical,0.107,"constrained to groups within division(s) 40,51"
OpenAlex,2508,"Surfaces, Coatings and Films",FOR,5102,"Atomic, molecular and optical physics",group,False,constrained_lexical,0.107,"constrained to groups within division(s) 40,51"
OpenAlex,2508,"Surfaces, Coatings and Films",FOR,5103,Classical physics,group,False,constrained_lexical,0.091,"constrained to groups within division(s) 40,51"
OpenAlex,2508,"Surfaces, Coatings and Films",FOR,5110,Synchrotrons and accelerators,group,False,constrained_lexical,0.091,"constrained to groups within division(s) 40,51"
OpenAlex,2508,"Surfaces, Coatings and Films",FOR,4004,Chemical engineering,group,False,constrained_lexical,0.071,"constrained to groups within division(s) 40,51"
OpenAlex,2508,"Surfaces, Coatings and Films",FOR,4006,Communications engineering,group,False,constrained_lexical,0.071,"constrained to groups within division(s) 40,51"
OpenAlex,2508,"Surfaces, Coatings and Films",FOR,4014,Manufacturing engineering,group,False,constrained_lexical,0.036,"constrained to groups within division(s) 40,51"
OpenAlex,2508,"Surfaces, Coatings and Films",FOR,5108,Quantum physics,group,False,constrained_lexical,0.071,"constrained to groups within division(s) 40,51"
OpenAlex,2508,"Surfaces, Coatings and Films",FOR,5106,Nuclear and plasma physics,group,False,constrained_lexical,0.062,"constrained to groups within division(s) 40,51"
OpenAlex,2508,"Surfaces, Coatings and Films",FOR,4016,Materials engineering,group,False,constrained_lexical,0.071,"constrained to groups within division(s) 40,51"
OpenAlex,2508,"Surfaces, Coatings and Films",FOR,4002,Automotive engineering,group,False,constrained_lexical,0.036,"constrained to groups within division(s) 40,51"
OpenAlex,2508,"Surfaces, Coatings and Films",FOR,4007,"Control engineering, mechatronics and robotics",group,False,constrained_lexical,0.036,"constrained to groups within division(s) 40,51"
OpenAlex,2508,"Surfaces, Coatings and Films",FOR,4008,Electrical engineering,group,False,constrained_lexical,0.036,"constrained to groups within division(s) 40,51"
OpenAlex,2602,Algebra and Number Theory,FOR,4999,Other mathematical sciences,group,False,constrained_lexical,0.06,constrained to groups within division(s) 49
OpenAlex,2602,Algebra and Number Theory,FOR,4903,Numerical and computational mathematics,group,False,constrained_lexical,0.087,constrained to groups within division(s) 49
OpenAlex,2602,Algebra and Number Theory,FOR,4905,Statistics,group,False,constrained_lexical,0.094,constrained to groups within division(s) 49
OpenAlex,2602,Algebra and Number Theory,FOR,4902,Mathematical physics,group,False,constrained_lexical,0.094,constrained to groups within division(s) 49
OpenAlex,2602,Algebra and Number Theory,FOR,4901,Applied mathematics,group,False,constrained_lexical,0.125,constrained to groups within division(s) 49
OpenAlex,2602,Algebra and Number Theory,FOR,4904,Pure mathematics,group,True,constrained_lexical,0.219,constrained to groups within division(s) 49
OpenAlex,2604,Applied Mathematics,FOR,4905,Statistics,group,False,constrained_lexical,0.077,constrained to groups within division(s) 49
OpenAlex,2604,Applied Mathematics,FOR,4999,Other mathematical sciences,group,False,constrained_lexical,0.16,constrained to groups within division(s) 49
OpenAlex,2604,Applied Mathematics,FOR,4902,Mathematical physics,group,False,constrained_lexical,0.267,constrained to groups within division(s) 49
OpenAlex,2604,Applied Mathematics,FOR,4903,Numerical and computational mathematics,group,False,constrained_lexical,0.404,constrained to groups within division(s) 49
OpenAlex,2604,Applied Mathematics,FOR,4901,Applied mathematics,group,True,constrained_lexical,1.0,constrained to groups within division(s) 49
OpenAlex,2604,Applied Mathematics,FOR,4904,Pure mathematics,group,False,constrained_lexical,0.365,constrained to groups within division(s) 49
OpenAlex,2605,Computational Mathematics,FOR,4901,Applied mathematics,group,False,constrained_lexical,0.422,constrained to groups within division(s) 49
OpenAlex,2605,Computational Mathematics,FOR,4902,Mathematical physics,group,False,constrained_lexical,0.311,constrained to groups within division(s) 49
OpenAlex,2605,Computational Mathematics,FOR,4904,Pure mathematics,group,False,constrained_lexical,0.311,constrained to groups within division(s) 49
OpenAlex,2605,Computational Mathematics,FOR,4905,Statistics,group,False,constrained_lexical,0.222,constrained to groups within division(s) 49
OpenAlex,2605,Computational Mathematics,FOR,4999,Other mathematical sciences,group,False,constrained_lexical,0.16,constrained to groups within division(s) 49
OpenAlex,2605,Computational Mathematics,FOR,4903,Numerical and computational mathematics,group,True,constrained_lexical,0.933,constrained to groups within division(s) 49
OpenAlex,2607,Discrete Mathematics and Combinatorics,FOR,4905,Statistics,group,False,constrained_lexical,0.071,constrained to groups within division(s) 49
OpenAlex,2607,Discrete Mathematics and Combinatorics,FOR,4903,Numerical and computational mathematics,group,False,constrained_lexical,0.198,constrained to groups within division(s) 49
OpenAlex,2607,Discrete Mathematics and Combinatorics,FOR,4999,Other mathematical sciences,group,False,constrained_lexical,0.12,constrained to groups within division(s) 49
OpenAlex,2607,Discrete Mathematics and Combinatorics,FOR,4901,Applied mathematics,group,False,constrained_lexical,0.25,constrained to groups within division(s) 49
OpenAlex,2607,Discrete Mathematics and Combinatorics,FOR,4902,Mathematical physics,group,True,constrained_lexical,0.321,constrained to groups within division(s) 49
OpenAlex,2607,Discrete Mathematics and Combinatorics,FOR,4904,Pure mathematics,group,False,constrained_lexical,0.321,constrained to groups within division(s) 49
OpenAlex,2608,Geometry and Topology,FOR,4904,Pure mathematics,group,True,constrained_lexical,0.333,constrained to groups within division(s) 49
OpenAlex,2608,Geometry and Topology,FOR,4901,Applied mathematics,group,False,constrained_lexical,0.208,constrained to groups within division(s) 49
OpenAlex,2608,Geometry and Topology,FOR,4903,Numerical and computational mathematics,group,False,constrained_lexical,0.174,constrained to groups within division(s) 49
OpenAlex,2608,Geometry and Topology,FOR,4902,Mathematical physics,group,False,constrained_lexical,0.117,constrained to groups within division(s) 49
OpenAlex,2608,Geometry and Topology,FOR,4905,Statistics,group,False,constrained_lexical,0.096,constrained to groups within division(s) 49
OpenAlex,2608,Geometry and Topology,FOR,4999,Other mathematical sciences,group,False,constrained_lexical,0.06,constrained to groups within division(s) 49
OpenAlex,2610,Mathematical Physics,FOR,4902,Mathematical physics,group,True,constrained_lexical,1.0,constrained to groups within division(s) 49
OpenAlex,2610,Mathematical Physics,FOR,4904,Pure mathematics,group,False,constrained_lexical,0.38,constrained to groups within division(s) 49
OpenAlex,2610,Mathematical Physics,FOR,4901,Applied mathematics,group,False,constrained_lexical,0.332,constrained to groups within division(s) 49
OpenAlex,2610,Mathematical Physics,FOR,4903,Numerical and computational mathematics,group,False,constrained_lexical,0.273,constrained to groups within division(s) 49
OpenAlex,2610,Mathematical Physics,FOR,4999,Other mathematical sciences,group,False,constrained_lexical,0.16,constrained to groups within division(s) 49
OpenAlex,2610,Mathematical Physics,FOR,4905,Statistics,group,False,constrained_lexical,0.077,constrained to groups within division(s) 49
OpenAlex,2611,Modeling and Simulation,FOR,4902,Mathematical physics,group,False,constrained_lexical,0.026,constrained to groups within division(s) 49
OpenAlex,2611,Modeling and Simulation,FOR,4905,Statistics,group,False,constrained_lexical,0.051,constrained to groups within division(s) 49
OpenAlex,2611,Modeling and Simulation,FOR,4999,Other mathematical sciences,group,False,constrained_lexical,0.06,constrained to groups within division(s) 49
OpenAlex,2611,Modeling and Simulation,FOR,4901,Applied mathematics,group,False,constrained_lexical,0.103,constrained to groups within division(s) 49
OpenAlex,2611,Modeling and Simulation,FOR,4903,Numerical and computational mathematics,group,True,constrained_lexical,0.217,constrained to groups within division(s) 49
OpenAlex,2611,Modeling and Simulation,FOR,4904,Pure mathematics,group,False,constrained_lexical,0.103,constrained to groups within division(s) 49
OpenAlex,2612,Numerical Analysis,FOR,4999,Other mathematical sciences,group,False,constrained_lexical,0.06,constrained to groups within division(s) 49
OpenAlex,2612,Numerical Analysis,FOR,4902,Mathematical physics,group,False,constrained_lexical,0.062,constrained to groups within division(s) 49
OpenAlex,2612,Numerical Analysis,FOR,4905,Statistics,group,False,constrained_lexical,0.031,constrained to groups within division(s) 49
OpenAlex,2612,Numerical Analysis,FOR,4904,Pure mathematics,group,False,constrained_lexical,0.188,constrained to groups within division(s) 49
OpenAlex,2612,Numerical Analysis,FOR,4903,Numerical and computational mathematics,group,True,constrained_lexical,0.491,constrained to groups within division(s) 49
OpenAlex,2612,Numerical Analysis,FOR,4901,Applied mathematics,group,False,constrained_lexical,0.156,constrained to groups within division(s) 49
OpenAlex,2613,Statistics and Probability,FOR,4905,Statistics,group,True,constrained_lexical,0.564,constrained to groups within division(s) 49
OpenAlex,2613,Statistics and Probability,FOR,4901,Applied mathematics,group,False,constrained_lexical,0.189,constrained to groups within division(s) 49
OpenAlex,2613,Statistics and Probability,FOR,4903,Numerical and computational mathematics,group,False,constrained_lexical,0.087,constrained to groups within division(s) 49
OpenAlex,2613,Statistics and Probability,FOR,4902,Mathematical physics,group,False,constrained_lexical,0.083,constrained to groups within division(s) 49
OpenAlex,2613,Statistics and Probability,FOR,4999,Other mathematical sciences,group,False,constrained_lexical,0.06,constrained to groups within division(s) 49
OpenAlex,2613,Statistics and Probability,FOR,4904,Pure mathematics,group,False,constrained_lexical,0.047,constrained to groups within division(s) 49
OpenAlex,2614,Theoretical Computer Science,FOR,4904,Pure mathematics,group,False,constrained_lexical,0.25,constrained to groups within division(s) 49
OpenAlex,2614,Theoretical Computer Science,FOR,4999,Other mathematical sciences,group,False,constrained_lexical,0.06,constrained to groups within division(s) 49
OpenAlex,2614,Theoretical Computer Science,FOR,4901,Applied mathematics,group,False,constrained_lexical,0.25,constrained to groups within division(s) 49
OpenAlex,2614,Theoretical Computer Science,FOR,4905,Statistics,group,False,constrained_lexical,0.25,constrained to groups within division(s) 49
OpenAlex,2614,Theoretical Computer Science,FOR,4903,Numerical and computational mathematics,group,False,constrained_lexical,0.393,constrained to groups within division(s) 49
OpenAlex,2614,Theoretical Computer Science,FOR,3407,Theoretical and computational chemistry,group,False,constrained_lexical,0.975,constrained to groups within division(s) 49
OpenAlex,2614,Theoretical Computer Science,FOR,4902,Mathematical physics,group,False,constrained_lexical,0.375,constrained to groups within division(s) 49
OpenAlex,2614,Theoretical Computer Science,FOR,4613,Theory of computation,group,True,constrained_lexical,1.0,constrained to groups within division(s) 49
OpenAlex,2702,Anatomy,FOR,4299,Other health sciences,group,False,constrained_lexical,0.0,"constrained to groups within division(s) 32,42"
OpenAlex,2702,Anatomy,FOR,4207,Sports science and exercise,group,False,constrained_lexical,0.0,"constrained to groups within division(s) 32,42"
OpenAlex,2702,Anatomy,FOR,4206,Public health,group,False,constrained_lexical,0.0,"constrained to groups within division(s) 32,42"
OpenAlex,2702,Anatomy,FOR,4205,Nursing,group,False,constrained_lexical,0.0,"constrained to groups within division(s) 32,42"
OpenAlex,2702,Anatomy,FOR,4204,Midwifery,group,False,constrained_lexical,0.0,"constrained to groups within division(s) 32,42"
OpenAlex,2702,Anatomy,FOR,4203,Health services and systems,group,False,constrained_lexical,0.0,"constrained to groups within division(s) 32,42"
OpenAlex,2702,Anatomy,FOR,4202,Epidemiology,group,False,constrained_lexical,0.0,"constrained to groups within division(s) 32,42"
OpenAlex,2702,Anatomy,FOR,4201,Allied health and rehabilitation science,group,False,constrained_lexical,0.0,"constrained to groups within division(s) 32,42"
OpenAlex,2702,Anatomy,FOR,3213,Paediatrics,group,False,constrained_lexical,0.0,"constrained to groups within division(s) 32,42"
OpenAlex,2702,Anatomy,FOR,3212,Ophthalmology and optometry,group,False,constrained_lexical,0.0,"constrained to groups within division(s) 32,42"
OpenAlex,2702,Anatomy,FOR,3210,Nutrition and dietetics,group,False,constrained_lexical,0.0,"constrained to groups within division(s) 32,42"
OpenAlex,2702,Anatomy,FOR,3209,Neurosciences,group,False,constrained_lexical,0.0,"constrained to groups within division(s) 32,42"
OpenAlex,2702,Anatomy,FOR,3299,Other biomedical and clinical sciences,group,False,constrained_lexical,0.0,"constrained to groups within division(s) 32,42"
OpenAlex,2702,Anatomy,FOR,4208,"Traditional, complementary and integrative medicine",group,False,constrained_lexical,0.2,"constrained to groups within division(s) 32,42"
OpenAlex,2702,Anatomy,FOR,3204,Immunology,group,False,constrained_lexical,0.0,"constrained to groups within division(s) 32,42"
OpenAlex,2702,Anatomy,FOR,3201,Cardiovascular medicine and haematology,group,False,constrained_lexical,0.2,"constrained to groups within division(s) 32,42"
OpenAlex,2702,Anatomy,FOR,3202,Clinical sciences,group,False,constrained_lexical,0.2,"constrained to groups within division(s) 32,42"
OpenAlex,2702,Anatomy,FOR,3205,Medical biochemistry and metabolomics,group,False,constrained_lexical,0.2,"constrained to groups within division(s) 32,42"
OpenAlex,2702,Anatomy,FOR,3206,Medical biotechnology,group,False,constrained_lexical,0.2,"constrained to groups within division(s) 32,42"
OpenAlex,2702,Anatomy,FOR,3203,Dentistry,group,True,constrained_lexical,0.4,"constrained to groups within division(s) 32,42"
OpenAlex,2702,Anatomy,FOR,3208,Medical physiology,group,False,constrained_lexical,0.2,"constrained to groups within division(s) 32,42"
OpenAlex,2702,Anatomy,FOR,3211,Oncology and carcinogenesis,group,False,constrained_lexical,0.2,"constrained to groups within division(s) 32,42"
OpenAlex,2702,Anatomy,FOR,3214,Pharmacology and pharmaceutical sciences,group,False,constrained_lexical,0.2,"constrained to groups within division(s) 32,42"
OpenAlex,2702,Anatomy,FOR,3215,Reproductive medicine,group,False,constrained_lexical,0.2,"constrained to groups within division(s) 32,42"
OpenAlex,2702,Anatomy,FOR,3207,Medical microbiology,group,False,constrained_lexical,0.2,"constrained to groups within division(s) 32,42"
OpenAlex,2703,Anesthesiology and Pain Medicine,FOR,3211,Oncology and carcinogenesis,group,False,constrained_lexical,0.0,"constrained to groups within division(s) 32,42"
OpenAlex,2703,Anesthesiology and Pain Medicine,FOR,3213,Paediatrics,group,False,constrained_lexical,0.0,"constrained to groups within division(s) 32,42"
OpenAlex,2703,Anesthesiology and Pain Medicine,FOR,3299,Other biomedical and clinical sciences,group,False,constrained_lexical,0.0,"constrained to groups within division(s) 32,42"
OpenAlex,2703,Anesthesiology and Pain Medicine,FOR,4201,Allied health and rehabilitation science,group,False,constrained_lexical,0.0,"constrained to groups within division(s) 32,42"
OpenAlex,2703,Anesthesiology and Pain Medicine,FOR,4202,Epidemiology,group,False,constrained_lexical,0.0,"constrained to groups within division(s) 32,42"
OpenAlex,2703,Anesthesiology and Pain Medicine,FOR,4205,Nursing,group,False,constrained_lexical,0.0,"constrained to groups within division(s) 32,42"
OpenAlex,2703,Anesthesiology and Pain Medicine,FOR,4206,Public health,group,False,constrained_lexical,0.0,"constrained to groups within division(s) 32,42"
OpenAlex,2703,Anesthesiology and Pain Medicine,FOR,4207,Sports science and exercise,group,False,constrained_lexical,0.0,"constrained to groups within division(s) 32,42"
OpenAlex,2703,Anesthesiology and Pain Medicine,FOR,4299,Other health sciences,group,False,constrained_lexical,0.0,"constrained to groups within division(s) 32,42"
OpenAlex,2703,Anesthesiology and Pain Medicine,FOR,3210,Nutrition and dietetics,group,False,constrained_lexical,0.0,"constrained to groups within division(s) 32,42"
OpenAlex,2703,Anesthesiology and Pain Medicine,FOR,4204,Midwifery,group,False,constrained_lexical,0.0,"constrained to groups within division(s) 32,42"
OpenAlex,2703,Anesthesiology and Pain Medicine,FOR,3209,Neurosciences,group,False,constrained_lexical,0.0,"constrained to groups within division(s) 32,42"
OpenAlex,2703,Anesthesiology and Pain Medicine,FOR,3201,Cardiovascular medicine and haematology,group,False,constrained_lexical,0.183,"constrained to groups within division(s) 32,42"
OpenAlex,2703,Anesthesiology and Pain Medicine,FOR,4203,Health services and systems,group,False,constrained_lexical,0.037,"constrained to groups within division(s) 32,42"
OpenAlex,2703,Anesthesiology and Pain Medicine,FOR,3204,Immunology,group,False,constrained_lexical,0.0,"constrained to groups within division(s) 32,42"
OpenAlex,2703,Anesthesiology and Pain Medicine,FOR,4208,"Traditional, complementary and integrative medicine",group,False,constrained_lexical,0.196,"constrained to groups within division(s) 32,42"
OpenAlex,2703,Anesthesiology and Pain Medicine,FOR,3215,Reproductive medicine,group,False,constrained_lexical,0.195,"constrained to groups within division(s) 32,42"
OpenAlex,2703,Anesthesiology and Pain Medicine,FOR,3206,Medical biotechnology,group,False,constrained_lexical,0.18,"constrained to groups within division(s) 32,42"
OpenAlex,2703,Anesthesiology and Pain Medicine,FOR,3208,Medical physiology,group,False,constrained_lexical,0.18,"constrained to groups within division(s) 32,42"
OpenAlex,2703,Anesthesiology and Pain Medicine,FOR,3207,Medical microbiology,group,True,constrained_lexical,0.217,"constrained to groups within division(s) 32,42"
OpenAlex,2703,Anesthesiology and Pain Medicine,FOR,3205,Medical biochemistry and metabolomics,group,False,constrained_lexical,0.148,"constrained to groups within division(s) 32,42"
OpenAlex,2703,Anesthesiology and Pain Medicine,FOR,3212,Ophthalmology and optometry,group,False,constrained_lexical,0.083,"constrained to groups within division(s) 32,42"
OpenAlex,2703,Anesthesiology and Pain Medicine,FOR,3214,Pharmacology and pharmaceutical sciences,group,False,constrained_lexical,0.074,"constrained to groups within division(s) 32,42"
OpenAlex,2703,Anesthesiology and Pain Medicine,FOR,3203,Dentistry,group,False,constrained_lexical,0.037,"constrained to groups within division(s) 32,42"
OpenAlex,2703,Anesthesiology and Pain Medicine,FOR,3202,Clinical sciences,group,False,constrained_lexical,0.148,"constrained to groups within division(s) 32,42"
OpenAlex,2704,Biochemistry,FOR,3214,Pharmacology and pharmaceutical sciences,group,False,constrained_lexical,0.0,"constrained to groups within division(s) 32,42"
OpenAlex,2704,Biochemistry,FOR,3215,Reproductive medicine,group,False,constrained_lexical,0.0,"constrained to groups within division(s) 32,42"
OpenAlex,2704,Biochemistry,FOR,4299,Other health sciences,group,False,constrained_lexical,0.0,"constrained to groups within division(s) 32,42"
OpenAlex,2704,Biochemistry,FOR,4201,Allied health and rehabilitation science,group,False,constrained_lexical,0.0,"constrained to groups within division(s) 32,42"
OpenAlex,2704,Biochemistry,FOR,4202,Epidemiology,group,False,constrained_lexical,0.0,"constrained to groups within division(s) 32,42"
OpenAlex,2704,Biochemistry,FOR,4205,Nursing,group,False,constrained_lexical,0.0,"constrained to groups within division(s) 32,42"
OpenAlex,2704,Biochemistry,FOR,4206,Public health,group,False,constrained_lexical,0.0,"constrained to groups within division(s) 32,42"
OpenAlex,2704,Biochemistry,FOR,4207,Sports science and exercise,group,False,constrained_lexical,0.0,"constrained to groups within division(s) 32,42"
OpenAlex,2704,Biochemistry,FOR,4208,"Traditional, complementary and integrative medicine",group,False,constrained_lexical,0.0,"constrained to groups within division(s) 32,42"
OpenAlex,2704,Biochemistry,FOR,3213,Paediatrics,group,False,constrained_lexical,0.0,"constrained to groups within division(s) 32,42"
OpenAlex,2704,Biochemistry,FOR,4204,Midwifery,group,False,constrained_lexical,0.0,"constrained to groups within division(s) 32,42"
OpenAlex,2704,Biochemistry,FOR,3212,Ophthalmology and optometry,group,False,constrained_lexical,0.0,"constrained to groups within division(s) 32,42"
OpenAlex,2704,Biochemistry,FOR,3299,Other biomedical and clinical sciences,group,False,constrained_lexical,0.0,"constrained to groups within division(s) 32,42"
OpenAlex,2704,Biochemistry,FOR,3210,Nutrition and dietetics,group,False,constrained_lexical,0.0,"constrained to groups within division(s) 32,42"
OpenAlex,2704,Biochemistry,FOR,3205,Medical biochemistry and metabolomics,group,True,constrained_lexical,0.256,"constrained to groups within division(s) 32,42"
OpenAlex,2704,Biochemistry,FOR,3202,Clinical sciences,group,False,constrained_lexical,0.056,"constrained to groups within division(s) 32,42"
OpenAlex,2704,Biochemistry,FOR,3204,Immunology,group,False,constrained_lexical,0.056,"constrained to groups within division(s) 32,42"
OpenAlex,2704,Biochemistry,FOR,4203,Health services and systems,group,False,constrained_lexical,0.056,"constrained to groups within division(s) 32,42"
OpenAlex,2704,Biochemistry,FOR,3201,Cardiovascular medicine and haematology,group,False,constrained_lexical,0.0,"constrained to groups within division(s) 32,42"
OpenAlex,2704,Biochemistry,FOR,3211,Oncology and carcinogenesis,group,False,constrained_lexical,0.0,"constrained to groups within division(s) 32,42"
OpenAlex,2704,Biochemistry,FOR,3206,Medical biotechnology,group,False,constrained_lexical,0.0,"constrained to groups within division(s) 32,42"
OpenAlex,2704,Biochemistry,FOR,3207,Medical microbiology,group,False,constrained_lexical,0.0,"constrained to groups within division(s) 32,42"
OpenAlex,2704,Biochemistry,FOR,3208,Medical physiology,group,False,constrained_lexical,0.0,"constrained to groups within division(s) 32,42"
OpenAlex,2704,Biochemistry,FOR,3209,Neurosciences,group,False,constrained_lexical,0.0,"constrained to groups within division(s) 32,42"
OpenAlex,2704,Biochemistry,FOR,3203,Dentistry,group,False,constrained_lexical,0.0,"constrained to groups within division(s) 32,42"
OpenAlex,2705,Cardiology and Cardiovascular Medicine,FOR,3204,Immunology,group,False,constrained_lexical,0.065,"constrained to groups within division(s) 32,42"
OpenAlex,2705,Cardiology and Cardiovascular Medicine,FOR,3210,Nutrition and dietetics,group,False,constrained_lexical,0.065,"constrained to groups within division(s) 32,42"
OpenAlex,2705,Cardiology and Cardiovascular Medicine,FOR,3202,Clinical sciences,group,False,constrained_lexical,0.064,"constrained to groups within division(s) 32,42"
OpenAlex,2705,Cardiology and Cardiovascular Medicine,FOR,4203,Health services and systems,group,False,constrained_lexical,0.063,"constrained to groups within division(s) 32,42"
OpenAlex,2705,Cardiology and Cardiovascular Medicine,FOR,4201,Allied health and rehabilitation science,group,False,constrained_lexical,0.061,"constrained to groups within division(s) 32,42"
OpenAlex,2705,Cardiology and Cardiovascular Medicine,FOR,3211,Oncology and carcinogenesis,group,False,constrained_lexical,0.043,"constrained to groups within division(s) 32,42"
OpenAlex,2705,Cardiology and Cardiovascular Medicine,FOR,3203,Dentistry,group,False,constrained_lexical,0.039,"constrained to groups within division(s) 32,42"
OpenAlex,2705,Cardiology and Cardiovascular Medicine,FOR,4202,Epidemiology,group,False,constrained_lexical,0.028,"constrained to groups within division(s) 32,42"
OpenAlex,2705,Cardiology and Cardiovascular Medicine,FOR,3212,Ophthalmology and optometry,group,False,constrained_lexical,0.0,"constrained to groups within division(s) 32,42"
OpenAlex,2705,Cardiology and Cardiovascular Medicine,FOR,4206,Public health,group,False,constrained_lexical,0.071,"constrained to groups within division(s) 32,42"
OpenAlex,2705,Cardiology and Cardiovascular Medicine,FOR,3214,Pharmacology and pharmaceutical sciences,group,False,constrained_lexical,0.053,"constrained to groups within division(s) 32,42"
OpenAlex,2705,Cardiology and Cardiovascular Medicine,FOR,3213,Paediatrics,group,False,constrained_lexical,0.071,"constrained to groups within division(s) 32,42"
OpenAlex,2705,Cardiology and Cardiovascular Medicine,FOR,3299,Other biomedical and clinical sciences,group,False,constrained_lexical,0.0,"constrained to groups within division(s) 32,42"
OpenAlex,2705,Cardiology and Cardiovascular Medicine,FOR,4204,Midwifery,group,False,constrained_lexical,0.115,"constrained to groups within division(s) 32,42"
OpenAlex,2705,Cardiology and Cardiovascular Medicine,FOR,3201,Cardiovascular medicine and haematology,group,True,constrained_lexical,1.0,"constrained to groups within division(s) 32,42"
OpenAlex,2705,Cardiology and Cardiovascular Medicine,FOR,3207,Medical microbiology,group,False,constrained_lexical,0.329,"constrained to groups within division(s) 32,42"
OpenAlex,2705,Cardiology and Cardiovascular Medicine,FOR,3208,Medical physiology,group,False,constrained_lexical,0.255,"constrained to groups within division(s) 32,42"
OpenAlex,2705,Cardiology and Cardiovascular Medicine,FOR,3206,Medical biotechnology,group,False,constrained_lexical,0.24,"constrained to groups within division(s) 32,42"
OpenAlex,2705,Cardiology and Cardiovascular Medicine,FOR,3215,Reproductive medicine,group,False,constrained_lexical,0.219,"constrained to groups within division(s) 32,42"
OpenAlex,2705,Cardiology and Cardiovascular Medicine,FOR,3209,Neurosciences,group,False,constrained_lexical,0.077,"constrained to groups within division(s) 32,42"
OpenAlex,2705,Cardiology and Cardiovascular Medicine,FOR,3205,Medical biochemistry and metabolomics,group,False,constrained_lexical,0.182,"constrained to groups within division(s) 32,42"
OpenAlex,2705,Cardiology and Cardiovascular Medicine,FOR,4205,Nursing,group,False,constrained_lexical,0.16,"constrained to groups within division(s) 32,42"
OpenAlex,2705,Cardiology and Cardiovascular Medicine,FOR,4299,Other health sciences,group,False,constrained_lexical,0.15,"constrained to groups within division(s) 32,42"
OpenAlex,2705,Cardiology and Cardiovascular Medicine,FOR,4207,Sports science and exercise,group,False,constrained_lexical,0.143,"constrained to groups within division(s) 32,42"
OpenAlex,2705,Cardiology and Cardiovascular Medicine,FOR,4208,"Traditional, complementary and integrative medicine",group,False,constrained_lexical,0.205,"constrained to groups within division(s) 32,42"
OpenAlex,2706,Critical Care and Intensive Care Medicine,FOR,3203,Dentistry,group,False,constrained_lexical,0.025,"constrained to groups within division(s) 32,42"
OpenAlex,2706,Critical Care and Intensive Care Medicine,FOR,3204,Immunology,group,False,constrained_lexical,0.025,"constrained to groups within division(s) 32,42"
OpenAlex,2706,Critical Care and Intensive Care Medicine,FOR,4203,Health services and systems,group,False,constrained_lexical,0.025,"constrained to groups within division(s) 32,42"
OpenAlex,2706,Critical Care and Intensive Care Medicine,FOR,3209,Neurosciences,group,False,constrained_lexical,0.0,"constrained to groups within division(s) 32,42"
OpenAlex,2706,Critical Care and Intensive Care Medicine,FOR,3211,Oncology and carcinogenesis,group,False,constrained_lexical,0.0,"constrained to groups within division(s) 32,42"
OpenAlex,2706,Critical Care and Intensive Care Medicine,FOR,3213,Paediatrics,group,False,constrained_lexical,0.0,"constrained to groups within division(s) 32,42"
OpenAlex,2706,Critical Care and Intensive Care Medicine,FOR,4201,Allied health and rehabilitation science,group,False,constrained_lexical,0.0,"constrained to groups within division(s) 32,42"
OpenAlex,2706,Critical Care and Intensive Care Medicine,FOR,4202,Epidemiology,group,False,constrained_lexical,0.0,"constrained to groups within division(s) 32,42"
OpenAlex,2706,Critical Care and Intensive Care Medicine,FOR,4207,Sports science and exercise,group,False,constrained_lexical,0.0,"constrained to groups within division(s) 32,42"
OpenAlex,2706,Critical Care and Intensive Care Medicine,FOR,3210,Nutrition and dietetics,group,False,constrained_lexical,0.032,"constrained to groups within division(s) 32,42"
OpenAlex,2706,Critical Care and Intensive Care Medicine,FOR,3212,Ophthalmology and optometry,group,False,constrained_lexical,0.0,"constrained to groups within division(s) 32,42"
OpenAlex,2706,Critical Care and Intensive Care Medicine,FOR,4299,Other health sciences,group,False,constrained_lexical,0.0,"constrained to groups within division(s) 32,42"
OpenAlex,2706,Critical Care and Intensive Care Medicine,FOR,4206,Public health,group,False,constrained_lexical,0.036,"constrained to groups within division(s) 32,42"
OpenAlex,2706,Critical Care and Intensive Care Medicine,FOR,3214,Pharmacology and pharmaceutical sciences,group,False,constrained_lexical,0.053,"constrained to groups within division(s) 32,42"
OpenAlex,2706,Critical Care and Intensive Care Medicine,FOR,4205,Nursing,group,False,constrained_lexical,0.04,"constrained to groups within division(s) 32,42"
OpenAlex,2706,Critical Care and Intensive Care Medicine,FOR,3207,Medical microbiology,group,True,constrained_lexical,0.181,"constrained to groups within division(s) 32,42"
OpenAlex,2706,Critical Care and Intensive Care Medicine,FOR,3202,Clinical sciences,group,False,constrained_lexical,0.175,"constrained to groups within division(s) 32,42"
OpenAlex,2706,Critical Care and Intensive Care Medicine,FOR,3215,Reproductive medicine,group,False,constrained_lexical,0.153,"constrained to groups within division(s) 32,42"
OpenAlex,2706,Critical Care and Intensive Care Medicine,FOR,3208,Medical physiology,group,False,constrained_lexical,0.129,"constrained to groups within division(s) 32,42"
OpenAlex,2706,Critical Care and Intensive Care Medicine,FOR,3201,Cardiovascular medicine and haematology,group,False,constrained_lexical,0.155,"constrained to groups within division(s) 32,42"
OpenAlex,2706,Critical Care and Intensive Care Medicine,FOR,4208,"Traditional, complementary and integrative medicine",group,False,constrained_lexical,0.124,"constrained to groups within division(s) 32,42"
OpenAlex,2706,Critical Care and Intensive Care Medicine,FOR,3205,Medical biochemistry and metabolomics,group,False,constrained_lexical,0.108,"constrained to groups within division(s) 32,42"
OpenAlex,2706,Critical Care and Intensive Care Medicine,FOR,4204,Midwifery,group,False,constrained_lexical,0.077,"constrained to groups within division(s) 32,42"
OpenAlex,2706,Critical Care and Intensive Care Medicine,FOR,3299,Other biomedical and clinical sciences,group,False,constrained_lexical,0.075,"constrained to groups within division(s) 32,42"
OpenAlex,2706,Critical Care and Intensive Care Medicine,FOR,3206,Medical biotechnology,group,False,constrained_lexical,0.125,"constrained to groups within division(s) 32,42"
OpenAlex,2707,Complementary and alternative medicine,FOR,3212,Ophthalmology and optometry,group,False,constrained_lexical,0.0,"constrained to groups within division(s) 32,42"
OpenAlex,2707,Complementary and alternative medicine,FOR,4202,Epidemiology,group,False,constrained_lexical,0.028,"constrained to groups within division(s) 32,42"
OpenAlex,2707,Complementary and alternative medicine,FOR,3204,Immunology,group,False,constrained_lexical,0.022,"constrained to groups within division(s) 32,42"
OpenAlex,2707,Complementary and alternative medicine,FOR,3211,Oncology and carcinogenesis,group,False,constrained_lexical,0.0,"constrained to groups within division(s) 32,42"
OpenAlex,2707,Complementary and alternative medicine,FOR,3213,Paediatrics,group,False,constrained_lexical,0.0,"constrained to groups within division(s) 32,42"
OpenAlex,2707,Complementary and alternative medicine,FOR,4201,Allied health and rehabilitation science,group,False,constrained_lexical,0.03,"constrained to groups within division(s) 32,42"
OpenAlex,2707,Complementary and alternative medicine,FOR,4203,Health services and systems,group,False,constrained_lexical,0.0,"constrained to groups within division(s) 32,42"
OpenAlex,2707,Complementary and alternative medicine,FOR,4204,Midwifery,group,False,constrained_lexical,0.0,"constrained to groups within division(s) 32,42"
OpenAlex,2707,Complementary and alternative medicine,FOR,4205,Nursing,group,False,constrained_lexical,0.0,"constrained to groups within division(s) 32,42"
OpenAlex,2707,Complementary and alternative medicine,FOR,4206,Public health,group,False,constrained_lexical,0.0,"constrained to groups within division(s) 32,42"
OpenAlex,2707,Complementary and alternative medicine,FOR,3299,Other biomedical and clinical sciences,group,False,constrained_lexical,0.0,"constrained to groups within division(s) 32,42"
OpenAlex,2707,Complementary and alternative medicine,FOR,3210,Nutrition and dietetics,group,False,constrained_lexical,0.032,"constrained to groups within division(s) 32,42"
OpenAlex,2707,Complementary and alternative medicine,FOR,4299,Other health sciences,group,False,constrained_lexical,0.0,"constrained to groups within division(s) 32,42"
OpenAlex,2707,Complementary and alternative medicine,FOR,3203,Dentistry,group,False,constrained_lexical,0.039,"constrained to groups within division(s) 32,42"
OpenAlex,2707,Complementary and alternative medicine,FOR,4208,"Traditional, complementary and integrative medicine",group,True,constrained_lexical,0.621,"constrained to groups within division(s) 32,42"
OpenAlex,2707,Complementary and alternative medicine,FOR,3201,Cardiovascular medicine and haematology,group,False,constrained_lexical,0.325,"constrained to groups within division(s) 32,42"
OpenAlex,2707,Complementary and alternative medicine,FOR,3208,Medical physiology,group,False,constrained_lexical,0.231,"constrained to groups within division(s) 32,42"
OpenAlex,2707,Complementary and alternative medicine,FOR,4207,Sports science and exercise,group,False,constrained_lexical,0.214,"constrained to groups within division(s) 32,42"
OpenAlex,2707,Complementary and alternative medicine,FOR,3207,Medical microbiology,group,False,constrained_lexical,0.197,"constrained to groups within division(s) 32,42"
OpenAlex,2707,Complementary and alternative medicine,FOR,3202,Clinical sciences,group,False,constrained_lexical,0.033,"constrained to groups within division(s) 32,42"
OpenAlex,2707,Complementary and alternative medicine,FOR,3206,Medical biotechnology,group,False,constrained_lexical,0.167,"constrained to groups within division(s) 32,42"
OpenAlex,2707,Complementary and alternative medicine,FOR,3205,Medical biochemistry and metabolomics,group,False,constrained_lexical,0.149,"constrained to groups within division(s) 32,42"
OpenAlex,2707,Complementary and alternative medicine,FOR,3214,Pharmacology and pharmaceutical sciences,group,False,constrained_lexical,0.079,"constrained to groups within division(s) 32,42"
OpenAlex,2707,Complementary and alternative medicine,FOR,3209,Neurosciences,group,False,constrained_lexical,0.051,"constrained to groups within division(s) 32,42"
OpenAlex,2707,Complementary and alternative medicine,FOR,3215,Reproductive medicine,group,False,constrained_lexical,0.195,"constrained to groups within division(s) 32,42"
OpenAlex,2708,Dermatology,FOR,3204,Immunology,group,False,constrained_lexical,0.022,"constrained to groups within division(s) 32,42"
OpenAlex,2708,Dermatology,FOR,3213,Paediatrics,group,False,constrained_lexical,0.0,"constrained to groups within division(s) 32,42"
OpenAlex,2708,Dermatology,FOR,3299,Other biomedical and clinical sciences,group,False,constrained_lexical,0.0,"constrained to groups within division(s) 32,42"
OpenAlex,2708,Dermatology,FOR,4201,Allied health and rehabilitation science,group,False,constrained_lexical,0.0,"constrained to groups within division(s) 32,42"
OpenAlex,2708,Dermatology,FOR,4203,Health services and systems,group,False,constrained_lexical,0.0,"constrained to groups within division(s) 32,42"
OpenAlex,2708,Dermatology,FOR,4205,Nursing,group,False,constrained_lexical,0.0,"constrained to groups within division(s) 32,42"
OpenAlex,2708,Dermatology,FOR,3209,Neurosciences,group,False,constrained_lexical,0.026,"constrained to groups within division(s) 32,42"
OpenAlex,2708,Dermatology,FOR,4206,Public health,group,False,constrained_lexical,0.0,"constrained to groups within division(s) 32,42"
OpenAlex,2708,Dermatology,FOR,4207,Sports science and exercise,group,False,constrained_lexical,0.0,"constrained to groups within division(s) 32,42"
OpenAlex,2708,Dermatology,FOR,4299,Other health sciences,group,False,constrained_lexical,0.0,"constrained to groups within division(s) 32,42"
OpenAlex,2708,Dermatology,FOR,4204,Midwifery,group,False,constrained_lexical,0.0,"constrained to groups within division(s) 32,42"
OpenAlex,2708,Dermatology,FOR,4202,Epidemiology,group,False,constrained_lexical,0.028,"constrained to groups within division(s) 32,42"
OpenAlex,2708,Dermatology,FOR,3210,Nutrition and dietetics,group,False,constrained_lexical,0.0,"constrained to groups within division(s) 32,42"
OpenAlex,2708,Dermatology,FOR,3205,Medical biochemistry and metabolomics,group,False,constrained_lexical,0.038,"constrained to groups within division(s) 32,42"
OpenAlex,2708,Dermatology,FOR,3208,Medical physiology,group,False,constrained_lexical,0.029,"constrained to groups within division(s) 32,42"
OpenAlex,2708,Dermatology,FOR,4208,"Traditional, complementary and integrative medicine",group,False,constrained_lexical,0.105,"constrained to groups within division(s) 32,42"
OpenAlex,2708,Dermatology,FOR,3202,Clinical sciences,group,False,constrained_lexical,0.085,"constrained to groups within division(s) 32,42"
OpenAlex,2708,Dermatology,FOR,3212,Ophthalmology and optometry,group,False,constrained_lexical,0.083,"constrained to groups within division(s) 32,42"
OpenAlex,2708,Dermatology,FOR,3214,Pharmacology and pharmaceutical sciences,group,False,constrained_lexical,0.079,"constrained to groups within division(s) 32,42"
OpenAlex,2708,Dermatology,FOR,3201,Cardiovascular medicine and haematology,group,True,constrained_lexical,0.143,"constrained to groups within division(s) 32,42"
OpenAlex,2708,Dermatology,FOR,3207,Medical microbiology,group,False,constrained_lexical,0.054,"constrained to groups within division(s) 32,42"
OpenAlex,2708,Dermatology,FOR,3215,Reproductive medicine,group,False,constrained_lexical,0.053,"constrained to groups within division(s) 32,42"
OpenAlex,2708,Dermatology,FOR,3206,Medical biotechnology,group,False,constrained_lexical,0.049,"constrained to groups within division(s) 32,42"
OpenAlex,2708,Dermatology,FOR,3211,Oncology and carcinogenesis,group,False,constrained_lexical,0.043,"constrained to groups within division(s) 32,42"
OpenAlex,2708,Dermatology,FOR,3203,Dentistry,group,False,constrained_lexical,0.059,"constrained to groups within division(s) 32,42"
OpenAlex,2711,Emergency Medicine,FOR,4201,Allied health and rehabilitation science,group,False,constrained_lexical,0.03,"constrained to groups within division(s) 32,42"
OpenAlex,2711,Emergency Medicine,FOR,3214,Pharmacology and pharmaceutical sciences,group,False,constrained_lexical,0.026,"constrained to groups within division(s) 32,42"
OpenAlex,2711,Emergency Medicine,FOR,3211,Oncology and carcinogenesis,group,False,constrained_lexical,0.021,"constrained to groups within division(s) 32,42"
OpenAlex,2711,Emergency Medicine,FOR,3203,Dentistry,group,False,constrained_lexical,0.02,"constrained to groups within division(s) 32,42"
OpenAlex,2711,Emergency Medicine,FOR,3204,Immunology,group,False,constrained_lexical,0.0,"constrained to groups within division(s) 32,42"
OpenAlex,2711,Emergency Medicine,FOR,3212,Ophthalmology and optometry,group,False,constrained_lexical,0.0,"constrained to groups within division(s) 32,42"
OpenAlex,2711,Emergency Medicine,FOR,3299,Other biomedical and clinical sciences,group,False,constrained_lexical,0.0,"constrained to groups within division(s) 32,42"
OpenAlex,2711,Emergency Medicine,FOR,4202,Epidemiology,group,False,constrained_lexical,0.0,"constrained to groups within division(s) 32,42"
OpenAlex,2711,Emergency Medicine,FOR,4207,Sports science and exercise,group,False,constrained_lexical,0.0,"constrained to groups within division(s) 32,42"
OpenAlex,2711,Emergency Medicine,FOR,3210,Nutrition and dietetics,group,False,constrained_lexical,0.032,"constrained to groups within division(s) 32,42"
OpenAlex,2711,Emergency Medicine,FOR,3209,Neurosciences,group,False,constrained_lexical,0.0,"constrained to groups within division(s) 32,42"
OpenAlex,2711,Emergency Medicine,FOR,4203,Health services and systems,group,False,constrained_lexical,0.045,"constrained to groups within division(s) 32,42"
OpenAlex,2711,Emergency Medicine,FOR,4208,"Traditional, complementary and integrative medicine",group,False,constrained_lexical,0.269,"constrained to groups within division(s) 32,42"
OpenAlex,2711,Emergency Medicine,FOR,3213,Paediatrics,group,False,constrained_lexical,0.071,"constrained to groups within division(s) 32,42"
OpenAlex,2711,Emergency Medicine,FOR,4206,Public health,group,False,constrained_lexical,0.071,"constrained to groups within division(s) 32,42"
OpenAlex,2711,Emergency Medicine,FOR,3206,Medical biotechnology,group,False,constrained_lexical,0.273,"constrained to groups within division(s) 32,42"
OpenAlex,2711,Emergency Medicine,FOR,3207,Medical microbiology,group,False,constrained_lexical,0.254,"constrained to groups within division(s) 32,42"
OpenAlex,2711,Emergency Medicine,FOR,3215,Reproductive medicine,group,False,constrained_lexical,0.253,"constrained to groups within division(s) 32,42"
OpenAlex,2711,Emergency Medicine,FOR,3208,Medical physiology,group,False,constrained_lexical,0.229,"constrained to groups within division(s) 32,42"
OpenAlex,2711,Emergency Medicine,FOR,3201,Cardiovascular medicine and haematology,group,True,constrained_lexical,0.286,"constrained to groups within division(s) 32,42"
OpenAlex,2711,Emergency Medicine,FOR,4205,Nursing,group,False,constrained_lexical,0.16,"constrained to groups within division(s) 32,42"
OpenAlex,2711,Emergency Medicine,FOR,4299,Other health sciences,group,False,constrained_lexical,0.15,"constrained to groups within division(s) 32,42"
OpenAlex,2711,Emergency Medicine,FOR,3202,Clinical sciences,group,False,constrained_lexical,0.121,"constrained to groups within division(s) 32,42"
OpenAlex,2711,Emergency Medicine,FOR,4204,Midwifery,group,False,constrained_lexical,0.077,"constrained to groups within division(s) 32,42"
OpenAlex,2711,Emergency Medicine,FOR,3205,Medical biochemistry and metabolomics,group,False,constrained_lexical,0.162,"constrained to groups within division(s) 32,42"
OpenAlex,2712,"Endocrinology, Diabetes and Metabolism",FOR,4203,Health services and systems,group,False,constrained_lexical,0.038,"constrained to groups within division(s) 32,42"
OpenAlex,2712,"Endocrinology, Diabetes and Metabolism",FOR,3214,Pharmacology and pharmaceutical sciences,group,False,constrained_lexical,0.0,"constrained to groups within division(s) 32,42"
OpenAlex,2712,"Endocrinology, Diabetes and Metabolism",FOR,3212,Ophthalmology and optometry,group,False,constrained_lexical,0.0,"constrained to groups within division(s) 32,42"
OpenAlex,2712,"Endocrinology, Diabetes and Metabolism",FOR,3208,Medical physiology,group,False,constrained_lexical,0.0,"constrained to groups within division(s) 32,42"
OpenAlex,2712,"Endocrinology, Diabetes and Metabolism",FOR,3204,Immunology,group,False,constrained_lexical,0.0,"constrained to groups within division(s) 32,42"
OpenAlex,2712,"Endocrinology, Diabetes and Metabolism",FOR,3203,Dentistry,group,False,constrained_lexical,0.0,"constrained to groups within division(s) 32,42"
OpenAlex,2712,"Endocrinology, Diabetes and Metabolism",FOR,4202,Epidemiology,group,False,constrained_lexical,0.028,"constrained to groups within division(s) 32,42"
OpenAlex,2712,"Endocrinology, Diabetes and Metabolism",FOR,4201,Allied health and rehabilitation science,group,False,constrained_lexical,0.03,"constrained to groups within division(s) 32,42"
OpenAlex,2712,"Endocrinology, Diabetes and Metabolism",FOR,3210,Nutrition and dietetics,group,False,constrained_lexical,0.032,"constrained to groups within division(s) 32,42"
OpenAlex,2712,"Endocrinology, Diabetes and Metabolism",FOR,3299,Other biomedical and clinical sciences,group,False,constrained_lexical,0.0,"constrained to groups within division(s) 32,42"
OpenAlex,2712,"Endocrinology, Diabetes and Metabolism",FOR,4204,Midwifery,group,False,constrained_lexical,0.038,"constrained to groups within division(s) 32,42"
OpenAlex,2712,"Endocrinology, Diabetes and Metabolism",FOR,4206,Public health,group,False,constrained_lexical,0.036,"constrained to groups within division(s) 32,42"
OpenAlex,2712,"Endocrinology, Diabetes and Metabolism",FOR,4205,Nursing,group,False,constrained_lexical,0.04,"constrained to groups within division(s) 32,42"
OpenAlex,2712,"Endocrinology, Diabetes and Metabolism",FOR,4299,Other health sciences,group,True,constrained_lexical,0.15,"constrained to groups within division(s) 32,42"
OpenAlex,2712,"Endocrinology, Diabetes and Metabolism",FOR,3201,Cardiovascular medicine and haematology,group,False,constrained_lexical,0.143,"constrained to groups within division(s) 32,42"
OpenAlex,2712,"Endocrinology, Diabetes and Metabolism",FOR,3205,Medical biochemistry and metabolomics,group,False,constrained_lexical,0.13,"constrained to groups within division(s) 32,42"
OpenAlex,2712,"Endocrinology, Diabetes and Metabolism",FOR,4208,"Traditional, complementary and integrative medicine",group,False,constrained_lexical,0.105,"constrained to groups within division(s) 32,42"
OpenAlex,2712,"Endocrinology, Diabetes and Metabolism",FOR,3202,Clinical sciences,group,False,constrained_lexical,0.083,"constrained to groups within division(s) 32,42"
OpenAlex,2712,"Endocrinology, Diabetes and Metabolism",FOR,3206,Medical biotechnology,group,False,constrained_lexical,0.049,"constrained to groups within division(s) 32,42"
OpenAlex,2712,"Endocrinology, Diabetes and Metabolism",FOR,3213,Paediatrics,group,False,constrained_lexical,0.071,"constrained to groups within division(s) 32,42"
OpenAlex,2712,"Endocrinology, Diabetes and Metabolism",FOR,4207,Sports science and exercise,group,False,constrained_lexical,0.071,"constrained to groups within division(s) 32,42"
OpenAlex,2712,"Endocrinology, Diabetes and Metabolism",FOR,3211,Oncology and carcinogenesis,group,False,constrained_lexical,0.064,"constrained to groups within division(s) 32,42"
OpenAlex,2712,"Endocrinology, Diabetes and Metabolism",FOR,3215,Reproductive medicine,group,False,constrained_lexical,0.053,"constrained to groups within division(s) 32,42"
OpenAlex,2712,"Endocrinology, Diabetes and Metabolism",FOR,3209,Neurosciences,group,False,constrained_lexical,0.051,"constrained to groups within division(s) 32,42"
OpenAlex,2712,"Endocrinology, Diabetes and Metabolism",FOR,3207,Medical microbiology,group,False,constrained_lexical,0.081,"constrained to groups within division(s) 32,42"
OpenAlex,2713,Epidemiology,FOR,3204,Immunology,group,False,constrained_lexical,0.065,"constrained to groups within division(s) 32,42"
OpenAlex,2713,Epidemiology,FOR,3211,Oncology and carcinogenesis,group,False,constrained_lexical,0.064,"constrained to groups within division(s) 32,42"
OpenAlex,2713,Epidemiology,FOR,4201,Allied health and rehabilitation science,group,False,constrained_lexical,0.061,"constrained to groups within division(s) 32,42"
OpenAlex,2713,Epidemiology,FOR,3214,Pharmacology and pharmaceutical sciences,group,False,constrained_lexical,0.053,"constrained to groups within division(s) 32,42"
OpenAlex,2713,Epidemiology,FOR,4208,"Traditional, complementary and integrative medicine",group,False,constrained_lexical,0.053,"constrained to groups within division(s) 32,42"
OpenAlex,2713,Epidemiology,FOR,3205,Medical biochemistry and metabolomics,group,False,constrained_lexical,0.019,"constrained to groups within division(s) 32,42"
OpenAlex,2713,Epidemiology,FOR,3208,Medical physiology,group,False,constrained_lexical,0.029,"constrained to groups within division(s) 32,42"
OpenAlex,2713,Epidemiology,FOR,3215,Reproductive medicine,group,False,constrained_lexical,0.0,"constrained to groups within division(s) 32,42"
OpenAlex,2713,Epidemiology,FOR,3299,Other biomedical and clinical sciences,group,False,constrained_lexical,0.0,"constrained to groups within division(s) 32,42"
OpenAlex,2713,Epidemiology,FOR,3213,Paediatrics,group,False,constrained_lexical,0.071,"constrained to groups within division(s) 32,42"
OpenAlex,2713,Epidemiology,FOR,3203,Dentistry,group,False,constrained_lexical,0.039,"constrained to groups within division(s) 32,42"
OpenAlex,2713,Epidemiology,FOR,3206,Medical biotechnology,group,False,constrained_lexical,0.073,"constrained to groups within division(s) 32,42"
OpenAlex,2713,Epidemiology,FOR,4207,Sports science and exercise,group,False,constrained_lexical,0.0,"constrained to groups within division(s) 32,42"
OpenAlex,2713,Epidemiology,FOR,3209,Neurosciences,group,False,constrained_lexical,0.077,"constrained to groups within division(s) 32,42"
OpenAlex,2713,Epidemiology,FOR,4202,Epidemiology,group,True,constrained_lexical,1.0,"constrained to groups within division(s) 32,42"
OpenAlex,2713,Epidemiology,FOR,4299,Other health sciences,group,False,constrained_lexical,0.15,"constrained to groups within division(s) 32,42"
OpenAlex,2713,Epidemiology,FOR,3201,Cardiovascular medicine and haematology,group,False,constrained_lexical,0.143,"constrained to groups within division(s) 32,42"
OpenAlex,2713,Epidemiology,FOR,4206,Public health,group,False,constrained_lexical,0.143,"constrained to groups within division(s) 32,42"
OpenAlex,2713,Epidemiology,FOR,3207,Medical microbiology,group,False,constrained_lexical,0.135,"constrained to groups within division(s) 32,42"
OpenAlex,2713,Epidemiology,FOR,4204,Midwifery,group,False,constrained_lexical,0.077,"constrained to groups within division(s) 32,42"
OpenAlex,2713,Epidemiology,FOR,3202,Clinical sciences,group,False,constrained_lexical,0.119,"constrained to groups within division(s) 32,42"
OpenAlex,2713,Epidemiology,FOR,4203,Health services and systems,group,False,constrained_lexical,0.101,"constrained to groups within division(s) 32,42"
OpenAlex,2713,Epidemiology,FOR,3210,Nutrition and dietetics,group,False,constrained_lexical,0.097,"constrained to groups within division(s) 32,42"
OpenAlex,2713,Epidemiology,FOR,3212,Ophthalmology and optometry,group,False,constrained_lexical,0.083,"constrained to groups within division(s) 32,42"
OpenAlex,2713,Epidemiology,FOR,4205,Nursing,group,False,constrained_lexical,0.12,"constrained to groups within division(s) 32,42"
OpenAlex,2714,Family Practice,FOR,4204,Midwifery,group,False,constrained_lexical,0.059,"constrained to groups within division(s) 32,42"
OpenAlex,2714,Family Practice,FOR,3204,Immunology,group,False,constrained_lexical,0.0,"constrained to groups within division(s) 32,42"
OpenAlex,2714,Family Practice,FOR,3209,Neurosciences,group,False,constrained_lexical,0.0,"constrained to groups within division(s) 32,42"
OpenAlex,2714,Family Practice,FOR,3212,Ophthalmology and optometry,group,False,constrained_lexical,0.0,"constrained to groups within division(s) 32,42"
OpenAlex,2714,Family Practice,FOR,3213,Paediatrics,group,False,constrained_lexical,0.0,"constrained to groups within division(s) 32,42"
OpenAlex,2714,Family Practice,FOR,4202,Epidemiology,group,False,constrained_lexical,0.0,"constrained to groups within division(s) 32,42"
OpenAlex,2714,Family Practice,FOR,4205,Nursing,group,False,constrained_lexical,0.0,"constrained to groups within division(s) 32,42"
OpenAlex,2714,Family Practice,FOR,4206,Public health,group,False,constrained_lexical,0.0,"constrained to groups within division(s) 32,42"
OpenAlex,2714,Family Practice,FOR,4207,Sports science and exercise,group,False,constrained_lexical,0.0,"constrained to groups within division(s) 32,42"
OpenAlex,2714,Family Practice,FOR,3215,Reproductive medicine,group,False,constrained_lexical,0.059,"constrained to groups within division(s) 32,42"
OpenAlex,2714,Family Practice,FOR,4201,Allied health and rehabilitation science,group,False,constrained_lexical,0.0,"constrained to groups within division(s) 32,42"
OpenAlex,2714,Family Practice,FOR,4299,Other health sciences,group,False,constrained_lexical,0.0,"constrained to groups within division(s) 32,42"
OpenAlex,2714,Family Practice,FOR,3211,Oncology and carcinogenesis,group,False,constrained_lexical,0.059,"constrained to groups within division(s) 32,42"
OpenAlex,2714,Family Practice,FOR,3208,Medical physiology,group,False,constrained_lexical,0.059,"constrained to groups within division(s) 32,42"
OpenAlex,2714,Family Practice,FOR,3210,Nutrition and dietetics,group,False,constrained_lexical,0.059,"constrained to groups within division(s) 32,42"
OpenAlex,2714,Family Practice,FOR,3202,Clinical sciences,group,True,constrained_lexical,0.176,"constrained to groups within division(s) 32,42"
OpenAlex,2714,Family Practice,FOR,3214,Pharmacology and pharmaceutical sciences,group,False,constrained_lexical,0.176,"constrained to groups within division(s) 32,42"
OpenAlex,2714,Family Practice,FOR,3207,Medical microbiology,group,False,constrained_lexical,0.118,"constrained to groups within division(s) 32,42"
OpenAlex,2714,Family Practice,FOR,4203,Health services and systems,group,False,constrained_lexical,0.118,"constrained to groups within division(s) 32,42"
OpenAlex,2714,Family Practice,FOR,3206,Medical biotechnology,group,False,constrained_lexical,0.118,"constrained to groups within division(s) 32,42"
OpenAlex,2714,Family Practice,FOR,3299,Other biomedical and clinical sciences,group,False,constrained_lexical,0.075,"constrained to groups within division(s) 32,42"
OpenAlex,2714,Family Practice,FOR,3201,Cardiovascular medicine and haematology,group,False,constrained_lexical,0.071,"constrained to groups within division(s) 32,42"
OpenAlex,2714,Family Practice,FOR,3203,Dentistry,group,False,constrained_lexical,0.059,"constrained to groups within division(s) 32,42"
OpenAlex,2714,Family Practice,FOR,3205,Medical biochemistry and metabolomics,group,False,constrained_lexical,0.059,"constrained to groups within division(s) 32,42"
OpenAlex,2714,Family Practice,FOR,4208,"Traditional, complementary and integrative medicine",group,False,constrained_lexical,0.118,"constrained to groups within division(s) 32,42"
OpenAlex,2715,Gastroenterology,FOR,3215,Reproductive medicine,group,False,constrained_lexical,0.0,"constrained to groups within division(s) 32,42"
OpenAlex,2715,Gastroenterology,FOR,3212,Ophthalmology and optometry,group,False,constrained_lexical,0.0,"constrained to groups within division(s) 32,42"
OpenAlex,2715,Gastroenterology,FOR,3213,Paediatrics,group,False,constrained_lexical,0.0,"constrained to groups within division(s) 32,42"
OpenAlex,2715,Gastroenterology,FOR,3214,Pharmacology and pharmaceutical sciences,group,False,constrained_lexical,0.0,"constrained to groups within division(s) 32,42"
OpenAlex,2715,Gastroenterology,FOR,3299,Other biomedical and clinical sciences,group,False,constrained_lexical,0.0,"constrained to groups within division(s) 32,42"
OpenAlex,2715,Gastroenterology,FOR,4299,Other health sciences,group,False,constrained_lexical,0.0,"constrained to groups within division(s) 32,42"
OpenAlex,2715,Gastroenterology,FOR,4204,Midwifery,group,False,constrained_lexical,0.0,"constrained to groups within division(s) 32,42"
OpenAlex,2715,Gastroenterology,FOR,4205,Nursing,group,False,constrained_lexical,0.0,"constrained to groups within division(s) 32,42"
OpenAlex,2715,Gastroenterology,FOR,4206,Public health,group,False,constrained_lexical,0.0,"constrained to groups within division(s) 32,42"
OpenAlex,2715,Gastroenterology,FOR,4207,Sports science and exercise,group,False,constrained_lexical,0.0,"constrained to groups within division(s) 32,42"
OpenAlex,2715,Gastroenterology,FOR,4201,Allied health and rehabilitation science,group,False,constrained_lexical,0.0,"constrained to groups within division(s) 32,42"
OpenAlex,2715,Gastroenterology,FOR,3210,Nutrition and dietetics,group,False,constrained_lexical,0.0,"constrained to groups within division(s) 32,42"
OpenAlex,2715,Gastroenterology,FOR,3208,Medical physiology,group,False,constrained_lexical,0.0,"constrained to groups within division(s) 32,42"
OpenAlex,2715,Gastroenterology,FOR,3204,Immunology,group,False,constrained_lexical,0.0,"constrained to groups within division(s) 32,42"
OpenAlex,2715,Gastroenterology,FOR,3202,Clinical sciences,group,True,constrained_lexical,0.2,"constrained to groups within division(s) 32,42"
OpenAlex,2715,Gastroenterology,FOR,3201,Cardiovascular medicine and haematology,group,False,constrained_lexical,0.071,"constrained to groups within division(s) 32,42"
OpenAlex,2715,Gastroenterology,FOR,4208,"Traditional, complementary and integrative medicine",group,False,constrained_lexical,0.053,"constrained to groups within division(s) 32,42"
OpenAlex,2715,Gastroenterology,FOR,3206,Medical biotechnology,group,False,constrained_lexical,0.033,"constrained to groups within division(s) 32,42"
OpenAlex,2715,Gastroenterology,FOR,3207,Medical microbiology,group,False,constrained_lexical,0.033,"constrained to groups within division(s) 32,42"
OpenAlex,2715,Gastroenterology,FOR,3205,Medical biochemistry and metabolomics,group,False,constrained_lexical,0.0,"constrained to groups within division(s) 32,42"
OpenAlex,2715,Gastroenterology,FOR,3211,Oncology and carcinogenesis,group,False,constrained_lexical,0.033,"constrained to groups within division(s) 32,42"
OpenAlex,2715,Gastroenterology,FOR,4202,Epidemiology,group,False,constrained_lexical,0.033,"constrained to groups within division(s) 32,42"
OpenAlex,2715,Gastroenterology,FOR,4203,Health services and systems,group,False,constrained_lexical,0.033,"constrained to groups within division(s) 32,42"
OpenAlex,2715,Gastroenterology,FOR,3203,Dentistry,group,False,constrained_lexical,0.0,"constrained to groups within division(s) 32,42"
OpenAlex,2715,Gastroenterology,FOR,3209,Neurosciences,group,False,constrained_lexical,0.033,"constrained to groups within division(s) 32,42"
OpenAlex,2716,Genetics,FOR,3214,Pharmacology and pharmaceutical sciences,group,False,constrained_lexical,0.0,"constrained to groups within division(s) 32,42"
OpenAlex,2716,Genetics,FOR,3215,Reproductive medicine,group,False,constrained_lexical,0.0,"constrained to groups within division(s) 32,42"
OpenAlex,2716,Genetics,FOR,3299,Other biomedical and clinical sciences,group,False,constrained_lexical,0.0,"constrained to groups within division(s) 32,42"
OpenAlex,2716,Genetics,FOR,4201,Allied health and rehabilitation science,group,False,constrained_lexical,0.0,"constrained to groups within division(s) 32,42"
OpenAlex,2716,Genetics,FOR,4202,Epidemiology,group,False,constrained_lexical,0.0,"constrained to groups within division(s) 32,42"
OpenAlex,2716,Genetics,FOR,4204,Midwifery,group,False,constrained_lexical,0.0,"constrained to groups within division(s) 32,42"
OpenAlex,2716,Genetics,FOR,3213,Paediatrics,group,False,constrained_lexical,0.0,"constrained to groups within division(s) 32,42"
OpenAlex,2716,Genetics,FOR,4205,Nursing,group,False,constrained_lexical,0.0,"constrained to groups within division(s) 32,42"
OpenAlex,2716,Genetics,FOR,4206,Public health,group,False,constrained_lexical,0.0,"constrained to groups within division(s) 32,42"
OpenAlex,2716,Genetics,FOR,4207,Sports science and exercise,group,False,constrained_lexical,0.0,"constrained to groups within division(s) 32,42"
OpenAlex,2716,Genetics,FOR,4203,Health services and systems,group,False,constrained_lexical,0.0,"constrained to groups within division(s) 32,42"
OpenAlex,2716,Genetics,FOR,3212,Ophthalmology and optometry,group,False,constrained_lexical,0.0,"constrained to groups within division(s) 32,42"
OpenAlex,2716,Genetics,FOR,4299,Other health sciences,group,False,constrained_lexical,0.0,"constrained to groups within division(s) 32,42"
OpenAlex,2716,Genetics,FOR,3207,Medical microbiology,group,False,constrained_lexical,0.0,"constrained to groups within division(s) 32,42"
OpenAlex,2716,Genetics,FOR,3105,Genetics,group,True,constrained_lexical,1.0,"constrained to groups within division(s) 32,42"
OpenAlex,2716,Genetics,FOR,3202,Clinical sciences,group,False,constrained_lexical,0.068,"constrained to groups within division(s) 32,42"
OpenAlex,2716,Genetics,FOR,3211,Oncology and carcinogenesis,group,False,constrained_lexical,0.064,"constrained to groups within division(s) 32,42"
OpenAlex,2716,Genetics,FOR,4208,"Traditional, complementary and integrative medicine",group,False,constrained_lexical,0.053,"constrained to groups within division(s) 32,42"
OpenAlex,2716,Genetics,FOR,3206,Medical biotechnology,group,False,constrained_lexical,0.049,"constrained to groups within division(s) 32,42"
OpenAlex,2716,Genetics,FOR,3210,Nutrition and dietetics,group,False,constrained_lexical,0.0,"constrained to groups within division(s) 32,42"
OpenAlex,2716,Genetics,FOR,3208,Medical physiology,group,False,constrained_lexical,0.029,"constrained to groups within division(s) 32,42"
OpenAlex,2716,Genetics,FOR,3209,Neurosciences,group,False,constrained_lexical,0.026,"constrained to groups within division(s) 32,42"
OpenAlex,2716,Genetics,FOR,3201,Cardiovascular medicine and haematology,group,False,constrained_lexical,0.0,"constrained to groups within division(s) 32,42"
OpenAlex,2716,Genetics,FOR,3203,Dentistry,group,False,constrained_lexical,0.0,"constrained to groups within division(s) 32,42"
OpenAlex,2716,Genetics,FOR,3205,Medical biochemistry and metabolomics,group,False,constrained_lexical,0.0,"constrained to groups within division(s) 32,42"
OpenAlex,2716,Genetics,FOR,3204,Immunology,group,False,constrained_lexical,0.043,"constrained to groups within division(s) 32,42"
OpenAlex,2717,Geriatrics and Gerontology,FOR,3211,Oncology and carcinogenesis,group,False,constrained_lexical,0.0,"constrained to groups within division(s) 32,42"
OpenAlex,2717,Geriatrics and Gerontology,FOR,3212,Ophthalmology and optometry,group,False,constrained_lexical,0.0,"constrained to groups within division(s) 32,42"
OpenAlex,2717,Geriatrics and Gerontology,FOR,3213,Paediatrics,group,False,constrained_lexical,0.0,"constrained to groups within division(s) 32,42"
OpenAlex,2717,Geriatrics and Gerontology,FOR,3299,Other biomedical and clinical sciences,group,False,constrained_lexical,0.0,"constrained to groups within division(s) 32,42"
OpenAlex,2717,Geriatrics and Gerontology,FOR,4201,Allied health and rehabilitation science,group,False,constrained_lexical,0.0,"constrained to groups within division(s) 32,42"
OpenAlex,2717,Geriatrics and Gerontology,FOR,4205,Nursing,group,False,constrained_lexical,0.0,"constrained to groups within division(s) 32,42"
OpenAlex,2717,Geriatrics and Gerontology,FOR,4204,Midwifery,group,False,constrained_lexical,0.0,"constrained to groups within division(s) 32,42"
OpenAlex,2717,Geriatrics and Gerontology,FOR,4206,Public health,group,False,constrained_lexical,0.0,"constrained to groups within division(s) 32,42"
OpenAlex,2717,Geriatrics and Gerontology,FOR,4207,Sports science and exercise,group,False,constrained_lexical,0.0,"constrained to groups within division(s) 32,42"
OpenAlex,2717,Geriatrics and Gerontology,FOR,3210,Nutrition and dietetics,group,False,constrained_lexical,0.0,"constrained to groups within division(s) 32,42"
OpenAlex,2717,Geriatrics and Gerontology,FOR,4202,Epidemiology,group,False,constrained_lexical,0.0,"constrained to groups within division(s) 32,42"
OpenAlex,2717,Geriatrics and Gerontology,FOR,4299,Other health sciences,group,False,constrained_lexical,0.0,"constrained to groups within division(s) 32,42"
OpenAlex,2717,Geriatrics and Gerontology,FOR,3204,Immunology,group,False,constrained_lexical,0.0,"constrained to groups within division(s) 32,42"
OpenAlex,2717,Geriatrics and Gerontology,FOR,3208,Medical physiology,group,False,constrained_lexical,0.043,"constrained to groups within division(s) 32,42"
OpenAlex,2717,Geriatrics and Gerontology,FOR,3209,Neurosciences,group,False,constrained_lexical,0.0,"constrained to groups within division(s) 32,42"
OpenAlex,2717,Geriatrics and Gerontology,FOR,3202,Clinical sciences,group,True,constrained_lexical,0.174,"constrained to groups within division(s) 32,42"
OpenAlex,2717,Geriatrics and Gerontology,FOR,3214,Pharmacology and pharmaceutical sciences,group,False,constrained_lexical,0.174,"constrained to groups within division(s) 32,42"
OpenAlex,2717,Geriatrics and Gerontology,FOR,4203,Health services and systems,group,False,constrained_lexical,0.087,"constrained to groups within division(s) 32,42"
OpenAlex,2717,Geriatrics and Gerontology,FOR,3201,Cardiovascular medicine and haematology,group,False,constrained_lexical,0.071,"constrained to groups within division(s) 32,42"
OpenAlex,2717,Geriatrics and Gerontology,FOR,3203,Dentistry,group,False,constrained_lexical,0.087,"constrained to groups within division(s) 32,42"
OpenAlex,2717,Geriatrics and Gerontology,FOR,4208,"Traditional, complementary and integrative medicine",group,False,constrained_lexical,0.053,"constrained to groups within division(s) 32,42"
OpenAlex,2717,Geriatrics and Gerontology,FOR,3205,Medical biochemistry and metabolomics,group,False,constrained_lexical,0.043,"constrained to groups within division(s) 32,42"
OpenAlex,2717,Geriatrics and Gerontology,FOR,3206,Medical biotechnology,group,False,constrained_lexical,0.043,"constrained to groups within division(s) 32,42"
OpenAlex,2717,Geriatrics and Gerontology,FOR,3207,Medical microbiology,group,False,constrained_lexical,0.043,"constrained to groups within division(s) 32,42"
OpenAlex,2717,Geriatrics and Gerontology,FOR,3215,Reproductive medicine,group,False,constrained_lexical,0.053,"constrained to groups within division(s) 32,42"
OpenAlex,2718,Health Informatics,FOR,3205,Medical biochemistry and metabolomics,group,False,constrained_lexical,0.0,"constrained to groups within division(s) 32,42"
OpenAlex,2718,Health Informatics,FOR,3208,Medical physiology,group,False,constrained_lexical,0.0,"constrained to groups within division(s) 32,42"
OpenAlex,2718,Health Informatics,FOR,3209,Neurosciences,group,False,constrained_lexical,0.0,"constrained to groups within division(s) 32,42"
OpenAlex,2718,Health Informatics,FOR,3211,Oncology and carcinogenesis,group,False,constrained_lexical,0.0,"constrained to groups within division(s) 32,42"
OpenAlex,2718,Health Informatics,FOR,3212,Ophthalmology and optometry,group,False,constrained_lexical,0.0,"constrained to groups within division(s) 32,42"
OpenAlex,2718,Health Informatics,FOR,3215,Reproductive medicine,group,False,constrained_lexical,0.0,"constrained to groups within division(s) 32,42"
OpenAlex,2718,Health Informatics,FOR,3299,Other biomedical and clinical sciences,group,False,constrained_lexical,0.0,"constrained to groups within division(s) 32,42"
OpenAlex,2718,Health Informatics,FOR,4202,Epidemiology,group,False,constrained_lexical,0.0,"constrained to groups within division(s) 32,42"
OpenAlex,2718,Health Informatics,FOR,4207,Sports science and exercise,group,False,constrained_lexical,0.0,"constrained to groups within division(s) 32,42"
OpenAlex,2718,Health Informatics,FOR,4208,"Traditional, complementary and integrative medicine",group,False,constrained_lexical,0.0,"constrained to groups within division(s) 32,42"
OpenAlex,2718,Health Informatics,FOR,3214,Pharmacology and pharmaceutical sciences,group,False,constrained_lexical,0.0,"constrained to groups within division(s) 32,42"
OpenAlex,2718,Health Informatics,FOR,3204,Immunology,group,False,constrained_lexical,0.0,"constrained to groups within division(s) 32,42"
OpenAlex,2718,Health Informatics,FOR,3201,Cardiovascular medicine and haematology,group,False,constrained_lexical,0.0,"constrained to groups within division(s) 32,42"
OpenAlex,2718,Health Informatics,FOR,4205,Nursing,group,False,constrained_lexical,0.1,"constrained to groups within division(s) 32,42"
OpenAlex,2718,Health Informatics,FOR,4203,Health services and systems,group,True,constrained_lexical,0.443,"constrained to groups within division(s) 32,42"
OpenAlex,2718,Health Informatics,FOR,4206,Public health,group,False,constrained_lexical,0.3,"constrained to groups within division(s) 32,42"
OpenAlex,2718,Health Informatics,FOR,4299,Other health sciences,group,False,constrained_lexical,0.25,"constrained to groups within division(s) 32,42"
OpenAlex,2718,Health Informatics,FOR,4201,Allied health and rehabilitation science,group,False,constrained_lexical,0.243,"constrained to groups within division(s) 32,42"
OpenAlex,2718,Health Informatics,FOR,3202,Clinical sciences,group,False,constrained_lexical,0.1,"constrained to groups within division(s) 32,42"
OpenAlex,2718,Health Informatics,FOR,3203,Dentistry,group,False,constrained_lexical,0.0,"constrained to groups within division(s) 32,42"
OpenAlex,2718,Health Informatics,FOR,3207,Medical microbiology,group,False,constrained_lexical,0.1,"constrained to groups within division(s) 32,42"
OpenAlex,2718,Health Informatics,FOR,3210,Nutrition and dietetics,group,False,constrained_lexical,0.1,"constrained to groups within division(s) 32,42"
OpenAlex,2718,Health Informatics,FOR,3213,Paediatrics,group,False,constrained_lexical,0.1,"constrained to groups within division(s) 32,42"
OpenAlex,2718,Health Informatics,FOR,4204,Midwifery,group,False,constrained_lexical,0.1,"constrained to groups within division(s) 32,42"
OpenAlex,2718,Health Informatics,FOR,3206,Medical biotechnology,group,False,constrained_lexical,0.1,"constrained to groups within division(s) 32,42"
OpenAlex,2720,Hematology,FOR,3212,Ophthalmology and optometry,group,False,constrained_lexical,0.0,"constrained to groups within division(s) 32,42"
OpenAlex,2720,Hematology,FOR,3213,Paediatrics,group,False,constrained_lexical,0.0,"constrained to groups within division(s) 32,42"
OpenAlex,2720,Hematology,FOR,3214,Pharmacology and pharmaceutical sciences,group,False,constrained_lexical,0.0,"constrained to groups within division(s) 32,42"
OpenAlex,2720,Hematology,FOR,3215,Reproductive medicine,group,False,constrained_lexical,0.0,"constrained to groups within division(s) 32,42"
OpenAlex,2720,Hematology,FOR,3299,Other biomedical and clinical sciences,group,False,constrained_lexical,0.0,"constrained to groups within division(s) 32,42"
OpenAlex,2720,Hematology,FOR,4202,Epidemiology,group,False,constrained_lexical,0.0,"constrained to groups within division(s) 32,42"
OpenAlex,2720,Hematology,FOR,4204,Midwifery,group,False,constrained_lexical,0.0,"constrained to groups within division(s) 32,42"
OpenAlex,2720,Hematology,FOR,4206,Public health,group,False,constrained_lexical,0.0,"constrained to groups within division(s) 32,42"
OpenAlex,2720,Hematology,FOR,4207,Sports science and exercise,group,False,constrained_lexical,0.0,"constrained to groups within division(s) 32,42"
OpenAlex,2720,Hematology,FOR,3210,Nutrition and dietetics,group,False,constrained_lexical,0.0,"constrained to groups within division(s) 32,42"
OpenAlex,2720,Hematology,FOR,4201,Allied health and rehabilitation science,group,False,constrained_lexical,0.0,"constrained to groups within division(s) 32,42"
OpenAlex,2720,Hematology,FOR,3209,Neurosciences,group,False,constrained_lexical,0.0,"constrained to groups within division(s) 32,42"
OpenAlex,2720,Hematology,FOR,4299,Other health sciences,group,False,constrained_lexical,0.0,"constrained to groups within division(s) 32,42"
OpenAlex,2720,Hematology,FOR,3203,Dentistry,group,False,constrained_lexical,0.0,"constrained to groups within division(s) 32,42"
OpenAlex,2720,Hematology,FOR,3204,Immunology,group,True,constrained_lexical,0.065,"constrained to groups within division(s) 32,42"
OpenAlex,2720,Hematology,FOR,4208,"Traditional, complementary and integrative medicine",group,False,constrained_lexical,0.053,"constrained to groups within division(s) 32,42"
OpenAlex,2720,Hematology,FOR,4205,Nursing,group,False,constrained_lexical,0.04,"constrained to groups within division(s) 32,42"
OpenAlex,2720,Hematology,FOR,3208,Medical physiology,group,False,constrained_lexical,0.029,"constrained to groups within division(s) 32,42"
OpenAlex,2720,Hematology,FOR,3206,Medical biotechnology,group,False,constrained_lexical,0.024,"constrained to groups within division(s) 32,42"
OpenAlex,2720,Hematology,FOR,3207,Medical microbiology,group,False,constrained_lexical,0.0,"constrained to groups within division(s) 32,42"
OpenAlex,2720,Hematology,FOR,3205,Medical biochemistry and metabolomics,group,False,constrained_lexical,0.019,"constrained to groups within division(s) 32,42"
OpenAlex,2720,Hematology,FOR,3202,Clinical sciences,group,False,constrained_lexical,0.014,"constrained to groups within division(s) 32,42"
OpenAlex,2720,Hematology,FOR,4203,Health services and systems,group,False,constrained_lexical,0.014,"constrained to groups within division(s) 32,42"
OpenAlex,2720,Hematology,FOR,3201,Cardiovascular medicine and haematology,group,False,constrained_lexical,0.0,"constrained to groups within division(s) 32,42"
OpenAlex,2720,Hematology,FOR,3211,Oncology and carcinogenesis,group,False,constrained_lexical,0.021,"constrained to groups within division(s) 32,42"
OpenAlex,2721,Hepatology,FOR,3210,Nutrition and dietetics,group,False,constrained_lexical,0.0,"constrained to groups within division(s) 32,42"
OpenAlex,2721,Hepatology,FOR,3212,Ophthalmology and optometry,group,False,constrained_lexical,0.0,"constrained to groups within division(s) 32,42"
OpenAlex,2721,Hepatology,FOR,3213,Paediatrics,group,False,constrained_lexical,0.0,"constrained to groups within division(s) 32,42"
OpenAlex,2721,Hepatology,FOR,3214,Pharmacology and pharmaceutical sciences,group,False,constrained_lexical,0.0,"constrained to groups within division(s) 32,42"
OpenAlex,2721,Hepatology,FOR,3215,Reproductive medicine,group,False,constrained_lexical,0.0,"constrained to groups within division(s) 32,42"
OpenAlex,2721,Hepatology,FOR,4203,Health services and systems,group,False,constrained_lexical,0.0,"constrained to groups within division(s) 32,42"
OpenAlex,2721,Hepatology,FOR,4204,Midwifery,group,False,constrained_lexical,0.0,"constrained to groups within division(s) 32,42"
OpenAlex,2721,Hepatology,FOR,4205,Nursing,group,False,constrained_lexical,0.0,"constrained to groups within division(s) 32,42"
OpenAlex,2721,Hepatology,FOR,4206,Public health,group,False,constrained_lexical,0.0,"constrained to groups within division(s) 32,42"
OpenAlex,2721,Hepatology,FOR,3206,Medical biotechnology,group,False,constrained_lexical,0.0,"constrained to groups within division(s) 32,42"
OpenAlex,2721,Hepatology,FOR,3299,Other biomedical and clinical sciences,group,False,constrained_lexical,0.0,"constrained to groups within division(s) 32,42"
OpenAlex,2721,Hepatology,FOR,4299,Other health sciences,group,False,constrained_lexical,0.0,"constrained to groups within division(s) 32,42"
OpenAlex,2721,Hepatology,FOR,3205,Medical biochemistry and metabolomics,group,False,constrained_lexical,0.0,"constrained to groups within division(s) 32,42"
OpenAlex,2721,Hepatology,FOR,3208,Medical physiology,group,False,constrained_lexical,0.033,"constrained to groups within division(s) 32,42"
OpenAlex,2721,Hepatology,FOR,3209,Neurosciences,group,False,constrained_lexical,0.033,"constrained to groups within division(s) 32,42"
OpenAlex,2721,Hepatology,FOR,3202,Clinical sciences,group,True,constrained_lexical,0.133,"constrained to groups within division(s) 32,42"
OpenAlex,2721,Hepatology,FOR,3201,Cardiovascular medicine and haematology,group,False,constrained_lexical,0.071,"constrained to groups within division(s) 32,42"
OpenAlex,2721,Hepatology,FOR,3204,Immunology,group,False,constrained_lexical,0.067,"constrained to groups within division(s) 32,42"
OpenAlex,2721,Hepatology,FOR,3211,Oncology and carcinogenesis,group,False,constrained_lexical,0.067,"constrained to groups within division(s) 32,42"
OpenAlex,2721,Hepatology,FOR,4207,Sports science and exercise,group,False,constrained_lexical,0.071,"constrained to groups within division(s) 32,42"
OpenAlex,2721,Hepatology,FOR,4202,Epidemiology,group,False,constrained_lexical,0.067,"constrained to groups within division(s) 32,42"
OpenAlex,2721,Hepatology,FOR,4208,"Traditional, complementary and integrative medicine",group,False,constrained_lexical,0.053,"constrained to groups within division(s) 32,42"
OpenAlex,2721,Hepatology,FOR,3203,Dentistry,group,False,constrained_lexical,0.033,"constrained to groups within division(s) 32,42"
OpenAlex,2721,Hepatology,FOR,3207,Medical microbiology,group,False,constrained_lexical,0.033,"constrained to groups within division(s) 32,42"
OpenAlex,2721,Hepatology,FOR,4201,Allied health and rehabilitation science,group,False,constrained_lexical,0.067,"constrained to groups within division(s) 32,42"
OpenAlex,2723,Immunology and Allergy,FOR,4202,Epidemiology,group,False,constrained_lexical,0.0,"constrained to groups within division(s) 32,42"
OpenAlex,2723,Immunology and Allergy,FOR,3215,Reproductive medicine,group,False,constrained_lexical,0.0,"constrained to groups within division(s) 32,42"
OpenAlex,2723,Immunology and Allergy,FOR,3299,Other biomedical and clinical sciences,group,False,constrained_lexical,0.0,"constrained to groups within division(s) 32,42"
OpenAlex,2723,Immunology and Allergy,FOR,4201,Allied health and rehabilitation science,group,False,constrained_lexical,0.0,"constrained to groups within division(s) 32,42"
OpenAlex,2723,Immunology and Allergy,FOR,4203,Health services and systems,group,False,constrained_lexical,0.0,"constrained to groups within division(s) 32,42"
OpenAlex,2723,Immunology and Allergy,FOR,3214,Pharmacology and pharmaceutical sciences,group,False,constrained_lexical,0.0,"constrained to groups within division(s) 32,42"
OpenAlex,2723,Immunology and Allergy,FOR,4205,Nursing,group,False,constrained_lexical,0.0,"constrained to groups within division(s) 32,42"
OpenAlex,2723,Immunology and Allergy,FOR,4206,Public health,group,False,constrained_lexical,0.0,"constrained to groups within division(s) 32,42"
OpenAlex,2723,Immunology and Allergy,FOR,4207,Sports science and exercise,group,False,constrained_lexical,0.0,"constrained to groups within division(s) 32,42"
OpenAlex,2723,Immunology and Allergy,FOR,4208,"Traditional, complementary and integrative medicine",group,False,constrained_lexical,0.0,"constrained to groups within division(s) 32,42"
OpenAlex,2723,Immunology and Allergy,FOR,4204,Midwifery,group,False,constrained_lexical,0.0,"constrained to groups within division(s) 32,42"
OpenAlex,2723,Immunology and Allergy,FOR,3213,Paediatrics,group,False,constrained_lexical,0.0,"constrained to groups within division(s) 32,42"
OpenAlex,2723,Immunology and Allergy,FOR,4299,Other health sciences,group,False,constrained_lexical,0.0,"constrained to groups within division(s) 32,42"
OpenAlex,2723,Immunology and Allergy,FOR,3209,Neurosciences,group,False,constrained_lexical,0.0,"constrained to groups within division(s) 32,42"
OpenAlex,2723,Immunology and Allergy,FOR,3204,Immunology,group,True,constrained_lexical,0.47,"constrained to groups within division(s) 32,42"
OpenAlex,2723,Immunology and Allergy,FOR,3211,Oncology and carcinogenesis,group,False,constrained_lexical,0.091,"constrained to groups within division(s) 32,42"
OpenAlex,2723,Immunology and Allergy,FOR,3206,Medical biotechnology,group,False,constrained_lexical,0.045,"constrained to groups within division(s) 32,42"
OpenAlex,2723,Immunology and Allergy,FOR,3208,Medical physiology,group,False,constrained_lexical,0.045,"constrained to groups within division(s) 32,42"
OpenAlex,2723,Immunology and Allergy,FOR,3210,Nutrition and dietetics,group,False,constrained_lexical,0.045,"constrained to groups within division(s) 32,42"
OpenAlex,2723,Immunology and Allergy,FOR,3212,Ophthalmology and optometry,group,False,constrained_lexical,0.0,"constrained to groups within division(s) 32,42"
OpenAlex,2723,Immunology and Allergy,FOR,3202,Clinical sciences,group,False,constrained_lexical,0.0,"constrained to groups within division(s) 32,42"
OpenAlex,2723,Immunology and Allergy,FOR,3203,Dentistry,group,False,constrained_lexical,0.0,"constrained to groups within division(s) 32,42"
OpenAlex,2723,Immunology and Allergy,FOR,3205,Medical biochemistry and metabolomics,group,False,constrained_lexical,0.0,"constrained to groups within division(s) 32,42"
OpenAlex,2723,Immunology and Allergy,FOR,3207,Medical microbiology,group,False,constrained_lexical,0.0,"constrained to groups within division(s) 32,42"
OpenAlex,2723,Immunology and Allergy,FOR,3201,Cardiovascular medicine and haematology,group,False,constrained_lexical,0.0,"constrained to groups within division(s) 32,42"
OpenAlex,2724,Internal Medicine,FOR,3210,Nutrition and dietetics,group,False,constrained_lexical,0.0,"constrained to groups within division(s) 32,42"
OpenAlex,2724,Internal Medicine,FOR,3213,Paediatrics,group,False,constrained_lexical,0.0,"constrained to groups within division(s) 32,42"
OpenAlex,2724,Internal Medicine,FOR,3299,Other biomedical and clinical sciences,group,False,constrained_lexical,0.0,"constrained to groups within division(s) 32,42"
OpenAlex,2724,Internal Medicine,FOR,4201,Allied health and rehabilitation science,group,False,constrained_lexical,0.0,"constrained to groups within division(s) 32,42"
OpenAlex,2724,Internal Medicine,FOR,4202,Epidemiology,group,False,constrained_lexical,0.0,"constrained to groups within division(s) 32,42"
OpenAlex,2724,Internal Medicine,FOR,4205,Nursing,group,False,constrained_lexical,0.0,"constrained to groups within division(s) 32,42"
OpenAlex,2724,Internal Medicine,FOR,3209,Neurosciences,group,False,constrained_lexical,0.0,"constrained to groups within division(s) 32,42"
OpenAlex,2724,Internal Medicine,FOR,4206,Public health,group,False,constrained_lexical,0.0,"constrained to groups within division(s) 32,42"
OpenAlex,2724,Internal Medicine,FOR,4207,Sports science and exercise,group,False,constrained_lexical,0.0,"constrained to groups within division(s) 32,42"
OpenAlex,2724,Internal Medicine,FOR,4299,Other health sciences,group,False,constrained_lexical,0.0,"constrained to groups within division(s) 32,42"
OpenAlex,2724,Internal Medicine,FOR,4204,Midwifery,group,False,constrained_lexical,0.0,"constrained to groups within division(s) 32,42"
OpenAlex,2724,Internal Medicine,FOR,3204,Immunology,group,False,constrained_lexical,0.0,"constrained to groups within division(s) 32,42"
OpenAlex,2724,Internal Medicine,FOR,3212,Ophthalmology and optometry,group,False,constrained_lexical,0.0,"constrained to groups within division(s) 32,42"
OpenAlex,2724,Internal Medicine,FOR,3214,Pharmacology and pharmaceutical sciences,group,False,constrained_lexical,0.091,"constrained to groups within division(s) 32,42"
OpenAlex,2724,Internal Medicine,FOR,4203,Health services and systems,group,False,constrained_lexical,0.091,"constrained to groups within division(s) 32,42"
OpenAlex,2724,Internal Medicine,FOR,3207,Medical microbiology,group,False,constrained_lexical,0.291,"constrained to groups within division(s) 32,42"
OpenAlex,2724,Internal Medicine,FOR,3208,Medical physiology,group,False,constrained_lexical,0.291,"constrained to groups within division(s) 32,42"
OpenAlex,2724,Internal Medicine,FOR,3215,Reproductive medicine,group,False,constrained_lexical,0.291,"constrained to groups within division(s) 32,42"
OpenAlex,2724,Internal Medicine,FOR,3202,Clinical sciences,group,False,constrained_lexical,0.273,"constrained to groups within division(s) 32,42"
OpenAlex,2724,Internal Medicine,FOR,3206,Medical biotechnology,group,True,constrained_lexical,0.382,"constrained to groups within division(s) 32,42"
OpenAlex,2724,Internal Medicine,FOR,3205,Medical biochemistry and metabolomics,group,False,constrained_lexical,0.234,"constrained to groups within division(s) 32,42"
OpenAlex,2724,Internal Medicine,FOR,4208,"Traditional, complementary and integrative medicine",group,False,constrained_lexical,0.202,"constrained to groups within division(s) 32,42"
OpenAlex,2724,Internal Medicine,FOR,3203,Dentistry,group,False,constrained_lexical,0.091,"constrained to groups within division(s) 32,42"
OpenAlex,2724,Internal Medicine,FOR,3211,Oncology and carcinogenesis,group,False,constrained_lexical,0.091,"constrained to groups within division(s) 32,42"
OpenAlex,2724,Internal Medicine,FOR,3201,Cardiovascular medicine and haematology,group,False,constrained_lexical,0.234,"constrained to groups within division(s) 32,42"
OpenAlex,2725,Infectious Diseases,FOR,3214,Pharmacology and pharmaceutical sciences,group,False,constrained_lexical,0.026,"constrained to groups within division(s) 32,42"
OpenAlex,2725,Infectious Diseases,FOR,3209,Neurosciences,group,False,constrained_lexical,0.026,"constrained to groups within division(s) 32,42"
OpenAlex,2725,Infectious Diseases,FOR,3206,Medical biotechnology,group,False,constrained_lexical,0.024,"constrained to groups within division(s) 32,42"
OpenAlex,2725,Infectious Diseases,FOR,4203,Health services and systems,group,False,constrained_lexical,0.013,"constrained to groups within division(s) 32,42"
OpenAlex,2725,Infectious Diseases,FOR,3203,Dentistry,group,False,constrained_lexical,0.0,"constrained to groups within division(s) 32,42"
OpenAlex,2725,Infectious Diseases,FOR,3205,Medical biochemistry and metabolomics,group,False,constrained_lexical,0.0,"constrained to groups within division(s) 32,42"
OpenAlex,2725,Infectious Diseases,FOR,3208,Medical physiology,group,False,constrained_lexical,0.0,"constrained to groups within division(s) 32,42"
OpenAlex,2725,Infectious Diseases,FOR,3211,Oncology and carcinogenesis,group,False,constrained_lexical,0.0,"constrained to groups within division(s) 32,42"
OpenAlex,2725,Infectious Diseases,FOR,3212,Ophthalmology and optometry,group,False,constrained_lexical,0.0,"constrained to groups within division(s) 32,42"
OpenAlex,2725,Infectious Diseases,FOR,4201,Allied health and rehabilitation science,group,False,constrained_lexical,0.03,"constrained to groups within division(s) 32,42"
OpenAlex,2725,Infectious Diseases,FOR,3204,Immunology,group,False,constrained_lexical,0.0,"constrained to groups within division(s) 32,42"
OpenAlex,2725,Infectious Diseases,FOR,4206,Public health,group,False,constrained_lexical,0.036,"constrained to groups within division(s) 32,42"
OpenAlex,2725,Infectious Diseases,FOR,3299,Other biomedical and clinical sciences,group,False,constrained_lexical,0.075,"constrained to groups within division(s) 32,42"
OpenAlex,2725,Infectious Diseases,FOR,4208,"Traditional, complementary and integrative medicine",group,False,constrained_lexical,0.053,"constrained to groups within division(s) 32,42"
OpenAlex,2725,Infectious Diseases,FOR,4205,Nursing,group,False,constrained_lexical,0.04,"constrained to groups within division(s) 32,42"
OpenAlex,2725,Infectious Diseases,FOR,3207,Medical microbiology,group,False,constrained_lexical,0.135,"constrained to groups within division(s) 32,42"
OpenAlex,2725,Infectious Diseases,FOR,4204,Midwifery,group,False,constrained_lexical,0.077,"constrained to groups within division(s) 32,42"
OpenAlex,2725,Infectious Diseases,FOR,3202,Clinical sciences,group,False,constrained_lexical,0.073,"constrained to groups within division(s) 32,42"
OpenAlex,2725,Infectious Diseases,FOR,3201,Cardiovascular medicine and haematology,group,False,constrained_lexical,0.071,"constrained to groups within division(s) 32,42"
OpenAlex,2725,Infectious Diseases,FOR,4299,Other health sciences,group,True,constrained_lexical,0.15,"constrained to groups within division(s) 32,42"
OpenAlex,2725,Infectious Diseases,FOR,4207,Sports science and exercise,group,False,constrained_lexical,0.071,"constrained to groups within division(s) 32,42"
OpenAlex,2725,Infectious Diseases,FOR,3210,Nutrition and dietetics,group,False,constrained_lexical,0.065,"constrained to groups within division(s) 32,42"
OpenAlex,2725,Infectious Diseases,FOR,4202,Epidemiology,group,False,constrained_lexical,0.056,"constrained to groups within division(s) 32,42"
OpenAlex,2725,Infectious Diseases,FOR,3215,Reproductive medicine,group,False,constrained_lexical,0.053,"constrained to groups within division(s) 32,42"
OpenAlex,2725,Infectious Diseases,FOR,3213,Paediatrics,group,False,constrained_lexical,0.071,"constrained to groups within division(s) 32,42"
OpenAlex,2726,Microbiology,FOR,3214,Pharmacology and pharmaceutical sciences,group,False,constrained_lexical,0.0,"constrained to groups within division(s) 32,42"
OpenAlex,2726,Microbiology,FOR,3299,Other biomedical and clinical sciences,group,False,constrained_lexical,0.0,"constrained to groups within division(s) 32,42"
OpenAlex,2726,Microbiology,FOR,4201,Allied health and rehabilitation science,group,False,constrained_lexical,0.0,"constrained to groups within division(s) 32,42"
OpenAlex,2726,Microbiology,FOR,4202,Epidemiology,group,False,constrained_lexical,0.0,"constrained to groups within division(s) 32,42"
OpenAlex,2726,Microbiology,FOR,4203,Health services and systems,group,False,constrained_lexical,0.0,"constrained to groups within division(s) 32,42"
OpenAlex,2726,Microbiology,FOR,4205,Nursing,group,False,constrained_lexical,0.0,"constrained to groups within division(s) 32,42"
OpenAlex,2726,Microbiology,FOR,4206,Public health,group,False,constrained_lexical,0.0,"constrained to groups within division(s) 32,42"
OpenAlex,2726,Microbiology,FOR,4207,Sports science and exercise,group,False,constrained_lexical,0.0,"constrained to groups within division(s) 32,42"
OpenAlex,2726,Microbiology,FOR,4299,Other health sciences,group,False,constrained_lexical,0.0,"constrained to groups within division(s) 32,42"
OpenAlex,2726,Microbiology,FOR,3213,Paediatrics,group,False,constrained_lexical,0.0,"constrained to groups within division(s) 32,42"
OpenAlex,2726,Microbiology,FOR,4204,Midwifery,group,False,constrained_lexical,0.0,"constrained to groups within division(s) 32,42"
OpenAlex,2726,Microbiology,FOR,3212,Ophthalmology and optometry,group,False,constrained_lexical,0.0,"constrained to groups within division(s) 32,42"
OpenAlex,2726,Microbiology,FOR,3215,Reproductive medicine,group,False,constrained_lexical,0.0,"constrained to groups within division(s) 32,42"
OpenAlex,2726,Microbiology,FOR,3210,Nutrition and dietetics,group,False,constrained_lexical,0.0,"constrained to groups within division(s) 32,42"
OpenAlex,2726,Microbiology,FOR,3207,Medical microbiology,group,False,constrained_lexical,0.619,"constrained to groups within division(s) 32,42"
OpenAlex,2726,Microbiology,FOR,3202,Clinical sciences,group,False,constrained_lexical,0.429,"constrained to groups within division(s) 32,42"
OpenAlex,2726,Microbiology,FOR,4208,"Traditional, complementary and integrative medicine",group,False,constrained_lexical,0.143,"constrained to groups within division(s) 32,42"
OpenAlex,2726,Microbiology,FOR,3201,Cardiovascular medicine and haematology,group,False,constrained_lexical,0.0,"constrained to groups within division(s) 32,42"
OpenAlex,2726,Microbiology,FOR,3203,Dentistry,group,False,constrained_lexical,0.0,"constrained to groups within division(s) 32,42"
OpenAlex,2726,Microbiology,FOR,3107,Microbiology,group,True,constrained_lexical,1.0,"constrained to groups within division(s) 32,42"
OpenAlex,2726,Microbiology,FOR,3205,Medical biochemistry and metabolomics,group,False,constrained_lexical,0.0,"constrained to groups within division(s) 32,42"
OpenAlex,2726,Microbiology,FOR,3206,Medical biotechnology,group,False,constrained_lexical,0.0,"constrained to groups within division(s) 32,42"
OpenAlex,2726,Microbiology,FOR,3211,Oncology and carcinogenesis,group,False,constrained_lexical,0.0,"constrained to groups within division(s) 32,42"
OpenAlex,2726,Microbiology,FOR,3208,Medical physiology,group,False,constrained_lexical,0.0,"constrained to groups within division(s) 32,42"
OpenAlex,2726,Microbiology,FOR,3209,Neurosciences,group,False,constrained_lexical,0.0,"constrained to groups within division(s) 32,42"
OpenAlex,2726,Microbiology,FOR,3204,Immunology,group,False,constrained_lexical,0.0,"constrained to groups within division(s) 32,42"
OpenAlex,2727,Nephrology,FOR,3210,Nutrition and dietetics,group,False,constrained_lexical,0.0,"constrained to groups within division(s) 32,42"
OpenAlex,2727,Nephrology,FOR,3211,Oncology and carcinogenesis,group,False,constrained_lexical,0.0,"constrained to groups within division(s) 32,42"
OpenAlex,2727,Nephrology,FOR,3212,Ophthalmology and optometry,group,False,constrained_lexical,0.0,"constrained to groups within division(s) 32,42"
OpenAlex,2727,Nephrology,FOR,3213,Paediatrics,group,False,constrained_lexical,0.0,"constrained to groups within division(s) 32,42"
OpenAlex,2727,Nephrology,FOR,3214,Pharmacology and pharmaceutical sciences,group,False,constrained_lexical,0.0,"constrained to groups within division(s) 32,42"
OpenAlex,2727,Nephrology,FOR,4201,Allied health and rehabilitation science,group,False,constrained_lexical,0.0,"constrained to groups within division(s) 32,42"
OpenAlex,2727,Nephrology,FOR,3299,Other biomedical and clinical sciences,group,False,constrained_lexical,0.0,"constrained to groups within division(s) 32,42"
OpenAlex,2727,Nephrology,FOR,4204,Midwifery,group,False,constrained_lexical,0.0,"constrained to groups within division(s) 32,42"
OpenAlex,2727,Nephrology,FOR,4207,Sports science and exercise,group,False,constrained_lexical,0.0,"constrained to groups within division(s) 32,42"
OpenAlex,2727,Nephrology,FOR,3206,Medical biotechnology,group,False,constrained_lexical,0.0,"constrained to groups within division(s) 32,42"
OpenAlex,2727,Nephrology,FOR,3215,Reproductive medicine,group,False,constrained_lexical,0.0,"constrained to groups within division(s) 32,42"
OpenAlex,2727,Nephrology,FOR,3205,Medical biochemistry and metabolomics,group,False,constrained_lexical,0.0,"constrained to groups within division(s) 32,42"
OpenAlex,2727,Nephrology,FOR,4299,Other health sciences,group,False,constrained_lexical,0.0,"constrained to groups within division(s) 32,42"
OpenAlex,2727,Nephrology,FOR,3203,Dentistry,group,False,constrained_lexical,0.0,"constrained to groups within division(s) 32,42"
OpenAlex,2727,Nephrology,FOR,3202,Clinical sciences,group,True,constrained_lexical,0.083,"constrained to groups within division(s) 32,42"
OpenAlex,2727,Nephrology,FOR,3201,Cardiovascular medicine and haematology,group,False,constrained_lexical,0.071,"constrained to groups within division(s) 32,42"
OpenAlex,2727,Nephrology,FOR,4208,"Traditional, complementary and integrative medicine",group,False,constrained_lexical,0.053,"constrained to groups within division(s) 32,42"
OpenAlex,2727,Nephrology,FOR,4205,Nursing,group,False,constrained_lexical,0.04,"constrained to groups within division(s) 32,42"
OpenAlex,2727,Nephrology,FOR,4206,Public health,group,False,constrained_lexical,0.036,"constrained to groups within division(s) 32,42"
OpenAlex,2727,Nephrology,FOR,3204,Immunology,group,False,constrained_lexical,0.0,"constrained to groups within division(s) 32,42"
OpenAlex,2727,Nephrology,FOR,4202,Epidemiology,group,False,constrained_lexical,0.028,"constrained to groups within division(s) 32,42"
OpenAlex,2727,Nephrology,FOR,3207,Medical microbiology,group,False,constrained_lexical,0.027,"constrained to groups within division(s) 32,42"
OpenAlex,2727,Nephrology,FOR,3209,Neurosciences,group,False,constrained_lexical,0.026,"constrained to groups within division(s) 32,42"
OpenAlex,2727,Nephrology,FOR,4203,Health services and systems,group,False,constrained_lexical,0.021,"constrained to groups within division(s) 32,42"
OpenAlex,2727,Nephrology,FOR,3208,Medical physiology,group,False,constrained_lexical,0.029,"constrained to groups within division(s) 32,42"
OpenAlex,2728,Neurology,FOR,3203,Dentistry,group,False,constrained_lexical,0.02,"constrained to groups within division(s) 32,42"
OpenAlex,2728,Neurology,FOR,4203,Health services and systems,group,False,constrained_lexical,0.013,"constrained to groups within division(s) 32,42"
OpenAlex,2728,Neurology,FOR,3210,Nutrition and dietetics,group,False,constrained_lexical,0.0,"constrained to groups within division(s) 32,42"
OpenAlex,2728,Neurology,FOR,3212,Ophthalmology and optometry,group,False,constrained_lexical,0.0,"constrained to groups within division(s) 32,42"
OpenAlex,2728,Neurology,FOR,3213,Paediatrics,group,False,constrained_lexical,0.0,"constrained to groups within division(s) 32,42"
OpenAlex,2728,Neurology,FOR,4201,Allied health and rehabilitation science,group,False,constrained_lexical,0.0,"constrained to groups within division(s) 32,42"
OpenAlex,2728,Neurology,FOR,4204,Midwifery,group,False,constrained_lexical,0.0,"constrained to groups within division(s) 32,42"
OpenAlex,2728,Neurology,FOR,4205,Nursing,group,False,constrained_lexical,0.0,"constrained to groups within division(s) 32,42"
OpenAlex,2728,Neurology,FOR,4207,Sports science and exercise,group,False,constrained_lexical,0.0,"constrained to groups within division(s) 32,42"
OpenAlex,2728,Neurology,FOR,4202,Epidemiology,group,False,constrained_lexical,0.028,"constrained to groups within division(s) 32,42"
OpenAlex,2728,Neurology,FOR,3299,Other biomedical and clinical sciences,group,False,constrained_lexical,0.0,"constrained to groups within division(s) 32,42"
OpenAlex,2728,Neurology,FOR,4299,Other health sciences,group,False,constrained_lexical,0.0,"constrained to groups within division(s) 32,42"
OpenAlex,2728,Neurology,FOR,4206,Public health,group,False,constrained_lexical,0.036,"constrained to groups within division(s) 32,42"
OpenAlex,2728,Neurology,FOR,3211,Oncology and carcinogenesis,group,False,constrained_lexical,0.043,"constrained to groups within division(s) 32,42"
OpenAlex,2728,Neurology,FOR,3205,Medical biochemistry and metabolomics,group,False,constrained_lexical,0.038,"constrained to groups within division(s) 32,42"
OpenAlex,2728,Neurology,FOR,3209,Neurosciences,group,True,constrained_lexical,1.0,"constrained to groups within division(s) 32,42"
OpenAlex,2728,Neurology,FOR,4208,"Traditional, complementary and integrative medicine",group,False,constrained_lexical,0.158,"constrained to groups within division(s) 32,42"
OpenAlex,2728,Neurology,FOR,3204,Immunology,group,False,constrained_lexical,0.065,"constrained to groups within division(s) 32,42"
OpenAlex,2728,Neurology,FOR,3208,Medical physiology,group,False,constrained_lexical,0.059,"constrained to groups within division(s) 32,42"
OpenAlex,2728,Neurology,FOR,3201,Cardiovascular medicine and haematology,group,False,constrained_lexical,0.143,"constrained to groups within division(s) 32,42"
OpenAlex,2728,Neurology,FOR,3207,Medical microbiology,group,False,constrained_lexical,0.054,"constrained to groups within division(s) 32,42"
OpenAlex,2728,Neurology,FOR,3214,Pharmacology and pharmaceutical sciences,group,False,constrained_lexical,0.053,"constrained to groups within division(s) 32,42"
OpenAlex,2728,Neurology,FOR,3215,Reproductive medicine,group,False,constrained_lexical,0.053,"constrained to groups within division(s) 32,42"
OpenAlex,2728,Neurology,FOR,3206,Medical biotechnology,group,False,constrained_lexical,0.049,"constrained to groups within division(s) 32,42"
OpenAlex,2728,Neurology,FOR,3202,Clinical sciences,group,False,constrained_lexical,0.055,"constrained to groups within division(s) 32,42"
OpenAlex,2729,Obstetrics and Gynecology,FOR,3203,Dentistry,group,False,constrained_lexical,0.02,"constrained to groups within division(s) 32,42"
OpenAlex,2729,Obstetrics and Gynecology,FOR,3206,Medical biotechnology,group,False,constrained_lexical,0.024,"constrained to groups within division(s) 32,42"
OpenAlex,2729,Obstetrics and Gynecology,FOR,4207,Sports science and exercise,group,False,constrained_lexical,0.0,"constrained to groups within division(s) 32,42"
OpenAlex,2729,Obstetrics and Gynecology,FOR,3211,Oncology and carcinogenesis,group,False,constrained_lexical,0.021,"constrained to groups within division(s) 32,42"
OpenAlex,2729,Obstetrics and Gynecology,FOR,3205,Medical biochemistry and metabolomics,group,False,constrained_lexical,0.019,"constrained to groups within division(s) 32,42"
OpenAlex,2729,Obstetrics and Gynecology,FOR,3209,Neurosciences,group,False,constrained_lexical,0.026,"constrained to groups within division(s) 32,42"
OpenAlex,2729,Obstetrics and Gynecology,FOR,3212,Ophthalmology and optometry,group,False,constrained_lexical,0.0,"constrained to groups within division(s) 32,42"
OpenAlex,2729,Obstetrics and Gynecology,FOR,3214,Pharmacology and pharmaceutical sciences,group,False,constrained_lexical,0.0,"constrained to groups within division(s) 32,42"
OpenAlex,2729,Obstetrics and Gynecology,FOR,3299,Other biomedical and clinical sciences,group,False,constrained_lexical,0.0,"constrained to groups within division(s) 32,42"
OpenAlex,2729,Obstetrics and Gynecology,FOR,4202,Epidemiology,group,False,constrained_lexical,0.0,"constrained to groups within division(s) 32,42"
OpenAlex,2729,Obstetrics and Gynecology,FOR,3201,Cardiovascular medicine and haematology,group,False,constrained_lexical,0.0,"constrained to groups within division(s) 32,42"
OpenAlex,2729,Obstetrics and Gynecology,FOR,3207,Medical microbiology,group,False,constrained_lexical,0.027,"constrained to groups within division(s) 32,42"
OpenAlex,2729,Obstetrics and Gynecology,FOR,3204,Immunology,group,False,constrained_lexical,0.022,"constrained to groups within division(s) 32,42"
OpenAlex,2729,Obstetrics and Gynecology,FOR,4201,Allied health and rehabilitation science,group,False,constrained_lexical,0.03,"constrained to groups within division(s) 32,42"
OpenAlex,2729,Obstetrics and Gynecology,FOR,4299,Other health sciences,group,True,constrained_lexical,0.15,"constrained to groups within division(s) 32,42"
OpenAlex,2729,Obstetrics and Gynecology,FOR,3215,Reproductive medicine,group,False,constrained_lexical,0.105,"constrained to groups within division(s) 32,42"
OpenAlex,2729,Obstetrics and Gynecology,FOR,4208,"Traditional, complementary and integrative medicine",group,False,constrained_lexical,0.105,"constrained to groups within division(s) 32,42"
OpenAlex,2729,Obstetrics and Gynecology,FOR,3202,Clinical sciences,group,False,constrained_lexical,0.096,"constrained to groups within division(s) 32,42"
OpenAlex,2729,Obstetrics and Gynecology,FOR,4204,Midwifery,group,False,constrained_lexical,0.077,"constrained to groups within division(s) 32,42"
OpenAlex,2729,Obstetrics and Gynecology,FOR,3208,Medical physiology,group,False,constrained_lexical,0.029,"constrained to groups within division(s) 32,42"
OpenAlex,2729,Obstetrics and Gynecology,FOR,4205,Nursing,group,False,constrained_lexical,0.04,"constrained to groups within division(s) 32,42"
OpenAlex,2729,Obstetrics and Gynecology,FOR,4203,Health services and systems,group,False,constrained_lexical,0.038,"constrained to groups within division(s) 32,42"
OpenAlex,2729,Obstetrics and Gynecology,FOR,4206,Public health,group,False,constrained_lexical,0.036,"constrained to groups within division(s) 32,42"
OpenAlex,2729,Obstetrics and Gynecology,FOR,3210,Nutrition and dietetics,group,False,constrained_lexical,0.032,"constrained to groups within division(s) 32,42"
OpenAlex,2729,Obstetrics and Gynecology,FOR,3213,Paediatrics,group,False,constrained_lexical,0.071,"constrained to groups within division(s) 32,42"
OpenAlex,2730,Oncology,FOR,3210,Nutrition and dietetics,group,False,constrained_lexical,0.065,"constrained to groups within division(s) 32,42"
OpenAlex,2730,Oncology,FOR,3208,Medical physiology,group,False,constrained_lexical,0.059,"constrained to groups within division(s) 32,42"
OpenAlex,2730,Oncology,FOR,4202,Epidemiology,group,False,constrained_lexical,0.056,"constrained to groups within division(s) 32,42"
OpenAlex,2730,Oncology,FOR,3209,Neurosciences,group,False,constrained_lexical,0.051,"constrained to groups within division(s) 32,42"
OpenAlex,2730,Oncology,FOR,4203,Health services and systems,group,False,constrained_lexical,0.051,"constrained to groups within division(s) 32,42"
OpenAlex,2730,Oncology,FOR,3212,Ophthalmology and optometry,group,False,constrained_lexical,0.0,"constrained to groups within division(s) 32,42"
OpenAlex,2730,Oncology,FOR,4206,Public health,group,False,constrained_lexical,0.071,"constrained to groups within division(s) 32,42"
OpenAlex,2730,Oncology,FOR,3215,Reproductive medicine,group,False,constrained_lexical,0.0,"constrained to groups within division(s) 32,42"
OpenAlex,2730,Oncology,FOR,3299,Other biomedical and clinical sciences,group,False,constrained_lexical,0.0,"constrained to groups within division(s) 32,42"
OpenAlex,2730,Oncology,FOR,4207,Sports science and exercise,group,False,constrained_lexical,0.0,"constrained to groups within division(s) 32,42"
OpenAlex,2730,Oncology,FOR,3205,Medical biochemistry and metabolomics,group,False,constrained_lexical,0.019,"constrained to groups within division(s) 32,42"
OpenAlex,2730,Oncology,FOR,3213,Paediatrics,group,False,constrained_lexical,0.071,"constrained to groups within division(s) 32,42"
OpenAlex,2730,Oncology,FOR,3203,Dentistry,group,False,constrained_lexical,0.059,"constrained to groups within division(s) 32,42"
OpenAlex,2730,Oncology,FOR,4204,Midwifery,group,False,constrained_lexical,0.077,"constrained to groups within division(s) 32,42"
OpenAlex,2730,Oncology,FOR,3201,Cardiovascular medicine and haematology,group,False,constrained_lexical,0.071,"constrained to groups within division(s) 32,42"
OpenAlex,2730,Oncology,FOR,4299,Other health sciences,group,False,constrained_lexical,0.15,"constrained to groups within division(s) 32,42"
OpenAlex,2730,Oncology,FOR,3204,Immunology,group,False,constrained_lexical,0.13,"constrained to groups within division(s) 32,42"
OpenAlex,2730,Oncology,FOR,3206,Medical biotechnology,group,False,constrained_lexical,0.122,"constrained to groups within division(s) 32,42"
OpenAlex,2730,Oncology,FOR,3207,Medical microbiology,group,False,constrained_lexical,0.108,"constrained to groups within division(s) 32,42"
OpenAlex,2730,Oncology,FOR,3211,Oncology and carcinogenesis,group,True,constrained_lexical,0.546,"constrained to groups within division(s) 32,42"
OpenAlex,2730,Oncology,FOR,3202,Clinical sciences,group,False,constrained_lexical,0.101,"constrained to groups within division(s) 32,42"
OpenAlex,2730,Oncology,FOR,4201,Allied health and rehabilitation science,group,False,constrained_lexical,0.091,"constrained to groups within division(s) 32,42"
OpenAlex,2730,Oncology,FOR,4205,Nursing,group,False,constrained_lexical,0.08,"constrained to groups within division(s) 32,42"
OpenAlex,2730,Oncology,FOR,3214,Pharmacology and pharmaceutical sciences,group,False,constrained_lexical,0.079,"constrained to groups within division(s) 32,42"
OpenAlex,2730,Oncology,FOR,4208,"Traditional, complementary and integrative medicine",group,False,constrained_lexical,0.105,"constrained to groups within division(s) 32,42"
OpenAlex,2731,Ophthalmology,FOR,3214,Pharmacology and pharmaceutical sciences,group,False,constrained_lexical,0.026,"constrained to groups within division(s) 32,42"
OpenAlex,2731,Ophthalmology,FOR,3209,Neurosciences,group,False,constrained_lexical,0.026,"constrained to groups within division(s) 32,42"
OpenAlex,2731,Ophthalmology,FOR,3206,Medical biotechnology,group,False,constrained_lexical,0.024,"constrained to groups within division(s) 32,42"
OpenAlex,2731,Ophthalmology,FOR,3211,Oncology and carcinogenesis,group,False,constrained_lexical,0.021,"constrained to groups within division(s) 32,42"
OpenAlex,2731,Ophthalmology,FOR,4203,Health services and systems,group,False,constrained_lexical,0.014,"constrained to groups within division(s) 32,42"
OpenAlex,2731,Ophthalmology,FOR,3205,Medical biochemistry and metabolomics,group,False,constrained_lexical,0.0,"constrained to groups within division(s) 32,42"
OpenAlex,2731,Ophthalmology,FOR,3215,Reproductive medicine,group,False,constrained_lexical,0.0,"constrained to groups within division(s) 32,42"
OpenAlex,2731,Ophthalmology,FOR,3299,Other biomedical and clinical sciences,group,False,constrained_lexical,0.0,"constrained to groups within division(s) 32,42"
OpenAlex,2731,Ophthalmology,FOR,4207,Sports science and exercise,group,False,constrained_lexical,0.0,"constrained to groups within division(s) 32,42"
OpenAlex,2731,Ophthalmology,FOR,4202,Epidemiology,group,False,constrained_lexical,0.028,"constrained to groups within division(s) 32,42"
OpenAlex,2731,Ophthalmology,FOR,3204,Immunology,group,False,constrained_lexical,0.0,"constrained to groups within division(s) 32,42"
OpenAlex,2731,Ophthalmology,FOR,3208,Medical physiology,group,False,constrained_lexical,0.029,"constrained to groups within division(s) 32,42"
OpenAlex,2731,Ophthalmology,FOR,3202,Clinical sciences,group,False,constrained_lexical,0.083,"constrained to groups within division(s) 32,42"
OpenAlex,2731,Ophthalmology,FOR,3210,Nutrition and dietetics,group,False,constrained_lexical,0.032,"constrained to groups within division(s) 32,42"
OpenAlex,2731,Ophthalmology,FOR,4201,Allied health and rehabilitation science,group,False,constrained_lexical,0.03,"constrained to groups within division(s) 32,42"
OpenAlex,2731,Ophthalmology,FOR,4299,Other health sciences,group,False,constrained_lexical,0.15,"constrained to groups within division(s) 32,42"
OpenAlex,2731,Ophthalmology,FOR,3207,Medical microbiology,group,False,constrained_lexical,0.081,"constrained to groups within division(s) 32,42"
OpenAlex,2731,Ophthalmology,FOR,3201,Cardiovascular medicine and haematology,group,False,constrained_lexical,0.071,"constrained to groups within division(s) 32,42"
OpenAlex,2731,Ophthalmology,FOR,3213,Paediatrics,group,False,constrained_lexical,0.071,"constrained to groups within division(s) 32,42"
OpenAlex,2731,Ophthalmology,FOR,3212,Ophthalmology and optometry,group,True,constrained_lexical,0.5,"constrained to groups within division(s) 32,42"
OpenAlex,2731,Ophthalmology,FOR,4208,"Traditional, complementary and integrative medicine",group,False,constrained_lexical,0.053,"constrained to groups within division(s) 32,42"
OpenAlex,2731,Ophthalmology,FOR,4205,Nursing,group,False,constrained_lexical,0.04,"constrained to groups within division(s) 32,42"
OpenAlex,2731,Ophthalmology,FOR,3203,Dentistry,group,False,constrained_lexical,0.039,"constrained to groups within division(s) 32,42"
OpenAlex,2731,Ophthalmology,FOR,4204,Midwifery,group,False,constrained_lexical,0.038,"constrained to groups within division(s) 32,42"
OpenAlex,2731,Ophthalmology,FOR,4206,Public health,group,False,constrained_lexical,0.071,"constrained to groups within division(s) 32,42"
OpenAlex,2732,Orthopedics and Sports Medicine,FOR,4201,Allied health and rehabilitation science,group,False,constrained_lexical,0.061,"constrained to groups within division(s) 32,42"
OpenAlex,2732,Orthopedics and Sports Medicine,FOR,3212,Ophthalmology and optometry,group,False,constrained_lexical,0.0,"constrained to groups within division(s) 32,42"
OpenAlex,2732,Orthopedics and Sports Medicine,FOR,3211,Oncology and carcinogenesis,group,False,constrained_lexical,0.0,"constrained to groups within division(s) 32,42"
OpenAlex,2732,Orthopedics and Sports Medicine,FOR,3204,Immunology,group,False,constrained_lexical,0.0,"constrained to groups within division(s) 32,42"
OpenAlex,2732,Orthopedics and Sports Medicine,FOR,4203,Health services and systems,group,False,constrained_lexical,0.022,"constrained to groups within division(s) 32,42"
OpenAlex,2732,Orthopedics and Sports Medicine,FOR,3209,Neurosciences,group,False,constrained_lexical,0.026,"constrained to groups within division(s) 32,42"
OpenAlex,2732,Orthopedics and Sports Medicine,FOR,3214,Pharmacology and pharmaceutical sciences,group,False,constrained_lexical,0.026,"constrained to groups within division(s) 32,42"
OpenAlex,2732,Orthopedics and Sports Medicine,FOR,4202,Epidemiology,group,False,constrained_lexical,0.028,"constrained to groups within division(s) 32,42"
OpenAlex,2732,Orthopedics and Sports Medicine,FOR,4204,Midwifery,group,False,constrained_lexical,0.038,"constrained to groups within division(s) 32,42"
OpenAlex,2732,Orthopedics and Sports Medicine,FOR,3299,Other biomedical and clinical sciences,group,False,constrained_lexical,0.0,"constrained to groups within division(s) 32,42"
OpenAlex,2732,Orthopedics and Sports Medicine,FOR,3210,Nutrition and dietetics,group,False,constrained_lexical,0.065,"constrained to groups within division(s) 32,42"
OpenAlex,2732,Orthopedics and Sports Medicine,FOR,4205,Nursing,group,False,constrained_lexical,0.04,"constrained to groups within division(s) 32,42"
OpenAlex,2732,Orthopedics and Sports Medicine,FOR,3203,Dentistry,group,False,constrained_lexical,0.067,"constrained to groups within division(s) 32,42"
OpenAlex,2732,Orthopedics and Sports Medicine,FOR,3201,Cardiovascular medicine and haematology,group,True,constrained_lexical,0.254,"constrained to groups within division(s) 32,42"
OpenAlex,2732,Orthopedics and Sports Medicine,FOR,3207,Medical microbiology,group,False,constrained_lexical,0.224,"constrained to groups within division(s) 32,42"
OpenAlex,2732,Orthopedics and Sports Medicine,FOR,4207,Sports science and exercise,group,False,constrained_lexical,0.214,"constrained to groups within division(s) 32,42"
OpenAlex,2732,Orthopedics and Sports Medicine,FOR,4208,"Traditional, complementary and integrative medicine",group,False,constrained_lexical,0.196,"constrained to groups within division(s) 32,42"
OpenAlex,2732,Orthopedics and Sports Medicine,FOR,3215,Reproductive medicine,group,False,constrained_lexical,0.195,"constrained to groups within division(s) 32,42"
OpenAlex,2732,Orthopedics and Sports Medicine,FOR,3213,Paediatrics,group,False,constrained_lexical,0.071,"constrained to groups within division(s) 32,42"
OpenAlex,2732,Orthopedics and Sports Medicine,FOR,3202,Clinical sciences,group,False,constrained_lexical,0.178,"constrained to groups within division(s) 32,42"
OpenAlex,2732,Orthopedics and Sports Medicine,FOR,3208,Medical physiology,group,False,constrained_lexical,0.172,"constrained to groups within division(s) 32,42"
OpenAlex,2732,Orthopedics and Sports Medicine,FOR,4299,Other health sciences,group,False,constrained_lexical,0.15,"constrained to groups within division(s) 32,42"
OpenAlex,2732,Orthopedics and Sports Medicine,FOR,4206,Public health,group,False,constrained_lexical,0.143,"constrained to groups within division(s) 32,42"
OpenAlex,2732,Orthopedics and Sports Medicine,FOR,3205,Medical biochemistry and metabolomics,group,False,constrained_lexical,0.133,"constrained to groups within division(s) 32,42"
OpenAlex,2732,Orthopedics and Sports Medicine,FOR,3206,Medical biotechnology,group,False,constrained_lexical,0.192,"constrained to groups within division(s) 32,42"
OpenAlex,2733,Otorhinolaryngology,FOR,3215,Reproductive medicine,group,False,constrained_lexical,0.0,"constrained to groups within division(s) 32,42"
OpenAlex,2733,Otorhinolaryngology,FOR,3299,Other biomedical and clinical sciences,group,False,constrained_lexical,0.0,"constrained to groups within division(s) 32,42"
OpenAlex,2733,Otorhinolaryngology,FOR,4201,Allied health and rehabilitation science,group,False,constrained_lexical,0.0,"constrained to groups within division(s) 32,42"
OpenAlex,2733,Otorhinolaryngology,FOR,4202,Epidemiology,group,False,constrained_lexical,0.0,"constrained to groups within division(s) 32,42"
OpenAlex,2733,Otorhinolaryngology,FOR,4203,Health services and systems,group,False,constrained_lexical,0.0,"constrained to groups within division(s) 32,42"
OpenAlex,2733,Otorhinolaryngology,FOR,4206,Public health,group,False,constrained_lexical,0.0,"constrained to groups within division(s) 32,42"
OpenAlex,2733,Otorhinolaryngology,FOR,4205,Nursing,group,False,constrained_lexical,0.0,"constrained to groups within division(s) 32,42"
OpenAlex,2733,Otorhinolaryngology,FOR,4207,Sports science and exercise,group,False,constrained_lexical,0.0,"constrained to groups within division(s) 32,42"
OpenAlex,2733,Otorhinolaryngology,FOR,4208,"Traditional, complementary and integrative medicine",group,False,constrained_lexical,0.0,"constrained to groups within division(s) 32,42"
OpenAlex,2733,Otorhinolaryngology,FOR,3214,Pharmacology and pharmaceutical sciences,group,False,constrained_lexical,0.0,"constrained to groups within division(s) 32,42"
OpenAlex,2733,Otorhinolaryngology,FOR,4204,Midwifery,group,False,constrained_lexical,0.0,"constrained to groups within division(s) 32,42"
OpenAlex,2733,Otorhinolaryngology,FOR,3213,Paediatrics,group,False,constrained_lexical,0.0,"constrained to groups within division(s) 32,42"
OpenAlex,2733,Otorhinolaryngology,FOR,4299,Other health sciences,group,False,constrained_lexical,0.0,"constrained to groups within division(s) 32,42"
OpenAlex,2733,Otorhinolaryngology,FOR,3210,Nutrition and dietetics,group,False,constrained_lexical,0.0,"constrained to groups within division(s) 32,42"
OpenAlex,2733,Otorhinolaryngology,FOR,3202,Clinical sciences,group,True,constrained_lexical,0.19,"constrained to groups within division(s) 32,42"
OpenAlex,2733,Otorhinolaryngology,FOR,3203,Dentistry,group,False,constrained_lexical,0.048,"constrained to groups within division(s) 32,42"
OpenAlex,2733,Otorhinolaryngology,FOR,3211,Oncology and carcinogenesis,group,False,constrained_lexical,0.048,"constrained to groups within division(s) 32,42"
OpenAlex,2733,Otorhinolaryngology,FOR,3201,Cardiovascular medicine and haematology,group,False,constrained_lexical,0.0,"constrained to groups within division(s) 32,42"
OpenAlex,2733,Otorhinolaryngology,FOR,3204,Immunology,group,False,constrained_lexical,0.0,"constrained to groups within division(s) 32,42"
OpenAlex,2733,Otorhinolaryngology,FOR,3212,Ophthalmology and optometry,group,False,constrained_lexical,0.0,"constrained to groups within division(s) 32,42"
OpenAlex,2733,Otorhinolaryngology,FOR,3206,Medical biotechnology,group,False,constrained_lexical,0.0,"constrained to groups within division(s) 32,42"
OpenAlex,2733,Otorhinolaryngology,FOR,3207,Medical microbiology,group,False,constrained_lexical,0.0,"constrained to groups within division(s) 32,42"
OpenAlex,2733,Otorhinolaryngology,FOR,3208,Medical physiology,group,False,constrained_lexical,0.0,"constrained to groups within division(s) 32,42"
OpenAlex,2733,Otorhinolaryngology,FOR,3209,Neurosciences,group,False,constrained_lexical,0.0,"constrained to groups within division(s) 32,42"
OpenAlex,2733,Otorhinolaryngology,FOR,3205,Medical biochemistry and metabolomics,group,False,constrained_lexical,0.0,"constrained to groups within division(s) 32,42"
OpenAlex,2734,Pathology and Forensic Medicine,FOR,3203,Dentistry,group,False,constrained_lexical,0.078,"constrained to groups within division(s) 32,42"
OpenAlex,2734,Pathology and Forensic Medicine,FOR,3209,Neurosciences,group,False,constrained_lexical,0.077,"constrained to groups within division(s) 32,42"
OpenAlex,2734,Pathology and Forensic Medicine,FOR,3299,Other biomedical and clinical sciences,group,False,constrained_lexical,0.075,"constrained to groups within division(s) 32,42"
OpenAlex,2734,Pathology and Forensic Medicine,FOR,3213,Paediatrics,group,False,constrained_lexical,0.071,"constrained to groups within division(s) 32,42"
OpenAlex,2734,Pathology and Forensic Medicine,FOR,4206,Public health,group,False,constrained_lexical,0.071,"constrained to groups within division(s) 32,42"
OpenAlex,2734,Pathology and Forensic Medicine,FOR,4202,Epidemiology,group,False,constrained_lexical,0.056,"constrained to groups within division(s) 32,42"
OpenAlex,2734,Pathology and Forensic Medicine,FOR,4205,Nursing,group,False,constrained_lexical,0.04,"constrained to groups within division(s) 32,42"
OpenAlex,2734,Pathology and Forensic Medicine,FOR,4204,Midwifery,group,False,constrained_lexical,0.038,"constrained to groups within division(s) 32,42"
OpenAlex,2734,Pathology and Forensic Medicine,FOR,4203,Health services and systems,group,False,constrained_lexical,0.038,"constrained to groups within division(s) 32,42"
OpenAlex,2734,Pathology and Forensic Medicine,FOR,3214,Pharmacology and pharmaceutical sciences,group,False,constrained_lexical,0.079,"constrained to groups within division(s) 32,42"
OpenAlex,2734,Pathology and Forensic Medicine,FOR,4207,Sports science and exercise,group,False,constrained_lexical,0.071,"constrained to groups within division(s) 32,42"
OpenAlex,2734,Pathology and Forensic Medicine,FOR,3210,Nutrition and dietetics,group,False,constrained_lexical,0.032,"constrained to groups within division(s) 32,42"
OpenAlex,2734,Pathology and Forensic Medicine,FOR,3212,Ophthalmology and optometry,group,False,constrained_lexical,0.083,"constrained to groups within division(s) 32,42"
OpenAlex,2734,Pathology and Forensic Medicine,FOR,3202,Clinical sciences,group,False,constrained_lexical,0.101,"constrained to groups within division(s) 32,42"
OpenAlex,2734,Pathology and Forensic Medicine,FOR,4201,Allied health and rehabilitation science,group,False,constrained_lexical,0.091,"constrained to groups within division(s) 32,42"
OpenAlex,2734,Pathology and Forensic Medicine,FOR,3201,Cardiovascular medicine and haematology,group,True,constrained_lexical,0.325,"constrained to groups within division(s) 32,42"
OpenAlex,2734,Pathology and Forensic Medicine,FOR,3207,Medical microbiology,group,False,constrained_lexical,0.305,"constrained to groups within division(s) 32,42"
OpenAlex,2734,Pathology and Forensic Medicine,FOR,3208,Medical physiology,group,False,constrained_lexical,0.231,"constrained to groups within division(s) 32,42"
OpenAlex,2734,Pathology and Forensic Medicine,FOR,4208,"Traditional, complementary and integrative medicine",group,False,constrained_lexical,0.196,"constrained to groups within division(s) 32,42"
OpenAlex,2734,Pathology and Forensic Medicine,FOR,3206,Medical biotechnology,group,False,constrained_lexical,0.24,"constrained to groups within division(s) 32,42"
OpenAlex,2734,Pathology and Forensic Medicine,FOR,3205,Medical biochemistry and metabolomics,group,False,constrained_lexical,0.168,"constrained to groups within division(s) 32,42"
OpenAlex,2734,Pathology and Forensic Medicine,FOR,4299,Other health sciences,group,False,constrained_lexical,0.15,"constrained to groups within division(s) 32,42"
OpenAlex,2734,Pathology and Forensic Medicine,FOR,3211,Oncology and carcinogenesis,group,False,constrained_lexical,0.149,"constrained to groups within division(s) 32,42"
OpenAlex,2734,Pathology and Forensic Medicine,FOR,3204,Immunology,group,False,constrained_lexical,0.109,"constrained to groups within division(s) 32,42"
OpenAlex,2734,Pathology and Forensic Medicine,FOR,3215,Reproductive medicine,group,False,constrained_lexical,0.195,"constrained to groups within division(s) 32,42"
OpenAlex,2735,"Pediatrics, Perinatology and Child Health",FOR,3205,Medical biochemistry and metabolomics,group,False,constrained_lexical,0.057,"constrained to groups within division(s) 32,42"
OpenAlex,2735,"Pediatrics, Perinatology and Child Health",FOR,3203,Dentistry,group,False,constrained_lexical,0.078,"constrained to groups within division(s) 32,42"
OpenAlex,2735,"Pediatrics, Perinatology and Child Health",FOR,3209,Neurosciences,group,False,constrained_lexical,0.077,"constrained to groups within division(s) 32,42"
OpenAlex,2735,"Pediatrics, Perinatology and Child Health",FOR,3201,Cardiovascular medicine and haematology,group,False,constrained_lexical,0.071,"constrained to groups within division(s) 32,42"
OpenAlex,2735,"Pediatrics, Perinatology and Child Health",FOR,3206,Medical biotechnology,group,False,constrained_lexical,0.049,"constrained to groups within division(s) 32,42"
OpenAlex,2735,"Pediatrics, Perinatology and Child Health",FOR,4208,"Traditional, complementary and integrative medicine",group,False,constrained_lexical,0.0,"constrained to groups within division(s) 32,42"
OpenAlex,2735,"Pediatrics, Perinatology and Child Health",FOR,3208,Medical physiology,group,False,constrained_lexical,0.029,"constrained to groups within division(s) 32,42"
OpenAlex,2735,"Pediatrics, Perinatology and Child Health",FOR,3204,Immunology,group,False,constrained_lexical,0.022,"constrained to groups within division(s) 32,42"
OpenAlex,2735,"Pediatrics, Perinatology and Child Health",FOR,3299,Other biomedical and clinical sciences,group,False,constrained_lexical,0.0,"constrained to groups within division(s) 32,42"
OpenAlex,2735,"Pediatrics, Perinatology and Child Health",FOR,4207,Sports science and exercise,group,False,constrained_lexical,0.0,"constrained to groups within division(s) 32,42"
OpenAlex,2735,"Pediatrics, Perinatology and Child Health",FOR,3211,Oncology and carcinogenesis,group,False,constrained_lexical,0.043,"constrained to groups within division(s) 32,42"
OpenAlex,2735,"Pediatrics, Perinatology and Child Health",FOR,4205,Nursing,group,False,constrained_lexical,0.08,"constrained to groups within division(s) 32,42"
OpenAlex,2735,"Pediatrics, Perinatology and Child Health",FOR,4202,Epidemiology,group,False,constrained_lexical,0.083,"constrained to groups within division(s) 32,42"
OpenAlex,2735,"Pediatrics, Perinatology and Child Health",FOR,3202,Clinical sciences,group,False,constrained_lexical,0.092,"constrained to groups within division(s) 32,42"
OpenAlex,2735,"Pediatrics, Perinatology and Child Health",FOR,4206,Public health,group,True,constrained_lexical,0.361,"constrained to groups within division(s) 32,42"
OpenAlex,2735,"Pediatrics, Perinatology and Child Health",FOR,3213,Paediatrics,group,False,constrained_lexical,0.357,"constrained to groups within division(s) 32,42"
OpenAlex,2735,"Pediatrics, Perinatology and Child Health",FOR,3215,Reproductive medicine,group,False,constrained_lexical,0.211,"constrained to groups within division(s) 32,42"
OpenAlex,2735,"Pediatrics, Perinatology and Child Health",FOR,4299,Other health sciences,group,False,constrained_lexical,0.193,"constrained to groups within division(s) 32,42"
OpenAlex,2735,"Pediatrics, Perinatology and Child Health",FOR,4204,Midwifery,group,False,constrained_lexical,0.192,"constrained to groups within division(s) 32,42"
OpenAlex,2735,"Pediatrics, Perinatology and Child Health",FOR,3212,Ophthalmology and optometry,group,False,constrained_lexical,0.083,"constrained to groups within division(s) 32,42"
OpenAlex,2735,"Pediatrics, Perinatology and Child Health",FOR,4201,Allied health and rehabilitation science,group,False,constrained_lexical,0.152,"constrained to groups within division(s) 32,42"
OpenAlex,2735,"Pediatrics, Perinatology and Child Health",FOR,4203,Health services and systems,group,False,constrained_lexical,0.142,"constrained to groups within division(s) 32,42"
OpenAlex,2735,"Pediatrics, Perinatology and Child Health",FOR,3207,Medical microbiology,group,False,constrained_lexical,0.135,"constrained to groups within division(s) 32,42"
OpenAlex,2735,"Pediatrics, Perinatology and Child Health",FOR,3214,Pharmacology and pharmaceutical sciences,group,False,constrained_lexical,0.132,"constrained to groups within division(s) 32,42"
OpenAlex,2735,"Pediatrics, Perinatology and Child Health",FOR,3210,Nutrition and dietetics,group,False,constrained_lexical,0.161,"constrained to groups within division(s) 32,42"
OpenAlex,2736,Pharmacology,FOR,3205,Medical biochemistry and metabolomics,group,False,constrained_lexical,0.057,"constrained to groups within division(s) 32,42"
OpenAlex,2736,Pharmacology,FOR,4202,Epidemiology,group,False,constrained_lexical,0.056,"constrained to groups within division(s) 32,42"
OpenAlex,2736,Pharmacology,FOR,3206,Medical biotechnology,group,False,constrained_lexical,0.049,"constrained to groups within division(s) 32,42"
OpenAlex,2736,Pharmacology,FOR,4205,Nursing,group,False,constrained_lexical,0.04,"constrained to groups within division(s) 32,42"
OpenAlex,2736,Pharmacology,FOR,4204,Midwifery,group,False,constrained_lexical,0.038,"constrained to groups within division(s) 32,42"
OpenAlex,2736,Pharmacology,FOR,3210,Nutrition and dietetics,group,False,constrained_lexical,0.032,"constrained to groups within division(s) 32,42"
OpenAlex,2736,Pharmacology,FOR,3208,Medical physiology,group,False,constrained_lexical,0.059,"constrained to groups within division(s) 32,42"
OpenAlex,2736,Pharmacology,FOR,3211,Oncology and carcinogenesis,group,False,constrained_lexical,0.021,"constrained to groups within division(s) 32,42"
OpenAlex,2736,Pharmacology,FOR,4203,Health services and systems,group,False,constrained_lexical,0.013,"constrained to groups within division(s) 32,42"
OpenAlex,2736,Pharmacology,FOR,3212,Ophthalmology and optometry,group,False,constrained_lexical,0.0,"constrained to groups within division(s) 32,42"
OpenAlex,2736,Pharmacology,FOR,4206,Public health,group,False,constrained_lexical,0.036,"constrained to groups within division(s) 32,42"
OpenAlex,2736,Pharmacology,FOR,3203,Dentistry,group,False,constrained_lexical,0.059,"constrained to groups within division(s) 32,42"
OpenAlex,2736,Pharmacology,FOR,3215,Reproductive medicine,group,False,constrained_lexical,0.053,"constrained to groups within division(s) 32,42"
OpenAlex,2736,Pharmacology,FOR,3202,Clinical sciences,group,False,constrained_lexical,0.064,"constrained to groups within division(s) 32,42"
OpenAlex,2736,Pharmacology,FOR,4201,Allied health and rehabilitation science,group,False,constrained_lexical,0.061,"constrained to groups within division(s) 32,42"
OpenAlex,2736,Pharmacology,FOR,3214,Pharmacology and pharmaceutical sciences,group,True,constrained_lexical,0.553,"constrained to groups within division(s) 32,42"
OpenAlex,2736,Pharmacology,FOR,4208,"Traditional, complementary and integrative medicine",group,False,constrained_lexical,0.158,"constrained to groups within division(s) 32,42"
OpenAlex,2736,Pharmacology,FOR,4299,Other health sciences,group,False,constrained_lexical,0.15,"constrained to groups within division(s) 32,42"
OpenAlex,2736,Pharmacology,FOR,3207,Medical microbiology,group,False,constrained_lexical,0.108,"constrained to groups within division(s) 32,42"
OpenAlex,2736,Pharmacology,FOR,3201,Cardiovascular medicine and haematology,group,False,constrained_lexical,0.143,"constrained to groups within division(s) 32,42"
OpenAlex,2736,Pharmacology,FOR,3299,Other biomedical and clinical sciences,group,False,constrained_lexical,0.075,"constrained to groups within division(s) 32,42"
OpenAlex,2736,Pharmacology,FOR,3213,Paediatrics,group,False,constrained_lexical,0.071,"constrained to groups within division(s) 32,42"
OpenAlex,2736,Pharmacology,FOR,4207,Sports science and exercise,group,False,constrained_lexical,0.071,"constrained to groups within division(s) 32,42"
OpenAlex,2736,Pharmacology,FOR,3204,Immunology,group,False,constrained_lexical,0.065,"constrained to groups within division(s) 32,42"
OpenAlex,2736,Pharmacology,FOR,3209,Neurosciences,group,False,constrained_lexical,0.103,"constrained to groups within division(s) 32,42"
OpenAlex,2737,Physiology,FOR,3206,Medical biotechnology,group,False,constrained_lexical,0.049,"constrained to groups within division(s) 32,42"
OpenAlex,2737,Physiology,FOR,3213,Paediatrics,group,False,constrained_lexical,0.071,"constrained to groups within division(s) 32,42"
OpenAlex,2737,Physiology,FOR,3203,Dentistry,group,False,constrained_lexical,0.059,"constrained to groups within division(s) 32,42"
OpenAlex,2737,Physiology,FOR,3205,Medical biochemistry and metabolomics,group,False,constrained_lexical,0.057,"constrained to groups within division(s) 32,42"
OpenAlex,2737,Physiology,FOR,3211,Oncology and carcinogenesis,group,False,constrained_lexical,0.043,"constrained to groups within division(s) 32,42"
OpenAlex,2737,Physiology,FOR,3215,Reproductive medicine,group,False,constrained_lexical,0.0,"constrained to groups within division(s) 32,42"
OpenAlex,2737,Physiology,FOR,4206,Public health,group,False,constrained_lexical,0.036,"constrained to groups within division(s) 32,42"
OpenAlex,2737,Physiology,FOR,3209,Neurosciences,group,False,constrained_lexical,0.026,"constrained to groups within division(s) 32,42"
OpenAlex,2737,Physiology,FOR,4203,Health services and systems,group,False,constrained_lexical,0.025,"constrained to groups within division(s) 32,42"
OpenAlex,2737,Physiology,FOR,3204,Immunology,group,False,constrained_lexical,0.0,"constrained to groups within division(s) 32,42"
OpenAlex,2737,Physiology,FOR,3202,Clinical sciences,group,False,constrained_lexical,0.073,"constrained to groups within division(s) 32,42"
OpenAlex,2737,Physiology,FOR,4205,Nursing,group,False,constrained_lexical,0.04,"constrained to groups within division(s) 32,42"
OpenAlex,2737,Physiology,FOR,4204,Midwifery,group,False,constrained_lexical,0.077,"constrained to groups within division(s) 32,42"
OpenAlex,2737,Physiology,FOR,4207,Sports science and exercise,group,False,constrained_lexical,0.214,"constrained to groups within division(s) 32,42"
OpenAlex,2737,Physiology,FOR,4202,Epidemiology,group,False,constrained_lexical,0.083,"constrained to groups within division(s) 32,42"
OpenAlex,2737,Physiology,FOR,3207,Medical microbiology,group,False,constrained_lexical,0.081,"constrained to groups within division(s) 32,42"
OpenAlex,2737,Physiology,FOR,5199,Other physical sciences,group,False,constrained_lexical,0.3,"constrained to groups within division(s) 32,42"
OpenAlex,2737,Physiology,FOR,3201,Cardiovascular medicine and haematology,group,False,constrained_lexical,0.214,"constrained to groups within division(s) 32,42"
OpenAlex,2737,Physiology,FOR,3299,Other biomedical and clinical sciences,group,False,constrained_lexical,0.15,"constrained to groups within division(s) 32,42"
OpenAlex,2737,Physiology,FOR,4299,Other health sciences,group,False,constrained_lexical,0.15,"constrained to groups within division(s) 32,42"
OpenAlex,2737,Physiology,FOR,3208,Medical physiology,group,True,constrained_lexical,0.48,"constrained to groups within division(s) 32,42"
OpenAlex,2737,Physiology,FOR,4201,Allied health and rehabilitation science,group,False,constrained_lexical,0.121,"constrained to groups within division(s) 32,42"
OpenAlex,2737,Physiology,FOR,3214,Pharmacology and pharmaceutical sciences,group,False,constrained_lexical,0.105,"constrained to groups within division(s) 32,42"
OpenAlex,2737,Physiology,FOR,4208,"Traditional, complementary and integrative medicine",group,False,constrained_lexical,0.105,"constrained to groups within division(s) 32,42"
OpenAlex,2737,Physiology,FOR,3212,Ophthalmology and optometry,group,False,constrained_lexical,0.083,"constrained to groups within division(s) 32,42"
OpenAlex,2737,Physiology,FOR,3210,Nutrition and dietetics,group,False,constrained_lexical,0.129,"constrained to groups within division(s) 32,42"
OpenAlex,2738,Psychiatry and Mental health,FOR,3215,Reproductive medicine,group,False,constrained_lexical,0.053,"constrained to groups within division(s) 32,42"
OpenAlex,2738,Psychiatry and Mental health,FOR,4207,Sports science and exercise,group,False,constrained_lexical,0.0,"constrained to groups within division(s) 32,42"
OpenAlex,2738,Psychiatry and Mental health,FOR,3204,Immunology,group,False,constrained_lexical,0.043,"constrained to groups within division(s) 32,42"
OpenAlex,2738,Psychiatry and Mental health,FOR,3211,Oncology and carcinogenesis,group,False,constrained_lexical,0.043,"constrained to groups within division(s) 32,42"
OpenAlex,2738,Psychiatry and Mental health,FOR,3203,Dentistry,group,False,constrained_lexical,0.039,"constrained to groups within division(s) 32,42"
OpenAlex,2738,Psychiatry and Mental health,FOR,3209,Neurosciences,group,False,constrained_lexical,0.026,"constrained to groups within division(s) 32,42"
OpenAlex,2738,Psychiatry and Mental health,FOR,3205,Medical biochemistry and metabolomics,group,False,constrained_lexical,0.019,"constrained to groups within division(s) 32,42"
OpenAlex,2738,Psychiatry and Mental health,FOR,3212,Ophthalmology and optometry,group,False,constrained_lexical,0.0,"constrained to groups within division(s) 32,42"
OpenAlex,2738,Psychiatry and Mental health,FOR,3299,Other biomedical and clinical sciences,group,False,constrained_lexical,0.0,"constrained to groups within division(s) 32,42"
OpenAlex,2738,Psychiatry and Mental health,FOR,3214,Pharmacology and pharmaceutical sciences,group,False,constrained_lexical,0.053,"constrained to groups within division(s) 32,42"
OpenAlex,2738,Psychiatry and Mental health,FOR,4202,Epidemiology,group,False,constrained_lexical,0.028,"constrained to groups within division(s) 32,42"
OpenAlex,2738,Psychiatry and Mental health,FOR,3207,Medical microbiology,group,False,constrained_lexical,0.054,"constrained to groups within division(s) 32,42"
OpenAlex,2738,Psychiatry and Mental health,FOR,3202,Clinical sciences,group,False,constrained_lexical,0.049,"constrained to groups within division(s) 32,42"
OpenAlex,2738,Psychiatry and Mental health,FOR,3210,Nutrition and dietetics,group,False,constrained_lexical,0.065,"constrained to groups within division(s) 32,42"
OpenAlex,2738,Psychiatry and Mental health,FOR,4206,Public health,group,True,constrained_lexical,0.214,"constrained to groups within division(s) 32,42"
OpenAlex,2738,Psychiatry and Mental health,FOR,4299,Other health sciences,group,False,constrained_lexical,0.21,"constrained to groups within division(s) 32,42"
OpenAlex,2738,Psychiatry and Mental health,FOR,4204,Midwifery,group,False,constrained_lexical,0.192,"constrained to groups within division(s) 32,42"
OpenAlex,2738,Psychiatry and Mental health,FOR,4201,Allied health and rehabilitation science,group,False,constrained_lexical,0.172,"constrained to groups within division(s) 32,42"
OpenAlex,2738,Psychiatry and Mental health,FOR,4208,"Traditional, complementary and integrative medicine",group,False,constrained_lexical,0.158,"constrained to groups within division(s) 32,42"
OpenAlex,2738,Psychiatry and Mental health,FOR,3208,Medical physiology,group,False,constrained_lexical,0.059,"constrained to groups within division(s) 32,42"
OpenAlex,2738,Psychiatry and Mental health,FOR,3213,Paediatrics,group,False,constrained_lexical,0.143,"constrained to groups within division(s) 32,42"
OpenAlex,2738,Psychiatry and Mental health,FOR,4205,Nursing,group,False,constrained_lexical,0.12,"constrained to groups within division(s) 32,42"
OpenAlex,2738,Psychiatry and Mental health,FOR,3206,Medical biotechnology,group,False,constrained_lexical,0.073,"constrained to groups within division(s) 32,42"
OpenAlex,2738,Psychiatry and Mental health,FOR,3201,Cardiovascular medicine and haematology,group,False,constrained_lexical,0.071,"constrained to groups within division(s) 32,42"
OpenAlex,2738,Psychiatry and Mental health,FOR,4203,Health services and systems,group,False,constrained_lexical,0.149,"constrained to groups within division(s) 32,42"
OpenAlex,2739,"Public Health, Environmental and Occupational Health",FOR,3203,Dentistry,group,False,constrained_lexical,0.118,"constrained to groups within division(s) 32,42"
OpenAlex,2739,"Public Health, Environmental and Occupational Health",FOR,3215,Reproductive medicine,group,False,constrained_lexical,0.105,"constrained to groups within division(s) 32,42"
OpenAlex,2739,"Public Health, Environmental and Occupational Health",FOR,4208,"Traditional, complementary and integrative medicine",group,False,constrained_lexical,0.105,"constrained to groups within division(s) 32,42"
OpenAlex,2739,"Public Health, Environmental and Occupational Health",FOR,3209,Neurosciences,group,False,constrained_lexical,0.103,"constrained to groups within division(s) 32,42"
OpenAlex,2739,"Public Health, Environmental and Occupational Health",FOR,3206,Medical biotechnology,group,False,constrained_lexical,0.098,"constrained to groups within division(s) 32,42"
OpenAlex,2739,"Public Health, Environmental and Occupational Health",FOR,3211,Oncology and carcinogenesis,group,False,constrained_lexical,0.085,"constrained to groups within division(s) 32,42"
OpenAlex,2739,"Public Health, Environmental and Occupational Health",FOR,3202,Clinical sciences,group,False,constrained_lexical,0.128,"constrained to groups within division(s) 32,42"
OpenAlex,2739,"Public Health, Environmental and Occupational Health",FOR,3212,Ophthalmology and optometry,group,False,constrained_lexical,0.083,"constrained to groups within division(s) 32,42"
OpenAlex,2739,"Public Health, Environmental and Occupational Health",FOR,3205,Medical biochemistry and metabolomics,group,False,constrained_lexical,0.075,"constrained to groups within division(s) 32,42"
OpenAlex,2739,"Public Health, Environmental and Occupational Health",FOR,3299,Other biomedical and clinical sciences,group,False,constrained_lexical,0.075,"constrained to groups within division(s) 32,42"
OpenAlex,2739,"Public Health, Environmental and Occupational Health",FOR,3208,Medical physiology,group,False,constrained_lexical,0.088,"constrained to groups within division(s) 32,42"
OpenAlex,2739,"Public Health, Environmental and Occupational Health",FOR,3214,Pharmacology and pharmaceutical sciences,group,False,constrained_lexical,0.132,"constrained to groups within division(s) 32,42"
OpenAlex,2739,"Public Health, Environmental and Occupational Health",FOR,3204,Immunology,group,False,constrained_lexical,0.043,"constrained to groups within division(s) 32,42"
OpenAlex,2739,"Public Health, Environmental and Occupational Health",FOR,3213,Paediatrics,group,False,constrained_lexical,0.143,"constrained to groups within division(s) 32,42"
OpenAlex,2739,"Public Health, Environmental and Occupational Health",FOR,4206,Public health,group,True,constrained_lexical,0.661,"constrained to groups within division(s) 32,42"
OpenAlex,2739,"Public Health, Environmental and Occupational Health",FOR,4203,Health services and systems,group,False,constrained_lexical,0.248,"constrained to groups within division(s) 32,42"
OpenAlex,2739,"Public Health, Environmental and Occupational Health",FOR,4204,Midwifery,group,False,constrained_lexical,0.231,"constrained to groups within division(s) 32,42"
OpenAlex,2739,"Public Health, Environmental and Occupational Health",FOR,3210,Nutrition and dietetics,group,False,constrained_lexical,0.226,"constrained to groups within division(s) 32,42"
OpenAlex,2739,"Public Health, Environmental and Occupational Health",FOR,3201,Cardiovascular medicine and haematology,group,False,constrained_lexical,0.214,"constrained to groups within division(s) 32,42"
OpenAlex,2739,"Public Health, Environmental and Occupational Health",FOR,4207,Sports science and exercise,group,False,constrained_lexical,0.143,"constrained to groups within division(s) 32,42"
OpenAlex,2739,"Public Health, Environmental and Occupational Health",FOR,4202,Epidemiology,group,False,constrained_lexical,0.194,"constrained to groups within division(s) 32,42"
OpenAlex,2739,"Public Health, Environmental and Occupational Health",FOR,4299,Other health sciences,group,False,constrained_lexical,0.188,"constrained to groups within division(s) 32,42"
OpenAlex,2739,"Public Health, Environmental and Occupational Health",FOR,4201,Allied health and rehabilitation science,group,False,constrained_lexical,0.174,"constrained to groups within division(s) 32,42"
OpenAlex,2739,"Public Health, Environmental and Occupational Health",FOR,3207,Medical microbiology,group,False,constrained_lexical,0.162,"constrained to groups within division(s) 32,42"
OpenAlex,2739,"Public Health, Environmental and Occupational Health",FOR,4205,Nursing,group,False,constrained_lexical,0.2,"constrained to groups within division(s) 32,42"
OpenAlex,2740,Pulmonary and Respiratory Medicine,FOR,3203,Dentistry,group,False,constrained_lexical,0.118,"constrained to groups within division(s) 32,42"
OpenAlex,2740,Pulmonary and Respiratory Medicine,FOR,3210,Nutrition and dietetics,group,False,constrained_lexical,0.097,"constrained to groups within division(s) 32,42"
OpenAlex,2740,Pulmonary and Respiratory Medicine,FOR,3204,Immunology,group,False,constrained_lexical,0.087,"constrained to groups within division(s) 32,42"
OpenAlex,2740,Pulmonary and Respiratory Medicine,FOR,3212,Ophthalmology and optometry,group,False,constrained_lexical,0.083,"constrained to groups within division(s) 32,42"
OpenAlex,2740,Pulmonary and Respiratory Medicine,FOR,4202,Epidemiology,group,False,constrained_lexical,0.083,"constrained to groups within division(s) 32,42"
OpenAlex,2740,Pulmonary and Respiratory Medicine,FOR,3299,Other biomedical and clinical sciences,group,False,constrained_lexical,0.075,"constrained to groups within division(s) 32,42"
OpenAlex,2740,Pulmonary and Respiratory Medicine,FOR,4206,Public health,group,False,constrained_lexical,0.071,"constrained to groups within division(s) 32,42"
OpenAlex,2740,Pulmonary and Respiratory Medicine,FOR,4205,Nursing,group,False,constrained_lexical,0.04,"constrained to groups within division(s) 32,42"
OpenAlex,2740,Pulmonary and Respiratory Medicine,FOR,4204,Midwifery,group,False,constrained_lexical,0.038,"constrained to groups within division(s) 32,42"
OpenAlex,2740,Pulmonary and Respiratory Medicine,FOR,3214,Pharmacology and pharmaceutical sciences,group,False,constrained_lexical,0.132,"constrained to groups within division(s) 32,42"
OpenAlex,2740,Pulmonary and Respiratory Medicine,FOR,3209,Neurosciences,group,False,constrained_lexical,0.077,"constrained to groups within division(s) 32,42"
OpenAlex,2740,Pulmonary and Respiratory Medicine,FOR,4203,Health services and systems,group,False,constrained_lexical,0.038,"constrained to groups within division(s) 32,42"
OpenAlex,2740,Pulmonary and Respiratory Medicine,FOR,3213,Paediatrics,group,False,constrained_lexical,0.143,"constrained to groups within division(s) 32,42"
OpenAlex,2740,Pulmonary and Respiratory Medicine,FOR,4201,Allied health and rehabilitation science,group,False,constrained_lexical,0.152,"constrained to groups within division(s) 32,42"
OpenAlex,2740,Pulmonary and Respiratory Medicine,FOR,4299,Other health sciences,group,False,constrained_lexical,0.15,"constrained to groups within division(s) 32,42"
OpenAlex,2740,Pulmonary and Respiratory Medicine,FOR,3201,Cardiovascular medicine and haematology,group,True,constrained_lexical,0.397,"constrained to groups within division(s) 32,42"
OpenAlex,2740,Pulmonary and Respiratory Medicine,FOR,3207,Medical microbiology,group,False,constrained_lexical,0.278,"constrained to groups within division(s) 32,42"
OpenAlex,2740,Pulmonary and Respiratory Medicine,FOR,3208,Medical physiology,group,False,constrained_lexical,0.261,"constrained to groups within division(s) 32,42"
OpenAlex,2740,Pulmonary and Respiratory Medicine,FOR,3206,Medical biotechnology,group,False,constrained_lexical,0.24,"constrained to groups within division(s) 32,42"
OpenAlex,2740,Pulmonary and Respiratory Medicine,FOR,4208,"Traditional, complementary and integrative medicine",group,False,constrained_lexical,0.249,"constrained to groups within division(s) 32,42"
OpenAlex,2740,Pulmonary and Respiratory Medicine,FOR,4207,Sports science and exercise,group,False,constrained_lexical,0.214,"constrained to groups within division(s) 32,42"
OpenAlex,2740,Pulmonary and Respiratory Medicine,FOR,3215,Reproductive medicine,group,False,constrained_lexical,0.195,"constrained to groups within division(s) 32,42"
OpenAlex,2740,Pulmonary and Respiratory Medicine,FOR,3205,Medical biochemistry and metabolomics,group,False,constrained_lexical,0.168,"constrained to groups within division(s) 32,42"
OpenAlex,2740,Pulmonary and Respiratory Medicine,FOR,3202,Clinical sciences,group,False,constrained_lexical,0.165,"constrained to groups within division(s) 32,42"
OpenAlex,2740,Pulmonary and Respiratory Medicine,FOR,3211,Oncology and carcinogenesis,group,False,constrained_lexical,0.234,"constrained to groups within division(s) 32,42"
OpenAlex,2741,"Radiology, Nuclear Medicine and Imaging",FOR,4299,Other health sciences,group,False,constrained_lexical,0.0,"constrained to groups within division(s) 32,42"
OpenAlex,2741,"Radiology, Nuclear Medicine and Imaging",FOR,4203,Health services and systems,group,False,constrained_lexical,0.013,"constrained to groups within division(s) 32,42"
OpenAlex,2741,"Radiology, Nuclear Medicine and Imaging",FOR,3210,Nutrition and dietetics,group,False,constrained_lexical,0.0,"constrained to groups within division(s) 32,42"
OpenAlex,2741,"Radiology, Nuclear Medicine and Imaging",FOR,3213,Paediatrics,group,False,constrained_lexical,0.0,"constrained to groups within division(s) 32,42"
OpenAlex,2741,"Radiology, Nuclear Medicine and Imaging",FOR,3299,Other biomedical and clinical sciences,group,False,constrained_lexical,0.0,"constrained to groups within division(s) 32,42"
OpenAlex,2741,"Radiology, Nuclear Medicine and Imaging",FOR,4204,Midwifery,group,False,constrained_lexical,0.0,"constrained to groups within division(s) 32,42"
OpenAlex,2741,"Radiology, Nuclear Medicine and Imaging",FOR,4202,Epidemiology,group,False,constrained_lexical,0.0,"constrained to groups within division(s) 32,42"
OpenAlex,2741,"Radiology, Nuclear Medicine and Imaging",FOR,4205,Nursing,group,False,constrained_lexical,0.0,"constrained to groups within division(s) 32,42"
OpenAlex,2741,"Radiology, Nuclear Medicine and Imaging",FOR,4206,Public health,group,False,constrained_lexical,0.0,"constrained to groups within division(s) 32,42"
OpenAlex,2741,"Radiology, Nuclear Medicine and Imaging",FOR,4207,Sports science and exercise,group,False,constrained_lexical,0.0,"constrained to groups within division(s) 32,42"
OpenAlex,2741,"Radiology, Nuclear Medicine and Imaging",FOR,4201,Allied health and rehabilitation science,group,False,constrained_lexical,0.0,"constrained to groups within division(s) 32,42"
OpenAlex,2741,"Radiology, Nuclear Medicine and Imaging",FOR,3204,Immunology,group,False,constrained_lexical,0.043,"constrained to groups within division(s) 32,42"
OpenAlex,2741,"Radiology, Nuclear Medicine and Imaging",FOR,3203,Dentistry,group,False,constrained_lexical,0.059,"constrained to groups within division(s) 32,42"
OpenAlex,2741,"Radiology, Nuclear Medicine and Imaging",FOR,3214,Pharmacology and pharmaceutical sciences,group,False,constrained_lexical,0.079,"constrained to groups within division(s) 32,42"
OpenAlex,2741,"Radiology, Nuclear Medicine and Imaging",FOR,3201,Cardiovascular medicine and haematology,group,True,constrained_lexical,0.234,"constrained to groups within division(s) 32,42"
OpenAlex,2741,"Radiology, Nuclear Medicine and Imaging",FOR,3208,Medical physiology,group,False,constrained_lexical,0.229,"constrained to groups within division(s) 32,42"
OpenAlex,2741,"Radiology, Nuclear Medicine and Imaging",FOR,3206,Medical biotechnology,group,False,constrained_lexical,0.184,"constrained to groups within division(s) 32,42"
OpenAlex,2741,"Radiology, Nuclear Medicine and Imaging",FOR,4208,"Traditional, complementary and integrative medicine",group,False,constrained_lexical,0.182,"constrained to groups within division(s) 32,42"
OpenAlex,2741,"Radiology, Nuclear Medicine and Imaging",FOR,3212,Ophthalmology and optometry,group,False,constrained_lexical,0.167,"constrained to groups within division(s) 32,42"
OpenAlex,2741,"Radiology, Nuclear Medicine and Imaging",FOR,3209,Neurosciences,group,False,constrained_lexical,0.051,"constrained to groups within division(s) 32,42"
OpenAlex,2741,"Radiology, Nuclear Medicine and Imaging",FOR,3215,Reproductive medicine,group,False,constrained_lexical,0.164,"constrained to groups within division(s) 32,42"
OpenAlex,2741,"Radiology, Nuclear Medicine and Imaging",FOR,3207,Medical microbiology,group,False,constrained_lexical,0.138,"constrained to groups within division(s) 32,42"
OpenAlex,2741,"Radiology, Nuclear Medicine and Imaging",FOR,3202,Clinical sciences,group,False,constrained_lexical,0.119,"constrained to groups within division(s) 32,42"
OpenAlex,2741,"Radiology, Nuclear Medicine and Imaging",FOR,3211,Oncology and carcinogenesis,group,False,constrained_lexical,0.106,"constrained to groups within division(s) 32,42"
OpenAlex,2741,"Radiology, Nuclear Medicine and Imaging",FOR,3205,Medical biochemistry and metabolomics,group,False,constrained_lexical,0.166,"constrained to groups within division(s) 32,42"
OpenAlex,2742,Rehabilitation,FOR,3201,Cardiovascular medicine and haematology,group,False,constrained_lexical,0.0,"constrained to groups within division(s) 32,42"
OpenAlex,2742,Rehabilitation,FOR,3203,Dentistry,group,False,constrained_lexical,0.0,"constrained to groups within division(s) 32,42"
OpenAlex,2742,Rehabilitation,FOR,3204,Immunology,group,False,constrained_lexical,0.0,"constrained to groups within division(s) 32,42"
OpenAlex,2742,Rehabilitation,FOR,3205,Medical biochemistry and metabolomics,group,False,constrained_lexical,0.0,"constrained to groups within division(s) 32,42"
OpenAlex,2742,Rehabilitation,FOR,3209,Neurosciences,group,False,constrained_lexical,0.0,"constrained to groups within division(s) 32,42"
OpenAlex,2742,Rehabilitation,FOR,3212,Ophthalmology and optometry,group,False,constrained_lexical,0.0,"constrained to groups within division(s) 32,42"
OpenAlex,2742,Rehabilitation,FOR,4203,Health services and systems,group,False,constrained_lexical,0.024,"constrained to groups within division(s) 32,42"
OpenAlex,2742,Rehabilitation,FOR,3214,Pharmacology and pharmaceutical sciences,group,False,constrained_lexical,0.0,"constrained to groups within division(s) 32,42"
OpenAlex,2742,Rehabilitation,FOR,3215,Reproductive medicine,group,False,constrained_lexical,0.0,"constrained to groups within division(s) 32,42"
OpenAlex,2742,Rehabilitation,FOR,3299,Other biomedical and clinical sciences,group,False,constrained_lexical,0.0,"constrained to groups within division(s) 32,42"
OpenAlex,2742,Rehabilitation,FOR,3211,Oncology and carcinogenesis,group,False,constrained_lexical,0.0,"constrained to groups within division(s) 32,42"
OpenAlex,2742,Rehabilitation,FOR,3206,Medical biotechnology,group,False,constrained_lexical,0.024,"constrained to groups within division(s) 32,42"
OpenAlex,2742,Rehabilitation,FOR,4202,Epidemiology,group,False,constrained_lexical,0.0,"constrained to groups within division(s) 32,42"
OpenAlex,2742,Rehabilitation,FOR,3208,Medical physiology,group,False,constrained_lexical,0.029,"constrained to groups within division(s) 32,42"
OpenAlex,2742,Rehabilitation,FOR,4201,Allied health and rehabilitation science,group,True,constrained_lexical,0.321,"constrained to groups within division(s) 32,42"
OpenAlex,2742,Rehabilitation,FOR,4207,Sports science and exercise,group,False,constrained_lexical,0.214,"constrained to groups within division(s) 32,42"
OpenAlex,2742,Rehabilitation,FOR,4299,Other health sciences,group,False,constrained_lexical,0.15,"constrained to groups within division(s) 32,42"
OpenAlex,2742,Rehabilitation,FOR,3213,Paediatrics,group,False,constrained_lexical,0.071,"constrained to groups within division(s) 32,42"
OpenAlex,2742,Rehabilitation,FOR,3210,Nutrition and dietetics,group,False,constrained_lexical,0.065,"constrained to groups within division(s) 32,42"
OpenAlex,2742,Rehabilitation,FOR,3207,Medical microbiology,group,False,constrained_lexical,0.027,"constrained to groups within division(s) 32,42"
OpenAlex,2742,Rehabilitation,FOR,3202,Clinical sciences,group,False,constrained_lexical,0.048,"constrained to groups within division(s) 32,42"
OpenAlex,2742,Rehabilitation,FOR,4205,Nursing,group,False,constrained_lexical,0.04,"constrained to groups within division(s) 32,42"
OpenAlex,2742,Rehabilitation,FOR,4204,Midwifery,group,False,constrained_lexical,0.038,"constrained to groups within division(s) 32,42"
OpenAlex,2742,Rehabilitation,FOR,4206,Public health,group,False,constrained_lexical,0.036,"constrained to groups within division(s) 32,42"
OpenAlex,2742,Rehabilitation,FOR,4208,"Traditional, complementary and integrative medicine",group,False,constrained_lexical,0.053,"constrained to groups within division(s) 32,42"
OpenAlex,2743,Reproductive Medicine,FOR,4205,Nursing,group,False,constrained_lexical,0.04,"constrained to groups within division(s) 32,42"
OpenAlex,2743,Reproductive Medicine,FOR,4204,Midwifery,group,False,constrained_lexical,0.038,"constrained to groups within division(s) 32,42"
OpenAlex,2743,Reproductive Medicine,FOR,4206,Public health,group,False,constrained_lexical,0.036,"constrained to groups within division(s) 32,42"
OpenAlex,2743,Reproductive Medicine,FOR,3210,Nutrition and dietetics,group,False,constrained_lexical,0.032,"constrained to groups within division(s) 32,42"
OpenAlex,2743,Reproductive Medicine,FOR,4201,Allied health and rehabilitation science,group,False,constrained_lexical,0.03,"constrained to groups within division(s) 32,42"
OpenAlex,2743,Reproductive Medicine,FOR,4203,Health services and systems,group,False,constrained_lexical,0.022,"constrained to groups within division(s) 32,42"
OpenAlex,2743,Reproductive Medicine,FOR,3204,Immunology,group,False,constrained_lexical,0.0,"constrained to groups within division(s) 32,42"
OpenAlex,2743,Reproductive Medicine,FOR,3209,Neurosciences,group,False,constrained_lexical,0.0,"constrained to groups within division(s) 32,42"
OpenAlex,2743,Reproductive Medicine,FOR,3299,Other biomedical and clinical sciences,group,False,constrained_lexical,0.0,"constrained to groups within division(s) 32,42"
OpenAlex,2743,Reproductive Medicine,FOR,3214,Pharmacology and pharmaceutical sciences,group,False,constrained_lexical,0.053,"constrained to groups within division(s) 32,42"
OpenAlex,2743,Reproductive Medicine,FOR,3203,Dentistry,group,False,constrained_lexical,0.022,"constrained to groups within division(s) 32,42"
OpenAlex,2743,Reproductive Medicine,FOR,4202,Epidemiology,group,False,constrained_lexical,0.0,"constrained to groups within division(s) 32,42"
OpenAlex,2743,Reproductive Medicine,FOR,3211,Oncology and carcinogenesis,group,False,constrained_lexical,0.065,"constrained to groups within division(s) 32,42"
OpenAlex,2743,Reproductive Medicine,FOR,3213,Paediatrics,group,False,constrained_lexical,0.071,"constrained to groups within division(s) 32,42"
OpenAlex,2743,Reproductive Medicine,FOR,4207,Sports science and exercise,group,False,constrained_lexical,0.071,"constrained to groups within division(s) 32,42"
OpenAlex,2743,Reproductive Medicine,FOR,3215,Reproductive medicine,group,True,constrained_lexical,1.0,"constrained to groups within division(s) 32,42"
OpenAlex,2743,Reproductive Medicine,FOR,3206,Medical biotechnology,group,False,constrained_lexical,0.273,"constrained to groups within division(s) 32,42"
OpenAlex,2743,Reproductive Medicine,FOR,3208,Medical physiology,group,False,constrained_lexical,0.259,"constrained to groups within division(s) 32,42"
OpenAlex,2743,Reproductive Medicine,FOR,4208,"Traditional, complementary and integrative medicine",group,False,constrained_lexical,0.216,"constrained to groups within division(s) 32,42"
OpenAlex,2743,Reproductive Medicine,FOR,3207,Medical microbiology,group,False,constrained_lexical,0.254,"constrained to groups within division(s) 32,42"
OpenAlex,2743,Reproductive Medicine,FOR,3205,Medical biochemistry and metabolomics,group,False,constrained_lexical,0.165,"constrained to groups within division(s) 32,42"
OpenAlex,2743,Reproductive Medicine,FOR,4299,Other health sciences,group,False,constrained_lexical,0.15,"constrained to groups within division(s) 32,42"
OpenAlex,2743,Reproductive Medicine,FOR,3202,Clinical sciences,group,False,constrained_lexical,0.13,"constrained to groups within division(s) 32,42"
OpenAlex,2743,Reproductive Medicine,FOR,3212,Ophthalmology and optometry,group,False,constrained_lexical,0.083,"constrained to groups within division(s) 32,42"
OpenAlex,2743,Reproductive Medicine,FOR,3201,Cardiovascular medicine and haematology,group,False,constrained_lexical,0.214,"constrained to groups within division(s) 32,42"
OpenAlex,2745,Rheumatology,FOR,3299,Other biomedical and clinical sciences,group,False,constrained_lexical,0.0,"constrained to groups within division(s) 32,42"
OpenAlex,2745,Rheumatology,FOR,4205,Nursing,group,False,constrained_lexical,0.04,"constrained to groups within division(s) 32,42"
OpenAlex,2745,Rheumatology,FOR,4204,Midwifery,group,False,constrained_lexical,0.038,"constrained to groups within division(s) 32,42"
OpenAlex,2745,Rheumatology,FOR,4206,Public health,group,False,constrained_lexical,0.036,"constrained to groups within division(s) 32,42"
OpenAlex,2745,Rheumatology,FOR,3210,Nutrition and dietetics,group,False,constrained_lexical,0.032,"constrained to groups within division(s) 32,42"
OpenAlex,2745,Rheumatology,FOR,3214,Pharmacology and pharmaceutical sciences,group,False,constrained_lexical,0.026,"constrained to groups within division(s) 32,42"
OpenAlex,2745,Rheumatology,FOR,4202,Epidemiology,group,False,constrained_lexical,0.028,"constrained to groups within division(s) 32,42"
OpenAlex,2745,Rheumatology,FOR,4203,Health services and systems,group,False,constrained_lexical,0.025,"constrained to groups within division(s) 32,42"
OpenAlex,2745,Rheumatology,FOR,3205,Medical biochemistry and metabolomics,group,False,constrained_lexical,0.019,"constrained to groups within division(s) 32,42"
OpenAlex,2745,Rheumatology,FOR,3212,Ophthalmology and optometry,group,False,constrained_lexical,0.0,"constrained to groups within division(s) 32,42"
OpenAlex,2745,Rheumatology,FOR,3208,Medical physiology,group,False,constrained_lexical,0.029,"constrained to groups within division(s) 32,42"
OpenAlex,2745,Rheumatology,FOR,3211,Oncology and carcinogenesis,group,False,constrained_lexical,0.043,"constrained to groups within division(s) 32,42"
OpenAlex,2745,Rheumatology,FOR,3204,Immunology,group,False,constrained_lexical,0.043,"constrained to groups within division(s) 32,42"
OpenAlex,2745,Rheumatology,FOR,4208,"Traditional, complementary and integrative medicine",group,False,constrained_lexical,0.053,"constrained to groups within division(s) 32,42"
OpenAlex,2745,Rheumatology,FOR,4299,Other health sciences,group,True,constrained_lexical,0.15,"constrained to groups within division(s) 32,42"
OpenAlex,2745,Rheumatology,FOR,3202,Clinical sciences,group,False,constrained_lexical,0.101,"constrained to groups within division(s) 32,42"
OpenAlex,2745,Rheumatology,FOR,3206,Medical biotechnology,group,False,constrained_lexical,0.098,"constrained to groups within division(s) 32,42"
OpenAlex,2745,Rheumatology,FOR,4201,Allied health and rehabilitation science,group,False,constrained_lexical,0.091,"constrained to groups within division(s) 32,42"
OpenAlex,2745,Rheumatology,FOR,3201,Cardiovascular medicine and haematology,group,False,constrained_lexical,0.071,"constrained to groups within division(s) 32,42"
OpenAlex,2745,Rheumatology,FOR,3209,Neurosciences,group,False,constrained_lexical,0.051,"constrained to groups within division(s) 32,42"
OpenAlex,2745,Rheumatology,FOR,4207,Sports science and exercise,group,False,constrained_lexical,0.071,"constrained to groups within division(s) 32,42"
OpenAlex,2745,Rheumatology,FOR,3203,Dentistry,group,False,constrained_lexical,0.059,"constrained to groups within division(s) 32,42"
OpenAlex,2745,Rheumatology,FOR,3207,Medical microbiology,group,False,constrained_lexical,0.054,"constrained to groups within division(s) 32,42"
OpenAlex,2745,Rheumatology,FOR,3215,Reproductive medicine,group,False,constrained_lexical,0.053,"constrained to groups within division(s) 32,42"
OpenAlex,2745,Rheumatology,FOR,3213,Paediatrics,group,False,constrained_lexical,0.071,"constrained to groups within division(s) 32,42"
OpenAlex,2746,Surgery,FOR,3205,Medical biochemistry and metabolomics,group,False,constrained_lexical,0.094,"constrained to groups within division(s) 32,42"
OpenAlex,2746,Surgery,FOR,3212,Ophthalmology and optometry,group,False,constrained_lexical,0.083,"constrained to groups within division(s) 32,42"
OpenAlex,2746,Surgery,FOR,4202,Epidemiology,group,False,constrained_lexical,0.083,"constrained to groups within division(s) 32,42"
OpenAlex,2746,Surgery,FOR,4205,Nursing,group,False,constrained_lexical,0.08,"constrained to groups within division(s) 32,42"
OpenAlex,2746,Surgery,FOR,4204,Midwifery,group,False,constrained_lexical,0.077,"constrained to groups within division(s) 32,42"
OpenAlex,2746,Surgery,FOR,3213,Paediatrics,group,False,constrained_lexical,0.071,"constrained to groups within division(s) 32,42"
OpenAlex,2746,Surgery,FOR,4207,Sports science and exercise,group,False,constrained_lexical,0.071,"constrained to groups within division(s) 32,42"
OpenAlex,2746,Surgery,FOR,3215,Reproductive medicine,group,False,constrained_lexical,0.053,"constrained to groups within division(s) 32,42"
OpenAlex,2746,Surgery,FOR,4203,Health services and systems,group,False,constrained_lexical,0.051,"constrained to groups within division(s) 32,42"
OpenAlex,2746,Surgery,FOR,3209,Neurosciences,group,False,constrained_lexical,0.103,"constrained to groups within division(s) 32,42"
OpenAlex,2746,Surgery,FOR,3299,Other biomedical and clinical sciences,group,False,constrained_lexical,0.075,"constrained to groups within division(s) 32,42"
OpenAlex,2746,Surgery,FOR,3214,Pharmacology and pharmaceutical sciences,group,False,constrained_lexical,0.105,"constrained to groups within division(s) 32,42"
OpenAlex,2746,Surgery,FOR,3210,Nutrition and dietetics,group,False,constrained_lexical,0.032,"constrained to groups within division(s) 32,42"
OpenAlex,2746,Surgery,FOR,3208,Medical physiology,group,False,constrained_lexical,0.118,"constrained to groups within division(s) 32,42"
OpenAlex,2746,Surgery,FOR,3201,Cardiovascular medicine and haematology,group,True,constrained_lexical,0.214,"constrained to groups within division(s) 32,42"
OpenAlex,2746,Surgery,FOR,4208,"Traditional, complementary and integrative medicine",group,False,constrained_lexical,0.211,"constrained to groups within division(s) 32,42"
OpenAlex,2746,Surgery,FOR,3202,Clinical sciences,group,False,constrained_lexical,0.202,"constrained to groups within division(s) 32,42"
OpenAlex,2746,Surgery,FOR,3206,Medical biotechnology,group,False,constrained_lexical,0.171,"constrained to groups within division(s) 32,42"
OpenAlex,2746,Surgery,FOR,3207,Medical microbiology,group,False,constrained_lexical,0.162,"constrained to groups within division(s) 32,42"
OpenAlex,2746,Surgery,FOR,3204,Immunology,group,False,constrained_lexical,0.109,"constrained to groups within division(s) 32,42"
OpenAlex,2746,Surgery,FOR,4201,Allied health and rehabilitation science,group,False,constrained_lexical,0.152,"constrained to groups within division(s) 32,42"
OpenAlex,2746,Surgery,FOR,4299,Other health sciences,group,False,constrained_lexical,0.15,"constrained to groups within division(s) 32,42"
OpenAlex,2746,Surgery,FOR,4206,Public health,group,False,constrained_lexical,0.143,"constrained to groups within division(s) 32,42"
OpenAlex,2746,Surgery,FOR,3211,Oncology and carcinogenesis,group,False,constrained_lexical,0.128,"constrained to groups within division(s) 32,42"
OpenAlex,2746,Surgery,FOR,3203,Dentistry,group,False,constrained_lexical,0.157,"constrained to groups within division(s) 32,42"
OpenAlex,2747,Transplantation,FOR,3214,Pharmacology and pharmaceutical sciences,group,False,constrained_lexical,0.0,"constrained to groups within division(s) 32,42"
OpenAlex,2747,Transplantation,FOR,3215,Reproductive medicine,group,False,constrained_lexical,0.0,"constrained to groups within division(s) 32,42"
OpenAlex,2747,Transplantation,FOR,3299,Other biomedical and clinical sciences,group,False,constrained_lexical,0.0,"constrained to groups within division(s) 32,42"
OpenAlex,2747,Transplantation,FOR,4201,Allied health and rehabilitation science,group,False,constrained_lexical,0.0,"constrained to groups within division(s) 32,42"
OpenAlex,2747,Transplantation,FOR,4202,Epidemiology,group,False,constrained_lexical,0.0,"constrained to groups within division(s) 32,42"
OpenAlex,2747,Transplantation,FOR,4204,Midwifery,group,False,constrained_lexical,0.0,"constrained to groups within division(s) 32,42"
OpenAlex,2747,Transplantation,FOR,4205,Nursing,group,False,constrained_lexical,0.0,"constrained to groups within division(s) 32,42"
OpenAlex,2747,Transplantation,FOR,4206,Public health,group,False,constrained_lexical,0.0,"constrained to groups within division(s) 32,42"
OpenAlex,2747,Transplantation,FOR,4207,Sports science and exercise,group,False,constrained_lexical,0.0,"constrained to groups within division(s) 32,42"
OpenAlex,2747,Transplantation,FOR,3213,Paediatrics,group,False,constrained_lexical,0.0,"constrained to groups within division(s) 32,42"
OpenAlex,2747,Transplantation,FOR,4203,Health services and systems,group,False,constrained_lexical,0.0,"constrained to groups within division(s) 32,42"
OpenAlex,2747,Transplantation,FOR,4299,Other health sciences,group,False,constrained_lexical,0.0,"constrained to groups within division(s) 32,42"
OpenAlex,2747,Transplantation,FOR,3212,Ophthalmology and optometry,group,False,constrained_lexical,0.0,"constrained to groups within division(s) 32,42"
OpenAlex,2747,Transplantation,FOR,3210,Nutrition and dietetics,group,False,constrained_lexical,0.0,"constrained to groups within division(s) 32,42"
OpenAlex,2747,Transplantation,FOR,3211,Oncology and carcinogenesis,group,False,constrained_lexical,0.0,"constrained to groups within division(s) 32,42"
OpenAlex,2747,Transplantation,FOR,3202,Clinical sciences,group,True,constrained_lexical,0.133,"constrained to groups within division(s) 32,42"
OpenAlex,2747,Transplantation,FOR,3204,Immunology,group,False,constrained_lexical,0.067,"constrained to groups within division(s) 32,42"
OpenAlex,2747,Transplantation,FOR,4208,"Traditional, complementary and integrative medicine",group,False,constrained_lexical,0.067,"constrained to groups within division(s) 32,42"
OpenAlex,2747,Transplantation,FOR,3201,Cardiovascular medicine and haematology,group,False,constrained_lexical,0.0,"constrained to groups within division(s) 32,42"
OpenAlex,2747,Transplantation,FOR,3205,Medical biochemistry and metabolomics,group,False,constrained_lexical,0.067,"constrained to groups within division(s) 32,42"
OpenAlex,2747,Transplantation,FOR,3206,Medical biotechnology,group,False,constrained_lexical,0.0,"constrained to groups within division(s) 32,42"
OpenAlex,2747,Transplantation,FOR,3207,Medical microbiology,group,False,constrained_lexical,0.0,"constrained to groups within division(s) 32,42"
OpenAlex,2747,Transplantation,FOR,3208,Medical physiology,group,False,constrained_lexical,0.0,"constrained to groups within division(s) 32,42"
OpenAlex,2747,Transplantation,FOR,3209,Neurosciences,group,False,constrained_lexical,0.0,"constrained to groups within division(s) 32,42"
OpenAlex,2747,Transplantation,FOR,3203,Dentistry,group,False,constrained_lexical,0.0,"constrained to groups within division(s) 32,42"
OpenAlex,2748,Urology,FOR,3299,Other biomedical and clinical sciences,group,False,constrained_lexical,0.0,"constrained to groups within division(s) 32,42"
OpenAlex,2748,Urology,FOR,3214,Pharmacology and pharmaceutical sciences,group,False,constrained_lexical,0.0,"constrained to groups within division(s) 32,42"
OpenAlex,2748,Urology,FOR,3215,Reproductive medicine,group,False,constrained_lexical,0.0,"constrained to groups within division(s) 32,42"
OpenAlex,2748,Urology,FOR,4299,Other health sciences,group,False,constrained_lexical,0.0,"constrained to groups within division(s) 32,42"
OpenAlex,2748,Urology,FOR,4202,Epidemiology,group,False,constrained_lexical,0.0,"constrained to groups within division(s) 32,42"
OpenAlex,2748,Urology,FOR,3213,Paediatrics,group,False,constrained_lexical,0.0,"constrained to groups within division(s) 32,42"
OpenAlex,2748,Urology,FOR,4204,Midwifery,group,False,constrained_lexical,0.0,"constrained to groups within division(s) 32,42"
OpenAlex,2748,Urology,FOR,4205,Nursing,group,False,constrained_lexical,0.0,"constrained to groups within division(s) 32,42"
OpenAlex,2748,Urology,FOR,4206,Public health,group,False,constrained_lexical,0.0,"constrained to groups within division(s) 32,42"
OpenAlex,2748,Urology,FOR,4207,Sports science and exercise,group,False,constrained_lexical,0.0,"constrained to groups within division(s) 32,42"
OpenAlex,2748,Urology,FOR,4203,Health services and systems,group,False,constrained_lexical,0.0,"constrained to groups within division(s) 32,42"
OpenAlex,2748,Urology,FOR,3212,Ophthalmology and optometry,group,False,constrained_lexical,0.0,"constrained to groups within division(s) 32,42"
OpenAlex,2748,Urology,FOR,3205,Medical biochemistry and metabolomics,group,False,constrained_lexical,0.0,"constrained to groups within division(s) 32,42"
OpenAlex,2748,Urology,FOR,3210,Nutrition and dietetics,group,False,constrained_lexical,0.0,"constrained to groups within division(s) 32,42"
OpenAlex,2748,Urology,FOR,3211,Oncology and carcinogenesis,group,False,constrained_lexical,0.0,"constrained to groups within division(s) 32,42"
OpenAlex,2748,Urology,FOR,3202,Clinical sciences,group,True,constrained_lexical,0.067,"constrained to groups within division(s) 32,42"
OpenAlex,2748,Urology,FOR,4208,"Traditional, complementary and integrative medicine",group,False,constrained_lexical,0.053,"constrained to groups within division(s) 32,42"
OpenAlex,2748,Urology,FOR,3206,Medical biotechnology,group,False,constrained_lexical,0.033,"constrained to groups within division(s) 32,42"
OpenAlex,2748,Urology,FOR,4201,Allied health and rehabilitation science,group,False,constrained_lexical,0.033,"constrained to groups within division(s) 32,42"
OpenAlex,2748,Urology,FOR,3203,Dentistry,group,False,constrained_lexical,0.067,"constrained to groups within division(s) 32,42"
OpenAlex,2748,Urology,FOR,3204,Immunology,group,False,constrained_lexical,0.0,"constrained to groups within division(s) 32,42"
OpenAlex,2748,Urology,FOR,3207,Medical microbiology,group,False,constrained_lexical,0.0,"constrained to groups within division(s) 32,42"
OpenAlex,2748,Urology,FOR,3208,Medical physiology,group,False,constrained_lexical,0.0,"constrained to groups within division(s) 32,42"
OpenAlex,2748,Urology,FOR,3209,Neurosciences,group,False,constrained_lexical,0.0,"constrained to groups within division(s) 32,42"
OpenAlex,2748,Urology,FOR,3201,Cardiovascular medicine and haematology,group,False,constrained_lexical,0.0,"constrained to groups within division(s) 32,42"
OpenAlex,2802,Behavioral Neuroscience,FOR,3210,Nutrition and dietetics,group,False,constrained_lexical,0.0,constrained to groups within division(s) 32
OpenAlex,2802,Behavioral Neuroscience,FOR,3299,Other biomedical and clinical sciences,group,False,constrained_lexical,0.0,constrained to groups within division(s) 32
OpenAlex,2802,Behavioral Neuroscience,FOR,3215,Reproductive medicine,group,False,constrained_lexical,0.0,constrained to groups within division(s) 32
OpenAlex,2802,Behavioral Neuroscience,FOR,3214,Pharmacology and pharmaceutical sciences,group,False,constrained_lexical,0.0,constrained to groups within division(s) 32
OpenAlex,2802,Behavioral Neuroscience,FOR,3213,Paediatrics,group,False,constrained_lexical,0.0,constrained to groups within division(s) 32
OpenAlex,2802,Behavioral Neuroscience,FOR,3212,Ophthalmology and optometry,group,False,constrained_lexical,0.0,constrained to groups within division(s) 32
OpenAlex,2802,Behavioral Neuroscience,FOR,3211,Oncology and carcinogenesis,group,False,constrained_lexical,0.0,constrained to groups within division(s) 32
OpenAlex,2802,Behavioral Neuroscience,FOR,3208,Medical physiology,group,False,constrained_lexical,0.0,constrained to groups within division(s) 32
OpenAlex,2802,Behavioral Neuroscience,FOR,3205,Medical biochemistry and metabolomics,group,False,constrained_lexical,0.0,constrained to groups within division(s) 32
OpenAlex,2802,Behavioral Neuroscience,FOR,3206,Medical biotechnology,group,False,constrained_lexical,0.0,constrained to groups within division(s) 32
OpenAlex,2802,Behavioral Neuroscience,FOR,3204,Immunology,group,False,constrained_lexical,0.0,constrained to groups within division(s) 32
OpenAlex,2802,Behavioral Neuroscience,FOR,3203,Dentistry,group,False,constrained_lexical,0.0,constrained to groups within division(s) 32
OpenAlex,2802,Behavioral Neuroscience,FOR,3202,Clinical sciences,group,False,constrained_lexical,0.0,constrained to groups within division(s) 32
OpenAlex,2802,Behavioral Neuroscience,FOR,3201,Cardiovascular medicine and haematology,group,False,constrained_lexical,0.0,constrained to groups within division(s) 32
OpenAlex,2802,Behavioral Neuroscience,FOR,3209,Neurosciences,group,True,constrained_lexical,0.444,constrained to groups within division(s) 32
OpenAlex,2802,Behavioral Neuroscience,FOR,3207,Medical microbiology,group,False,constrained_lexical,0.0,constrained to groups within division(s) 32
OpenAlex,2803,Biological Psychiatry,FOR,3209,Neurosciences,group,False,constrained_lexical,0.0,constrained to groups within division(s) 32
OpenAlex,2803,Biological Psychiatry,FOR,3299,Other biomedical and clinical sciences,group,False,constrained_lexical,0.0,constrained to groups within division(s) 32
OpenAlex,2803,Biological Psychiatry,FOR,3215,Reproductive medicine,group,False,constrained_lexical,0.0,constrained to groups within division(s) 32
OpenAlex,2803,Biological Psychiatry,FOR,3214,Pharmacology and pharmaceutical sciences,group,False,constrained_lexical,0.0,constrained to groups within division(s) 32
OpenAlex,2803,Biological Psychiatry,FOR,3213,Paediatrics,group,False,constrained_lexical,0.0,constrained to groups within division(s) 32
OpenAlex,2803,Biological Psychiatry,FOR,3212,Ophthalmology and optometry,group,False,constrained_lexical,0.0,constrained to groups within division(s) 32
OpenAlex,2803,Biological Psychiatry,FOR,3210,Nutrition and dietetics,group,False,constrained_lexical,0.0,constrained to groups within division(s) 32
OpenAlex,2803,Biological Psychiatry,FOR,3208,Medical physiology,group,False,constrained_lexical,0.0,constrained to groups within division(s) 32
OpenAlex,2803,Biological Psychiatry,FOR,3204,Immunology,group,False,constrained_lexical,0.0,constrained to groups within division(s) 32
OpenAlex,2803,Biological Psychiatry,FOR,3206,Medical biotechnology,group,False,constrained_lexical,0.0,constrained to groups within division(s) 32
OpenAlex,2803,Biological Psychiatry,FOR,3205,Medical biochemistry and metabolomics,group,False,constrained_lexical,0.0,constrained to groups within division(s) 32
OpenAlex,2803,Biological Psychiatry,FOR,3201,Cardiovascular medicine and haematology,group,False,constrained_lexical,0.0,constrained to groups within division(s) 32
OpenAlex,2803,Biological Psychiatry,FOR,3211,Oncology and carcinogenesis,group,False,constrained_lexical,0.111,constrained to groups within division(s) 32
OpenAlex,2803,Biological Psychiatry,FOR,3203,Dentistry,group,False,constrained_lexical,0.111,constrained to groups within division(s) 32
OpenAlex,2803,Biological Psychiatry,FOR,3202,Clinical sciences,group,False,constrained_lexical,0.111,constrained to groups within division(s) 32
OpenAlex,2803,Biological Psychiatry,FOR,5202,Biological psychology,group,True,constrained_lexical,1.0,constrained to groups within division(s) 32
OpenAlex,2803,Biological Psychiatry,FOR,3207,Medical microbiology,group,False,constrained_lexical,0.0,constrained to groups within division(s) 32
OpenAlex,2804,Cellular and Molecular Neuroscience,FOR,3299,Other biomedical and clinical sciences,group,False,constrained_lexical,0.0,constrained to groups within division(s) 32
OpenAlex,2804,Cellular and Molecular Neuroscience,FOR,3215,Reproductive medicine,group,False,constrained_lexical,0.0,constrained to groups within division(s) 32
OpenAlex,2804,Cellular and Molecular Neuroscience,FOR,3214,Pharmacology and pharmaceutical sciences,group,False,constrained_lexical,0.0,constrained to groups within division(s) 32
OpenAlex,2804,Cellular and Molecular Neuroscience,FOR,3213,Paediatrics,group,False,constrained_lexical,0.0,constrained to groups within division(s) 32
OpenAlex,2804,Cellular and Molecular Neuroscience,FOR,3212,Ophthalmology and optometry,group,False,constrained_lexical,0.0,constrained to groups within division(s) 32
OpenAlex,2804,Cellular and Molecular Neuroscience,FOR,3210,Nutrition and dietetics,group,False,constrained_lexical,0.0,constrained to groups within division(s) 32
OpenAlex,2804,Cellular and Molecular Neuroscience,FOR,3203,Dentistry,group,False,constrained_lexical,0.0,constrained to groups within division(s) 32
OpenAlex,2804,Cellular and Molecular Neuroscience,FOR,3205,Medical biochemistry and metabolomics,group,False,constrained_lexical,0.019,constrained to groups within division(s) 32
OpenAlex,2804,Cellular and Molecular Neuroscience,FOR,3207,Medical microbiology,group,False,constrained_lexical,0.027,constrained to groups within division(s) 32
OpenAlex,2804,Cellular and Molecular Neuroscience,FOR,3202,Clinical sciences,group,False,constrained_lexical,0.039,constrained to groups within division(s) 32
OpenAlex,2804,Cellular and Molecular Neuroscience,FOR,3211,Oncology and carcinogenesis,group,False,constrained_lexical,0.043,constrained to groups within division(s) 32
OpenAlex,2804,Cellular and Molecular Neuroscience,FOR,3204,Immunology,group,False,constrained_lexical,0.065,constrained to groups within division(s) 32
OpenAlex,2804,Cellular and Molecular Neuroscience,FOR,3201,Cardiovascular medicine and haematology,group,False,constrained_lexical,0.071,constrained to groups within division(s) 32
OpenAlex,2804,Cellular and Molecular Neuroscience,FOR,3206,Medical biotechnology,group,False,constrained_lexical,0.098,constrained to groups within division(s) 32
OpenAlex,2804,Cellular and Molecular Neuroscience,FOR,3209,Neurosciences,group,True,constrained_lexical,0.328,constrained to groups within division(s) 32
OpenAlex,2804,Cellular and Molecular Neuroscience,FOR,3208,Medical physiology,group,False,constrained_lexical,0.029,constrained to groups within division(s) 32
OpenAlex,2805,Cognitive Neuroscience,FOR,3214,Pharmacology and pharmaceutical sciences,group,False,constrained_lexical,0.026,constrained to groups within division(s) 32
OpenAlex,2805,Cognitive Neuroscience,FOR,3213,Paediatrics,group,False,constrained_lexical,0.0,constrained to groups within division(s) 32
OpenAlex,2805,Cognitive Neuroscience,FOR,3212,Ophthalmology and optometry,group,False,constrained_lexical,0.0,constrained to groups within division(s) 32
OpenAlex,2805,Cognitive Neuroscience,FOR,3211,Oncology and carcinogenesis,group,False,constrained_lexical,0.0,constrained to groups within division(s) 32
OpenAlex,2805,Cognitive Neuroscience,FOR,3210,Nutrition and dietetics,group,False,constrained_lexical,0.0,constrained to groups within division(s) 32
OpenAlex,2805,Cognitive Neuroscience,FOR,3206,Medical biotechnology,group,False,constrained_lexical,0.024,constrained to groups within division(s) 32
OpenAlex,2805,Cognitive Neuroscience,FOR,3204,Immunology,group,False,constrained_lexical,0.043,constrained to groups within division(s) 32
OpenAlex,2805,Cognitive Neuroscience,FOR,3203,Dentistry,group,False,constrained_lexical,0.02,constrained to groups within division(s) 32
OpenAlex,2805,Cognitive Neuroscience,FOR,3215,Reproductive medicine,group,False,constrained_lexical,0.053,constrained to groups within division(s) 32
OpenAlex,2805,Cognitive Neuroscience,FOR,3207,Medical microbiology,group,False,constrained_lexical,0.054,constrained to groups within division(s) 32
OpenAlex,2805,Cognitive Neuroscience,FOR,3205,Medical biochemistry and metabolomics,group,False,constrained_lexical,0.057,constrained to groups within division(s) 32
OpenAlex,2805,Cognitive Neuroscience,FOR,3202,Clinical sciences,group,False,constrained_lexical,0.046,constrained to groups within division(s) 32
OpenAlex,2805,Cognitive Neuroscience,FOR,3201,Cardiovascular medicine and haematology,group,False,constrained_lexical,0.071,constrained to groups within division(s) 32
OpenAlex,2805,Cognitive Neuroscience,FOR,3299,Other biomedical and clinical sciences,group,False,constrained_lexical,0.075,constrained to groups within division(s) 32
OpenAlex,2805,Cognitive Neuroscience,FOR,3208,Medical physiology,group,False,constrained_lexical,0.118,constrained to groups within division(s) 32
OpenAlex,2805,Cognitive Neuroscience,FOR,3209,Neurosciences,group,True,constrained_lexical,0.462,constrained to groups within division(s) 32
OpenAlex,2806,Developmental Neuroscience,FOR,3299,Other biomedical and clinical sciences,group,False,constrained_lexical,0.0,constrained to groups within division(s) 32
OpenAlex,2806,Developmental Neuroscience,FOR,3214,Pharmacology and pharmaceutical sciences,group,False,constrained_lexical,0.0,constrained to groups within division(s) 32
OpenAlex,2806,Developmental Neuroscience,FOR,3213,Paediatrics,group,False,constrained_lexical,0.0,constrained to groups within division(s) 32
OpenAlex,2806,Developmental Neuroscience,FOR,3212,Ophthalmology and optometry,group,False,constrained_lexical,0.0,constrained to groups within division(s) 32
OpenAlex,2806,Developmental Neuroscience,FOR,3211,Oncology and carcinogenesis,group,False,constrained_lexical,0.0,constrained to groups within division(s) 32
OpenAlex,2806,Developmental Neuroscience,FOR,3210,Nutrition and dietetics,group,False,constrained_lexical,0.0,constrained to groups within division(s) 32
OpenAlex,2806,Developmental Neuroscience,FOR,3208,Medical physiology,group,False,constrained_lexical,0.0,constrained to groups within division(s) 32
OpenAlex,2806,Developmental Neuroscience,FOR,3207,Medical microbiology,group,False,constrained_lexical,0.0,constrained to groups within division(s) 32
OpenAlex,2806,Developmental Neuroscience,FOR,3206,Medical biotechnology,group,False,constrained_lexical,0.0,constrained to groups within division(s) 32
OpenAlex,2806,Developmental Neuroscience,FOR,3205,Medical biochemistry and metabolomics,group,False,constrained_lexical,0.0,constrained to groups within division(s) 32
OpenAlex,2806,Developmental Neuroscience,FOR,3204,Immunology,group,False,constrained_lexical,0.0,constrained to groups within division(s) 32
OpenAlex,2806,Developmental Neuroscience,FOR,3203,Dentistry,group,False,constrained_lexical,0.0,constrained to groups within division(s) 32
OpenAlex,2806,Developmental Neuroscience,FOR,3202,Clinical sciences,group,False,constrained_lexical,0.0,constrained to groups within division(s) 32
OpenAlex,2806,Developmental Neuroscience,FOR,3201,Cardiovascular medicine and haematology,group,False,constrained_lexical,0.0,constrained to groups within division(s) 32
OpenAlex,2806,Developmental Neuroscience,FOR,3215,Reproductive medicine,group,False,constrained_lexical,0.062,constrained to groups within division(s) 32
OpenAlex,2806,Developmental Neuroscience,FOR,3209,Neurosciences,group,True,constrained_lexical,0.458,constrained to groups within division(s) 32
OpenAlex,2807,Endocrine and Autonomic Systems,FOR,3215,Reproductive medicine,group,False,constrained_lexical,0.0,constrained to groups within division(s) 32
OpenAlex,2807,Endocrine and Autonomic Systems,FOR,3299,Other biomedical and clinical sciences,group,False,constrained_lexical,0.0,constrained to groups within division(s) 32
OpenAlex,2807,Endocrine and Autonomic Systems,FOR,3213,Paediatrics,group,False,constrained_lexical,0.0,constrained to groups within division(s) 32
OpenAlex,2807,Endocrine and Autonomic Systems,FOR,3212,Ophthalmology and optometry,group,False,constrained_lexical,0.0,constrained to groups within division(s) 32
OpenAlex,2807,Endocrine and Autonomic Systems,FOR,3211,Oncology and carcinogenesis,group,False,constrained_lexical,0.0,constrained to groups within division(s) 32
OpenAlex,2807,Endocrine and Autonomic Systems,FOR,3210,Nutrition and dietetics,group,False,constrained_lexical,0.0,constrained to groups within division(s) 32
OpenAlex,2807,Endocrine and Autonomic Systems,FOR,3207,Medical microbiology,group,False,constrained_lexical,0.0,constrained to groups within division(s) 32
OpenAlex,2807,Endocrine and Autonomic Systems,FOR,3214,Pharmacology and pharmaceutical sciences,group,False,constrained_lexical,0.0,constrained to groups within division(s) 32
OpenAlex,2807,Endocrine and Autonomic Systems,FOR,3205,Medical biochemistry and metabolomics,group,False,constrained_lexical,0.0,constrained to groups within division(s) 32
OpenAlex,2807,Endocrine and Autonomic Systems,FOR,3203,Dentistry,group,False,constrained_lexical,0.0,constrained to groups within division(s) 32
OpenAlex,2807,Endocrine and Autonomic Systems,FOR,3208,Medical physiology,group,False,constrained_lexical,0.043,constrained to groups within division(s) 32
OpenAlex,2807,Endocrine and Autonomic Systems,FOR,3204,Immunology,group,False,constrained_lexical,0.043,constrained to groups within division(s) 32
OpenAlex,2807,Endocrine and Autonomic Systems,FOR,3202,Clinical sciences,group,False,constrained_lexical,0.043,constrained to groups within division(s) 32
OpenAlex,2807,Endocrine and Autonomic Systems,FOR,3201,Cardiovascular medicine and haematology,group,False,constrained_lexical,0.071,constrained to groups within division(s) 32
OpenAlex,2807,Endocrine and Autonomic Systems,FOR,3209,Neurosciences,group,True,constrained_lexical,0.13,constrained to groups within division(s) 32
OpenAlex,2807,Endocrine and Autonomic Systems,FOR,3206,Medical biotechnology,group,False,constrained_lexical,0.0,constrained to groups within division(s) 32
OpenAlex,2808,Neurology,FOR,3299,Other biomedical and clinical sciences,group,False,constrained_lexical,0.0,constrained to groups within division(s) 32
OpenAlex,2808,Neurology,FOR,3215,Reproductive medicine,group,False,constrained_lexical,0.0,constrained to groups within division(s) 32
OpenAlex,2808,Neurology,FOR,3213,Paediatrics,group,False,constrained_lexical,0.0,constrained to groups within division(s) 32
OpenAlex,2808,Neurology,FOR,3212,Ophthalmology and optometry,group,False,constrained_lexical,0.0,constrained to groups within division(s) 32
OpenAlex,2808,Neurology,FOR,3211,Oncology and carcinogenesis,group,False,constrained_lexical,0.0,constrained to groups within division(s) 32
OpenAlex,2808,Neurology,FOR,3210,Nutrition and dietetics,group,False,constrained_lexical,0.0,constrained to groups within division(s) 32
OpenAlex,2808,Neurology,FOR,3206,Medical biotechnology,group,False,constrained_lexical,0.0,constrained to groups within division(s) 32
OpenAlex,2808,Neurology,FOR,3214,Pharmacology and pharmaceutical sciences,group,False,constrained_lexical,0.0,constrained to groups within division(s) 32
OpenAlex,2808,Neurology,FOR,3205,Medical biochemistry and metabolomics,group,False,constrained_lexical,0.019,constrained to groups within division(s) 32
OpenAlex,2808,Neurology,FOR,3204,Immunology,group,False,constrained_lexical,0.022,constrained to groups within division(s) 32
OpenAlex,2808,Neurology,FOR,3207,Medical microbiology,group,False,constrained_lexical,0.027,constrained to groups within division(s) 32
OpenAlex,2808,Neurology,FOR,3208,Medical physiology,group,False,constrained_lexical,0.029,constrained to groups within division(s) 32
OpenAlex,2808,Neurology,FOR,3202,Clinical sciences,group,False,constrained_lexical,0.038,constrained to groups within division(s) 32
OpenAlex,2808,Neurology,FOR,3201,Cardiovascular medicine and haematology,group,False,constrained_lexical,0.071,constrained to groups within division(s) 32
OpenAlex,2808,Neurology,FOR,3209,Neurosciences,group,True,constrained_lexical,1.0,constrained to groups within division(s) 32
OpenAlex,2808,Neurology,FOR,3203,Dentistry,group,False,constrained_lexical,0.0,constrained to groups within division(s) 32
OpenAlex,2809,Sensory Systems,FOR,3299,Other biomedical and clinical sciences,group,False,constrained_lexical,0.0,constrained to groups within division(s) 32
OpenAlex,2809,Sensory Systems,FOR,3215,Reproductive medicine,group,False,constrained_lexical,0.0,constrained to groups within division(s) 32
OpenAlex,2809,Sensory Systems,FOR,3214,Pharmacology and pharmaceutical sciences,group,False,constrained_lexical,0.0,constrained to groups within division(s) 32
OpenAlex,2809,Sensory Systems,FOR,3213,Paediatrics,group,False,constrained_lexical,0.0,constrained to groups within division(s) 32
OpenAlex,2809,Sensory Systems,FOR,3212,Ophthalmology and optometry,group,False,constrained_lexical,0.0,constrained to groups within division(s) 32
OpenAlex,2809,Sensory Systems,FOR,3210,Nutrition and dietetics,group,False,constrained_lexical,0.0,constrained to groups within division(s) 32
OpenAlex,2809,Sensory Systems,FOR,3207,Medical microbiology,group,False,constrained_lexical,0.0,constrained to groups within division(s) 32
OpenAlex,2809,Sensory Systems,FOR,3206,Medical biotechnology,group,False,constrained_lexical,0.0,constrained to groups within division(s) 32
OpenAlex,2809,Sensory Systems,FOR,3201,Cardiovascular medicine and haematology,group,False,constrained_lexical,0.0,constrained to groups within division(s) 32
OpenAlex,2809,Sensory Systems,FOR,3203,Dentistry,group,False,constrained_lexical,0.0,constrained to groups within division(s) 32
OpenAlex,2809,Sensory Systems,FOR,3211,Oncology and carcinogenesis,group,False,constrained_lexical,0.045,constrained to groups within division(s) 32
OpenAlex,2809,Sensory Systems,FOR,3202,Clinical sciences,group,False,constrained_lexical,0.045,constrained to groups within division(s) 32
OpenAlex,2809,Sensory Systems,FOR,3208,Medical physiology,group,False,constrained_lexical,0.091,constrained to groups within division(s) 32
OpenAlex,2809,Sensory Systems,FOR,3204,Immunology,group,False,constrained_lexical,0.091,constrained to groups within division(s) 32
OpenAlex,2809,Sensory Systems,FOR,3209,Neurosciences,group,True,constrained_lexical,0.136,constrained to groups within division(s) 32
OpenAlex,2809,Sensory Systems,FOR,3205,Medical biochemistry and metabolomics,group,False,constrained_lexical,0.0,constrained to groups within division(s) 32
OpenAlex,2910,"Issues, ethics and legal aspects",FOR,4207,Sports science and exercise,group,False,constrained_lexical,0.0,constrained to groups within division(s) 42
OpenAlex,2910,"Issues, ethics and legal aspects",FOR,4299,Other health sciences,group,False,constrained_lexical,0.0,constrained to groups within division(s) 42
OpenAlex,2910,"Issues, ethics and legal aspects",FOR,4208,"Traditional, complementary and integrative medicine",group,False,constrained_lexical,0.0,constrained to groups within division(s) 42
OpenAlex,2910,"Issues, ethics and legal aspects",FOR,4206,Public health,group,False,constrained_lexical,0.0,constrained to groups within division(s) 42
OpenAlex,2910,"Issues, ethics and legal aspects",FOR,4202,Epidemiology,group,False,constrained_lexical,0.0,constrained to groups within division(s) 42
OpenAlex,2910,"Issues, ethics and legal aspects",FOR,4201,Allied health and rehabilitation science,group,False,constrained_lexical,0.0,constrained to groups within division(s) 42
OpenAlex,2910,"Issues, ethics and legal aspects",FOR,4205,Nursing,group,False,constrained_lexical,0.05,constrained to groups within division(s) 42
OpenAlex,2910,"Issues, ethics and legal aspects",FOR,4204,Midwifery,group,False,constrained_lexical,0.05,constrained to groups within division(s) 42
OpenAlex,2910,"Issues, ethics and legal aspects",FOR,4203,Health services and systems,group,True,constrained_lexical,0.05,constrained to groups within division(s) 42
OpenAlex,2911,Leadership and Management,FOR,4208,"Traditional, complementary and integrative medicine",group,False,constrained_lexical,0.0,constrained to groups within division(s) 42
OpenAlex,2911,Leadership and Management,FOR,4207,Sports science and exercise,group,False,constrained_lexical,0.0,constrained to groups within division(s) 42
OpenAlex,2911,Leadership and Management,FOR,4202,Epidemiology,group,False,constrained_lexical,0.0,constrained to groups within division(s) 42
OpenAlex,2911,Leadership and Management,FOR,4206,Public health,group,False,constrained_lexical,0.091,constrained to groups within division(s) 42
OpenAlex,2911,Leadership and Management,FOR,4204,Midwifery,group,False,constrained_lexical,0.091,constrained to groups within division(s) 42
OpenAlex,2911,Leadership and Management,FOR,4201,Allied health and rehabilitation science,group,False,constrained_lexical,0.091,constrained to groups within division(s) 42
OpenAlex,2911,Leadership and Management,FOR,4299,Other health sciences,group,False,constrained_lexical,0.15,constrained to groups within division(s) 42
OpenAlex,2911,Leadership and Management,FOR,4205,Nursing,group,False,constrained_lexical,0.182,constrained to groups within division(s) 42
OpenAlex,2911,Leadership and Management,FOR,4203,Health services and systems,group,True,constrained_lexical,0.273,constrained to groups within division(s) 42
OpenAlex,2916,Nutrition and Dietetics,FOR,4208,"Traditional, complementary and integrative medicine",group,False,constrained_lexical,0.0,constrained to groups within division(s) 42
OpenAlex,2916,Nutrition and Dietetics,FOR,4207,Sports science and exercise,group,False,constrained_lexical,0.0,constrained to groups within division(s) 42
OpenAlex,2916,Nutrition and Dietetics,FOR,4203,Health services and systems,group,False,constrained_lexical,0.025,constrained to groups within division(s) 42
OpenAlex,2916,Nutrition and Dietetics,FOR,4205,Nursing,group,False,constrained_lexical,0.04,constrained to groups within division(s) 42
OpenAlex,2916,Nutrition and Dietetics,FOR,4201,Allied health and rehabilitation science,group,False,constrained_lexical,0.03,constrained to groups within division(s) 42
OpenAlex,2916,Nutrition and Dietetics,FOR,4202,Epidemiology,group,False,constrained_lexical,0.083,constrained to groups within division(s) 42
OpenAlex,2916,Nutrition and Dietetics,FOR,4204,Midwifery,group,False,constrained_lexical,0.115,constrained to groups within division(s) 42
OpenAlex,2916,Nutrition and Dietetics,FOR,4299,Other health sciences,group,False,constrained_lexical,0.15,constrained to groups within division(s) 42
OpenAlex,2916,Nutrition and Dietetics,FOR,3210,Nutrition and dietetics,group,True,constrained_lexical,1.0,constrained to groups within division(s) 42
OpenAlex,2916,Nutrition and Dietetics,FOR,4206,Public health,group,False,constrained_lexical,0.071,constrained to groups within division(s) 42
OpenAlex,2922,Research and Theory,FOR,4299,Other health sciences,group,False,constrained_lexical,0.0,constrained to groups within division(s) 42
OpenAlex,2922,Research and Theory,FOR,4208,"Traditional, complementary and integrative medicine",group,False,constrained_lexical,0.0,constrained to groups within division(s) 42
OpenAlex,2922,Research and Theory,FOR,4207,Sports science and exercise,group,False,constrained_lexical,0.0,constrained to groups within division(s) 42
OpenAlex,2922,Research and Theory,FOR,4204,Midwifery,group,False,constrained_lexical,0.0,constrained to groups within division(s) 42
OpenAlex,2922,Research and Theory,FOR,4206,Public health,group,False,constrained_lexical,0.0,constrained to groups within division(s) 42
OpenAlex,2922,Research and Theory,FOR,4201,Allied health and rehabilitation science,group,False,constrained_lexical,0.0,constrained to groups within division(s) 42
OpenAlex,2922,Research and Theory,FOR,4205,Nursing,group,False,constrained_lexical,0.111,constrained to groups within division(s) 42
OpenAlex,2922,Research and Theory,FOR,4203,Health services and systems,group,True,constrained_lexical,0.111,constrained to groups within division(s) 42
OpenAlex,2922,Research and Theory,FOR,4202,Epidemiology,group,False,constrained_lexical,0.0,constrained to groups within division(s) 42
OpenAlex,3002,Drug Discovery,FOR,3209,Neurosciences,group,False,constrained_lexical,0.0,constrained to groups within division(s) 32
OpenAlex,3002,Drug Discovery,FOR,3299,Other biomedical and clinical sciences,group,False,constrained_lexical,0.0,constrained to groups within division(s) 32
OpenAlex,3002,Drug Discovery,FOR,3215,Reproductive medicine,group,False,constrained_lexical,0.0,constrained to groups within division(s) 32
OpenAlex,3002,Drug Discovery,FOR,3213,Paediatrics,group,False,constrained_lexical,0.0,constrained to groups within division(s) 32
OpenAlex,3002,Drug Discovery,FOR,3212,Ophthalmology and optometry,group,False,constrained_lexical,0.0,constrained to groups within division(s) 32
OpenAlex,3002,Drug Discovery,FOR,3211,Oncology and carcinogenesis,group,False,constrained_lexical,0.0,constrained to groups within division(s) 32
OpenAlex,3002,Drug Discovery,FOR,3210,Nutrition and dietetics,group,False,constrained_lexical,0.0,constrained to groups within division(s) 32
OpenAlex,3002,Drug Discovery,FOR,3208,Medical physiology,group,False,constrained_lexical,0.0,constrained to groups within division(s) 32
OpenAlex,3002,Drug Discovery,FOR,3201,Cardiovascular medicine and haematology,group,False,constrained_lexical,0.0,constrained to groups within division(s) 32
OpenAlex,3002,Drug Discovery,FOR,3205,Medical biochemistry and metabolomics,group,False,constrained_lexical,0.0,constrained to groups within division(s) 32
OpenAlex,3002,Drug Discovery,FOR,3204,Immunology,group,False,constrained_lexical,0.0,constrained to groups within division(s) 32
OpenAlex,3002,Drug Discovery,FOR,3202,Clinical sciences,group,False,constrained_lexical,0.0,constrained to groups within division(s) 32
OpenAlex,3002,Drug Discovery,FOR,3214,Pharmacology and pharmaceutical sciences,group,False,constrained_lexical,0.111,constrained to groups within division(s) 32
OpenAlex,3002,Drug Discovery,FOR,3206,Medical biotechnology,group,False,constrained_lexical,0.111,constrained to groups within division(s) 32
OpenAlex,3002,Drug Discovery,FOR,3203,Dentistry,group,True,constrained_lexical,0.111,constrained to groups within division(s) 32
OpenAlex,3002,Drug Discovery,FOR,3207,Medical microbiology,group,False,constrained_lexical,0.0,constrained to groups within division(s) 32
OpenAlex,3003,Pharmaceutical Science,FOR,3299,Other biomedical and clinical sciences,group,False,constrained_lexical,0.0,constrained to groups within division(s) 32
OpenAlex,3003,Pharmaceutical Science,FOR,3215,Reproductive medicine,group,False,constrained_lexical,0.0,constrained to groups within division(s) 32
OpenAlex,3003,Pharmaceutical Science,FOR,3213,Paediatrics,group,False,constrained_lexical,0.0,constrained to groups within division(s) 32
OpenAlex,3003,Pharmaceutical Science,FOR,3212,Ophthalmology and optometry,group,False,constrained_lexical,0.0,constrained to groups within division(s) 32
OpenAlex,3003,Pharmaceutical Science,FOR,3211,Oncology and carcinogenesis,group,False,constrained_lexical,0.0,constrained to groups within division(s) 32
OpenAlex,3003,Pharmaceutical Science,FOR,3210,Nutrition and dietetics,group,False,constrained_lexical,0.0,constrained to groups within division(s) 32
OpenAlex,3003,Pharmaceutical Science,FOR,3207,Medical microbiology,group,False,constrained_lexical,0.0,constrained to groups within division(s) 32
OpenAlex,3003,Pharmaceutical Science,FOR,3206,Medical biotechnology,group,False,constrained_lexical,0.0,constrained to groups within division(s) 32
OpenAlex,3003,Pharmaceutical Science,FOR,3201,Cardiovascular medicine and haematology,group,False,constrained_lexical,0.0,constrained to groups within division(s) 32
OpenAlex,3003,Pharmaceutical Science,FOR,3209,Neurosciences,group,False,constrained_lexical,0.071,constrained to groups within division(s) 32
OpenAlex,3003,Pharmaceutical Science,FOR,3208,Medical physiology,group,False,constrained_lexical,0.071,constrained to groups within division(s) 32
OpenAlex,3003,Pharmaceutical Science,FOR,3205,Medical biochemistry and metabolomics,group,False,constrained_lexical,0.071,constrained to groups within division(s) 32
OpenAlex,3003,Pharmaceutical Science,FOR,3202,Clinical sciences,group,False,constrained_lexical,0.071,constrained to groups within division(s) 32
OpenAlex,3003,Pharmaceutical Science,FOR,3204,Immunology,group,False,constrained_lexical,0.107,constrained to groups within division(s) 32
OpenAlex,3003,Pharmaceutical Science,FOR,3214,Pharmacology and pharmaceutical sciences,group,True,constrained_lexical,0.571,constrained to groups within division(s) 32
OpenAlex,3003,Pharmaceutical Science,FOR,3203,Dentistry,group,False,constrained_lexical,0.036,constrained to groups within division(s) 32
OpenAlex,3004,Pharmacology,FOR,3210,Nutrition and dietetics,group,False,constrained_lexical,0.032,constrained to groups within division(s) 32
OpenAlex,3004,Pharmacology,FOR,3299,Other biomedical and clinical sciences,group,False,constrained_lexical,0.0,constrained to groups within division(s) 32
OpenAlex,3004,Pharmacology,FOR,3212,Ophthalmology and optometry,group,False,constrained_lexical,0.0,constrained to groups within division(s) 32
OpenAlex,3004,Pharmacology,FOR,3209,Neurosciences,group,False,constrained_lexical,0.0,constrained to groups within division(s) 32
OpenAlex,3004,Pharmacology,FOR,3211,Oncology and carcinogenesis,group,False,constrained_lexical,0.021,constrained to groups within division(s) 32
OpenAlex,3004,Pharmacology,FOR,3204,Immunology,group,False,constrained_lexical,0.022,constrained to groups within division(s) 32
OpenAlex,3004,Pharmacology,FOR,3202,Clinical sciences,group,False,constrained_lexical,0.052,constrained to groups within division(s) 32
OpenAlex,3004,Pharmacology,FOR,3215,Reproductive medicine,group,False,constrained_lexical,0.053,constrained to groups within division(s) 32
OpenAlex,3004,Pharmacology,FOR,3203,Dentistry,group,False,constrained_lexical,0.059,constrained to groups within division(s) 32
OpenAlex,3004,Pharmacology,FOR,3213,Paediatrics,group,False,constrained_lexical,0.071,constrained to groups within division(s) 32
OpenAlex,3004,Pharmacology,FOR,3201,Cardiovascular medicine and haematology,group,False,constrained_lexical,0.071,constrained to groups within division(s) 32
OpenAlex,3004,Pharmacology,FOR,3206,Medical biotechnology,group,False,constrained_lexical,0.073,constrained to groups within division(s) 32
OpenAlex,3004,Pharmacology,FOR,3208,Medical physiology,group,False,constrained_lexical,0.088,constrained to groups within division(s) 32
OpenAlex,3004,Pharmacology,FOR,3205,Medical biochemistry and metabolomics,group,False,constrained_lexical,0.094,constrained to groups within division(s) 32
OpenAlex,3004,Pharmacology,FOR,3214,Pharmacology and pharmaceutical sciences,group,True,constrained_lexical,0.605,constrained to groups within division(s) 32
OpenAlex,3004,Pharmacology,FOR,3207,Medical microbiology,group,False,constrained_lexical,0.054,constrained to groups within division(s) 32
OpenAlex,3005,Toxicology,FOR,3211,Oncology and carcinogenesis,group,False,constrained_lexical,0.0,constrained to groups within division(s) 32
OpenAlex,3005,Toxicology,FOR,3299,Other biomedical and clinical sciences,group,False,constrained_lexical,0.0,constrained to groups within division(s) 32
OpenAlex,3005,Toxicology,FOR,3215,Reproductive medicine,group,False,constrained_lexical,0.0,constrained to groups within division(s) 32
OpenAlex,3005,Toxicology,FOR,3213,Paediatrics,group,False,constrained_lexical,0.0,constrained to groups within division(s) 32
OpenAlex,3005,Toxicology,FOR,3212,Ophthalmology and optometry,group,False,constrained_lexical,0.0,constrained to groups within division(s) 32
OpenAlex,3005,Toxicology,FOR,3210,Nutrition and dietetics,group,False,constrained_lexical,0.0,constrained to groups within division(s) 32
OpenAlex,3005,Toxicology,FOR,3206,Medical biotechnology,group,False,constrained_lexical,0.0,constrained to groups within division(s) 32
OpenAlex,3005,Toxicology,FOR,3201,Cardiovascular medicine and haematology,group,False,constrained_lexical,0.0,constrained to groups within division(s) 32
OpenAlex,3005,Toxicology,FOR,3207,Medical microbiology,group,False,constrained_lexical,0.036,constrained to groups within division(s) 32
OpenAlex,3005,Toxicology,FOR,3204,Immunology,group,False,constrained_lexical,0.036,constrained to groups within division(s) 32
OpenAlex,3005,Toxicology,FOR,3214,Pharmacology and pharmaceutical sciences,group,False,constrained_lexical,0.071,constrained to groups within division(s) 32
OpenAlex,3005,Toxicology,FOR,3208,Medical physiology,group,False,constrained_lexical,0.071,constrained to groups within division(s) 32
OpenAlex,3005,Toxicology,FOR,3203,Dentistry,group,False,constrained_lexical,0.071,constrained to groups within division(s) 32
OpenAlex,3005,Toxicology,FOR,3202,Clinical sciences,group,False,constrained_lexical,0.071,constrained to groups within division(s) 32
OpenAlex,3005,Toxicology,FOR,3205,Medical biochemistry and metabolomics,group,True,constrained_lexical,0.107,constrained to groups within division(s) 32
OpenAlex,3005,Toxicology,FOR,3209,Neurosciences,group,False,constrained_lexical,0.036,constrained to groups within division(s) 32
OpenAlex,3102,Acoustics and Ultrasonics,FOR,5107,Particle and high energy physics,group,False,constrained_lexical,0.0,constrained to groups within division(s) 51
OpenAlex,3102,Acoustics and Ultrasonics,FOR,5110,Synchrotrons and accelerators,group,False,constrained_lexical,0.0,constrained to groups within division(s) 51
OpenAlex,3102,Acoustics and Ultrasonics,FOR,5109,Space sciences,group,False,constrained_lexical,0.0,constrained to groups within division(s) 51
OpenAlex,3102,Acoustics and Ultrasonics,FOR,5108,Quantum physics,group,False,constrained_lexical,0.0,constrained to groups within division(s) 51
OpenAlex,3102,Acoustics and Ultrasonics,FOR,5106,Nuclear and plasma physics,group,False,constrained_lexical,0.0,constrained to groups within division(s) 51
OpenAlex,3102,Acoustics and Ultrasonics,FOR,5199,Other physical sciences,group,False,constrained_lexical,0.0,constrained to groups within division(s) 51
OpenAlex,3102,Acoustics and Ultrasonics,FOR,5104,Condensed matter physics,group,False,constrained_lexical,0.0,constrained to groups within division(s) 51
OpenAlex,3102,Acoustics and Ultrasonics,FOR,5101,Astronomical sciences,group,False,constrained_lexical,0.0,constrained to groups within division(s) 51
OpenAlex,3102,Acoustics and Ultrasonics,FOR,5103,Classical physics,group,False,constrained_lexical,0.091,constrained to groups within division(s) 51
OpenAlex,3102,Acoustics and Ultrasonics,FOR,5102,"Atomic, molecular and optical physics",group,True,constrained_lexical,0.091,constrained to groups within division(s) 51
OpenAlex,3102,Acoustics and Ultrasonics,FOR,5105,Medical and biological physics,group,False,constrained_lexical,0.0,constrained to groups within division(s) 51
OpenAlex,3103,Astronomy and Astrophysics,FOR,5199,Other physical sciences,group,False,constrained_lexical,0.0,constrained to groups within division(s) 51
OpenAlex,3103,Astronomy and Astrophysics,FOR,5105,Medical and biological physics,group,False,constrained_lexical,0.0,constrained to groups within division(s) 51
OpenAlex,3103,Astronomy and Astrophysics,FOR,5102,"Atomic, molecular and optical physics",group,False,constrained_lexical,0.033,constrained to groups within division(s) 51
OpenAlex,3103,Astronomy and Astrophysics,FOR,5108,Quantum physics,group,False,constrained_lexical,0.029,constrained to groups within division(s) 51
OpenAlex,3103,Astronomy and Astrophysics,FOR,5110,Synchrotrons and accelerators,group,False,constrained_lexical,0.091,constrained to groups within division(s) 51
OpenAlex,3103,Astronomy and Astrophysics,FOR,5109,Space sciences,group,False,constrained_lexical,0.19,constrained to groups within division(s) 51
OpenAlex,3103,Astronomy and Astrophysics,FOR,5107,Particle and high energy physics,group,False,constrained_lexical,0.136,constrained to groups within division(s) 51
OpenAlex,3103,Astronomy and Astrophysics,FOR,5103,Classical physics,group,False,constrained_lexical,0.136,constrained to groups within division(s) 51
OpenAlex,3103,Astronomy and Astrophysics,FOR,5104,Condensed matter physics,group,False,constrained_lexical,0.14,constrained to groups within division(s) 51
OpenAlex,3103,Astronomy and Astrophysics,FOR,5101,Astronomical sciences,group,True,constrained_lexical,0.775,constrained to groups within division(s) 51
OpenAlex,3103,Astronomy and Astrophysics,FOR,5106,Nuclear and plasma physics,group,False,constrained_lexical,0.125,constrained to groups within division(s) 51
OpenAlex,3104,Condensed Matter Physics,FOR,5110,Synchrotrons and accelerators,group,False,constrained_lexical,0.0,constrained to groups within division(s) 51
OpenAlex,3104,Condensed Matter Physics,FOR,5101,Astronomical sciences,group,False,constrained_lexical,0.02,constrained to groups within division(s) 51
OpenAlex,3104,Condensed Matter Physics,FOR,5199,Other physical sciences,group,False,constrained_lexical,0.087,constrained to groups within division(s) 51
OpenAlex,3104,Condensed Matter Physics,FOR,5102,"Atomic, molecular and optical physics",group,False,constrained_lexical,0.124,constrained to groups within division(s) 51
OpenAlex,3104,Condensed Matter Physics,FOR,5106,Nuclear and plasma physics,group,False,constrained_lexical,0.174,constrained to groups within division(s) 51
OpenAlex,3104,Condensed Matter Physics,FOR,5109,Space sciences,group,False,constrained_lexical,0.048,constrained to groups within division(s) 51
OpenAlex,3104,Condensed Matter Physics,FOR,5108,Quantum physics,group,False,constrained_lexical,0.202,constrained to groups within division(s) 51
OpenAlex,3104,Condensed Matter Physics,FOR,5103,Classical physics,group,False,constrained_lexical,0.234,constrained to groups within division(s) 51
OpenAlex,3104,Condensed Matter Physics,FOR,5105,Medical and biological physics,group,False,constrained_lexical,0.236,constrained to groups within division(s) 51
OpenAlex,3104,Condensed Matter Physics,FOR,5104,Condensed matter physics,group,True,constrained_lexical,1.0,constrained to groups within division(s) 51
OpenAlex,3104,Condensed Matter Physics,FOR,5107,Particle and high energy physics,group,False,constrained_lexical,0.182,constrained to groups within division(s) 51
OpenAlex,3105,Instrumentation,FOR,5106,Nuclear and plasma physics,group,False,constrained_lexical,0.0,constrained to groups within division(s) 51
OpenAlex,3105,Instrumentation,FOR,5105,Medical and biological physics,group,False,constrained_lexical,0.0,constrained to groups within division(s) 51
OpenAlex,3105,Instrumentation,FOR,5107,Particle and high energy physics,group,False,constrained_lexical,0.071,constrained to groups within division(s) 51
OpenAlex,3105,Instrumentation,FOR,5104,Condensed matter physics,group,False,constrained_lexical,0.071,constrained to groups within division(s) 51
OpenAlex,3105,Instrumentation,FOR,5103,Classical physics,group,False,constrained_lexical,0.071,constrained to groups within division(s) 51
OpenAlex,3105,Instrumentation,FOR,5109,Space sciences,group,False,constrained_lexical,0.143,constrained to groups within division(s) 51
OpenAlex,3105,Instrumentation,FOR,5108,Quantum physics,group,False,constrained_lexical,0.143,constrained to groups within division(s) 51
OpenAlex,3105,Instrumentation,FOR,5110,Synchrotrons and accelerators,group,False,constrained_lexical,0.182,constrained to groups within division(s) 51
OpenAlex,3105,Instrumentation,FOR,5101,Astronomical sciences,group,True,constrained_lexical,0.214,constrained to groups within division(s) 51
OpenAlex,3105,Instrumentation,FOR,5199,Other physical sciences,group,False,constrained_lexical,0.0,constrained to groups within division(s) 51
OpenAlex,3105,Instrumentation,FOR,5102,"Atomic, molecular and optical physics",group,False,constrained_lexical,0.071,constrained to groups within division(s) 51
OpenAlex,3106,Nuclear and High Energy Physics,FOR,5109,Space sciences,group,False,constrained_lexical,0.143,constrained to groups within division(s) 51
OpenAlex,3106,Nuclear and High Energy Physics,FOR,5103,Classical physics,group,False,constrained_lexical,0.157,constrained to groups within division(s) 51
OpenAlex,3106,Nuclear and High Energy Physics,FOR,5110,Synchrotrons and accelerators,group,False,constrained_lexical,0.0,constrained to groups within division(s) 51
OpenAlex,3106,Nuclear and High Energy Physics,FOR,5199,Other physical sciences,group,False,constrained_lexical,0.07,constrained to groups within division(s) 51
OpenAlex,3106,Nuclear and High Energy Physics,FOR,5108,Quantum physics,group,False,constrained_lexical,0.17,constrained to groups within division(s) 51
OpenAlex,3106,Nuclear and High Energy Physics,FOR,5101,Astronomical sciences,group,False,constrained_lexical,0.118,constrained to groups within division(s) 51
OpenAlex,3106,Nuclear and High Energy Physics,FOR,5102,"Atomic, molecular and optical physics",group,False,constrained_lexical,0.21,constrained to groups within division(s) 51
OpenAlex,3106,Nuclear and High Energy Physics,FOR,5105,Medical and biological physics,group,False,constrained_lexical,0.216,constrained to groups within division(s) 51
OpenAlex,3106,Nuclear and High Energy Physics,FOR,5104,Condensed matter physics,group,False,constrained_lexical,0.207,constrained to groups within division(s) 51
OpenAlex,3106,Nuclear and High Energy Physics,FOR,5106,Nuclear and plasma physics,group,False,constrained_lexical,0.512,constrained to groups within division(s) 51
OpenAlex,3106,Nuclear and High Energy Physics,FOR,5107,Particle and high energy physics,group,True,constrained_lexical,1.0,constrained to groups within division(s) 51
OpenAlex,3107,"Atomic and Molecular Physics, and Optics",FOR,5101,Astronomical sciences,group,False,constrained_lexical,0.039,constrained to groups within division(s) 51
OpenAlex,3107,"Atomic and Molecular Physics, and Optics",FOR,5109,Space sciences,group,False,constrained_lexical,0.071,constrained to groups within division(s) 51
OpenAlex,3107,"Atomic and Molecular Physics, and Optics",FOR,5110,Synchrotrons and accelerators,group,False,constrained_lexical,0.091,constrained to groups within division(s) 51
OpenAlex,3107,"Atomic and Molecular Physics, and Optics",FOR,5199,Other physical sciences,group,False,constrained_lexical,0.097,constrained to groups within division(s) 51
OpenAlex,3107,"Atomic and Molecular Physics, and Optics",FOR,5107,Particle and high energy physics,group,False,constrained_lexical,0.122,constrained to groups within division(s) 51
OpenAlex,3107,"Atomic and Molecular Physics, and Optics",FOR,5105,Medical and biological physics,group,False,constrained_lexical,0.216,constrained to groups within division(s) 51
OpenAlex,3107,"Atomic and Molecular Physics, and Optics",FOR,5106,Nuclear and plasma physics,group,False,constrained_lexical,0.278,constrained to groups within division(s) 51
OpenAlex,3107,"Atomic and Molecular Physics, and Optics",FOR,5104,Condensed matter physics,group,False,constrained_lexical,0.347,constrained to groups within division(s) 51
OpenAlex,3107,"Atomic and Molecular Physics, and Optics",FOR,5108,Quantum physics,group,False,constrained_lexical,0.376,constrained to groups within division(s) 51
OpenAlex,3107,"Atomic and Molecular Physics, and Optics",FOR,5103,Classical physics,group,False,constrained_lexical,0.475,constrained to groups within division(s) 51
OpenAlex,3107,"Atomic and Molecular Physics, and Optics",FOR,5102,"Atomic, molecular and optical physics",group,True,constrained_lexical,1.0,constrained to groups within division(s) 51
OpenAlex,3108,Radiation,FOR,5109,Space sciences,group,False,constrained_lexical,0.026,constrained to groups within division(s) 51
OpenAlex,3108,Radiation,FOR,5101,Astronomical sciences,group,False,constrained_lexical,0.026,constrained to groups within division(s) 51
OpenAlex,3108,Radiation,FOR,5199,Other physical sciences,group,False,constrained_lexical,0.027,constrained to groups within division(s) 51
OpenAlex,3108,Radiation,FOR,5107,Particle and high energy physics,group,False,constrained_lexical,0.045,constrained to groups within division(s) 51
OpenAlex,3108,Radiation,FOR,5103,Classical physics,group,False,constrained_lexical,0.045,constrained to groups within division(s) 51
OpenAlex,3108,Radiation,FOR,5102,"Atomic, molecular and optical physics",group,False,constrained_lexical,0.067,constrained to groups within division(s) 51
OpenAlex,3108,Radiation,FOR,5104,Condensed matter physics,group,False,constrained_lexical,0.079,constrained to groups within division(s) 51
OpenAlex,3108,Radiation,FOR,5110,Synchrotrons and accelerators,group,False,constrained_lexical,0.091,constrained to groups within division(s) 51
OpenAlex,3108,Radiation,FOR,5105,Medical and biological physics,group,False,constrained_lexical,0.125,constrained to groups within division(s) 51
OpenAlex,3108,Radiation,FOR,5106,Nuclear and plasma physics,group,True,constrained_lexical,0.188,constrained to groups within division(s) 51
OpenAlex,3108,Radiation,FOR,5108,Quantum physics,group,False,constrained_lexical,0.059,constrained to groups within division(s) 51
OpenAlex,3109,Statistical and Nonlinear Physics,FOR,5102,"Atomic, molecular and optical physics",group,False,constrained_lexical,0.224,constrained to groups within division(s) 51
OpenAlex,3109,Statistical and Nonlinear Physics,FOR,5106,Nuclear and plasma physics,group,True,constrained_lexical,0.424,constrained to groups within division(s) 51
OpenAlex,3109,Statistical and Nonlinear Physics,FOR,5103,Classical physics,group,False,constrained_lexical,0.37,constrained to groups within division(s) 51
OpenAlex,3109,Statistical and Nonlinear Physics,FOR,5108,Quantum physics,group,False,constrained_lexical,0.261,constrained to groups within division(s) 51
OpenAlex,3109,Statistical and Nonlinear Physics,FOR,5105,Medical and biological physics,group,False,constrained_lexical,0.236,constrained to groups within division(s) 51
OpenAlex,3109,Statistical and Nonlinear Physics,FOR,5104,Condensed matter physics,group,False,constrained_lexical,0.204,constrained to groups within division(s) 51
OpenAlex,3109,Statistical and Nonlinear Physics,FOR,5107,Particle and high energy physics,group,False,constrained_lexical,0.182,constrained to groups within division(s) 51
OpenAlex,3109,Statistical and Nonlinear Physics,FOR,5110,Synchrotrons and accelerators,group,False,constrained_lexical,0.182,constrained to groups within division(s) 51
OpenAlex,3109,Statistical and Nonlinear Physics,FOR,5199,Other physical sciences,group,False,constrained_lexical,0.169,constrained to groups within division(s) 51
OpenAlex,3109,Statistical and Nonlinear Physics,FOR,5101,Astronomical sciences,group,False,constrained_lexical,0.078,constrained to groups within division(s) 51
OpenAlex,3109,Statistical and Nonlinear Physics,FOR,5109,Space sciences,group,False,constrained_lexical,0.071,constrained to groups within division(s) 51
OpenAlex,3200,General Psychology,FOR,5204,Cognitive and computational psychology,group,False,constrained_lexical,0.243,constrained to groups within division(s) 52
OpenAlex,3200,General Psychology,FOR,5205,Social and personality psychology,group,False,constrained_lexical,0.243,constrained to groups within division(s) 52
OpenAlex,3200,General Psychology,FOR,5203,Clinical and health psychology,group,False,constrained_lexical,0.243,constrained to groups within division(s) 52
OpenAlex,3200,General Psychology,FOR,5202,Biological psychology,group,True,constrained_lexical,0.3,constrained to groups within division(s) 52
OpenAlex,3200,General Psychology,FOR,5299,Other psychology,group,False,constrained_lexical,0.25,constrained to groups within division(s) 52
OpenAlex,3200,General Psychology,FOR,5201,Applied and developmental psychology,group,False,constrained_lexical,0.243,constrained to groups within division(s) 52
OpenAlex,3202,Applied Psychology,FOR,5201,Applied and developmental psychology,group,True,constrained_lexical,0.567,constrained to groups within division(s) 52
OpenAlex,3202,Applied Psychology,FOR,5203,Clinical and health psychology,group,False,constrained_lexical,0.282,constrained to groups within division(s) 52
OpenAlex,3202,Applied Psychology,FOR,5299,Other psychology,group,False,constrained_lexical,0.25,constrained to groups within division(s) 52
OpenAlex,3202,Applied Psychology,FOR,5202,Biological psychology,group,False,constrained_lexical,0.249,constrained to groups within division(s) 52
OpenAlex,3202,Applied Psychology,FOR,5204,Cognitive and computational psychology,group,False,constrained_lexical,0.207,constrained to groups within division(s) 52
OpenAlex,3202,Applied Psychology,FOR,5205,Social and personality psychology,group,False,constrained_lexical,0.207,constrained to groups within division(s) 52
OpenAlex,3203,Clinical Psychology,FOR,5203,Clinical and health psychology,group,True,constrained_lexical,0.639,constrained to groups within division(s) 52
OpenAlex,3203,Clinical Psychology,FOR,5201,Applied and developmental psychology,group,False,constrained_lexical,0.375,constrained to groups within division(s) 52
OpenAlex,3203,Clinical Psychology,FOR,5202,Biological psychology,group,False,constrained_lexical,0.322,constrained to groups within division(s) 52
OpenAlex,3203,Clinical Psychology,FOR,5299,Other psychology,group,False,constrained_lexical,0.3,constrained to groups within division(s) 52
OpenAlex,3203,Clinical Psychology,FOR,5204,Cognitive and computational psychology,group,False,constrained_lexical,0.268,constrained to groups within division(s) 52
OpenAlex,3203,Clinical Psychology,FOR,5205,Social and personality psychology,group,False,constrained_lexical,0.22,constrained to groups within division(s) 52
OpenAlex,3204,Developmental and Educational Psychology,FOR,5203,Clinical and health psychology,group,False,constrained_lexical,0.167,constrained to groups within division(s) 52
OpenAlex,3204,Developmental and Educational Psychology,FOR,5205,Social and personality psychology,group,False,constrained_lexical,0.188,constrained to groups within division(s) 52
OpenAlex,3204,Developmental and Educational Psychology,FOR,5299,Other psychology,group,False,constrained_lexical,0.21,constrained to groups within division(s) 52
OpenAlex,3204,Developmental and Educational Psychology,FOR,5204,Cognitive and computational psychology,group,False,constrained_lexical,0.257,constrained to groups within division(s) 52
OpenAlex,3204,Developmental and Educational Psychology,FOR,5201,Applied and developmental psychology,group,True,constrained_lexical,0.396,constrained to groups within division(s) 52
OpenAlex,3204,Developmental and Educational Psychology,FOR,5202,Biological psychology,group,False,constrained_lexical,0.24,constrained to groups within division(s) 52
OpenAlex,3205,Experimental and Cognitive Psychology,FOR,5299,Other psychology,group,False,constrained_lexical,0.21,constrained to groups within division(s) 52
OpenAlex,3205,Experimental and Cognitive Psychology,FOR,5201,Applied and developmental psychology,group,False,constrained_lexical,0.221,constrained to groups within division(s) 52
OpenAlex,3205,Experimental and Cognitive Psychology,FOR,5205,Social and personality psychology,group,False,constrained_lexical,0.15,constrained to groups within division(s) 52
OpenAlex,3205,Experimental and Cognitive Psychology,FOR,5202,Biological psychology,group,False,constrained_lexical,0.387,constrained to groups within division(s) 52
OpenAlex,3205,Experimental and Cognitive Psychology,FOR,5204,Cognitive and computational psychology,group,True,constrained_lexical,0.458,constrained to groups within division(s) 52
OpenAlex,3205,Experimental and Cognitive Psychology,FOR,5203,Clinical and health psychology,group,False,constrained_lexical,0.333,constrained to groups within division(s) 52
OpenAlex,3206,Neuropsychology and Physiological Psychology,FOR,5201,Applied and developmental psychology,group,True,constrained_lexical,0.424,constrained to groups within division(s) 52
OpenAlex,3206,Neuropsychology and Physiological Psychology,FOR,5202,Biological psychology,group,False,constrained_lexical,0.393,constrained to groups within division(s) 52
OpenAlex,3206,Neuropsychology and Physiological Psychology,FOR,5203,Clinical and health psychology,group,False,constrained_lexical,0.236,constrained to groups within division(s) 52
OpenAlex,3206,Neuropsychology and Physiological Psychology,FOR,5299,Other psychology,group,False,constrained_lexical,0.21,constrained to groups within division(s) 52
OpenAlex,3206,Neuropsychology and Physiological Psychology,FOR,5204,Cognitive and computational psychology,group,False,constrained_lexical,0.174,constrained to groups within division(s) 52
OpenAlex,3206,Neuropsychology and Physiological Psychology,FOR,5205,Social and personality psychology,group,False,constrained_lexical,0.174,constrained to groups within division(s) 52
OpenAlex,3207,Social Psychology,FOR,5204,Cognitive and computational psychology,group,False,constrained_lexical,0.31,constrained to groups within division(s) 52
OpenAlex,3207,Social Psychology,FOR,5299,Other psychology,group,False,constrained_lexical,0.25,constrained to groups within division(s) 52
OpenAlex,3207,Social Psychology,FOR,5201,Applied and developmental psychology,group,False,constrained_lexical,0.338,constrained to groups within division(s) 52
OpenAlex,3207,Social Psychology,FOR,5203,Clinical and health psychology,group,False,constrained_lexical,0.393,constrained to groups within division(s) 52
OpenAlex,3207,Social Psychology,FOR,5202,Biological psychology,group,False,constrained_lexical,0.371,constrained to groups within division(s) 52
OpenAlex,3207,Social Psychology,FOR,5205,Social and personality psychology,group,True,constrained_lexical,0.468,constrained to groups within division(s) 52
OpenAlex,3300,General Social Sciences,FOR,4899,Other law and legal studies,group,False,constrained_lexical,0.0,"constrained to groups within division(s) 44,39,48,33"
OpenAlex,3300,General Social Sciences,FOR,4806,Private law and civil obligations,group,False,constrained_lexical,0.0,"constrained to groups within division(s) 44,39,48,33"
OpenAlex,3300,General Social Sciences,FOR,4805,Legal systems,group,False,constrained_lexical,0.0,"constrained to groups within division(s) 44,39,48,33"
OpenAlex,3300,General Social Sciences,FOR,4803,International and comparative law,group,False,constrained_lexical,0.0,"constrained to groups within division(s) 44,39,48,33"
OpenAlex,3300,General Social Sciences,FOR,4801,Commercial law,group,False,constrained_lexical,0.0,"constrained to groups within division(s) 44,39,48,33"
OpenAlex,3300,General Social Sciences,FOR,4807,Public law,group,False,constrained_lexical,0.022,"constrained to groups within division(s) 44,39,48,33"
OpenAlex,3300,General Social Sciences,FOR,4405,Gender studies,group,False,constrained_lexical,0.032,"constrained to groups within division(s) 44,39,48,33"
OpenAlex,3300,General Social Sciences,FOR,4499,Other human society,group,False,constrained_lexical,0.043,"constrained to groups within division(s) 44,39,48,33"
OpenAlex,3300,General Social Sciences,FOR,4408,Political science,group,False,constrained_lexical,0.047,"constrained to groups within division(s) 44,39,48,33"
OpenAlex,3300,General Social Sciences,FOR,3303,Design,group,False,constrained_lexical,0.048,"constrained to groups within division(s) 44,39,48,33"
OpenAlex,3300,General Social Sciences,FOR,3399,Other built environment and design,group,False,constrained_lexical,0.05,"constrained to groups within division(s) 44,39,48,33"
OpenAlex,3300,General Social Sciences,FOR,3903,Education systems,group,False,constrained_lexical,0.064,"constrained to groups within division(s) 44,39,48,33"
OpenAlex,3300,General Social Sciences,FOR,4402,Criminology,group,False,constrained_lexical,0.07,"constrained to groups within division(s) 44,39,48,33"
OpenAlex,3300,General Social Sciences,FOR,4802,Environmental and resources law,group,False,constrained_lexical,0.045,"constrained to groups within division(s) 44,39,48,33"
OpenAlex,3300,General Social Sciences,FOR,3302,Building,group,False,constrained_lexical,0.081,"constrained to groups within division(s) 44,39,48,33"
OpenAlex,3300,General Social Sciences,FOR,3902,"Education policy, sociology and philosophy",group,True,constrained_lexical,0.286,"constrained to groups within division(s) 44,39,48,33"
OpenAlex,3300,General Social Sciences,FOR,4409,Social work,group,False,constrained_lexical,0.243,"constrained to groups within division(s) 44,39,48,33"
OpenAlex,3300,General Social Sciences,FOR,4401,Anthropology,group,False,constrained_lexical,0.179,"constrained to groups within division(s) 44,39,48,33"
OpenAlex,3300,General Social Sciences,FOR,4407,Policy and administration,group,False,constrained_lexical,0.173,"constrained to groups within division(s) 44,39,48,33"
OpenAlex,3300,General Social Sciences,FOR,3301,Architecture,group,False,constrained_lexical,0.07,"constrained to groups within division(s) 44,39,48,33"
OpenAlex,3300,General Social Sciences,FOR,4410,Sociology,group,False,constrained_lexical,0.135,"constrained to groups within division(s) 44,39,48,33"
OpenAlex,3300,General Social Sciences,FOR,4406,Human geography,group,False,constrained_lexical,0.109,"constrained to groups within division(s) 44,39,48,33"
OpenAlex,3300,General Social Sciences,FOR,3999,Other Education,group,False,constrained_lexical,0.15,"constrained to groups within division(s) 44,39,48,33"
OpenAlex,3300,General Social Sciences,FOR,4804,Law in context,group,False,constrained_lexical,0.1,"constrained to groups within division(s) 44,39,48,33"
OpenAlex,3300,General Social Sciences,FOR,4404,Development studies,group,False,constrained_lexical,0.093,"constrained to groups within division(s) 44,39,48,33"
OpenAlex,3300,General Social Sciences,FOR,3901,Curriculum and pedagogy,group,False,constrained_lexical,0.088,"constrained to groups within division(s) 44,39,48,33"
OpenAlex,3300,General Social Sciences,FOR,3904,Specialist studies in education,group,False,constrained_lexical,0.085,"constrained to groups within division(s) 44,39,48,33"
OpenAlex,3300,General Social Sciences,FOR,4403,Demography,group,False,constrained_lexical,0.105,"constrained to groups within division(s) 44,39,48,33"
OpenAlex,3300,General Social Sciences,FOR,3304,Urban and regional planning,group,False,constrained_lexical,0.057,"constrained to groups within division(s) 44,39,48,33"
OpenAlex,3302,Archeology,FOR,4407,Policy and administration,group,False,constrained_lexical,0.0,"constrained to groups within division(s) 44,39,48,33"
OpenAlex,3302,Archeology,FOR,4802,Environmental and resources law,group,False,constrained_lexical,0.0,"constrained to groups within division(s) 44,39,48,33"
OpenAlex,3302,Archeology,FOR,4408,Political science,group,False,constrained_lexical,0.0,"constrained to groups within division(s) 44,39,48,33"
OpenAlex,3302,Archeology,FOR,4409,Social work,group,False,constrained_lexical,0.0,"constrained to groups within division(s) 44,39,48,33"
OpenAlex,3302,Archeology,FOR,4499,Other human society,group,False,constrained_lexical,0.0,"constrained to groups within division(s) 44,39,48,33"
OpenAlex,3302,Archeology,FOR,4801,Commercial law,group,False,constrained_lexical,0.0,"constrained to groups within division(s) 44,39,48,33"
OpenAlex,3302,Archeology,FOR,3302,Building,group,False,constrained_lexical,0.0,"constrained to groups within division(s) 44,39,48,33"
OpenAlex,3302,Archeology,FOR,4804,Law in context,group,False,constrained_lexical,0.0,"constrained to groups within division(s) 44,39,48,33"
OpenAlex,3302,Archeology,FOR,4805,Legal systems,group,False,constrained_lexical,0.0,"constrained to groups within division(s) 44,39,48,33"
OpenAlex,3302,Archeology,FOR,4806,Private law and civil obligations,group,False,constrained_lexical,0.0,"constrained to groups within division(s) 44,39,48,33"
OpenAlex,3302,Archeology,FOR,4807,Public law,group,False,constrained_lexical,0.0,"constrained to groups within division(s) 44,39,48,33"
OpenAlex,3302,Archeology,FOR,4899,Other law and legal studies,group,False,constrained_lexical,0.0,"constrained to groups within division(s) 44,39,48,33"
OpenAlex,3302,Archeology,FOR,4405,Gender studies,group,False,constrained_lexical,0.0,"constrained to groups within division(s) 44,39,48,33"
OpenAlex,3302,Archeology,FOR,4803,International and comparative law,group,False,constrained_lexical,0.0,"constrained to groups within division(s) 44,39,48,33"
OpenAlex,3302,Archeology,FOR,4404,Development studies,group,False,constrained_lexical,0.0,"constrained to groups within division(s) 44,39,48,33"
OpenAlex,3302,Archeology,FOR,4401,Anthropology,group,False,constrained_lexical,0.077,"constrained to groups within division(s) 44,39,48,33"
OpenAlex,3302,Archeology,FOR,4402,Criminology,group,False,constrained_lexical,0.0,"constrained to groups within division(s) 44,39,48,33"
OpenAlex,3302,Archeology,FOR,3904,Specialist studies in education,group,True,constrained_lexical,0.077,"constrained to groups within division(s) 44,39,48,33"
OpenAlex,3302,Archeology,FOR,4406,Human geography,group,False,constrained_lexical,0.077,"constrained to groups within division(s) 44,39,48,33"
OpenAlex,3302,Archeology,FOR,4403,Demography,group,False,constrained_lexical,0.0,"constrained to groups within division(s) 44,39,48,33"
OpenAlex,3302,Archeology,FOR,3301,Architecture,group,False,constrained_lexical,0.0,"constrained to groups within division(s) 44,39,48,33"
OpenAlex,3302,Archeology,FOR,3303,Design,group,False,constrained_lexical,0.0,"constrained to groups within division(s) 44,39,48,33"
OpenAlex,3302,Archeology,FOR,4410,Sociology,group,False,constrained_lexical,0.077,"constrained to groups within division(s) 44,39,48,33"
OpenAlex,3302,Archeology,FOR,3399,Other built environment and design,group,False,constrained_lexical,0.0,"constrained to groups within division(s) 44,39,48,33"
OpenAlex,3302,Archeology,FOR,3901,Curriculum and pedagogy,group,False,constrained_lexical,0.0,"constrained to groups within division(s) 44,39,48,33"
OpenAlex,3302,Archeology,FOR,3902,"Education policy, sociology and philosophy",group,False,constrained_lexical,0.0,"constrained to groups within division(s) 44,39,48,33"
OpenAlex,3302,Archeology,FOR,3903,Education systems,group,False,constrained_lexical,0.0,"constrained to groups within division(s) 44,39,48,33"
OpenAlex,3302,Archeology,FOR,3999,Other Education,group,False,constrained_lexical,0.0,"constrained to groups within division(s) 44,39,48,33"
OpenAlex,3302,Archeology,FOR,3304,Urban and regional planning,group,False,constrained_lexical,0.0,"constrained to groups within division(s) 44,39,48,33"
OpenAlex,3303,Development,FOR,4402,Criminology,group,False,constrained_lexical,0.02,"constrained to groups within division(s) 44,39,48,33"
OpenAlex,3303,Development,FOR,4803,International and comparative law,group,False,constrained_lexical,0.041,"constrained to groups within division(s) 44,39,48,33"
OpenAlex,3303,Development,FOR,4899,Other law and legal studies,group,False,constrained_lexical,0.0,"constrained to groups within division(s) 44,39,48,33"
OpenAlex,3303,Development,FOR,4405,Gender studies,group,False,constrained_lexical,0.032,"constrained to groups within division(s) 44,39,48,33"
OpenAlex,3303,Development,FOR,3302,Building,group,False,constrained_lexical,0.027,"constrained to groups within division(s) 44,39,48,33"
OpenAlex,3303,Development,FOR,4403,Demography,group,False,constrained_lexical,0.0,"constrained to groups within division(s) 44,39,48,33"
OpenAlex,3303,Development,FOR,3904,Specialist studies in education,group,False,constrained_lexical,0.041,"constrained to groups within division(s) 44,39,48,33"
OpenAlex,3303,Development,FOR,4801,Commercial law,group,False,constrained_lexical,0.0,"constrained to groups within division(s) 44,39,48,33"
OpenAlex,3303,Development,FOR,4802,Environmental and resources law,group,False,constrained_lexical,0.0,"constrained to groups within division(s) 44,39,48,33"
OpenAlex,3303,Development,FOR,4805,Legal systems,group,False,constrained_lexical,0.0,"constrained to groups within division(s) 44,39,48,33"
OpenAlex,3303,Development,FOR,4806,Private law and civil obligations,group,False,constrained_lexical,0.0,"constrained to groups within division(s) 44,39,48,33"
OpenAlex,3303,Development,FOR,4807,Public law,group,False,constrained_lexical,0.0,"constrained to groups within division(s) 44,39,48,33"
OpenAlex,3303,Development,FOR,4409,Social work,group,False,constrained_lexical,0.0,"constrained to groups within division(s) 44,39,48,33"
OpenAlex,3303,Development,FOR,3303,Design,group,False,constrained_lexical,0.041,"constrained to groups within division(s) 44,39,48,33"
OpenAlex,3303,Development,FOR,3304,Urban and regional planning,group,False,constrained_lexical,0.061,"constrained to groups within division(s) 44,39,48,33"
OpenAlex,3303,Development,FOR,4408,Political science,group,False,constrained_lexical,0.047,"constrained to groups within division(s) 44,39,48,33"
OpenAlex,3303,Development,FOR,4404,Development studies,group,True,constrained_lexical,1.0,"constrained to groups within division(s) 44,39,48,33"
OpenAlex,3303,Development,FOR,3999,Other Education,group,False,constrained_lexical,0.15,"constrained to groups within division(s) 44,39,48,33"
OpenAlex,3303,Development,FOR,3901,Curriculum and pedagogy,group,False,constrained_lexical,0.143,"constrained to groups within division(s) 44,39,48,33"
OpenAlex,3303,Development,FOR,4804,Law in context,group,False,constrained_lexical,0.122,"constrained to groups within division(s) 44,39,48,33"
OpenAlex,3303,Development,FOR,4407,Policy and administration,group,False,constrained_lexical,0.082,"constrained to groups within division(s) 44,39,48,33"
OpenAlex,3303,Development,FOR,3902,"Education policy, sociology and philosophy",group,False,constrained_lexical,0.071,"constrained to groups within division(s) 44,39,48,33"
OpenAlex,3303,Development,FOR,4499,Other human society,group,False,constrained_lexical,0.043,"constrained to groups within division(s) 44,39,48,33"
OpenAlex,3303,Development,FOR,3301,Architecture,group,False,constrained_lexical,0.07,"constrained to groups within division(s) 44,39,48,33"
OpenAlex,3303,Development,FOR,4406,Human geography,group,False,constrained_lexical,0.065,"constrained to groups within division(s) 44,39,48,33"
OpenAlex,3303,Development,FOR,3903,Education systems,group,False,constrained_lexical,0.064,"constrained to groups within division(s) 44,39,48,33"
OpenAlex,3303,Development,FOR,4410,Sociology,group,False,constrained_lexical,0.061,"constrained to groups within division(s) 44,39,48,33"
OpenAlex,3303,Development,FOR,3399,Other built environment and design,group,False,constrained_lexical,0.05,"constrained to groups within division(s) 44,39,48,33"
OpenAlex,3303,Development,FOR,4401,Anthropology,group,False,constrained_lexical,0.071,"constrained to groups within division(s) 44,39,48,33"
OpenAlex,3304,Education,FOR,3302,Building,group,False,constrained_lexical,0.135,"constrained to groups within division(s) 44,39,48,33"
OpenAlex,3304,Education,FOR,4405,Gender studies,group,False,constrained_lexical,0.129,"constrained to groups within division(s) 44,39,48,33"
OpenAlex,3304,Education,FOR,4805,Legal systems,group,False,constrained_lexical,0.098,"constrained to groups within division(s) 44,39,48,33"
OpenAlex,3304,Education,FOR,4807,Public law,group,False,constrained_lexical,0.089,"constrained to groups within division(s) 44,39,48,33"
OpenAlex,3304,Education,FOR,4403,Demography,group,False,constrained_lexical,0.053,"constrained to groups within division(s) 44,39,48,33"
OpenAlex,3304,Education,FOR,3399,Other built environment and design,group,False,constrained_lexical,0.05,"constrained to groups within division(s) 44,39,48,33"
OpenAlex,3304,Education,FOR,4803,International and comparative law,group,False,constrained_lexical,0.018,"constrained to groups within division(s) 44,39,48,33"
OpenAlex,3304,Education,FOR,4499,Other human society,group,False,constrained_lexical,0.043,"constrained to groups within division(s) 44,39,48,33"
OpenAlex,3304,Education,FOR,4801,Commercial law,group,False,constrained_lexical,0.0,"constrained to groups within division(s) 44,39,48,33"
OpenAlex,3304,Education,FOR,4806,Private law and civil obligations,group,False,constrained_lexical,0.0,"constrained to groups within division(s) 44,39,48,33"
OpenAlex,3304,Education,FOR,4899,Other law and legal studies,group,False,constrained_lexical,0.0,"constrained to groups within division(s) 44,39,48,33"
OpenAlex,3304,Education,FOR,3303,Design,group,False,constrained_lexical,0.145,"constrained to groups within division(s) 44,39,48,33"
OpenAlex,3304,Education,FOR,4802,Environmental and resources law,group,False,constrained_lexical,0.045,"constrained to groups within division(s) 44,39,48,33"
OpenAlex,3304,Education,FOR,4402,Criminology,group,False,constrained_lexical,0.151,"constrained to groups within division(s) 44,39,48,33"
OpenAlex,3304,Education,FOR,4406,Human geography,group,False,constrained_lexical,0.152,"constrained to groups within division(s) 44,39,48,33"
OpenAlex,3304,Education,FOR,4404,Development studies,group,False,constrained_lexical,0.163,"constrained to groups within division(s) 44,39,48,33"
OpenAlex,3304,Education,FOR,3904,Specialist studies in education,group,False,constrained_lexical,0.685,"constrained to groups within division(s) 44,39,48,33"
OpenAlex,3304,Education,FOR,3902,"Education policy, sociology and philosophy",group,False,constrained_lexical,0.643,"constrained to groups within division(s) 44,39,48,33"
OpenAlex,3304,Education,FOR,3901,Curriculum and pedagogy,group,False,constrained_lexical,0.308,"constrained to groups within division(s) 44,39,48,33"
OpenAlex,3304,Education,FOR,3999,Other Education,group,False,constrained_lexical,0.3,"constrained to groups within division(s) 44,39,48,33"
OpenAlex,3304,Education,FOR,4410,Sociology,group,False,constrained_lexical,0.284,"constrained to groups within division(s) 44,39,48,33"
OpenAlex,3304,Education,FOR,4401,Anthropology,group,False,constrained_lexical,0.25,"constrained to groups within division(s) 44,39,48,33"
OpenAlex,3304,Education,FOR,3903,Education systems,group,True,constrained_lexical,0.908,"constrained to groups within division(s) 44,39,48,33"
OpenAlex,3304,Education,FOR,4408,Political science,group,False,constrained_lexical,0.209,"constrained to groups within division(s) 44,39,48,33"
OpenAlex,3304,Education,FOR,4804,Law in context,group,False,constrained_lexical,0.2,"constrained to groups within division(s) 44,39,48,33"
OpenAlex,3304,Education,FOR,4407,Policy and administration,group,False,constrained_lexical,0.192,"constrained to groups within division(s) 44,39,48,33"
OpenAlex,3304,Education,FOR,3301,Architecture,group,False,constrained_lexical,0.186,"constrained to groups within division(s) 44,39,48,33"
OpenAlex,3304,Education,FOR,3304,Urban and regional planning,group,False,constrained_lexical,0.186,"constrained to groups within division(s) 44,39,48,33"
OpenAlex,3304,Education,FOR,4409,Social work,group,False,constrained_lexical,0.217,"constrained to groups within division(s) 44,39,48,33"
OpenAlex,3305,"Geography, Planning and Development",FOR,3301,Architecture,group,False,constrained_lexical,0.047,"constrained to groups within division(s) 44,39,48,33"
OpenAlex,3305,"Geography, Planning and Development",FOR,4807,Public law,group,False,constrained_lexical,0.044,"constrained to groups within division(s) 44,39,48,33"
OpenAlex,3305,"Geography, Planning and Development",FOR,4409,Social work,group,False,constrained_lexical,0.043,"constrained to groups within division(s) 44,39,48,33"
OpenAlex,3305,"Geography, Planning and Development",FOR,3904,Specialist studies in education,group,False,constrained_lexical,0.042,"constrained to groups within division(s) 44,39,48,33"
OpenAlex,3305,"Geography, Planning and Development",FOR,3303,Design,group,False,constrained_lexical,0.036,"constrained to groups within division(s) 44,39,48,33"
OpenAlex,3305,"Geography, Planning and Development",FOR,4402,Criminology,group,False,constrained_lexical,0.035,"constrained to groups within division(s) 44,39,48,33"
OpenAlex,3305,"Geography, Planning and Development",FOR,4403,Demography,group,False,constrained_lexical,0.0,"constrained to groups within division(s) 44,39,48,33"
OpenAlex,3305,"Geography, Planning and Development",FOR,4805,Legal systems,group,False,constrained_lexical,0.024,"constrained to groups within division(s) 44,39,48,33"
OpenAlex,3305,"Geography, Planning and Development",FOR,4801,Commercial law,group,False,constrained_lexical,0.0,"constrained to groups within division(s) 44,39,48,33"
OpenAlex,3305,"Geography, Planning and Development",FOR,4806,Private law and civil obligations,group,False,constrained_lexical,0.0,"constrained to groups within division(s) 44,39,48,33"
OpenAlex,3305,"Geography, Planning and Development",FOR,4899,Other law and legal studies,group,False,constrained_lexical,0.0,"constrained to groups within division(s) 44,39,48,33"
OpenAlex,3305,"Geography, Planning and Development",FOR,3399,Other built environment and design,group,False,constrained_lexical,0.05,"constrained to groups within division(s) 44,39,48,33"
OpenAlex,3305,"Geography, Planning and Development",FOR,4405,Gender studies,group,False,constrained_lexical,0.032,"constrained to groups within division(s) 44,39,48,33"
OpenAlex,3305,"Geography, Planning and Development",FOR,3903,Education systems,group,False,constrained_lexical,0.064,"constrained to groups within division(s) 44,39,48,33"
OpenAlex,3305,"Geography, Planning and Development",FOR,4406,Human geography,group,True,constrained_lexical,0.382,"constrained to groups within division(s) 44,39,48,33"
OpenAlex,3305,"Geography, Planning and Development",FOR,4410,Sociology,group,False,constrained_lexical,0.081,"constrained to groups within division(s) 44,39,48,33"
OpenAlex,3305,"Geography, Planning and Development",FOR,4804,Law in context,group,False,constrained_lexical,0.071,"constrained to groups within division(s) 44,39,48,33"
OpenAlex,3305,"Geography, Planning and Development",FOR,4404,Development studies,group,False,constrained_lexical,0.316,"constrained to groups within division(s) 44,39,48,33"
OpenAlex,3305,"Geography, Planning and Development",FOR,3902,"Education policy, sociology and philosophy",group,False,constrained_lexical,0.214,"constrained to groups within division(s) 44,39,48,33"
OpenAlex,3305,"Geography, Planning and Development",FOR,3304,Urban and regional planning,group,False,constrained_lexical,0.197,"constrained to groups within division(s) 44,39,48,33"
OpenAlex,3305,"Geography, Planning and Development",FOR,4401,Anthropology,group,False,constrained_lexical,0.143,"constrained to groups within division(s) 44,39,48,33"
OpenAlex,3305,"Geography, Planning and Development",FOR,3901,Curriculum and pedagogy,group,False,constrained_lexical,0.129,"constrained to groups within division(s) 44,39,48,33"
OpenAlex,3305,"Geography, Planning and Development",FOR,3999,Other Education,group,False,constrained_lexical,0.15,"constrained to groups within division(s) 44,39,48,33"
OpenAlex,3305,"Geography, Planning and Development",FOR,4407,Policy and administration,group,False,constrained_lexical,0.096,"constrained to groups within division(s) 44,39,48,33"
OpenAlex,3305,"Geography, Planning and Development",FOR,4408,Political science,group,False,constrained_lexical,0.093,"constrained to groups within division(s) 44,39,48,33"
OpenAlex,3305,"Geography, Planning and Development",FOR,4802,Environmental and resources law,group,False,constrained_lexical,0.091,"constrained to groups within division(s) 44,39,48,33"
OpenAlex,3305,"Geography, Planning and Development",FOR,4499,Other human society,group,False,constrained_lexical,0.086,"constrained to groups within division(s) 44,39,48,33"
OpenAlex,3305,"Geography, Planning and Development",FOR,3302,Building,group,False,constrained_lexical,0.081,"constrained to groups within division(s) 44,39,48,33"
OpenAlex,3305,"Geography, Planning and Development",FOR,4803,International and comparative law,group,False,constrained_lexical,0.105,"constrained to groups within division(s) 44,39,48,33"
OpenAlex,3306,Health,FOR,3303,Design,group,False,constrained_lexical,0.012,"constrained to groups within division(s) 44,39,48,33"
OpenAlex,3306,Health,FOR,4805,Legal systems,group,False,constrained_lexical,0.024,"constrained to groups within division(s) 44,39,48,33"
OpenAlex,3306,Health,FOR,4408,Political science,group,False,constrained_lexical,0.023,"constrained to groups within division(s) 44,39,48,33"
OpenAlex,3306,Health,FOR,3903,Education systems,group,False,constrained_lexical,0.021,"constrained to groups within division(s) 44,39,48,33"
OpenAlex,3306,Health,FOR,3904,Specialist studies in education,group,False,constrained_lexical,0.014,"constrained to groups within division(s) 44,39,48,33"
OpenAlex,3306,Health,FOR,3301,Architecture,group,False,constrained_lexical,0.0,"constrained to groups within division(s) 44,39,48,33"
OpenAlex,3306,Health,FOR,4899,Other law and legal studies,group,False,constrained_lexical,0.0,"constrained to groups within division(s) 44,39,48,33"
OpenAlex,3306,Health,FOR,3399,Other built environment and design,group,False,constrained_lexical,0.0,"constrained to groups within division(s) 44,39,48,33"
OpenAlex,3306,Health,FOR,4405,Gender studies,group,False,constrained_lexical,0.0,"constrained to groups within division(s) 44,39,48,33"
OpenAlex,3306,Health,FOR,4801,Commercial law,group,False,constrained_lexical,0.0,"constrained to groups within division(s) 44,39,48,33"
OpenAlex,3306,Health,FOR,4802,Environmental and resources law,group,False,constrained_lexical,0.0,"constrained to groups within division(s) 44,39,48,33"
OpenAlex,3306,Health,FOR,4806,Private law and civil obligations,group,False,constrained_lexical,0.0,"constrained to groups within division(s) 44,39,48,33"
OpenAlex,3306,Health,FOR,4402,Criminology,group,False,constrained_lexical,0.025,"constrained to groups within division(s) 44,39,48,33"
OpenAlex,3306,Health,FOR,3302,Building,group,False,constrained_lexical,0.0,"constrained to groups within division(s) 44,39,48,33"
OpenAlex,3306,Health,FOR,3304,Urban and regional planning,group,False,constrained_lexical,0.029,"constrained to groups within division(s) 44,39,48,33"
OpenAlex,3306,Health,FOR,4299,Other health sciences,group,True,constrained_lexical,0.3,"constrained to groups within division(s) 44,39,48,33"
OpenAlex,3306,Health,FOR,4409,Social work,group,False,constrained_lexical,0.043,"constrained to groups within division(s) 44,39,48,33"
OpenAlex,3306,Health,FOR,3902,"Education policy, sociology and philosophy",group,False,constrained_lexical,0.214,"constrained to groups within division(s) 44,39,48,33"
OpenAlex,3306,Health,FOR,4807,Public law,group,False,constrained_lexical,0.156,"constrained to groups within division(s) 44,39,48,33"
OpenAlex,3306,Health,FOR,3999,Other Education,group,False,constrained_lexical,0.15,"constrained to groups within division(s) 44,39,48,33"
OpenAlex,3306,Health,FOR,4804,Law in context,group,False,constrained_lexical,0.114,"constrained to groups within division(s) 44,39,48,33"
OpenAlex,3306,Health,FOR,4403,Demography,group,False,constrained_lexical,0.105,"constrained to groups within division(s) 44,39,48,33"
OpenAlex,3306,Health,FOR,4407,Policy and administration,group,False,constrained_lexical,0.096,"constrained to groups within division(s) 44,39,48,33"
OpenAlex,3306,Health,FOR,4401,Anthropology,group,False,constrained_lexical,0.036,"constrained to groups within division(s) 44,39,48,33"
OpenAlex,3306,Health,FOR,3901,Curriculum and pedagogy,group,False,constrained_lexical,0.086,"constrained to groups within division(s) 44,39,48,33"
OpenAlex,3306,Health,FOR,4499,Other human society,group,False,constrained_lexical,0.086,"constrained to groups within division(s) 44,39,48,33"
OpenAlex,3306,Health,FOR,4803,International and comparative law,group,False,constrained_lexical,0.07,"constrained to groups within division(s) 44,39,48,33"
OpenAlex,3306,Health,FOR,4404,Development studies,group,False,constrained_lexical,0.07,"constrained to groups within division(s) 44,39,48,33"
OpenAlex,3306,Health,FOR,4406,Human geography,group,False,constrained_lexical,0.065,"constrained to groups within division(s) 44,39,48,33"
OpenAlex,3306,Health,FOR,4410,Sociology,group,False,constrained_lexical,0.095,"constrained to groups within division(s) 44,39,48,33"
OpenAlex,3307,Human Factors and Ergonomics,FOR,4404,Development studies,group,False,constrained_lexical,0.04,"constrained to groups within division(s) 44,39,48,33"
OpenAlex,3307,Human Factors and Ergonomics,FOR,4803,International and comparative law,group,False,constrained_lexical,0.04,"constrained to groups within division(s) 44,39,48,33"
OpenAlex,3307,Human Factors and Ergonomics,FOR,3399,Other built environment and design,group,False,constrained_lexical,0.0,"constrained to groups within division(s) 44,39,48,33"
OpenAlex,3307,Human Factors and Ergonomics,FOR,4401,Anthropology,group,False,constrained_lexical,0.0,"constrained to groups within division(s) 44,39,48,33"
OpenAlex,3307,Human Factors and Ergonomics,FOR,4403,Demography,group,False,constrained_lexical,0.0,"constrained to groups within division(s) 44,39,48,33"
OpenAlex,3307,Human Factors and Ergonomics,FOR,4405,Gender studies,group,False,constrained_lexical,0.0,"constrained to groups within division(s) 44,39,48,33"
OpenAlex,3307,Human Factors and Ergonomics,FOR,4410,Sociology,group,False,constrained_lexical,0.0,"constrained to groups within division(s) 44,39,48,33"
OpenAlex,3307,Human Factors and Ergonomics,FOR,4408,Political science,group,False,constrained_lexical,0.0,"constrained to groups within division(s) 44,39,48,33"
OpenAlex,3307,Human Factors and Ergonomics,FOR,4801,Commercial law,group,False,constrained_lexical,0.0,"constrained to groups within division(s) 44,39,48,33"
OpenAlex,3307,Human Factors and Ergonomics,FOR,4802,Environmental and resources law,group,False,constrained_lexical,0.0,"constrained to groups within division(s) 44,39,48,33"
OpenAlex,3307,Human Factors and Ergonomics,FOR,4806,Private law and civil obligations,group,False,constrained_lexical,0.0,"constrained to groups within division(s) 44,39,48,33"
OpenAlex,3307,Human Factors and Ergonomics,FOR,4402,Criminology,group,False,constrained_lexical,0.04,"constrained to groups within division(s) 44,39,48,33"
OpenAlex,3307,Human Factors and Ergonomics,FOR,4407,Policy and administration,group,False,constrained_lexical,0.0,"constrained to groups within division(s) 44,39,48,33"
OpenAlex,3307,Human Factors and Ergonomics,FOR,4899,Other law and legal studies,group,False,constrained_lexical,0.0,"constrained to groups within division(s) 44,39,48,33"
OpenAlex,3307,Human Factors and Ergonomics,FOR,3903,Education systems,group,False,constrained_lexical,0.04,"constrained to groups within division(s) 44,39,48,33"
OpenAlex,3307,Human Factors and Ergonomics,FOR,3302,Building,group,False,constrained_lexical,0.04,"constrained to groups within division(s) 44,39,48,33"
OpenAlex,3307,Human Factors and Ergonomics,FOR,3304,Urban and regional planning,group,False,constrained_lexical,0.04,"constrained to groups within division(s) 44,39,48,33"
OpenAlex,3307,Human Factors and Ergonomics,FOR,3904,Specialist studies in education,group,True,constrained_lexical,0.2,"constrained to groups within division(s) 44,39,48,33"
OpenAlex,3307,Human Factors and Ergonomics,FOR,4406,Human geography,group,False,constrained_lexical,0.183,"constrained to groups within division(s) 44,39,48,33"
OpenAlex,3307,Human Factors and Ergonomics,FOR,3901,Curriculum and pedagogy,group,False,constrained_lexical,0.16,"constrained to groups within division(s) 44,39,48,33"
OpenAlex,3307,Human Factors and Ergonomics,FOR,3303,Design,group,False,constrained_lexical,0.12,"constrained to groups within division(s) 44,39,48,33"
OpenAlex,3307,Human Factors and Ergonomics,FOR,4499,Other human society,group,False,constrained_lexical,0.086,"constrained to groups within division(s) 44,39,48,33"
OpenAlex,3307,Human Factors and Ergonomics,FOR,3999,Other Education,group,False,constrained_lexical,0.15,"constrained to groups within division(s) 44,39,48,33"
OpenAlex,3307,Human Factors and Ergonomics,FOR,4805,Legal systems,group,False,constrained_lexical,0.08,"constrained to groups within division(s) 44,39,48,33"
OpenAlex,3307,Human Factors and Ergonomics,FOR,4807,Public law,group,False,constrained_lexical,0.08,"constrained to groups within division(s) 44,39,48,33"
OpenAlex,3307,Human Factors and Ergonomics,FOR,3902,"Education policy, sociology and philosophy",group,False,constrained_lexical,0.071,"constrained to groups within division(s) 44,39,48,33"
OpenAlex,3307,Human Factors and Ergonomics,FOR,4409,Social work,group,False,constrained_lexical,0.043,"constrained to groups within division(s) 44,39,48,33"
OpenAlex,3307,Human Factors and Ergonomics,FOR,3301,Architecture,group,False,constrained_lexical,0.04,"constrained to groups within division(s) 44,39,48,33"
OpenAlex,3307,Human Factors and Ergonomics,FOR,4804,Law in context,group,False,constrained_lexical,0.08,"constrained to groups within division(s) 44,39,48,33"
OpenAlex,3308,Law,FOR,4499,Other human society,group,False,constrained_lexical,0.086,"constrained to groups within division(s) 44,39,48,33"
OpenAlex,3308,Law,FOR,3904,Specialist studies in education,group,False,constrained_lexical,0.099,"constrained to groups within division(s) 44,39,48,33"
OpenAlex,3308,Law,FOR,4404,Development studies,group,False,constrained_lexical,0.093,"constrained to groups within division(s) 44,39,48,33"
OpenAlex,3308,Law,FOR,4409,Social work,group,False,constrained_lexical,0.087,"constrained to groups within division(s) 44,39,48,33"
OpenAlex,3308,Law,FOR,4405,Gender studies,group,False,constrained_lexical,0.032,"constrained to groups within division(s) 44,39,48,33"
OpenAlex,3308,Law,FOR,3901,Curriculum and pedagogy,group,False,constrained_lexical,0.077,"constrained to groups within division(s) 44,39,48,33"
OpenAlex,3308,Law,FOR,4401,Anthropology,group,False,constrained_lexical,0.107,"constrained to groups within division(s) 44,39,48,33"
OpenAlex,3308,Law,FOR,3303,Design,group,False,constrained_lexical,0.06,"constrained to groups within division(s) 44,39,48,33"
OpenAlex,3308,Law,FOR,4407,Policy and administration,group,False,constrained_lexical,0.058,"constrained to groups within division(s) 44,39,48,33"
OpenAlex,3308,Law,FOR,3399,Other built environment and design,group,False,constrained_lexical,0.05,"constrained to groups within division(s) 44,39,48,33"
OpenAlex,3308,Law,FOR,3301,Architecture,group,False,constrained_lexical,0.047,"constrained to groups within division(s) 44,39,48,33"
OpenAlex,3308,Law,FOR,3903,Education systems,group,False,constrained_lexical,0.043,"constrained to groups within division(s) 44,39,48,33"
OpenAlex,3308,Law,FOR,3304,Urban and regional planning,group,False,constrained_lexical,0.071,"constrained to groups within division(s) 44,39,48,33"
OpenAlex,3308,Law,FOR,3302,Building,group,False,constrained_lexical,0.108,"constrained to groups within division(s) 44,39,48,33"
OpenAlex,3308,Law,FOR,4403,Demography,group,False,constrained_lexical,0.158,"constrained to groups within division(s) 44,39,48,33"
OpenAlex,3308,Law,FOR,4408,Political science,group,False,constrained_lexical,0.116,"constrained to groups within division(s) 44,39,48,33"
OpenAlex,3308,Law,FOR,4406,Human geography,group,False,constrained_lexical,0.109,"constrained to groups within division(s) 44,39,48,33"
OpenAlex,3308,Law,FOR,4807,Public law,group,True,constrained_lexical,0.622,"constrained to groups within division(s) 44,39,48,33"
OpenAlex,3308,Law,FOR,4804,Law in context,group,False,constrained_lexical,0.576,"constrained to groups within division(s) 44,39,48,33"
OpenAlex,3308,Law,FOR,4802,Environmental and resources law,group,False,constrained_lexical,0.473,"constrained to groups within division(s) 44,39,48,33"
OpenAlex,3308,Law,FOR,4803,International and comparative law,group,False,constrained_lexical,0.446,"constrained to groups within division(s) 44,39,48,33"
OpenAlex,3308,Law,FOR,4801,Commercial law,group,False,constrained_lexical,0.373,"constrained to groups within division(s) 44,39,48,33"
OpenAlex,3308,Law,FOR,4806,Private law and civil obligations,group,False,constrained_lexical,0.451,"constrained to groups within division(s) 44,39,48,33"
OpenAlex,3308,Law,FOR,4805,Legal systems,group,False,constrained_lexical,0.171,"constrained to groups within division(s) 44,39,48,33"
OpenAlex,3308,Law,FOR,3999,Other Education,group,False,constrained_lexical,0.15,"constrained to groups within division(s) 44,39,48,33"
OpenAlex,3308,Law,FOR,3902,"Education policy, sociology and philosophy",group,False,constrained_lexical,0.143,"constrained to groups within division(s) 44,39,48,33"
OpenAlex,3308,Law,FOR,4410,Sociology,group,False,constrained_lexical,0.122,"constrained to groups within division(s) 44,39,48,33"
OpenAlex,3308,Law,FOR,4402,Criminology,group,False,constrained_lexical,0.116,"constrained to groups within division(s) 44,39,48,33"
OpenAlex,3308,Law,FOR,4899,Other law and legal studies,group,False,constrained_lexical,0.3,"constrained to groups within division(s) 44,39,48,33"
OpenAlex,3309,Library and Information Sciences,FOR,4410,Sociology,group,False,constrained_lexical,0.0,"constrained to groups within division(s) 44,39,48,33"
OpenAlex,3309,Library and Information Sciences,FOR,4405,Gender studies,group,False,constrained_lexical,0.0,"constrained to groups within division(s) 44,39,48,33"
OpenAlex,3309,Library and Information Sciences,FOR,4406,Human geography,group,False,constrained_lexical,0.0,"constrained to groups within division(s) 44,39,48,33"
OpenAlex,3309,Library and Information Sciences,FOR,4408,Political science,group,False,constrained_lexical,0.0,"constrained to groups within division(s) 44,39,48,33"
OpenAlex,3309,Library and Information Sciences,FOR,4409,Social work,group,False,constrained_lexical,0.0,"constrained to groups within division(s) 44,39,48,33"
OpenAlex,3309,Library and Information Sciences,FOR,4499,Other human society,group,False,constrained_lexical,0.0,"constrained to groups within division(s) 44,39,48,33"
OpenAlex,3309,Library and Information Sciences,FOR,4899,Other law and legal studies,group,False,constrained_lexical,0.0,"constrained to groups within division(s) 44,39,48,33"
OpenAlex,3309,Library and Information Sciences,FOR,4802,Environmental and resources law,group,False,constrained_lexical,0.0,"constrained to groups within division(s) 44,39,48,33"
OpenAlex,3309,Library and Information Sciences,FOR,4803,International and comparative law,group,False,constrained_lexical,0.0,"constrained to groups within division(s) 44,39,48,33"
OpenAlex,3309,Library and Information Sciences,FOR,4804,Law in context,group,False,constrained_lexical,0.0,"constrained to groups within division(s) 44,39,48,33"
OpenAlex,3309,Library and Information Sciences,FOR,4805,Legal systems,group,False,constrained_lexical,0.0,"constrained to groups within division(s) 44,39,48,33"
OpenAlex,3309,Library and Information Sciences,FOR,4806,Private law and civil obligations,group,False,constrained_lexical,0.0,"constrained to groups within division(s) 44,39,48,33"
OpenAlex,3309,Library and Information Sciences,FOR,4404,Development studies,group,False,constrained_lexical,0.0,"constrained to groups within division(s) 44,39,48,33"
OpenAlex,3309,Library and Information Sciences,FOR,4801,Commercial law,group,False,constrained_lexical,0.0,"constrained to groups within division(s) 44,39,48,33"
OpenAlex,3309,Library and Information Sciences,FOR,4403,Demography,group,False,constrained_lexical,0.0,"constrained to groups within division(s) 44,39,48,33"
OpenAlex,3309,Library and Information Sciences,FOR,4401,Anthropology,group,False,constrained_lexical,0.0,"constrained to groups within division(s) 44,39,48,33"
OpenAlex,3309,Library and Information Sciences,FOR,3999,Other Education,group,False,constrained_lexical,0.0,"constrained to groups within division(s) 44,39,48,33"
OpenAlex,3309,Library and Information Sciences,FOR,3302,Building,group,False,constrained_lexical,0.111,"constrained to groups within division(s) 44,39,48,33"
OpenAlex,3309,Library and Information Sciences,FOR,3304,Urban and regional planning,group,False,constrained_lexical,0.111,"constrained to groups within division(s) 44,39,48,33"
OpenAlex,3309,Library and Information Sciences,FOR,3901,Curriculum and pedagogy,group,False,constrained_lexical,0.111,"constrained to groups within division(s) 44,39,48,33"
OpenAlex,3309,Library and Information Sciences,FOR,3904,Specialist studies in education,group,False,constrained_lexical,0.111,"constrained to groups within division(s) 44,39,48,33"
OpenAlex,3309,Library and Information Sciences,FOR,4402,Criminology,group,False,constrained_lexical,0.111,"constrained to groups within division(s) 44,39,48,33"
OpenAlex,3309,Library and Information Sciences,FOR,4407,Policy and administration,group,False,constrained_lexical,0.111,"constrained to groups within division(s) 44,39,48,33"
OpenAlex,3309,Library and Information Sciences,FOR,4610,Library and information studies,group,True,constrained_lexical,1.0,"constrained to groups within division(s) 44,39,48,33"
OpenAlex,3309,Library and Information Sciences,FOR,3301,Architecture,group,False,constrained_lexical,0.0,"constrained to groups within division(s) 44,39,48,33"
OpenAlex,3309,Library and Information Sciences,FOR,3303,Design,group,False,constrained_lexical,0.0,"constrained to groups within division(s) 44,39,48,33"
OpenAlex,3309,Library and Information Sciences,FOR,3399,Other built environment and design,group,False,constrained_lexical,0.0,"constrained to groups within division(s) 44,39,48,33"
OpenAlex,3309,Library and Information Sciences,FOR,3902,"Education policy, sociology and philosophy",group,False,constrained_lexical,0.0,"constrained to groups within division(s) 44,39,48,33"
OpenAlex,3309,Library and Information Sciences,FOR,3903,Education systems,group,False,constrained_lexical,0.0,"constrained to groups within division(s) 44,39,48,33"
OpenAlex,3309,Library and Information Sciences,FOR,4807,Public law,group,False,constrained_lexical,0.111,"constrained to groups within division(s) 44,39,48,33"
OpenAlex,3310,Linguistics and Language,FOR,4407,Policy and administration,group,False,constrained_lexical,0.029,"constrained to groups within division(s) 44,39,48,33"
OpenAlex,3310,Linguistics and Language,FOR,4408,Political science,group,False,constrained_lexical,0.029,"constrained to groups within division(s) 44,39,48,33"
OpenAlex,3310,Linguistics and Language,FOR,3302,Building,group,False,constrained_lexical,0.0,"constrained to groups within division(s) 44,39,48,33"
OpenAlex,3310,Linguistics and Language,FOR,3399,Other built environment and design,group,False,constrained_lexical,0.0,"constrained to groups within division(s) 44,39,48,33"
OpenAlex,3310,Linguistics and Language,FOR,4409,Social work,group,False,constrained_lexical,0.0,"constrained to groups within division(s) 44,39,48,33"
OpenAlex,3310,Linguistics and Language,FOR,4499,Other human society,group,False,constrained_lexical,0.0,"constrained to groups within division(s) 44,39,48,33"
OpenAlex,3310,Linguistics and Language,FOR,4803,International and comparative law,group,False,constrained_lexical,0.0,"constrained to groups within division(s) 44,39,48,33"
OpenAlex,3310,Linguistics and Language,FOR,4802,Environmental and resources law,group,False,constrained_lexical,0.0,"constrained to groups within division(s) 44,39,48,33"
OpenAlex,3310,Linguistics and Language,FOR,4805,Legal systems,group,False,constrained_lexical,0.0,"constrained to groups within division(s) 44,39,48,33"
OpenAlex,3310,Linguistics and Language,FOR,4806,Private law and civil obligations,group,False,constrained_lexical,0.0,"constrained to groups within division(s) 44,39,48,33"
OpenAlex,3310,Linguistics and Language,FOR,4807,Public law,group,False,constrained_lexical,0.0,"constrained to groups within division(s) 44,39,48,33"
OpenAlex,3310,Linguistics and Language,FOR,3903,Education systems,group,False,constrained_lexical,0.029,"constrained to groups within division(s) 44,39,48,33"
OpenAlex,3310,Linguistics and Language,FOR,4801,Commercial law,group,False,constrained_lexical,0.0,"constrained to groups within division(s) 44,39,48,33"
OpenAlex,3310,Linguistics and Language,FOR,3304,Urban and regional planning,group,False,constrained_lexical,0.029,"constrained to groups within division(s) 44,39,48,33"
OpenAlex,3310,Linguistics and Language,FOR,4899,Other law and legal studies,group,False,constrained_lexical,0.0,"constrained to groups within division(s) 44,39,48,33"
OpenAlex,3310,Linguistics and Language,FOR,3301,Architecture,group,False,constrained_lexical,0.029,"constrained to groups within division(s) 44,39,48,33"
OpenAlex,3310,Linguistics and Language,FOR,3902,"Education policy, sociology and philosophy",group,True,constrained_lexical,0.286,"constrained to groups within division(s) 44,39,48,33"
OpenAlex,3310,Linguistics and Language,FOR,3904,Specialist studies in education,group,False,constrained_lexical,0.176,"constrained to groups within division(s) 44,39,48,33"
OpenAlex,3310,Linguistics and Language,FOR,3999,Other Education,group,False,constrained_lexical,0.15,"constrained to groups within division(s) 44,39,48,33"
OpenAlex,3310,Linguistics and Language,FOR,4410,Sociology,group,False,constrained_lexical,0.147,"constrained to groups within division(s) 44,39,48,33"
OpenAlex,3310,Linguistics and Language,FOR,4401,Anthropology,group,False,constrained_lexical,0.071,"constrained to groups within division(s) 44,39,48,33"
OpenAlex,3310,Linguistics and Language,FOR,3901,Curriculum and pedagogy,group,False,constrained_lexical,0.059,"constrained to groups within division(s) 44,39,48,33"
OpenAlex,3310,Linguistics and Language,FOR,3303,Design,group,False,constrained_lexical,0.029,"constrained to groups within division(s) 44,39,48,33"
OpenAlex,3310,Linguistics and Language,FOR,4404,Development studies,group,False,constrained_lexical,0.059,"constrained to groups within division(s) 44,39,48,33"
OpenAlex,3310,Linguistics and Language,FOR,4406,Human geography,group,False,constrained_lexical,0.059,"constrained to groups within division(s) 44,39,48,33"
OpenAlex,3310,Linguistics and Language,FOR,4804,Law in context,group,False,constrained_lexical,0.059,"constrained to groups within division(s) 44,39,48,33"
OpenAlex,3310,Linguistics and Language,FOR,4403,Demography,group,False,constrained_lexical,0.053,"constrained to groups within division(s) 44,39,48,33"
OpenAlex,3310,Linguistics and Language,FOR,4405,Gender studies,group,False,constrained_lexical,0.032,"constrained to groups within division(s) 44,39,48,33"
OpenAlex,3310,Linguistics and Language,FOR,4402,Criminology,group,False,constrained_lexical,0.059,"constrained to groups within division(s) 44,39,48,33"
OpenAlex,3311,Safety Research,FOR,4402,Criminology,group,False,constrained_lexical,0.047,"constrained to groups within division(s) 44,39,48,33"
OpenAlex,3311,Safety Research,FOR,4802,Environmental and resources law,group,False,constrained_lexical,0.045,"constrained to groups within division(s) 44,39,48,33"
OpenAlex,3311,Safety Research,FOR,4409,Social work,group,False,constrained_lexical,0.043,"constrained to groups within division(s) 44,39,48,33"
OpenAlex,3311,Safety Research,FOR,4499,Other human society,group,False,constrained_lexical,0.043,"constrained to groups within division(s) 44,39,48,33"
OpenAlex,3311,Safety Research,FOR,4803,International and comparative law,group,False,constrained_lexical,0.035,"constrained to groups within division(s) 44,39,48,33"
OpenAlex,3311,Safety Research,FOR,3302,Building,group,False,constrained_lexical,0.027,"constrained to groups within division(s) 44,39,48,33"
OpenAlex,3311,Safety Research,FOR,3304,Urban and regional planning,group,False,constrained_lexical,0.014,"constrained to groups within division(s) 44,39,48,33"
OpenAlex,3311,Safety Research,FOR,4408,Political science,group,False,constrained_lexical,0.023,"constrained to groups within division(s) 44,39,48,33"
OpenAlex,3311,Safety Research,FOR,3399,Other built environment and design,group,False,constrained_lexical,0.0,"constrained to groups within division(s) 44,39,48,33"
OpenAlex,3311,Safety Research,FOR,4801,Commercial law,group,False,constrained_lexical,0.0,"constrained to groups within division(s) 44,39,48,33"
OpenAlex,3311,Safety Research,FOR,4806,Private law and civil obligations,group,False,constrained_lexical,0.0,"constrained to groups within division(s) 44,39,48,33"
OpenAlex,3311,Safety Research,FOR,3301,Architecture,group,False,constrained_lexical,0.047,"constrained to groups within division(s) 44,39,48,33"
OpenAlex,3311,Safety Research,FOR,4805,Legal systems,group,False,constrained_lexical,0.024,"constrained to groups within division(s) 44,39,48,33"
OpenAlex,3311,Safety Research,FOR,3303,Design,group,False,constrained_lexical,0.048,"constrained to groups within division(s) 44,39,48,33"
OpenAlex,3311,Safety Research,FOR,4899,Other law and legal studies,group,False,constrained_lexical,0.0,"constrained to groups within division(s) 44,39,48,33"
OpenAlex,3311,Safety Research,FOR,4405,Gender studies,group,False,constrained_lexical,0.065,"constrained to groups within division(s) 44,39,48,33"
OpenAlex,3311,Safety Research,FOR,3999,Other Education,group,True,constrained_lexical,0.3,"constrained to groups within division(s) 44,39,48,33"
OpenAlex,3311,Safety Research,FOR,3902,"Education policy, sociology and philosophy",group,False,constrained_lexical,0.214,"constrained to groups within division(s) 44,39,48,33"
OpenAlex,3311,Safety Research,FOR,4407,Policy and administration,group,False,constrained_lexical,0.154,"constrained to groups within division(s) 44,39,48,33"
OpenAlex,3311,Safety Research,FOR,4404,Development studies,group,False,constrained_lexical,0.116,"constrained to groups within division(s) 44,39,48,33"
OpenAlex,3311,Safety Research,FOR,4807,Public law,group,False,constrained_lexical,0.111,"constrained to groups within division(s) 44,39,48,33"
OpenAlex,3311,Safety Research,FOR,4401,Anthropology,group,False,constrained_lexical,0.107,"constrained to groups within division(s) 44,39,48,33"
OpenAlex,3311,Safety Research,FOR,4403,Demography,group,False,constrained_lexical,0.053,"constrained to groups within division(s) 44,39,48,33"
OpenAlex,3311,Safety Research,FOR,3901,Curriculum and pedagogy,group,False,constrained_lexical,0.099,"constrained to groups within division(s) 44,39,48,33"
OpenAlex,3311,Safety Research,FOR,4410,Sociology,group,False,constrained_lexical,0.095,"constrained to groups within division(s) 44,39,48,33"
OpenAlex,3311,Safety Research,FOR,4406,Human geography,group,False,constrained_lexical,0.087,"constrained to groups within division(s) 44,39,48,33"
OpenAlex,3311,Safety Research,FOR,4804,Law in context,group,False,constrained_lexical,0.086,"constrained to groups within division(s) 44,39,48,33"
OpenAlex,3311,Safety Research,FOR,3904,Specialist studies in education,group,False,constrained_lexical,0.07,"constrained to groups within division(s) 44,39,48,33"
OpenAlex,3311,Safety Research,FOR,3903,Education systems,group,False,constrained_lexical,0.106,"constrained to groups within division(s) 44,39,48,33"
OpenAlex,3312,Sociology and Political Science,FOR,4805,Legal systems,group,False,constrained_lexical,0.22,"constrained to groups within division(s) 44,39,48,33"
OpenAlex,3312,Sociology and Political Science,FOR,3903,Education systems,group,False,constrained_lexical,0.213,"constrained to groups within division(s) 44,39,48,33"
OpenAlex,3312,Sociology and Political Science,FOR,4409,Social work,group,False,constrained_lexical,0.174,"constrained to groups within division(s) 44,39,48,33"
OpenAlex,3312,Sociology and Political Science,FOR,3904,Specialist studies in education,group,False,constrained_lexical,0.169,"constrained to groups within division(s) 44,39,48,33"
OpenAlex,3312,Sociology and Political Science,FOR,3303,Design,group,False,constrained_lexical,0.169,"constrained to groups within division(s) 44,39,48,33"
OpenAlex,3312,Sociology and Political Science,FOR,4403,Demography,group,False,constrained_lexical,0.158,"constrained to groups within division(s) 44,39,48,33"
OpenAlex,3312,Sociology and Political Science,FOR,4899,Other law and legal studies,group,False,constrained_lexical,0.15,"constrained to groups within division(s) 44,39,48,33"
OpenAlex,3312,Sociology and Political Science,FOR,3999,Other Education,group,False,constrained_lexical,0.15,"constrained to groups within division(s) 44,39,48,33"
OpenAlex,3312,Sociology and Political Science,FOR,3302,Building,group,False,constrained_lexical,0.135,"constrained to groups within division(s) 44,39,48,33"
OpenAlex,3312,Sociology and Political Science,FOR,4499,Other human society,group,False,constrained_lexical,0.129,"constrained to groups within division(s) 44,39,48,33"
OpenAlex,3312,Sociology and Political Science,FOR,4801,Commercial law,group,False,constrained_lexical,0.12,"constrained to groups within division(s) 44,39,48,33"
OpenAlex,3312,Sociology and Political Science,FOR,3304,Urban and regional planning,group,False,constrained_lexical,0.243,"constrained to groups within division(s) 44,39,48,33"
OpenAlex,3312,Sociology and Political Science,FOR,4806,Private law and civil obligations,group,False,constrained_lexical,0.154,"constrained to groups within division(s) 44,39,48,33"
OpenAlex,3312,Sociology and Political Science,FOR,3399,Other built environment and design,group,False,constrained_lexical,0.05,"constrained to groups within division(s) 44,39,48,33"
OpenAlex,3312,Sociology and Political Science,FOR,4402,Criminology,group,False,constrained_lexical,0.244,"constrained to groups within division(s) 44,39,48,33"
OpenAlex,3312,Sociology and Political Science,FOR,3301,Architecture,group,False,constrained_lexical,0.279,"constrained to groups within division(s) 44,39,48,33"
OpenAlex,3312,Sociology and Political Science,FOR,4803,International and comparative law,group,False,constrained_lexical,0.246,"constrained to groups within division(s) 44,39,48,33"
OpenAlex,3312,Sociology and Political Science,FOR,3902,"Education policy, sociology and philosophy",group,True,constrained_lexical,0.754,"constrained to groups within division(s) 44,39,48,33"
OpenAlex,3312,Sociology and Political Science,FOR,4410,Sociology,group,False,constrained_lexical,0.739,"constrained to groups within division(s) 44,39,48,33"
OpenAlex,3312,Sociology and Political Science,FOR,4408,Political science,group,False,constrained_lexical,0.682,"constrained to groups within division(s) 44,39,48,33"
OpenAlex,3312,Sociology and Political Science,FOR,4804,Law in context,group,False,constrained_lexical,0.4,"constrained to groups within division(s) 44,39,48,33"
OpenAlex,3312,Sociology and Political Science,FOR,4407,Policy and administration,group,False,constrained_lexical,0.365,"constrained to groups within division(s) 44,39,48,33"
OpenAlex,3312,Sociology and Political Science,FOR,4404,Development studies,group,False,constrained_lexical,0.512,"constrained to groups within division(s) 44,39,48,33"
OpenAlex,3312,Sociology and Political Science,FOR,4802,Environmental and resources law,group,False,constrained_lexical,0.318,"constrained to groups within division(s) 44,39,48,33"
OpenAlex,3312,Sociology and Political Science,FOR,4807,Public law,group,False,constrained_lexical,0.311,"constrained to groups within division(s) 44,39,48,33"
OpenAlex,3312,Sociology and Political Science,FOR,3901,Curriculum and pedagogy,group,False,constrained_lexical,0.297,"constrained to groups within division(s) 44,39,48,33"
OpenAlex,3312,Sociology and Political Science,FOR,4405,Gender studies,group,False,constrained_lexical,0.29,"constrained to groups within division(s) 44,39,48,33"
OpenAlex,3312,Sociology and Political Science,FOR,4406,Human geography,group,False,constrained_lexical,0.283,"constrained to groups within division(s) 44,39,48,33"
OpenAlex,3312,Sociology and Political Science,FOR,4401,Anthropology,group,False,constrained_lexical,0.321,"constrained to groups within division(s) 44,39,48,33"
OpenAlex,3313,Transportation,FOR,4803,International and comparative law,group,False,constrained_lexical,0.036,"constrained to groups within division(s) 44,39,48,33"
OpenAlex,3313,Transportation,FOR,3903,Education systems,group,False,constrained_lexical,0.043,"constrained to groups within division(s) 44,39,48,33"
OpenAlex,3313,Transportation,FOR,4801,Commercial law,group,False,constrained_lexical,0.04,"constrained to groups within division(s) 44,39,48,33"
OpenAlex,3313,Transportation,FOR,3904,Specialist studies in education,group,False,constrained_lexical,0.036,"constrained to groups within division(s) 44,39,48,33"
OpenAlex,3313,Transportation,FOR,4402,Criminology,group,False,constrained_lexical,0.036,"constrained to groups within division(s) 44,39,48,33"
OpenAlex,3313,Transportation,FOR,4804,Law in context,group,False,constrained_lexical,0.036,"constrained to groups within division(s) 44,39,48,33"
OpenAlex,3313,Transportation,FOR,4499,Other human society,group,False,constrained_lexical,0.043,"constrained to groups within division(s) 44,39,48,33"
OpenAlex,3313,Transportation,FOR,4408,Political science,group,False,constrained_lexical,0.023,"constrained to groups within division(s) 44,39,48,33"
OpenAlex,3313,Transportation,FOR,3999,Other Education,group,False,constrained_lexical,0.0,"constrained to groups within division(s) 44,39,48,33"
OpenAlex,3313,Transportation,FOR,4403,Demography,group,False,constrained_lexical,0.0,"constrained to groups within division(s) 44,39,48,33"
OpenAlex,3313,Transportation,FOR,4409,Social work,group,False,constrained_lexical,0.0,"constrained to groups within division(s) 44,39,48,33"
OpenAlex,3313,Transportation,FOR,4806,Private law and civil obligations,group,False,constrained_lexical,0.0,"constrained to groups within division(s) 44,39,48,33"
OpenAlex,3313,Transportation,FOR,4405,Gender studies,group,False,constrained_lexical,0.032,"constrained to groups within division(s) 44,39,48,33"
OpenAlex,3313,Transportation,FOR,4807,Public law,group,False,constrained_lexical,0.044,"constrained to groups within division(s) 44,39,48,33"
OpenAlex,3313,Transportation,FOR,3399,Other built environment and design,group,False,constrained_lexical,0.05,"constrained to groups within division(s) 44,39,48,33"
OpenAlex,3313,Transportation,FOR,4410,Sociology,group,False,constrained_lexical,0.054,"constrained to groups within division(s) 44,39,48,33"
OpenAlex,3313,Transportation,FOR,4406,Human geography,group,False,constrained_lexical,0.13,"constrained to groups within division(s) 44,39,48,33"
OpenAlex,3313,Transportation,FOR,4404,Development studies,group,False,constrained_lexical,0.093,"constrained to groups within division(s) 44,39,48,33"
OpenAlex,3313,Transportation,FOR,4802,Environmental and resources law,group,False,constrained_lexical,0.091,"constrained to groups within division(s) 44,39,48,33"
OpenAlex,3313,Transportation,FOR,3302,Building,group,False,constrained_lexical,0.081,"constrained to groups within division(s) 44,39,48,33"
OpenAlex,3313,Transportation,FOR,4407,Policy and administration,group,False,constrained_lexical,0.077,"constrained to groups within division(s) 44,39,48,33"
OpenAlex,3313,Transportation,FOR,4899,Other law and legal studies,group,False,constrained_lexical,0.075,"constrained to groups within division(s) 44,39,48,33"
OpenAlex,3313,Transportation,FOR,3304,Urban and regional planning,group,True,constrained_lexical,0.196,"constrained to groups within division(s) 44,39,48,33"
OpenAlex,3313,Transportation,FOR,3901,Curriculum and pedagogy,group,False,constrained_lexical,0.071,"constrained to groups within division(s) 44,39,48,33"
OpenAlex,3313,Transportation,FOR,3902,"Education policy, sociology and philosophy",group,False,constrained_lexical,0.071,"constrained to groups within division(s) 44,39,48,33"
OpenAlex,3313,Transportation,FOR,4401,Anthropology,group,False,constrained_lexical,0.071,"constrained to groups within division(s) 44,39,48,33"
OpenAlex,3313,Transportation,FOR,3301,Architecture,group,False,constrained_lexical,0.07,"constrained to groups within division(s) 44,39,48,33"
OpenAlex,3313,Transportation,FOR,3303,Design,group,False,constrained_lexical,0.054,"constrained to groups within division(s) 44,39,48,33"
OpenAlex,3313,Transportation,FOR,4805,Legal systems,group,False,constrained_lexical,0.073,"constrained to groups within division(s) 44,39,48,33"
OpenAlex,3314,Anthropology,FOR,3901,Curriculum and pedagogy,group,False,constrained_lexical,0.033,"constrained to groups within division(s) 44,39,48,33"
OpenAlex,3314,Anthropology,FOR,3302,Building,group,False,constrained_lexical,0.027,"constrained to groups within division(s) 44,39,48,33"
OpenAlex,3314,Anthropology,FOR,4402,Criminology,group,False,constrained_lexical,0.023,"constrained to groups within division(s) 44,39,48,33"
OpenAlex,3314,Anthropology,FOR,4407,Policy and administration,group,False,constrained_lexical,0.019,"constrained to groups within division(s) 44,39,48,33"
OpenAlex,3314,Anthropology,FOR,4804,Law in context,group,False,constrained_lexical,0.014,"constrained to groups within division(s) 44,39,48,33"
OpenAlex,3314,Anthropology,FOR,3399,Other built environment and design,group,False,constrained_lexical,0.0,"constrained to groups within division(s) 44,39,48,33"
OpenAlex,3314,Anthropology,FOR,4405,Gender studies,group,False,constrained_lexical,0.0,"constrained to groups within division(s) 44,39,48,33"
OpenAlex,3314,Anthropology,FOR,3999,Other Education,group,False,constrained_lexical,0.0,"constrained to groups within division(s) 44,39,48,33"
OpenAlex,3314,Anthropology,FOR,4499,Other human society,group,False,constrained_lexical,0.0,"constrained to groups within division(s) 44,39,48,33"
OpenAlex,3314,Anthropology,FOR,4801,Commercial law,group,False,constrained_lexical,0.0,"constrained to groups within division(s) 44,39,48,33"
OpenAlex,3314,Anthropology,FOR,4806,Private law and civil obligations,group,False,constrained_lexical,0.0,"constrained to groups within division(s) 44,39,48,33"
OpenAlex,3314,Anthropology,FOR,4410,Sociology,group,False,constrained_lexical,0.041,"constrained to groups within division(s) 44,39,48,33"
OpenAlex,3314,Anthropology,FOR,3903,Education systems,group,False,constrained_lexical,0.0,"constrained to groups within division(s) 44,39,48,33"
OpenAlex,3314,Anthropology,FOR,3304,Urban and regional planning,group,False,constrained_lexical,0.043,"constrained to groups within division(s) 44,39,48,33"
OpenAlex,3314,Anthropology,FOR,4807,Public law,group,False,constrained_lexical,0.044,"constrained to groups within division(s) 44,39,48,33"
OpenAlex,3314,Anthropology,FOR,4802,Environmental and resources law,group,False,constrained_lexical,0.045,"constrained to groups within division(s) 44,39,48,33"
OpenAlex,3314,Anthropology,FOR,4409,Social work,group,False,constrained_lexical,0.087,"constrained to groups within division(s) 44,39,48,33"
OpenAlex,3314,Anthropology,FOR,4899,Other law and legal studies,group,False,constrained_lexical,0.075,"constrained to groups within division(s) 44,39,48,33"
OpenAlex,3314,Anthropology,FOR,3902,"Education policy, sociology and philosophy",group,False,constrained_lexical,0.071,"constrained to groups within division(s) 44,39,48,33"
OpenAlex,3314,Anthropology,FOR,3904,Specialist studies in education,group,False,constrained_lexical,0.07,"constrained to groups within division(s) 44,39,48,33"
OpenAlex,3314,Anthropology,FOR,4404,Development studies,group,False,constrained_lexical,0.07,"constrained to groups within division(s) 44,39,48,33"
OpenAlex,3314,Anthropology,FOR,4406,Human geography,group,False,constrained_lexical,0.065,"constrained to groups within division(s) 44,39,48,33"
OpenAlex,3314,Anthropology,FOR,4401,Anthropology,group,True,constrained_lexical,1.0,"constrained to groups within division(s) 44,39,48,33"
OpenAlex,3314,Anthropology,FOR,4403,Demography,group,False,constrained_lexical,0.053,"constrained to groups within division(s) 44,39,48,33"
OpenAlex,3314,Anthropology,FOR,4803,International and comparative law,group,False,constrained_lexical,0.053,"constrained to groups within division(s) 44,39,48,33"
OpenAlex,3314,Anthropology,FOR,4805,Legal systems,group,False,constrained_lexical,0.049,"constrained to groups within division(s) 44,39,48,33"
OpenAlex,3314,Anthropology,FOR,3301,Architecture,group,False,constrained_lexical,0.047,"constrained to groups within division(s) 44,39,48,33"
OpenAlex,3314,Anthropology,FOR,4408,Political science,group,False,constrained_lexical,0.047,"constrained to groups within division(s) 44,39,48,33"
OpenAlex,3314,Anthropology,FOR,3303,Design,group,False,constrained_lexical,0.06,"constrained to groups within division(s) 44,39,48,33"
OpenAlex,3315,Communication,FOR,3304,Urban and regional planning,group,False,constrained_lexical,0.043,"constrained to groups within division(s) 44,39,48,33"
OpenAlex,3315,Communication,FOR,4803,International and comparative law,group,False,constrained_lexical,0.035,"constrained to groups within division(s) 44,39,48,33"
OpenAlex,3315,Communication,FOR,4402,Criminology,group,False,constrained_lexical,0.028,"constrained to groups within division(s) 44,39,48,33"
OpenAlex,3315,Communication,FOR,3302,Building,group,False,constrained_lexical,0.027,"constrained to groups within division(s) 44,39,48,33"
OpenAlex,3315,Communication,FOR,3399,Other built environment and design,group,False,constrained_lexical,0.0,"constrained to groups within division(s) 44,39,48,33"
OpenAlex,3315,Communication,FOR,4403,Demography,group,False,constrained_lexical,0.0,"constrained to groups within division(s) 44,39,48,33"
OpenAlex,3315,Communication,FOR,4802,Environmental and resources law,group,False,constrained_lexical,0.0,"constrained to groups within division(s) 44,39,48,33"
OpenAlex,3315,Communication,FOR,4801,Commercial law,group,False,constrained_lexical,0.0,"constrained to groups within division(s) 44,39,48,33"
OpenAlex,3315,Communication,FOR,4805,Legal systems,group,False,constrained_lexical,0.0,"constrained to groups within division(s) 44,39,48,33"
OpenAlex,3315,Communication,FOR,4806,Private law and civil obligations,group,False,constrained_lexical,0.0,"constrained to groups within division(s) 44,39,48,33"
OpenAlex,3315,Communication,FOR,4899,Other law and legal studies,group,False,constrained_lexical,0.0,"constrained to groups within division(s) 44,39,48,33"
OpenAlex,3315,Communication,FOR,4807,Public law,group,False,constrained_lexical,0.044,"constrained to groups within division(s) 44,39,48,33"
OpenAlex,3315,Communication,FOR,4499,Other human society,group,False,constrained_lexical,0.0,"constrained to groups within division(s) 44,39,48,33"
OpenAlex,3315,Communication,FOR,3301,Architecture,group,False,constrained_lexical,0.047,"constrained to groups within division(s) 44,39,48,33"
OpenAlex,3315,Communication,FOR,3999,Other Education,group,True,constrained_lexical,0.15,"constrained to groups within division(s) 44,39,48,33"
OpenAlex,3315,Communication,FOR,3903,Education systems,group,False,constrained_lexical,0.064,"constrained to groups within division(s) 44,39,48,33"
OpenAlex,3315,Communication,FOR,3303,Design,group,False,constrained_lexical,0.056,"constrained to groups within division(s) 44,39,48,33"
OpenAlex,3315,Communication,FOR,4401,Anthropology,group,False,constrained_lexical,0.107,"constrained to groups within division(s) 44,39,48,33"
OpenAlex,3315,Communication,FOR,3901,Curriculum and pedagogy,group,False,constrained_lexical,0.097,"constrained to groups within division(s) 44,39,48,33"
OpenAlex,3315,Communication,FOR,4407,Policy and administration,group,False,constrained_lexical,0.096,"constrained to groups within division(s) 44,39,48,33"
OpenAlex,3315,Communication,FOR,4410,Sociology,group,False,constrained_lexical,0.083,"constrained to groups within division(s) 44,39,48,33"
OpenAlex,3315,Communication,FOR,3902,"Education policy, sociology and philosophy",group,False,constrained_lexical,0.071,"constrained to groups within division(s) 44,39,48,33"
OpenAlex,3315,Communication,FOR,4409,Social work,group,False,constrained_lexical,0.087,"constrained to groups within division(s) 44,39,48,33"
OpenAlex,3315,Communication,FOR,3904,Specialist studies in education,group,False,constrained_lexical,0.07,"constrained to groups within division(s) 44,39,48,33"
OpenAlex,3315,Communication,FOR,4404,Development studies,group,False,constrained_lexical,0.07,"constrained to groups within division(s) 44,39,48,33"
OpenAlex,3315,Communication,FOR,4408,Political science,group,False,constrained_lexical,0.07,"constrained to groups within division(s) 44,39,48,33"
OpenAlex,3315,Communication,FOR,4406,Human geography,group,False,constrained_lexical,0.065,"constrained to groups within division(s) 44,39,48,33"
OpenAlex,3315,Communication,FOR,4405,Gender studies,group,False,constrained_lexical,0.065,"constrained to groups within division(s) 44,39,48,33"
OpenAlex,3315,Communication,FOR,4804,Law in context,group,False,constrained_lexical,0.071,"constrained to groups within division(s) 44,39,48,33"
OpenAlex,3316,Cultural Studies,FOR,3903,Education systems,group,False,constrained_lexical,0.043,"constrained to groups within division(s) 44,39,48,33"
OpenAlex,3316,Cultural Studies,FOR,3304,Urban and regional planning,group,False,constrained_lexical,0.057,"constrained to groups within division(s) 44,39,48,33"
OpenAlex,3316,Cultural Studies,FOR,4403,Demography,group,False,constrained_lexical,0.053,"constrained to groups within division(s) 44,39,48,33"
OpenAlex,3316,Cultural Studies,FOR,4803,International and comparative law,group,False,constrained_lexical,0.053,"constrained to groups within division(s) 44,39,48,33"
OpenAlex,3316,Cultural Studies,FOR,4402,Criminology,group,False,constrained_lexical,0.047,"constrained to groups within division(s) 44,39,48,33"
OpenAlex,3316,Cultural Studies,FOR,4405,Gender studies,group,False,constrained_lexical,0.032,"constrained to groups within division(s) 44,39,48,33"
OpenAlex,3316,Cultural Studies,FOR,4899,Other law and legal studies,group,False,constrained_lexical,0.0,"constrained to groups within division(s) 44,39,48,33"
OpenAlex,3316,Cultural Studies,FOR,3302,Building,group,False,constrained_lexical,0.0,"constrained to groups within division(s) 44,39,48,33"
OpenAlex,3316,Cultural Studies,FOR,3399,Other built environment and design,group,False,constrained_lexical,0.0,"constrained to groups within division(s) 44,39,48,33"
OpenAlex,3316,Cultural Studies,FOR,4801,Commercial law,group,False,constrained_lexical,0.0,"constrained to groups within division(s) 44,39,48,33"
OpenAlex,3316,Cultural Studies,FOR,4802,Environmental and resources law,group,False,constrained_lexical,0.0,"constrained to groups within division(s) 44,39,48,33"
OpenAlex,3316,Cultural Studies,FOR,4806,Private law and civil obligations,group,False,constrained_lexical,0.0,"constrained to groups within division(s) 44,39,48,33"
OpenAlex,3316,Cultural Studies,FOR,4807,Public law,group,False,constrained_lexical,0.067,"constrained to groups within division(s) 44,39,48,33"
OpenAlex,3316,Cultural Studies,FOR,4805,Legal systems,group,False,constrained_lexical,0.024,"constrained to groups within division(s) 44,39,48,33"
OpenAlex,3316,Cultural Studies,FOR,4408,Political science,group,False,constrained_lexical,0.07,"constrained to groups within division(s) 44,39,48,33"
OpenAlex,3316,Cultural Studies,FOR,4702,Cultural studies,group,True,constrained_lexical,1.0,"constrained to groups within division(s) 44,39,48,33"
OpenAlex,3316,Cultural Studies,FOR,3303,Design,group,False,constrained_lexical,0.084,"constrained to groups within division(s) 44,39,48,33"
OpenAlex,3316,Cultural Studies,FOR,3902,"Education policy, sociology and philosophy",group,False,constrained_lexical,0.357,"constrained to groups within division(s) 44,39,48,33"
OpenAlex,3316,Cultural Studies,FOR,3999,Other Education,group,False,constrained_lexical,0.15,"constrained to groups within division(s) 44,39,48,33"
OpenAlex,3316,Cultural Studies,FOR,4410,Sociology,group,False,constrained_lexical,0.149,"constrained to groups within division(s) 44,39,48,33"
OpenAlex,3316,Cultural Studies,FOR,3301,Architecture,group,False,constrained_lexical,0.14,"constrained to groups within division(s) 44,39,48,33"
OpenAlex,3316,Cultural Studies,FOR,4404,Development studies,group,False,constrained_lexical,0.14,"constrained to groups within division(s) 44,39,48,33"
OpenAlex,3316,Cultural Studies,FOR,4409,Social work,group,False,constrained_lexical,0.13,"constrained to groups within division(s) 44,39,48,33"
OpenAlex,3316,Cultural Studies,FOR,4401,Anthropology,group,False,constrained_lexical,0.071,"constrained to groups within division(s) 44,39,48,33"
OpenAlex,3316,Cultural Studies,FOR,4407,Policy and administration,group,False,constrained_lexical,0.115,"constrained to groups within division(s) 44,39,48,33"
OpenAlex,3316,Cultural Studies,FOR,4406,Human geography,group,False,constrained_lexical,0.109,"constrained to groups within division(s) 44,39,48,33"
OpenAlex,3316,Cultural Studies,FOR,3901,Curriculum and pedagogy,group,False,constrained_lexical,0.088,"constrained to groups within division(s) 44,39,48,33"
OpenAlex,3316,Cultural Studies,FOR,4499,Other human society,group,False,constrained_lexical,0.086,"constrained to groups within division(s) 44,39,48,33"
OpenAlex,3316,Cultural Studies,FOR,3904,Specialist studies in education,group,False,constrained_lexical,0.085,"constrained to groups within division(s) 44,39,48,33"
OpenAlex,3316,Cultural Studies,FOR,4804,Law in context,group,False,constrained_lexical,0.129,"constrained to groups within division(s) 44,39,48,33"
OpenAlex,3317,Demography,FOR,4405,Gender studies,group,False,constrained_lexical,0.065,"constrained to groups within division(s) 44,39,48,33"
OpenAlex,3317,Demography,FOR,4402,Criminology,group,False,constrained_lexical,0.058,"constrained to groups within division(s) 44,39,48,33"
OpenAlex,3317,Demography,FOR,3302,Building,group,False,constrained_lexical,0.054,"constrained to groups within division(s) 44,39,48,33"
OpenAlex,3317,Demography,FOR,3399,Other built environment and design,group,False,constrained_lexical,0.05,"constrained to groups within division(s) 44,39,48,33"
OpenAlex,3317,Demography,FOR,4802,Environmental and resources law,group,False,constrained_lexical,0.045,"constrained to groups within division(s) 44,39,48,33"
OpenAlex,3317,Demography,FOR,4409,Social work,group,False,constrained_lexical,0.043,"constrained to groups within division(s) 44,39,48,33"
OpenAlex,3317,Demography,FOR,3303,Design,group,False,constrained_lexical,0.024,"constrained to groups within division(s) 44,39,48,33"
OpenAlex,3317,Demography,FOR,4805,Legal systems,group,False,constrained_lexical,0.024,"constrained to groups within division(s) 44,39,48,33"
OpenAlex,3317,Demography,FOR,4803,International and comparative law,group,False,constrained_lexical,0.018,"constrained to groups within division(s) 44,39,48,33"
OpenAlex,3317,Demography,FOR,4801,Commercial law,group,False,constrained_lexical,0.0,"constrained to groups within division(s) 44,39,48,33"
OpenAlex,3317,Demography,FOR,4806,Private law and civil obligations,group,False,constrained_lexical,0.0,"constrained to groups within division(s) 44,39,48,33"
OpenAlex,3317,Demography,FOR,4807,Public law,group,False,constrained_lexical,0.067,"constrained to groups within division(s) 44,39,48,33"
OpenAlex,3317,Demography,FOR,4499,Other human society,group,False,constrained_lexical,0.043,"constrained to groups within division(s) 44,39,48,33"
OpenAlex,3317,Demography,FOR,4899,Other law and legal studies,group,False,constrained_lexical,0.0,"constrained to groups within division(s) 44,39,48,33"
OpenAlex,3317,Demography,FOR,3301,Architecture,group,False,constrained_lexical,0.07,"constrained to groups within division(s) 44,39,48,33"
OpenAlex,3317,Demography,FOR,4408,Political science,group,False,constrained_lexical,0.093,"constrained to groups within division(s) 44,39,48,33"
OpenAlex,3317,Demography,FOR,3903,Education systems,group,False,constrained_lexical,0.085,"constrained to groups within division(s) 44,39,48,33"
OpenAlex,3317,Demography,FOR,4403,Demography,group,True,constrained_lexical,1.0,"constrained to groups within division(s) 44,39,48,33"
OpenAlex,3317,Demography,FOR,3902,"Education policy, sociology and philosophy",group,False,constrained_lexical,0.286,"constrained to groups within division(s) 44,39,48,33"
OpenAlex,3317,Demography,FOR,4406,Human geography,group,False,constrained_lexical,0.217,"constrained to groups within division(s) 44,39,48,33"
OpenAlex,3317,Demography,FOR,4404,Development studies,group,False,constrained_lexical,0.163,"constrained to groups within division(s) 44,39,48,33"
OpenAlex,3317,Demography,FOR,3999,Other Education,group,False,constrained_lexical,0.15,"constrained to groups within division(s) 44,39,48,33"
OpenAlex,3317,Demography,FOR,4407,Policy and administration,group,False,constrained_lexical,0.173,"constrained to groups within division(s) 44,39,48,33"
OpenAlex,3317,Demography,FOR,4410,Sociology,group,False,constrained_lexical,0.122,"constrained to groups within division(s) 44,39,48,33"
OpenAlex,3317,Demography,FOR,3904,Specialist studies in education,group,False,constrained_lexical,0.113,"constrained to groups within division(s) 44,39,48,33"
OpenAlex,3317,Demography,FOR,4401,Anthropology,group,False,constrained_lexical,0.107,"constrained to groups within division(s) 44,39,48,33"
OpenAlex,3317,Demography,FOR,4804,Law in context,group,False,constrained_lexical,0.1,"constrained to groups within division(s) 44,39,48,33"
OpenAlex,3317,Demography,FOR,3901,Curriculum and pedagogy,group,False,constrained_lexical,0.099,"constrained to groups within division(s) 44,39,48,33"
OpenAlex,3317,Demography,FOR,3304,Urban and regional planning,group,False,constrained_lexical,0.129,"constrained to groups within division(s) 44,39,48,33"
OpenAlex,3318,Gender Studies,FOR,3304,Urban and regional planning,group,False,constrained_lexical,0.029,"constrained to groups within division(s) 44,39,48,33"
OpenAlex,3318,Gender Studies,FOR,4899,Other law and legal studies,group,False,constrained_lexical,0.0,"constrained to groups within division(s) 44,39,48,33"
OpenAlex,3318,Gender Studies,FOR,4409,Social work,group,False,constrained_lexical,0.043,"constrained to groups within division(s) 44,39,48,33"
OpenAlex,3318,Gender Studies,FOR,4499,Other human society,group,False,constrained_lexical,0.043,"constrained to groups within division(s) 44,39,48,33"
OpenAlex,3318,Gender Studies,FOR,3903,Education systems,group,False,constrained_lexical,0.043,"constrained to groups within division(s) 44,39,48,33"
OpenAlex,3318,Gender Studies,FOR,3302,Building,group,False,constrained_lexical,0.027,"constrained to groups within division(s) 44,39,48,33"
OpenAlex,3318,Gender Studies,FOR,4406,Human geography,group,False,constrained_lexical,0.043,"constrained to groups within division(s) 44,39,48,33"
OpenAlex,3318,Gender Studies,FOR,4803,International and comparative law,group,False,constrained_lexical,0.018,"constrained to groups within division(s) 44,39,48,33"
OpenAlex,3318,Gender Studies,FOR,3399,Other built environment and design,group,False,constrained_lexical,0.0,"constrained to groups within division(s) 44,39,48,33"
OpenAlex,3318,Gender Studies,FOR,4802,Environmental and resources law,group,False,constrained_lexical,0.0,"constrained to groups within division(s) 44,39,48,33"
OpenAlex,3318,Gender Studies,FOR,4805,Legal systems,group,False,constrained_lexical,0.0,"constrained to groups within division(s) 44,39,48,33"
OpenAlex,3318,Gender Studies,FOR,4806,Private law and civil obligations,group,False,constrained_lexical,0.0,"constrained to groups within division(s) 44,39,48,33"
OpenAlex,3318,Gender Studies,FOR,3303,Design,group,False,constrained_lexical,0.024,"constrained to groups within division(s) 44,39,48,33"
OpenAlex,3318,Gender Studies,FOR,3301,Architecture,group,False,constrained_lexical,0.047,"constrained to groups within division(s) 44,39,48,33"
OpenAlex,3318,Gender Studies,FOR,3902,"Education policy, sociology and philosophy",group,False,constrained_lexical,0.071,"constrained to groups within division(s) 44,39,48,33"
OpenAlex,3318,Gender Studies,FOR,4807,Public law,group,False,constrained_lexical,0.067,"constrained to groups within division(s) 44,39,48,33"
OpenAlex,3318,Gender Studies,FOR,4405,Gender studies,group,True,constrained_lexical,1.0,"constrained to groups within division(s) 44,39,48,33"
OpenAlex,3318,Gender Studies,FOR,4403,Demography,group,False,constrained_lexical,0.211,"constrained to groups within division(s) 44,39,48,33"
OpenAlex,3318,Gender Studies,FOR,4401,Anthropology,group,False,constrained_lexical,0.179,"constrained to groups within division(s) 44,39,48,33"
OpenAlex,3318,Gender Studies,FOR,4804,Law in context,group,False,constrained_lexical,0.171,"constrained to groups within division(s) 44,39,48,33"
OpenAlex,3318,Gender Studies,FOR,3999,Other Education,group,False,constrained_lexical,0.15,"constrained to groups within division(s) 44,39,48,33"
OpenAlex,3318,Gender Studies,FOR,4801,Commercial law,group,False,constrained_lexical,0.12,"constrained to groups within division(s) 44,39,48,33"
OpenAlex,3318,Gender Studies,FOR,3901,Curriculum and pedagogy,group,False,constrained_lexical,0.066,"constrained to groups within division(s) 44,39,48,33"
OpenAlex,3318,Gender Studies,FOR,4410,Sociology,group,False,constrained_lexical,0.095,"constrained to groups within division(s) 44,39,48,33"
OpenAlex,3318,Gender Studies,FOR,4408,Political science,group,False,constrained_lexical,0.093,"constrained to groups within division(s) 44,39,48,33"
OpenAlex,3318,Gender Studies,FOR,3904,Specialist studies in education,group,False,constrained_lexical,0.085,"constrained to groups within division(s) 44,39,48,33"
OpenAlex,3318,Gender Studies,FOR,4407,Policy and administration,group,False,constrained_lexical,0.077,"constrained to groups within division(s) 44,39,48,33"
OpenAlex,3318,Gender Studies,FOR,4402,Criminology,group,False,constrained_lexical,0.07,"constrained to groups within division(s) 44,39,48,33"
OpenAlex,3318,Gender Studies,FOR,4404,Development studies,group,False,constrained_lexical,0.116,"constrained to groups within division(s) 44,39,48,33"
OpenAlex,3319,Life-span and Life-course Studies,FOR,4405,Gender studies,group,False,constrained_lexical,0.0,"constrained to groups within division(s) 44,39,48,33"
OpenAlex,3319,Life-span and Life-course Studies,FOR,4406,Human geography,group,False,constrained_lexical,0.0,"constrained to groups within division(s) 44,39,48,33"
OpenAlex,3319,Life-span and Life-course Studies,FOR,4407,Policy and administration,group,False,constrained_lexical,0.0,"constrained to groups within division(s) 44,39,48,33"
OpenAlex,3319,Life-span and Life-course Studies,FOR,4408,Political science,group,False,constrained_lexical,0.0,"constrained to groups within division(s) 44,39,48,33"
OpenAlex,3319,Life-span and Life-course Studies,FOR,4409,Social work,group,False,constrained_lexical,0.0,"constrained to groups within division(s) 44,39,48,33"
OpenAlex,3319,Life-span and Life-course Studies,FOR,4499,Other human society,group,False,constrained_lexical,0.0,"constrained to groups within division(s) 44,39,48,33"
OpenAlex,3319,Life-span and Life-course Studies,FOR,4803,International and comparative law,group,False,constrained_lexical,0.0,"constrained to groups within division(s) 44,39,48,33"
OpenAlex,3319,Life-span and Life-course Studies,FOR,4802,Environmental and resources law,group,False,constrained_lexical,0.0,"constrained to groups within division(s) 44,39,48,33"
OpenAlex,3319,Life-span and Life-course Studies,FOR,4805,Legal systems,group,False,constrained_lexical,0.0,"constrained to groups within division(s) 44,39,48,33"
OpenAlex,3319,Life-span and Life-course Studies,FOR,4806,Private law and civil obligations,group,False,constrained_lexical,0.0,"constrained to groups within division(s) 44,39,48,33"
OpenAlex,3319,Life-span and Life-course Studies,FOR,4807,Public law,group,False,constrained_lexical,0.0,"constrained to groups within division(s) 44,39,48,33"
OpenAlex,3319,Life-span and Life-course Studies,FOR,4404,Development studies,group,False,constrained_lexical,0.0,"constrained to groups within division(s) 44,39,48,33"
OpenAlex,3319,Life-span and Life-course Studies,FOR,4801,Commercial law,group,False,constrained_lexical,0.0,"constrained to groups within division(s) 44,39,48,33"
OpenAlex,3319,Life-span and Life-course Studies,FOR,4402,Criminology,group,False,constrained_lexical,0.0,"constrained to groups within division(s) 44,39,48,33"
OpenAlex,3319,Life-span and Life-course Studies,FOR,4899,Other law and legal studies,group,False,constrained_lexical,0.0,"constrained to groups within division(s) 44,39,48,33"
OpenAlex,3319,Life-span and Life-course Studies,FOR,3304,Urban and regional planning,group,False,constrained_lexical,0.0,"constrained to groups within division(s) 44,39,48,33"
OpenAlex,3319,Life-span and Life-course Studies,FOR,3901,Curriculum and pedagogy,group,True,constrained_lexical,0.167,"constrained to groups within division(s) 44,39,48,33"
OpenAlex,3319,Life-span and Life-course Studies,FOR,4410,Sociology,group,False,constrained_lexical,0.167,"constrained to groups within division(s) 44,39,48,33"
OpenAlex,3319,Life-span and Life-course Studies,FOR,3999,Other Education,group,False,constrained_lexical,0.15,"constrained to groups within division(s) 44,39,48,33"
OpenAlex,3319,Life-span and Life-course Studies,FOR,4804,Law in context,group,False,constrained_lexical,0.111,"constrained to groups within division(s) 44,39,48,33"
OpenAlex,3319,Life-span and Life-course Studies,FOR,3902,"Education policy, sociology and philosophy",group,False,constrained_lexical,0.071,"constrained to groups within division(s) 44,39,48,33"
OpenAlex,3319,Life-span and Life-course Studies,FOR,3303,Design,group,False,constrained_lexical,0.056,"constrained to groups within division(s) 44,39,48,33"
OpenAlex,3319,Life-span and Life-course Studies,FOR,3399,Other built environment and design,group,False,constrained_lexical,0.0,"constrained to groups within division(s) 44,39,48,33"
OpenAlex,3319,Life-span and Life-course Studies,FOR,3904,Specialist studies in education,group,False,constrained_lexical,0.056,"constrained to groups within division(s) 44,39,48,33"
OpenAlex,3319,Life-span and Life-course Studies,FOR,4401,Anthropology,group,False,constrained_lexical,0.056,"constrained to groups within division(s) 44,39,48,33"
OpenAlex,3319,Life-span and Life-course Studies,FOR,4403,Demography,group,False,constrained_lexical,0.056,"constrained to groups within division(s) 44,39,48,33"
OpenAlex,3319,Life-span and Life-course Studies,FOR,3301,Architecture,group,False,constrained_lexical,0.0,"constrained to groups within division(s) 44,39,48,33"
OpenAlex,3319,Life-span and Life-course Studies,FOR,3302,Building,group,False,constrained_lexical,0.0,"constrained to groups within division(s) 44,39,48,33"
OpenAlex,3319,Life-span and Life-course Studies,FOR,3903,Education systems,group,False,constrained_lexical,0.056,"constrained to groups within division(s) 44,39,48,33"
OpenAlex,3320,Political Science and International Relations,FOR,4402,Criminology,group,False,constrained_lexical,0.186,"constrained to groups within division(s) 44,39,48,33"
OpenAlex,3320,Political Science and International Relations,FOR,3904,Specialist studies in education,group,False,constrained_lexical,0.183,"constrained to groups within division(s) 44,39,48,33"
OpenAlex,3320,Political Science and International Relations,FOR,4401,Anthropology,group,False,constrained_lexical,0.179,"constrained to groups within division(s) 44,39,48,33"
OpenAlex,3320,Political Science and International Relations,FOR,4805,Legal systems,group,False,constrained_lexical,0.171,"constrained to groups within division(s) 44,39,48,33"
OpenAlex,3320,Political Science and International Relations,FOR,4403,Demography,group,False,constrained_lexical,0.158,"constrained to groups within division(s) 44,39,48,33"
OpenAlex,3320,Political Science and International Relations,FOR,4806,Private law and civil obligations,group,False,constrained_lexical,0.154,"constrained to groups within division(s) 44,39,48,33"
OpenAlex,3320,Political Science and International Relations,FOR,3303,Design,group,False,constrained_lexical,0.12,"constrained to groups within division(s) 44,39,48,33"
OpenAlex,3320,Political Science and International Relations,FOR,4499,Other human society,group,False,constrained_lexical,0.129,"constrained to groups within division(s) 44,39,48,33"
OpenAlex,3320,Political Science and International Relations,FOR,4801,Commercial law,group,False,constrained_lexical,0.12,"constrained to groups within division(s) 44,39,48,33"
OpenAlex,3320,Political Science and International Relations,FOR,3301,Architecture,group,False,constrained_lexical,0.116,"constrained to groups within division(s) 44,39,48,33"
OpenAlex,3320,Political Science and International Relations,FOR,4802,Environmental and resources law,group,False,constrained_lexical,0.091,"constrained to groups within division(s) 44,39,48,33"
OpenAlex,3320,Political Science and International Relations,FOR,4410,Sociology,group,False,constrained_lexical,0.189,"constrained to groups within division(s) 44,39,48,33"
OpenAlex,3320,Political Science and International Relations,FOR,3999,Other Education,group,False,constrained_lexical,0.15,"constrained to groups within division(s) 44,39,48,33"
OpenAlex,3320,Political Science and International Relations,FOR,3399,Other built environment and design,group,False,constrained_lexical,0.0,"constrained to groups within division(s) 44,39,48,33"
OpenAlex,3320,Political Science and International Relations,FOR,3302,Building,group,False,constrained_lexical,0.189,"constrained to groups within division(s) 44,39,48,33"
OpenAlex,3320,Political Science and International Relations,FOR,3901,Curriculum and pedagogy,group,False,constrained_lexical,0.198,"constrained to groups within division(s) 44,39,48,33"
OpenAlex,3320,Political Science and International Relations,FOR,3903,Education systems,group,False,constrained_lexical,0.191,"constrained to groups within division(s) 44,39,48,33"
OpenAlex,3320,Political Science and International Relations,FOR,4408,Political science,group,True,constrained_lexical,0.572,"constrained to groups within division(s) 44,39,48,33"
OpenAlex,3320,Political Science and International Relations,FOR,4803,International and comparative law,group,False,constrained_lexical,0.497,"constrained to groups within division(s) 44,39,48,33"
OpenAlex,3320,Political Science and International Relations,FOR,3902,"Education policy, sociology and philosophy",group,False,constrained_lexical,0.429,"constrained to groups within division(s) 44,39,48,33"
OpenAlex,3320,Political Science and International Relations,FOR,4407,Policy and administration,group,False,constrained_lexical,0.346,"constrained to groups within division(s) 44,39,48,33"
OpenAlex,3320,Political Science and International Relations,FOR,4804,Law in context,group,False,constrained_lexical,0.314,"constrained to groups within division(s) 44,39,48,33"
OpenAlex,3320,Political Science and International Relations,FOR,4807,Public law,group,False,constrained_lexical,0.356,"constrained to groups within division(s) 44,39,48,33"
OpenAlex,3320,Political Science and International Relations,FOR,3304,Urban and regional planning,group,False,constrained_lexical,0.257,"constrained to groups within division(s) 44,39,48,33"
OpenAlex,3320,Political Science and International Relations,FOR,4405,Gender studies,group,False,constrained_lexical,0.226,"constrained to groups within division(s) 44,39,48,33"
OpenAlex,3320,Political Science and International Relations,FOR,4899,Other law and legal studies,group,False,constrained_lexical,0.225,"constrained to groups within division(s) 44,39,48,33"
OpenAlex,3320,Political Science and International Relations,FOR,4406,Human geography,group,False,constrained_lexical,0.217,"constrained to groups within division(s) 44,39,48,33"
OpenAlex,3320,Political Science and International Relations,FOR,4409,Social work,group,False,constrained_lexical,0.217,"constrained to groups within division(s) 44,39,48,33"
OpenAlex,3320,Political Science and International Relations,FOR,4404,Development studies,group,False,constrained_lexical,0.302,"constrained to groups within division(s) 44,39,48,33"
OpenAlex,3321,Public Administration,FOR,3399,Other built environment and design,group,False,constrained_lexical,0.0,"constrained to groups within division(s) 44,39,48,33"
OpenAlex,3321,Public Administration,FOR,4406,Human geography,group,False,constrained_lexical,0.043,"constrained to groups within division(s) 44,39,48,33"
OpenAlex,3321,Public Administration,FOR,4805,Legal systems,group,False,constrained_lexical,0.043,"constrained to groups within division(s) 44,39,48,33"
OpenAlex,3321,Public Administration,FOR,3301,Architecture,group,False,constrained_lexical,0.0,"constrained to groups within division(s) 44,39,48,33"
OpenAlex,3321,Public Administration,FOR,3302,Building,group,False,constrained_lexical,0.0,"constrained to groups within division(s) 44,39,48,33"
OpenAlex,3321,Public Administration,FOR,4405,Gender studies,group,False,constrained_lexical,0.0,"constrained to groups within division(s) 44,39,48,33"
OpenAlex,3321,Public Administration,FOR,4404,Development studies,group,False,constrained_lexical,0.043,"constrained to groups within division(s) 44,39,48,33"
OpenAlex,3321,Public Administration,FOR,4499,Other human society,group,False,constrained_lexical,0.0,"constrained to groups within division(s) 44,39,48,33"
OpenAlex,3321,Public Administration,FOR,4801,Commercial law,group,False,constrained_lexical,0.0,"constrained to groups within division(s) 44,39,48,33"
OpenAlex,3321,Public Administration,FOR,4802,Environmental and resources law,group,False,constrained_lexical,0.0,"constrained to groups within division(s) 44,39,48,33"
OpenAlex,3321,Public Administration,FOR,4806,Private law and civil obligations,group,False,constrained_lexical,0.0,"constrained to groups within division(s) 44,39,48,33"
OpenAlex,3321,Public Administration,FOR,4899,Other law and legal studies,group,False,constrained_lexical,0.0,"constrained to groups within division(s) 44,39,48,33"
OpenAlex,3321,Public Administration,FOR,4408,Political science,group,False,constrained_lexical,0.0,"constrained to groups within division(s) 44,39,48,33"
OpenAlex,3321,Public Administration,FOR,4401,Anthropology,group,False,constrained_lexical,0.043,"constrained to groups within division(s) 44,39,48,33"
OpenAlex,3321,Public Administration,FOR,4407,Policy and administration,group,True,constrained_lexical,0.591,"constrained to groups within division(s) 44,39,48,33"
OpenAlex,3321,Public Administration,FOR,3304,Urban and regional planning,group,False,constrained_lexical,0.043,"constrained to groups within division(s) 44,39,48,33"
OpenAlex,3321,Public Administration,FOR,4807,Public law,group,False,constrained_lexical,0.33,"constrained to groups within division(s) 44,39,48,33"
OpenAlex,3321,Public Administration,FOR,4402,Criminology,group,False,constrained_lexical,0.217,"constrained to groups within division(s) 44,39,48,33"
OpenAlex,3321,Public Administration,FOR,4409,Social work,group,False,constrained_lexical,0.174,"constrained to groups within division(s) 44,39,48,33"
OpenAlex,3321,Public Administration,FOR,3999,Other Education,group,False,constrained_lexical,0.15,"constrained to groups within division(s) 44,39,48,33"
OpenAlex,3321,Public Administration,FOR,3902,"Education policy, sociology and philosophy",group,False,constrained_lexical,0.143,"constrained to groups within division(s) 44,39,48,33"
OpenAlex,3321,Public Administration,FOR,3901,Curriculum and pedagogy,group,False,constrained_lexical,0.13,"constrained to groups within division(s) 44,39,48,33"
OpenAlex,3321,Public Administration,FOR,3903,Education systems,group,False,constrained_lexical,0.043,"constrained to groups within division(s) 44,39,48,33"
OpenAlex,3321,Public Administration,FOR,3904,Specialist studies in education,group,False,constrained_lexical,0.087,"constrained to groups within division(s) 44,39,48,33"
OpenAlex,3321,Public Administration,FOR,4410,Sociology,group,False,constrained_lexical,0.087,"constrained to groups within division(s) 44,39,48,33"
OpenAlex,3321,Public Administration,FOR,4803,International and comparative law,group,False,constrained_lexical,0.087,"constrained to groups within division(s) 44,39,48,33"
OpenAlex,3321,Public Administration,FOR,4804,Law in context,group,False,constrained_lexical,0.087,"constrained to groups within division(s) 44,39,48,33"
OpenAlex,3321,Public Administration,FOR,4403,Demography,group,False,constrained_lexical,0.053,"constrained to groups within division(s) 44,39,48,33"
OpenAlex,3321,Public Administration,FOR,3303,Design,group,False,constrained_lexical,0.087,"constrained to groups within division(s) 44,39,48,33"
OpenAlex,3322,Urban Studies,FOR,3901,Curriculum and pedagogy,group,False,constrained_lexical,0.055,"constrained to groups within division(s) 44,39,48,33"
OpenAlex,3322,Urban Studies,FOR,3302,Building,group,False,constrained_lexical,0.054,"constrained to groups within division(s) 44,39,48,33"
OpenAlex,3322,Urban Studies,FOR,3399,Other built environment and design,group,False,constrained_lexical,0.05,"constrained to groups within division(s) 44,39,48,33"
OpenAlex,3322,Urban Studies,FOR,4802,Environmental and resources law,group,False,constrained_lexical,0.045,"constrained to groups within division(s) 44,39,48,33"
OpenAlex,3322,Urban Studies,FOR,4409,Social work,group,False,constrained_lexical,0.043,"constrained to groups within division(s) 44,39,48,33"
OpenAlex,3322,Urban Studies,FOR,4801,Commercial law,group,False,constrained_lexical,0.04,"constrained to groups within division(s) 44,39,48,33"
OpenAlex,3322,Urban Studies,FOR,3904,Specialist studies in education,group,False,constrained_lexical,0.028,"constrained to groups within division(s) 44,39,48,33"
OpenAlex,3322,Urban Studies,FOR,4402,Criminology,group,False,constrained_lexical,0.035,"constrained to groups within division(s) 44,39,48,33"
OpenAlex,3322,Urban Studies,FOR,3903,Education systems,group,False,constrained_lexical,0.021,"constrained to groups within division(s) 44,39,48,33"
OpenAlex,3322,Urban Studies,FOR,3999,Other Education,group,False,constrained_lexical,0.0,"constrained to groups within division(s) 44,39,48,33"
OpenAlex,3322,Urban Studies,FOR,4403,Demography,group,False,constrained_lexical,0.0,"constrained to groups within division(s) 44,39,48,33"
OpenAlex,3322,Urban Studies,FOR,4405,Gender studies,group,False,constrained_lexical,0.065,"constrained to groups within division(s) 44,39,48,33"
OpenAlex,3322,Urban Studies,FOR,4806,Private law and civil obligations,group,False,constrained_lexical,0.038,"constrained to groups within division(s) 44,39,48,33"
OpenAlex,3322,Urban Studies,FOR,4805,Legal systems,group,False,constrained_lexical,0.0,"constrained to groups within division(s) 44,39,48,33"
OpenAlex,3322,Urban Studies,FOR,3902,"Education policy, sociology and philosophy",group,False,constrained_lexical,0.071,"constrained to groups within division(s) 44,39,48,33"
OpenAlex,3322,Urban Studies,FOR,3303,Design,group,False,constrained_lexical,0.084,"constrained to groups within division(s) 44,39,48,33"
OpenAlex,3322,Urban Studies,FOR,4899,Other law and legal studies,group,False,constrained_lexical,0.075,"constrained to groups within division(s) 44,39,48,33"
OpenAlex,3322,Urban Studies,FOR,3304,Urban and regional planning,group,True,constrained_lexical,0.343,"constrained to groups within division(s) 44,39,48,33"
OpenAlex,3322,Urban Studies,FOR,4404,Development studies,group,False,constrained_lexical,0.163,"constrained to groups within division(s) 44,39,48,33"
OpenAlex,3322,Urban Studies,FOR,4406,Human geography,group,False,constrained_lexical,0.152,"constrained to groups within division(s) 44,39,48,33"
OpenAlex,3322,Urban Studies,FOR,4807,Public law,group,False,constrained_lexical,0.133,"constrained to groups within division(s) 44,39,48,33"
OpenAlex,3322,Urban Studies,FOR,3301,Architecture,group,False,constrained_lexical,0.116,"constrained to groups within division(s) 44,39,48,33"
OpenAlex,3322,Urban Studies,FOR,4803,International and comparative law,group,False,constrained_lexical,0.14,"constrained to groups within division(s) 44,39,48,33"
OpenAlex,3322,Urban Studies,FOR,4410,Sociology,group,False,constrained_lexical,0.108,"constrained to groups within division(s) 44,39,48,33"
OpenAlex,3322,Urban Studies,FOR,4401,Anthropology,group,False,constrained_lexical,0.107,"constrained to groups within division(s) 44,39,48,33"
OpenAlex,3322,Urban Studies,FOR,4804,Law in context,group,False,constrained_lexical,0.1,"constrained to groups within division(s) 44,39,48,33"
OpenAlex,3322,Urban Studies,FOR,4408,Political science,group,False,constrained_lexical,0.093,"constrained to groups within division(s) 44,39,48,33"
OpenAlex,3322,Urban Studies,FOR,4499,Other human society,group,False,constrained_lexical,0.086,"constrained to groups within division(s) 44,39,48,33"
OpenAlex,3322,Urban Studies,FOR,4407,Policy and administration,group,False,constrained_lexical,0.115,"constrained to groups within division(s) 44,39,48,33"
OpenAlex,3402,Equine,FOR,3005,Fisheries sciences,group,False,constrained_lexical,0.0,constrained to groups within division(s) 30
OpenAlex,3402,Equine,FOR,3008,Horticultural production,group,False,constrained_lexical,0.0,constrained to groups within division(s) 30
OpenAlex,3402,Equine,FOR,3007,Forestry sciences,group,False,constrained_lexical,0.0,constrained to groups within division(s) 30
OpenAlex,3402,Equine,FOR,3006,Food sciences,group,False,constrained_lexical,0.0,constrained to groups within division(s) 30
OpenAlex,3402,Equine,FOR,3004,Crop and pasture production,group,False,constrained_lexical,0.0,constrained to groups within division(s) 30
OpenAlex,3402,Equine,FOR,3009,Veterinary sciences,group,True,constrained_lexical,0.25,constrained to groups within division(s) 30
OpenAlex,3402,Equine,FOR,3002,"Agriculture, land and farm management",group,False,constrained_lexical,0.0,constrained to groups within division(s) 30
OpenAlex,3402,Equine,FOR,3001,Agricultural biotechnology,group,False,constrained_lexical,0.0,constrained to groups within division(s) 30
OpenAlex,3402,Equine,FOR,3099,"Other agricultural, veterinary and food sciences",group,False,constrained_lexical,0.05,constrained to groups within division(s) 30
OpenAlex,3402,Equine,FOR,3003,Animal production,group,False,constrained_lexical,0.0,constrained to groups within division(s) 30
OpenAlex,3404,Small Animals,FOR,3008,Horticultural production,group,False,constrained_lexical,0.019,constrained to groups within division(s) 30
OpenAlex,3404,Small Animals,FOR,3002,"Agriculture, land and farm management",group,False,constrained_lexical,0.0,constrained to groups within division(s) 30
OpenAlex,3404,Small Animals,FOR,3007,Forestry sciences,group,False,constrained_lexical,0.018,constrained to groups within division(s) 30
OpenAlex,3404,Small Animals,FOR,3006,Food sciences,group,False,constrained_lexical,0.0,constrained to groups within division(s) 30
OpenAlex,3404,Small Animals,FOR,3005,Fisheries sciences,group,False,constrained_lexical,0.02,constrained to groups within division(s) 30
OpenAlex,3404,Small Animals,FOR,3099,"Other agricultural, veterinary and food sciences",group,False,constrained_lexical,0.05,constrained to groups within division(s) 30
OpenAlex,3404,Small Animals,FOR,3001,Agricultural biotechnology,group,False,constrained_lexical,0.036,constrained to groups within division(s) 30
OpenAlex,3404,Small Animals,FOR,3003,Animal production,group,True,constrained_lexical,0.236,constrained to groups within division(s) 30
OpenAlex,3404,Small Animals,FOR,3004,Crop and pasture production,group,False,constrained_lexical,0.036,constrained to groups within division(s) 30
OpenAlex,3404,Small Animals,FOR,3009,Veterinary sciences,group,False,constrained_lexical,0.2,constrained to groups within division(s) 30
OpenAlex,3500,General Dentistry,FOR,4203,Health services and systems,group,True,constrained_lexical,0.111,constrained to groups within division(s) 42
OpenAlex,3500,General Dentistry,FOR,4201,Allied health and rehabilitation science,group,False,constrained_lexical,0.0,constrained to groups within division(s) 42
OpenAlex,3500,General Dentistry,FOR,4202,Epidemiology,group,False,constrained_lexical,0.0,constrained to groups within division(s) 42
OpenAlex,3500,General Dentistry,FOR,4204,Midwifery,group,False,constrained_lexical,0.0,constrained to groups within division(s) 42
OpenAlex,3500,General Dentistry,FOR,4205,Nursing,group,False,constrained_lexical,0.0,constrained to groups within division(s) 42
OpenAlex,3500,General Dentistry,FOR,4206,Public health,group,False,constrained_lexical,0.0,constrained to groups within division(s) 42
OpenAlex,3500,General Dentistry,FOR,4207,Sports science and exercise,group,False,constrained_lexical,0.0,constrained to groups within division(s) 42
OpenAlex,3500,General Dentistry,FOR,4208,"Traditional, complementary and integrative medicine",group,False,constrained_lexical,0.0,constrained to groups within division(s) 42
OpenAlex,3500,General Dentistry,FOR,4299,Other health sciences,group,False,constrained_lexical,0.0,constrained to groups within division(s) 42
OpenAlex,3504,Oral Surgery,FOR,4205,Nursing,group,False,constrained_lexical,0.0,constrained to groups within division(s) 42
OpenAlex,3504,Oral Surgery,FOR,4299,Other health sciences,group,False,constrained_lexical,0.0,constrained to groups within division(s) 42
OpenAlex,3504,Oral Surgery,FOR,4207,Sports science and exercise,group,False,constrained_lexical,0.0,constrained to groups within division(s) 42
OpenAlex,3504,Oral Surgery,FOR,4206,Public health,group,False,constrained_lexical,0.0,constrained to groups within division(s) 42
OpenAlex,3504,Oral Surgery,FOR,4204,Midwifery,group,False,constrained_lexical,0.0,constrained to groups within division(s) 42
OpenAlex,3504,Oral Surgery,FOR,4203,Health services and systems,group,False,constrained_lexical,0.0,constrained to groups within division(s) 42
OpenAlex,3504,Oral Surgery,FOR,4202,Epidemiology,group,False,constrained_lexical,0.0,constrained to groups within division(s) 42
OpenAlex,3504,Oral Surgery,FOR,4201,Allied health and rehabilitation science,group,False,constrained_lexical,0.03,constrained to groups within division(s) 42
OpenAlex,3504,Oral Surgery,FOR,4208,"Traditional, complementary and integrative medicine",group,True,constrained_lexical,0.053,constrained to groups within division(s) 42
OpenAlex,3505,Orthodontics,FOR,4299,Other health sciences,group,False,constrained_lexical,0.0,constrained to groups within division(s) 42
OpenAlex,3505,Orthodontics,FOR,4207,Sports science and exercise,group,False,constrained_lexical,0.0,constrained to groups within division(s) 42
OpenAlex,3505,Orthodontics,FOR,4206,Public health,group,False,constrained_lexical,0.0,constrained to groups within division(s) 42
OpenAlex,3505,Orthodontics,FOR,4205,Nursing,group,False,constrained_lexical,0.0,constrained to groups within division(s) 42
OpenAlex,3505,Orthodontics,FOR,4204,Midwifery,group,False,constrained_lexical,0.0,constrained to groups within division(s) 42
OpenAlex,3505,Orthodontics,FOR,4203,Health services and systems,group,False,constrained_lexical,0.0,constrained to groups within division(s) 42
OpenAlex,3505,Orthodontics,FOR,4202,Epidemiology,group,False,constrained_lexical,0.0,constrained to groups within division(s) 42
OpenAlex,3505,Orthodontics,FOR,4208,"Traditional, complementary and integrative medicine",group,False,constrained_lexical,0.067,constrained to groups within division(s) 42
OpenAlex,3505,Orthodontics,FOR,4201,Allied health and rehabilitation science,group,True,constrained_lexical,0.067,constrained to groups within division(s) 42
OpenAlex,3506,Periodontics,FOR,4202,Epidemiology,group,False,constrained_lexical,0.0,constrained to groups within division(s) 42
OpenAlex,3506,Periodontics,FOR,4208,"Traditional, complementary and integrative medicine",group,False,constrained_lexical,0.053,constrained to groups within division(s) 42
OpenAlex,3506,Periodontics,FOR,4201,Allied health and rehabilitation science,group,False,constrained_lexical,0.069,constrained to groups within division(s) 42
OpenAlex,3506,Periodontics,FOR,4207,Sports science and exercise,group,False,constrained_lexical,0.0,constrained to groups within division(s) 42
OpenAlex,3506,Periodontics,FOR,4204,Midwifery,group,False,constrained_lexical,0.077,constrained to groups within division(s) 42
OpenAlex,3506,Periodontics,FOR,4203,Health services and systems,group,False,constrained_lexical,0.103,constrained to groups within division(s) 42
OpenAlex,3506,Periodontics,FOR,4299,Other health sciences,group,True,constrained_lexical,0.15,constrained to groups within division(s) 42
OpenAlex,3506,Periodontics,FOR,4205,Nursing,group,False,constrained_lexical,0.08,constrained to groups within division(s) 42
OpenAlex,3506,Periodontics,FOR,4206,Public health,group,False,constrained_lexical,0.107,constrained to groups within division(s) 42
OpenAlex,3600,General Health Professions,FOR,4206,Public health,group,True,constrained_lexical,0.536,constrained to groups within division(s) 42
OpenAlex,3600,General Health Professions,FOR,4205,Nursing,group,False,constrained_lexical,0.4,constrained to groups within division(s) 42
OpenAlex,3600,General Health Professions,FOR,4203,Health services and systems,group,False,constrained_lexical,0.364,constrained to groups within division(s) 42
OpenAlex,3600,General Health Professions,FOR,4299,Other health sciences,group,False,constrained_lexical,0.3,constrained to groups within division(s) 42
OpenAlex,3600,General Health Professions,FOR,4201,Allied health and rehabilitation science,group,False,constrained_lexical,0.141,constrained to groups within division(s) 42
OpenAlex,3600,General Health Professions,FOR,4202,Epidemiology,group,False,constrained_lexical,0.083,constrained to groups within division(s) 42
OpenAlex,3600,General Health Professions,FOR,4208,"Traditional, complementary and integrative medicine",group,False,constrained_lexical,0.053,constrained to groups within division(s) 42
OpenAlex,3600,General Health Professions,FOR,4207,Sports science and exercise,group,False,constrained_lexical,0.0,constrained to groups within division(s) 42
OpenAlex,3600,General Health Professions,FOR,4204,Midwifery,group,False,constrained_lexical,0.231,constrained to groups within division(s) 42
OpenAlex,3603,Complementary and Manual Therapy,FOR,4299,Other health sciences,group,False,constrained_lexical,0.0,constrained to groups within division(s) 42
OpenAlex,3603,Complementary and Manual Therapy,FOR,4205,Nursing,group,False,constrained_lexical,0.0,constrained to groups within division(s) 42
OpenAlex,3603,Complementary and Manual Therapy,FOR,4207,Sports science and exercise,group,False,constrained_lexical,0.0,constrained to groups within division(s) 42
OpenAlex,3603,Complementary and Manual Therapy,FOR,4206,Public health,group,False,constrained_lexical,0.0,constrained to groups within division(s) 42
OpenAlex,3603,Complementary and Manual Therapy,FOR,4204,Midwifery,group,False,constrained_lexical,0.0,constrained to groups within division(s) 42
OpenAlex,3603,Complementary and Manual Therapy,FOR,4202,Epidemiology,group,False,constrained_lexical,0.0,constrained to groups within division(s) 42
OpenAlex,3603,Complementary and Manual Therapy,FOR,4201,Allied health and rehabilitation science,group,False,constrained_lexical,0.056,constrained to groups within division(s) 42
OpenAlex,3603,Complementary and Manual Therapy,FOR,4208,"Traditional, complementary and integrative medicine",group,True,constrained_lexical,0.202,constrained to groups within division(s) 42
OpenAlex,3603,Complementary and Manual Therapy,FOR,4203,Health services and systems,group,False,constrained_lexical,0.0,constrained to groups within division(s) 42
OpenAlex,3604,Emergency Medical Services,FOR,4207,Sports science and exercise,group,False,constrained_lexical,0.0,constrained to groups within division(s) 42
OpenAlex,3604,Emergency Medical Services,FOR,4201,Allied health and rehabilitation science,group,False,constrained_lexical,0.03,constrained to groups within division(s) 42
OpenAlex,3604,Emergency Medical Services,FOR,4206,Public health,group,False,constrained_lexical,0.036,constrained to groups within division(s) 42
OpenAlex,3604,Emergency Medical Services,FOR,4204,Midwifery,group,False,constrained_lexical,0.038,constrained to groups within division(s) 42
OpenAlex,3604,Emergency Medical Services,FOR,4202,Epidemiology,group,False,constrained_lexical,0.056,constrained to groups within division(s) 42
OpenAlex,3604,Emergency Medical Services,FOR,4299,Other health sciences,group,False,constrained_lexical,0.15,constrained to groups within division(s) 42
OpenAlex,3604,Emergency Medical Services,FOR,4208,"Traditional, complementary and integrative medicine",group,False,constrained_lexical,0.196,constrained to groups within division(s) 42
OpenAlex,3604,Emergency Medical Services,FOR,4203,Health services and systems,group,True,constrained_lexical,0.241,constrained to groups within division(s) 42
OpenAlex,3604,Emergency Medical Services,FOR,4205,Nursing,group,False,constrained_lexical,0.08,constrained to groups within division(s) 42
OpenAlex,3605,Health Information Management,FOR,4207,Sports science and exercise,group,False,constrained_lexical,0.0,constrained to groups within division(s) 42
OpenAlex,3605,Health Information Management,FOR,4204,Midwifery,group,False,constrained_lexical,0.038,constrained to groups within division(s) 42
OpenAlex,3605,Health Information Management,FOR,4205,Nursing,group,False,constrained_lexical,0.04,constrained to groups within division(s) 42
OpenAlex,3605,Health Information Management,FOR,4208,"Traditional, complementary and integrative medicine",group,False,constrained_lexical,0.053,constrained to groups within division(s) 42
OpenAlex,3605,Health Information Management,FOR,4206,Public health,group,False,constrained_lexical,0.179,constrained to groups within division(s) 42
OpenAlex,3605,Health Information Management,FOR,4201,Allied health and rehabilitation science,group,False,constrained_lexical,0.172,constrained to groups within division(s) 42
OpenAlex,3605,Health Information Management,FOR,4299,Other health sciences,group,False,constrained_lexical,0.21,constrained to groups within division(s) 42
OpenAlex,3605,Health Information Management,FOR,4203,Health services and systems,group,True,constrained_lexical,0.25,constrained to groups within division(s) 42
OpenAlex,3605,Health Information Management,FOR,4202,Epidemiology,group,False,constrained_lexical,0.139,constrained to groups within division(s) 42
OpenAlex,3607,Medical Laboratory Technology,FOR,4207,Sports science and exercise,group,False,constrained_lexical,0.0,constrained to groups within division(s) 42
OpenAlex,3607,Medical Laboratory Technology,FOR,4206,Public health,group,False,constrained_lexical,0.062,constrained to groups within division(s) 42
OpenAlex,3607,Medical Laboratory Technology,FOR,4205,Nursing,group,False,constrained_lexical,0.062,constrained to groups within division(s) 42
OpenAlex,3607,Medical Laboratory Technology,FOR,4204,Midwifery,group,False,constrained_lexical,0.062,constrained to groups within division(s) 42
OpenAlex,3607,Medical Laboratory Technology,FOR,4202,Epidemiology,group,False,constrained_lexical,0.062,constrained to groups within division(s) 42
OpenAlex,3607,Medical Laboratory Technology,FOR,4203,Health services and systems,group,False,constrained_lexical,0.125,constrained to groups within division(s) 42
OpenAlex,3607,Medical Laboratory Technology,FOR,4201,Allied health and rehabilitation science,group,False,constrained_lexical,0.125,constrained to groups within division(s) 42
OpenAlex,3607,Medical Laboratory Technology,FOR,4299,Other health sciences,group,False,constrained_lexical,0.15,constrained to groups within division(s) 42
OpenAlex,3607,Medical Laboratory Technology,FOR,4208,"Traditional, complementary and integrative medicine",group,True,constrained_lexical,0.153,constrained to groups within division(s) 42
OpenAlex,3608,Medical Terminology,FOR,4299,Other health sciences,group,False,constrained_lexical,0.0,constrained to groups within division(s) 42
OpenAlex,3608,Medical Terminology,FOR,4207,Sports science and exercise,group,False,constrained_lexical,0.0,constrained to groups within division(s) 42
OpenAlex,3608,Medical Terminology,FOR,4206,Public health,group,False,constrained_lexical,0.0,constrained to groups within division(s) 42
OpenAlex,3608,Medical Terminology,FOR,4205,Nursing,group,False,constrained_lexical,0.0,constrained to groups within division(s) 42
OpenAlex,3608,Medical Terminology,FOR,4204,Midwifery,group,False,constrained_lexical,0.0,constrained to groups within division(s) 42
OpenAlex,3608,Medical Terminology,FOR,4202,Epidemiology,group,False,constrained_lexical,0.0,constrained to groups within division(s) 42
OpenAlex,3608,Medical Terminology,FOR,4201,Allied health and rehabilitation science,group,False,constrained_lexical,0.0,constrained to groups within division(s) 42
OpenAlex,3608,Medical Terminology,FOR,4203,Health services and systems,group,False,constrained_lexical,0.125,constrained to groups within division(s) 42
OpenAlex,3608,Medical Terminology,FOR,4208,"Traditional, complementary and integrative medicine",group,True,constrained_lexical,0.236,constrained to groups within division(s) 42
OpenAlex,3609,Occupational Therapy,FOR,4208,"Traditional, complementary and integrative medicine",group,False,constrained_lexical,0.0,constrained to groups within division(s) 42
OpenAlex,3609,Occupational Therapy,FOR,4207,Sports science and exercise,group,False,constrained_lexical,0.0,constrained to groups within division(s) 42
OpenAlex,3609,Occupational Therapy,FOR,4202,Epidemiology,group,False,constrained_lexical,0.028,constrained to groups within division(s) 42
OpenAlex,3609,Occupational Therapy,FOR,4204,Midwifery,group,False,constrained_lexical,0.038,constrained to groups within division(s) 42
OpenAlex,3609,Occupational Therapy,FOR,4205,Nursing,group,False,constrained_lexical,0.08,constrained to groups within division(s) 42
OpenAlex,3609,Occupational Therapy,FOR,4203,Health services and systems,group,False,constrained_lexical,0.106,constrained to groups within division(s) 42
OpenAlex,3609,Occupational Therapy,FOR,4206,Public health,group,False,constrained_lexical,0.107,constrained to groups within division(s) 42
OpenAlex,3609,Occupational Therapy,FOR,4201,Allied health and rehabilitation science,group,False,constrained_lexical,0.121,constrained to groups within division(s) 42
OpenAlex,3609,Occupational Therapy,FOR,4299,Other health sciences,group,True,constrained_lexical,0.15,constrained to groups within division(s) 42
OpenAlex,3611,Pharmacy,FOR,4202,Epidemiology,group,False,constrained_lexical,0.0,constrained to groups within division(s) 42
OpenAlex,3611,Pharmacy,FOR,4201,Allied health and rehabilitation science,group,False,constrained_lexical,0.031,constrained to groups within division(s) 42
OpenAlex,3611,Pharmacy,FOR,4207,Sports science and exercise,group,False,constrained_lexical,0.0,constrained to groups within division(s) 42
OpenAlex,3611,Pharmacy,FOR,4208,"Traditional, complementary and integrative medicine",group,False,constrained_lexical,0.053,constrained to groups within division(s) 42
OpenAlex,3611,Pharmacy,FOR,4206,Public health,group,False,constrained_lexical,0.071,constrained to groups within division(s) 42
OpenAlex,3611,Pharmacy,FOR,4205,Nursing,group,False,constrained_lexical,0.12,constrained to groups within division(s) 42
OpenAlex,3611,Pharmacy,FOR,4203,Health services and systems,group,False,constrained_lexical,0.094,constrained to groups within division(s) 42
OpenAlex,3611,Pharmacy,FOR,4299,Other health sciences,group,False,constrained_lexical,0.15,constrained to groups within division(s) 42
OpenAlex,3611,Pharmacy,FOR,3214,Pharmacology and pharmaceutical sciences,group,True,constrained_lexical,0.594,constrained to groups within division(s) 42
OpenAlex,3611,Pharmacy,FOR,4204,Midwifery,group,False,constrained_lexical,0.077,constrained to groups within division(s) 42
OpenAlex,3612,"Physical Therapy, Sports Therapy and Rehabilitation",FOR,4299,Other health sciences,group,False,constrained_lexical,0.0,constrained to groups within division(s) 42
OpenAlex,3612,"Physical Therapy, Sports Therapy and Rehabilitation",FOR,4205,Nursing,group,False,constrained_lexical,0.0,constrained to groups within division(s) 42
OpenAlex,3612,"Physical Therapy, Sports Therapy and Rehabilitation",FOR,4204,Midwifery,group,False,constrained_lexical,0.0,constrained to groups within division(s) 42
OpenAlex,3612,"Physical Therapy, Sports Therapy and Rehabilitation",FOR,4202,Epidemiology,group,False,constrained_lexical,0.0,constrained to groups within division(s) 42
OpenAlex,3612,"Physical Therapy, Sports Therapy and Rehabilitation",FOR,4203,Health services and systems,group,False,constrained_lexical,0.023,constrained to groups within division(s) 42
OpenAlex,3612,"Physical Therapy, Sports Therapy and Rehabilitation",FOR,4208,"Traditional, complementary and integrative medicine",group,False,constrained_lexical,0.053,constrained to groups within division(s) 42
OpenAlex,3612,"Physical Therapy, Sports Therapy and Rehabilitation",FOR,4201,Allied health and rehabilitation science,group,False,constrained_lexical,0.174,constrained to groups within division(s) 42
OpenAlex,3612,"Physical Therapy, Sports Therapy and Rehabilitation",FOR,4207,Sports science and exercise,group,True,constrained_lexical,0.243,constrained to groups within division(s) 42
OpenAlex,3612,"Physical Therapy, Sports Therapy and Rehabilitation",FOR,4206,Public health,group,False,constrained_lexical,0.036,constrained to groups within division(s) 42
OpenAlex,3614,Radiological and Ultrasound Technology,FOR,4208,"Traditional, complementary and integrative medicine",group,False,constrained_lexical,0.0,constrained to groups within division(s) 42
OpenAlex,3614,Radiological and Ultrasound Technology,FOR,4207,Sports science and exercise,group,False,constrained_lexical,0.0,constrained to groups within division(s) 42
OpenAlex,3614,Radiological and Ultrasound Technology,FOR,4202,Epidemiology,group,False,constrained_lexical,0.034,constrained to groups within division(s) 42
OpenAlex,3614,Radiological and Ultrasound Technology,FOR,4201,Allied health and rehabilitation science,group,False,constrained_lexical,0.069,constrained to groups within division(s) 42
OpenAlex,3614,Radiological and Ultrasound Technology,FOR,4205,Nursing,group,False,constrained_lexical,0.08,constrained to groups within division(s) 42
OpenAlex,3614,Radiological and Ultrasound Technology,FOR,4204,Midwifery,group,False,constrained_lexical,0.077,constrained to groups within division(s) 42
OpenAlex,3614,Radiological and Ultrasound Technology,FOR,4299,Other health sciences,group,False,constrained_lexical,0.15,constrained to groups within division(s) 42
OpenAlex,3614,Radiological and Ultrasound Technology,FOR,4203,Health services and systems,group,True,constrained_lexical,0.172,constrained to groups within division(s) 42
OpenAlex,3614,Radiological and Ultrasound Technology,FOR,4206,Public health,group,False,constrained_lexical,0.071,constrained to groups within division(s) 42
OpenAlex,3616,Speech and Hearing,FOR,4207,Sports science and exercise,group,False,constrained_lexical,0.0,constrained to groups within division(s) 42
OpenAlex,3616,Speech and Hearing,FOR,4205,Nursing,group,True,constrained_lexical,0.16,constrained to groups within division(s) 42
OpenAlex,3616,Speech and Hearing,FOR,4299,Other health sciences,group,False,constrained_lexical,0.15,constrained to groups within division(s) 42
OpenAlex,3616,Speech and Hearing,FOR,4206,Public health,group,False,constrained_lexical,0.107,constrained to groups within division(s) 42
OpenAlex,3616,Speech and Hearing,FOR,4203,Health services and systems,group,False,constrained_lexical,0.094,constrained to groups within division(s) 42
OpenAlex,3616,Speech and Hearing,FOR,4204,Midwifery,group,False,constrained_lexical,0.077,constrained to groups within division(s) 42
OpenAlex,3616,Speech and Hearing,FOR,4201,Allied health and rehabilitation science,group,False,constrained_lexical,0.061,constrained to groups within division(s) 42
OpenAlex,3616,Speech and Hearing,FOR,4202,Epidemiology,group,False,constrained_lexical,0.0,constrained to groups within division(s) 42
OpenAlex,3616,Speech and Hearing,FOR,4208,"Traditional, complementary and integrative medicine",group,False,constrained_lexical,0.0,constrained to groups within division(s) 42
