openalex_subfield_id,openalex_subfield_name,for_group_code,for_group_label,is_primary,confidence,notes
1100,General Agricultural and Biological Sciences,3002,"Agriculture, land and farm management",True,0.301,"constrained to groups within division(s) 30,31"
1100,General Agricultural and Biological Sciences,3104,Evolutionary biology,False,0.222,"constrained to groups within division(s) 30,31"
1100,General Agricultural and Biological Sciences,3108,Plant biology,False,0.218,"constrained to groups within division(s) 30,31"
1100,General Agricultural and Biological Sciences,3102,Bioinformatics and computational biology,False,0.206,"constrained to groups within division(s) 30,31"
1100,General Agricultural and Biological Sciences,3001,Agricultural biotechnology,False,0.179,"constrained to groups within division(s) 30,31"
1100,General Agricultural and Biological Sciences,3101,Biochemistry and cell biology,False,0.15,"constrained to groups within division(s) 30,31"
1100,General Agricultural and Biological Sciences,3099,"Other agricultural, veterinary and food sciences",False,0.133,"constrained to groups within division(s) 30,31"
1100,General Agricultural and Biological Sciences,3199,Other biological sciences,False,0.09,"constrained to groups within division(s) 30,31"
1100,General Agricultural and Biological Sciences,3005,Fisheries sciences,False,0.08,"constrained to groups within division(s) 30,31"
1100,General Agricultural and Biological Sciences,3006,Food sciences,False,0.05,"constrained to groups within division(s) 30,31"
1100,General Agricultural and Biological Sciences,3003,Animal production,False,0.048,"constrained to groups within division(s) 30,31"
1100,General Agricultural and Biological Sciences,3004,Crop and pasture production,False,0.04,"constrained to groups within division(s) 30,31"
1100,General Agricultural and Biological Sciences,3008,Horticultural production,False,0.037,"constrained to groups within division(s) 30,31"
1100,General Agricultural and Biological Sciences,3109,Zoology,False,0.035,"constrained to groups within division(s) 30,31"
1100,General Agricultural and Biological Sciences,3007,Forestry sciences,False,0.033,"constrained to groups within division(s) 30,31"
1100,General Agricultural and Biological Sciences,3009,Veterinary sciences,False,0.03,"constrained to groups within division(s) 30,31"
1100,General Agricultural and Biological Sciences,3103,Ecology,False,0.024,"constrained to groups within division(s) 30,31"
1100,General Agricultural and Biological Sciences,3105,Genetics,False,0.018,"constrained to groups within division(s) 30,31"
1100,General Agricultural and Biological Sciences,3106,Industrial biotechnology,False,0.0,"constrained to groups within division(s) 30,31"
1100,General Agricultural and Biological Sciences,3107,Microbiology,False,0.0,"constrained to groups within division(s) 30,31"
1102,Agronomy and Crop Science,3004,Crop and pasture production,True,0.292,"constrained to groups within division(s) 30,31"
1102,Agronomy and Crop Science,3002,"Agriculture, land and farm management",False,0.14,"constrained to groups within division(s) 30,31"
1102,Agronomy and Crop Science,3003,Animal production,False,0.111,"constrained to groups within division(s) 30,31"
1102,Agronomy and Crop Science,3008,Horticultural production,False,0.111,"constrained to groups within division(s) 30,31"
1102,Agronomy and Crop Science,3109,Zoology,False,0.105,"constrained to groups within division(s) 30,31"
1102,Agronomy and Crop Science,3007,Forestry sciences,False,0.1,"constrained to groups within division(s) 30,31"
1102,Agronomy and Crop Science,3005,Fisheries sciences,False,0.08,"constrained to groups within division(s) 30,31"
1102,Agronomy and Crop Science,3009,Veterinary sciences,False,0.076,"constrained to groups within division(s) 30,31"
1102,Agronomy and Crop Science,3108,Plant biology,False,0.075,"constrained to groups within division(s) 30,31"
1102,Agronomy and Crop Science,3104,Evolutionary biology,False,0.063,"constrained to groups within division(s) 30,31"
1102,Agronomy and Crop Science,3001,Agricultural biotechnology,False,0.054,"constrained to groups within division(s) 30,31"
1102,Agronomy and Crop Science,3099,"Other agricultural, veterinary and food sciences",False,0.05,"constrained to groups within division(s) 30,31"
1102,Agronomy and Crop Science,3101,Biochemistry and cell biology,False,0.041,"constrained to groups within division(s) 30,31"
1102,Agronomy and Crop Science,3006,Food sciences,False,0.025,"constrained to groups within division(s) 30,31"
1102,Agronomy and Crop Science,3103,Ecology,False,0.024,"constrained to groups within division(s) 30,31"
1102,Agronomy and Crop Science,3102,Bioinformatics and computational biology,False,0.024,"constrained to groups within division(s) 30,31"
1102,Agronomy and Crop Science,3105,Genetics,False,0.018,"constrained to groups within division(s) 30,31"
1102,Agronomy and Crop Science,3106,Industrial biotechnology,False,0.0,"constrained to groups within division(s) 30,31"
1102,Agronomy and Crop Science,3107,Microbiology,False,0.0,"constrained to groups within division(s) 30,31"
1102,Agronomy and Crop Science,3199,Other biological sciences,False,0.0,"constrained to groups within division(s) 30,31"
1103,Animal Science and Zoology,3109,Zoology,True,0.453,"constrained to groups within division(s) 30,31"
1103,Animal Science and Zoology,3003,Animal production,False,0.4,"constrained to groups within division(s) 30,31"
1103,Animal Science and Zoology,3007,Forestry sciences,False,0.18,"constrained to groups within division(s) 30,31"
1103,Animal Science and Zoology,3009,Veterinary sciences,False,0.08,"constrained to groups within division(s) 30,31"
1103,Animal Science and Zoology,3002,"Agriculture, land and farm management",False,0.06,"constrained to groups within division(s) 30,31"
1103,Animal Science and Zoology,3004,Crop and pasture production,False,0.06,"constrained to groups within division(s) 30,31"
1103,Animal Science and Zoology,3005,Fisheries sciences,False,0.06,"constrained to groups within division(s) 30,31"
1103,Animal Science and Zoology,3103,Ecology,False,0.049,"constrained to groups within division(s) 30,31"
1103,Animal Science and Zoology,3001,Agricultural biotechnology,False,0.04,"constrained to groups within division(s) 30,31"
1103,Animal Science and Zoology,3107,Microbiology,False,0.04,"constrained to groups within division(s) 30,31"
1103,Animal Science and Zoology,3108,Plant biology,False,0.04,"constrained to groups within division(s) 30,31"
1103,Animal Science and Zoology,3006,Food sciences,False,0.025,"constrained to groups within division(s) 30,31"
1103,Animal Science and Zoology,3008,Horticultural production,False,0.02,"constrained to groups within division(s) 30,31"
1103,Animal Science and Zoology,3104,Evolutionary biology,False,0.02,"constrained to groups within division(s) 30,31"
1103,Animal Science and Zoology,3099,"Other agricultural, veterinary and food sciences",False,0.0,"constrained to groups within division(s) 30,31"
1103,Animal Science and Zoology,3101,Biochemistry and cell biology,False,0.0,"constrained to groups within division(s) 30,31"
1103,Animal Science and Zoology,3102,Bioinformatics and computational biology,False,0.0,"constrained to groups within division(s) 30,31"
1103,Animal Science and Zoology,3105,Genetics,False,0.0,"constrained to groups within division(s) 30,31"
1103,Animal Science and Zoology,3106,Industrial biotechnology,False,0.0,"constrained to groups within division(s) 30,31"
1103,Animal Science and Zoology,3199,Other biological sciences,False,0.0,"constrained to groups within division(s) 30,31"
1104,Aquatic Science,3002,"Agriculture, land and farm management",True,0.095,"constrained to groups within division(s) 30,31"
1104,Aquatic Science,3104,Evolutionary biology,False,0.095,"constrained to groups within division(s) 30,31"
1104,Aquatic Science,3109,Zoology,False,0.095,"constrained to groups within division(s) 30,31"
1104,Aquatic Science,3004,Crop and pasture production,False,0.071,"constrained to groups within division(s) 30,31"
1104,Aquatic Science,3099,"Other agricultural, veterinary and food sciences",False,0.05,"constrained to groups within division(s) 30,31"
1104,Aquatic Science,3001,Agricultural biotechnology,False,0.048,"constrained to groups within division(s) 30,31"
1104,Aquatic Science,3003,Animal production,False,0.048,"constrained to groups within division(s) 30,31"
1104,Aquatic Science,3005,Fisheries sciences,False,0.048,"constrained to groups within division(s) 30,31"
1104,Aquatic Science,3101,Biochemistry and cell biology,False,0.048,"constrained to groups within division(s) 30,31"
1104,Aquatic Science,3102,Bioinformatics and computational biology,False,0.048,"constrained to groups within division(s) 30,31"
1104,Aquatic Science,3108,Plant biology,False,0.048,"constrained to groups within division(s) 30,31"
1104,Aquatic Science,3107,Microbiology,False,0.04,"constrained to groups within division(s) 30,31"
1104,Aquatic Science,3199,Other biological sciences,False,0.03,"constrained to groups within division(s) 30,31"
1104,Aquatic Science,3106,Industrial biotechnology,False,0.026,"constrained to groups within division(s) 30,31"
1104,Aquatic Science,3006,Food sciences,False,0.025,"constrained to groups within division(s) 30,31"
1104,Aquatic Science,3103,Ecology,False,0.024,"constrained to groups within division(s) 30,31"
1104,Aquatic Science,3007,Forestry sciences,False,0.024,"constrained to groups within division(s) 30,31"
1104,Aquatic Science,3008,Horticultural production,False,0.024,"constrained to groups within division(s) 30,31"
1104,Aquatic Science,3009,Veterinary sciences,False,0.0,"constrained to groups within division(s) 30,31"
1104,Aquatic Science,3105,Genetics,False,0.0,"constrained to groups within division(s) 30,31"
1105,"Ecology, Evolution, Behavior and Systematics",3104,Evolutionary biology,True,0.397,"constrained to groups within division(s) 30,31"
1105,"Ecology, Evolution, Behavior and Systematics",3103,Ecology,False,0.24,"constrained to groups within division(s) 30,31"
1105,"Ecology, Evolution, Behavior and Systematics",3109,Zoology,False,0.175,"constrained to groups within division(s) 30,31"
1105,"Ecology, Evolution, Behavior and Systematics",3108,Plant biology,False,0.151,"constrained to groups within division(s) 30,31"
1105,"Ecology, Evolution, Behavior and Systematics",3107,Microbiology,False,0.12,"constrained to groups within division(s) 30,31"
1105,"Ecology, Evolution, Behavior and Systematics",3002,"Agriculture, land and farm management",False,0.105,"constrained to groups within division(s) 30,31"
1105,"Ecology, Evolution, Behavior and Systematics",3003,Animal production,False,0.095,"constrained to groups within division(s) 30,31"
1105,"Ecology, Evolution, Behavior and Systematics",3102,Bioinformatics and computational biology,False,0.095,"constrained to groups within division(s) 30,31"
1105,"Ecology, Evolution, Behavior and Systematics",3005,Fisheries sciences,False,0.08,"constrained to groups within division(s) 30,31"
1105,"Ecology, Evolution, Behavior and Systematics",3008,Horticultural production,False,0.074,"constrained to groups within division(s) 30,31"
1105,"Ecology, Evolution, Behavior and Systematics",3001,Agricultural biotechnology,False,0.071,"constrained to groups within division(s) 30,31"
1105,"Ecology, Evolution, Behavior and Systematics",3101,Biochemistry and cell biology,False,0.064,"constrained to groups within division(s) 30,31"
1105,"Ecology, Evolution, Behavior and Systematics",3199,Other biological sciences,False,0.06,"constrained to groups within division(s) 30,31"
1105,"Ecology, Evolution, Behavior and Systematics",3105,Genetics,False,0.055,"constrained to groups within division(s) 30,31"
1105,"Ecology, Evolution, Behavior and Systematics",3004,Crop and pasture production,False,0.053,"constrained to groups within division(s) 30,31"
1105,"Ecology, Evolution, Behavior and Systematics",3106,Industrial biotechnology,False,0.051,"constrained to groups within division(s) 30,31"
1105,"Ecology, Evolution, Behavior and Systematics",3006,Food sciences,False,0.05,"constrained to groups within division(s) 30,31"
1105,"Ecology, Evolution, Behavior and Systematics",3099,"Other agricultural, veterinary and food sciences",False,0.05,"constrained to groups within division(s) 30,31"
1105,"Ecology, Evolution, Behavior and Systematics",3007,Forestry sciences,False,0.033,"constrained to groups within division(s) 30,31"
1105,"Ecology, Evolution, Behavior and Systematics",3009,Veterinary sciences,False,0.03,"constrained to groups within division(s) 30,31"
1106,Food Science,3006,Food sciences,True,1.0,"constrained to groups within division(s) 30,31"
1106,Food Science,3099,"Other agricultural, veterinary and food sciences",False,0.21,"constrained to groups within division(s) 30,31"
1106,Food Science,3102,Bioinformatics and computational biology,False,0.167,"constrained to groups within division(s) 30,31"
1106,Food Science,3002,"Agriculture, land and farm management",False,0.14,"constrained to groups within division(s) 30,31"
1106,Food Science,3108,Plant biology,False,0.132,"constrained to groups within division(s) 30,31"
1106,Food Science,3106,Industrial biotechnology,False,0.103,"constrained to groups within division(s) 30,31"
1106,Food Science,3104,Evolutionary biology,False,0.095,"constrained to groups within division(s) 30,31"
1106,Food Science,3101,Biochemistry and cell biology,False,0.09,"constrained to groups within division(s) 30,31"
1106,Food Science,3004,Crop and pasture production,False,0.088,"constrained to groups within division(s) 30,31"
1106,Food Science,3007,Forestry sciences,False,0.083,"constrained to groups within division(s) 30,31"
1106,Food Science,3003,Animal production,False,0.079,"constrained to groups within division(s) 30,31"
1106,Food Science,3001,Agricultural biotechnology,False,0.071,"constrained to groups within division(s) 30,31"
1106,Food Science,3109,Zoology,False,0.07,"constrained to groups within division(s) 30,31"
1106,Food Science,3008,Horticultural production,False,0.056,"constrained to groups within division(s) 30,31"
1106,Food Science,3009,Veterinary sciences,False,0.045,"constrained to groups within division(s) 30,31"
1106,Food Science,3107,Microbiology,False,0.04,"constrained to groups within division(s) 30,31"
1106,Food Science,3105,Genetics,False,0.036,"constrained to groups within division(s) 30,31"
1106,Food Science,3199,Other biological sciences,False,0.03,"constrained to groups within division(s) 30,31"
1106,Food Science,3103,Ecology,False,0.024,"constrained to groups within division(s) 30,31"
1106,Food Science,3005,Fisheries sciences,False,0.02,"constrained to groups within division(s) 30,31"
1107,Forestry,3007,Forestry sciences,True,1.0,"constrained to groups within division(s) 30,31"
1107,Forestry,3002,"Agriculture, land and farm management",False,0.158,"constrained to groups within division(s) 30,31"
1107,Forestry,3104,Evolutionary biology,False,0.105,"constrained to groups within division(s) 30,31"
1107,Forestry,3099,"Other agricultural, veterinary and food sciences",False,0.1,"constrained to groups within division(s) 30,31"
1107,Forestry,3101,Biochemistry and cell biology,False,0.079,"constrained to groups within division(s) 30,31"
1107,Forestry,3102,Bioinformatics and computational biology,False,0.079,"constrained to groups within division(s) 30,31"
1107,Forestry,3109,Zoology,False,0.079,"constrained to groups within division(s) 30,31"
1107,Forestry,3001,Agricultural biotechnology,False,0.053,"constrained to groups within division(s) 30,31"
1107,Forestry,3004,Crop and pasture production,False,0.053,"constrained to groups within division(s) 30,31"
1107,Forestry,3108,Plant biology,False,0.053,"constrained to groups within division(s) 30,31"
1107,Forestry,3107,Microbiology,False,0.04,"constrained to groups within division(s) 30,31"
1107,Forestry,3003,Animal production,False,0.026,"constrained to groups within division(s) 30,31"
1107,Forestry,3006,Food sciences,False,0.026,"constrained to groups within division(s) 30,31"
1107,Forestry,3008,Horticultural production,False,0.026,"constrained to groups within division(s) 30,31"
1107,Forestry,3103,Ecology,False,0.026,"constrained to groups within division(s) 30,31"
1107,Forestry,3105,Genetics,False,0.026,"constrained to groups within division(s) 30,31"
1107,Forestry,3005,Fisheries sciences,False,0.0,"constrained to groups within division(s) 30,31"
1107,Forestry,3009,Veterinary sciences,False,0.0,"constrained to groups within division(s) 30,31"
1107,Forestry,3106,Industrial biotechnology,False,0.0,"constrained to groups within division(s) 30,31"
1107,Forestry,3199,Other biological sciences,False,0.0,"constrained to groups within division(s) 30,31"
1108,Horticulture,3008,Horticultural production,True,0.444,"constrained to groups within division(s) 30,31"
1108,Horticulture,3001,Agricultural biotechnology,False,0.111,"constrained to groups within division(s) 30,31"
1108,Horticulture,3004,Crop and pasture production,False,0.111,"constrained to groups within division(s) 30,31"
1108,Horticulture,3108,Plant biology,False,0.111,"constrained to groups within division(s) 30,31"
1108,Horticulture,3002,"Agriculture, land and farm management",False,0.0,"constrained to groups within division(s) 30,31"
1108,Horticulture,3003,Animal production,False,0.0,"constrained to groups within division(s) 30,31"
1108,Horticulture,3005,Fisheries sciences,False,0.0,"constrained to groups within division(s) 30,31"
1108,Horticulture,3006,Food sciences,False,0.0,"constrained to groups within division(s) 30,31"
1108,Horticulture,3007,Forestry sciences,False,0.0,"constrained to groups within division(s) 30,31"
1108,Horticulture,3009,Veterinary sciences,False,0.0,"constrained to groups within division(s) 30,31"
1108,Horticulture,3099,"Other agricultural, veterinary and food sciences",False,0.0,"constrained to groups within division(s) 30,31"
1108,Horticulture,3101,Biochemistry and cell biology,False,0.0,"constrained to groups within division(s) 30,31"
1108,Horticulture,3102,Bioinformatics and computational biology,False,0.0,"constrained to groups within division(s) 30,31"
1108,Horticulture,3103,Ecology,False,0.0,"constrained to groups within division(s) 30,31"
1108,Horticulture,3104,Evolutionary biology,False,0.0,"constrained to groups within division(s) 30,31"
1108,Horticulture,3105,Genetics,False,0.0,"constrained to groups within division(s) 30,31"
1108,Horticulture,3106,Industrial biotechnology,False,0.0,"constrained to groups within division(s) 30,31"
1108,Horticulture,3107,Microbiology,False,0.0,"constrained to groups within division(s) 30,31"
1108,Horticulture,3109,Zoology,False,0.0,"constrained to groups within division(s) 30,31"
1108,Horticulture,3199,Other biological sciences,False,0.0,"constrained to groups within division(s) 30,31"
1109,Insect Science,3107,Microbiology,True,0.16,"constrained to groups within division(s) 30,31"
1109,Insect Science,3104,Evolutionary biology,False,0.127,"constrained to groups within division(s) 30,31"
1109,Insect Science,3103,Ecology,False,0.122,"constrained to groups within division(s) 30,31"
1109,Insect Science,3102,Bioinformatics and computational biology,False,0.071,"constrained to groups within division(s) 30,31"
1109,Insect Science,3199,Other biological sciences,False,0.06,"constrained to groups within division(s) 30,31"
1109,Insect Science,3008,Horticultural production,False,0.056,"constrained to groups within division(s) 30,31"
1109,Insect Science,3109,Zoology,False,0.053,"constrained to groups within division(s) 30,31"
1109,Insect Science,3101,Biochemistry and cell biology,False,0.051,"constrained to groups within division(s) 30,31"
1109,Insect Science,3106,Industrial biotechnology,False,0.051,"constrained to groups within division(s) 30,31"
1109,Insect Science,3006,Food sciences,False,0.05,"constrained to groups within division(s) 30,31"
1109,Insect Science,3007,Forestry sciences,False,0.05,"constrained to groups within division(s) 30,31"
1109,Insect Science,3004,Crop and pasture production,False,0.049,"constrained to groups within division(s) 30,31"
1109,Insect Science,3009,Veterinary sciences,False,0.045,"constrained to groups within division(s) 30,31"
1109,Insect Science,3005,Fisheries sciences,False,0.04,"constrained to groups within division(s) 30,31"
1109,Insect Science,3108,Plant biology,False,0.038,"constrained to groups within division(s) 30,31"
1109,Insect Science,3002,"Agriculture, land and farm management",False,0.035,"constrained to groups within division(s) 30,31"
1109,Insect Science,3003,Animal production,False,0.032,"constrained to groups within division(s) 30,31"
1109,Insect Science,3105,Genetics,False,0.018,"constrained to groups within division(s) 30,31"
1109,Insect Science,3001,Agricultural biotechnology,False,0.018,"constrained to groups within division(s) 30,31"
1109,Insect Science,3099,"Other agricultural, veterinary and food sciences",False,0.0,"constrained to groups within division(s) 30,31"
1110,Plant Science,3108,Plant biology,True,0.616,"constrained to groups within division(s) 30,31"
1110,Plant Science,3104,Evolutionary biology,False,0.206,"constrained to groups within division(s) 30,31"
1110,Plant Science,3107,Microbiology,False,0.2,"constrained to groups within division(s) 30,31"
1110,Plant Science,3008,Horticultural production,False,0.185,"constrained to groups within division(s) 30,31"
1110,Plant Science,3109,Zoology,False,0.175,"constrained to groups within division(s) 30,31"
1110,Plant Science,3006,Food sciences,False,0.175,"constrained to groups within division(s) 30,31"
1110,Plant Science,3007,Forestry sciences,False,0.167,"constrained to groups within division(s) 30,31"
1110,Plant Science,3001,Agricultural biotechnology,False,0.161,"constrained to groups within division(s) 30,31"
1110,Plant Science,3003,Animal production,False,0.159,"constrained to groups within division(s) 30,31"
1110,Plant Science,3099,"Other agricultural, veterinary and food sciences",False,0.15,"constrained to groups within division(s) 30,31"
1110,Plant Science,3004,Crop and pasture production,False,0.149,"constrained to groups within division(s) 30,31"
1110,Plant Science,3103,Ecology,False,0.146,"constrained to groups within division(s) 30,31"
1110,Plant Science,3102,Bioinformatics and computational biology,False,0.143,"constrained to groups within division(s) 30,31"
1110,Plant Science,3101,Biochemistry and cell biology,False,0.128,"constrained to groups within division(s) 30,31"
1110,Plant Science,3002,"Agriculture, land and farm management",False,0.123,"constrained to groups within division(s) 30,31"
1110,Plant Science,3009,Veterinary sciences,False,0.121,"constrained to groups within division(s) 30,31"
1110,Plant Science,3106,Industrial biotechnology,False,0.103,"constrained to groups within division(s) 30,31"
1110,Plant Science,3005,Fisheries sciences,False,0.1,"constrained to groups within division(s) 30,31"
1110,Plant Science,3105,Genetics,False,0.091,"constrained to groups within division(s) 30,31"
1110,Plant Science,3199,Other biological sciences,False,0.03,"constrained to groups within division(s) 30,31"
1111,Soil Science,4106,Soil sciences,True,1.0,"constrained to groups within division(s) 30,31"
1111,Soil Science,3008,Horticultural production,False,0.093,"constrained to groups within division(s) 30,31"
1111,Soil Science,3004,Crop and pasture production,False,0.087,"constrained to groups within division(s) 30,31"
1111,Soil Science,3003,Animal production,False,0.063,"constrained to groups within division(s) 30,31"
1111,Soil Science,3005,Fisheries sciences,False,0.06,"constrained to groups within division(s) 30,31"
1111,Soil Science,3001,Agricultural biotechnology,False,0.054,"constrained to groups within division(s) 30,31"
1111,Soil Science,3002,"Agriculture, land and farm management",False,0.053,"constrained to groups within division(s) 30,31"
1111,Soil Science,3099,"Other agricultural, veterinary and food sciences",False,0.05,"constrained to groups within division(s) 30,31"
1111,Soil Science,3108,Plant biology,False,0.038,"constrained to groups within division(s) 30,31"
1111,Soil Science,3007,Forestry sciences,False,0.033,"constrained to groups within division(s) 30,31"
1111,Soil Science,3101,Biochemistry and cell biology,False,0.029,"constrained to groups within division(s) 30,31"
1111,Soil Science,3106,Industrial biotechnology,False,0.026,"constrained to groups within division(s) 30,31"
1111,Soil Science,3006,Food sciences,False,0.025,"constrained to groups within division(s) 30,31"
1111,Soil Science,3103,Ecology,False,0.024,"constrained to groups within division(s) 30,31"
1111,Soil Science,3102,Bioinformatics and computational biology,False,0.024,"constrained to groups within division(s) 30,31"
1111,Soil Science,3104,Evolutionary biology,False,0.016,"constrained to groups within division(s) 30,31"
1111,Soil Science,3009,Veterinary sciences,False,0.015,"constrained to groups within division(s) 30,31"
1111,Soil Science,3105,Genetics,False,0.0,"constrained to groups within division(s) 30,31"
1111,Soil Science,3107,Microbiology,False,0.0,"constrained to groups within division(s) 30,31"
1111,Soil Science,3109,Zoology,False,0.0,"constrained to groups within division(s) 30,31"
1111,Soil Science,3199,Other biological sciences,False,0.0,"constrained to groups within division(s) 30,31"
1200,General Arts and Humanities,3604,Performing arts,True,0.205,"constrained to groups within division(s) 43,36,50,47"
1200,General Arts and Humanities,3606,Visual arts,False,0.185,"constrained to groups within division(s) 43,36,50,47"
1200,General Arts and Humanities,4705,Literary studies,False,0.154,"constrained to groups within division(s) 43,36,50,47"
1200,General Arts and Humanities,3699,Other creative arts and writing,False,0.083,"constrained to groups within division(s) 43,36,50,47"
1200,General Arts and Humanities,4702,Cultural studies,False,0.077,"constrained to groups within division(s) 43,36,50,47"
1200,General Arts and Humanities,3601,"Art history, theory and criticism",False,0.062,"constrained to groups within division(s) 43,36,50,47"
1200,General Arts and Humanities,4799,"Other language, communication and culture",False,0.05,"constrained to groups within division(s) 43,36,50,47"
1200,General Arts and Humanities,3603,Music,False,0.042,"constrained to groups within division(s) 43,36,50,47"
1200,General Arts and Humanities,4302,"Heritage, archive and museum studies",False,0.038,"constrained to groups within division(s) 43,36,50,47"
1200,General Arts and Humanities,4703,Language studies,False,0.038,"constrained to groups within division(s) 43,36,50,47"
1200,General Arts and Humanities,4704,Linguistics,False,0.038,"constrained to groups within division(s) 43,36,50,47"
1200,General Arts and Humanities,5001,Applied ethics,False,0.038,"constrained to groups within division(s) 43,36,50,47"
1200,General Arts and Humanities,5002,History and philosophy of specific fields,False,0.038,"constrained to groups within division(s) 43,36,50,47"
1200,General Arts and Humanities,5003,Philosophy,False,0.038,"constrained to groups within division(s) 43,36,50,47"
1200,General Arts and Humanities,5004,Religious studies,False,0.038,"constrained to groups within division(s) 43,36,50,47"
1200,General Arts and Humanities,3602,Creative and professional writing,False,0.0,"constrained to groups within division(s) 43,36,50,47"
1200,General Arts and Humanities,3605,Screen and digital media,False,0.0,"constrained to groups within division(s) 43,36,50,47"
1200,General Arts and Humanities,4301,Archaeology,False,0.0,"constrained to groups within division(s) 43,36,50,47"
1200,General Arts and Humanities,4303,Historical studies,False,0.0,"constrained to groups within division(s) 43,36,50,47"
1200,General Arts and Humanities,4399,"Other history, heritage and archaeology",False,0.0,"constrained to groups within division(s) 43,36,50,47"
1200,General Arts and Humanities,4701,Communication and media studies,False,0.0,"constrained to groups within division(s) 43,36,50,47"
1200,General Arts and Humanities,5005,Theology,False,0.0,"constrained to groups within division(s) 43,36,50,47"
1200,General Arts and Humanities,5099,Other philosophy and religious studies,False,0.0,"constrained to groups within division(s) 43,36,50,47"
1202,History,4303,Historical studies,True,1.0,"constrained to groups within division(s) 43,36,50,47"
1202,History,3601,"Art history, theory and criticism",False,0.393,"constrained to groups within division(s) 43,36,50,47"
1202,History,5002,History and philosophy of specific fields,False,0.298,"constrained to groups within division(s) 43,36,50,47"
1202,History,4399,"Other history, heritage and archaeology",False,0.21,"constrained to groups within division(s) 43,36,50,47"
1202,History,4301,Archaeology,False,0.156,"constrained to groups within division(s) 43,36,50,47"
1202,History,5099,Other philosophy and religious studies,False,0.15,"constrained to groups within division(s) 43,36,50,47"
1202,History,5004,Religious studies,False,0.133,"constrained to groups within division(s) 43,36,50,47"
1202,History,4705,Literary studies,False,0.119,"constrained to groups within division(s) 43,36,50,47"
1202,History,5003,Philosophy,False,0.11,"constrained to groups within division(s) 43,36,50,47"
1202,History,4701,Communication and media studies,False,0.105,"constrained to groups within division(s) 43,36,50,47"
1202,History,4703,Language studies,False,0.101,"constrained to groups within division(s) 43,36,50,47"
1202,History,4799,"Other language, communication and culture",False,0.1,"constrained to groups within division(s) 43,36,50,47"
1202,History,3603,Music,False,0.083,"constrained to groups within division(s) 43,36,50,47"
1202,History,3606,Visual arts,False,0.083,"constrained to groups within division(s) 43,36,50,47"
1202,History,3602,Creative and professional writing,False,0.077,"constrained to groups within division(s) 43,36,50,47"
1202,History,3605,Screen and digital media,False,0.069,"constrained to groups within division(s) 43,36,50,47"
1202,History,4702,Cultural studies,False,0.062,"constrained to groups within division(s) 43,36,50,47"
1202,History,5001,Applied ethics,False,0.053,"constrained to groups within division(s) 43,36,50,47"
1202,History,3699,Other creative arts and writing,False,0.05,"constrained to groups within division(s) 43,36,50,47"
1202,History,4302,"Heritage, archive and museum studies",False,0.041,"constrained to groups within division(s) 43,36,50,47"
1202,History,4704,Linguistics,False,0.036,"constrained to groups within division(s) 43,36,50,47"
1202,History,3604,Performing arts,False,0.0,"constrained to groups within division(s) 43,36,50,47"
1202,History,5005,Theology,False,0.0,"constrained to groups within division(s) 43,36,50,47"
1203,Language and Linguistics,4704,Linguistics,True,0.53,"constrained to groups within division(s) 43,36,50,47"
1203,Language and Linguistics,4703,Language studies,False,0.384,"constrained to groups within division(s) 43,36,50,47"
1203,Language and Linguistics,4799,"Other language, communication and culture",False,0.193,"constrained to groups within division(s) 43,36,50,47"
1203,Language and Linguistics,3601,"Art history, theory and criticism",False,0.125,"constrained to groups within division(s) 43,36,50,47"
1203,Language and Linguistics,4705,Literary studies,False,0.103,"constrained to groups within division(s) 43,36,50,47"
1203,Language and Linguistics,5099,Other philosophy and religious studies,False,0.075,"constrained to groups within division(s) 43,36,50,47"
1203,Language and Linguistics,5002,History and philosophy of specific fields,False,0.067,"constrained to groups within division(s) 43,36,50,47"
1203,Language and Linguistics,5003,Philosophy,False,0.055,"constrained to groups within division(s) 43,36,50,47"
1203,Language and Linguistics,4701,Communication and media studies,False,0.053,"constrained to groups within division(s) 43,36,50,47"
1203,Language and Linguistics,4399,"Other history, heritage and archaeology",False,0.05,"constrained to groups within division(s) 43,36,50,47"
1203,Language and Linguistics,4702,Cultural studies,False,0.047,"constrained to groups within division(s) 43,36,50,47"
1203,Language and Linguistics,4303,Historical studies,False,0.046,"constrained to groups within division(s) 43,36,50,47"
1203,Language and Linguistics,4301,Archaeology,False,0.044,"constrained to groups within division(s) 43,36,50,47"
1203,Language and Linguistics,3603,Music,False,0.042,"constrained to groups within division(s) 43,36,50,47"
1203,Language and Linguistics,3606,Visual arts,False,0.042,"constrained to groups within division(s) 43,36,50,47"
1203,Language and Linguistics,3602,Creative and professional writing,False,0.038,"constrained to groups within division(s) 43,36,50,47"
1203,Language and Linguistics,3605,Screen and digital media,False,0.034,"constrained to groups within division(s) 43,36,50,47"
1203,Language and Linguistics,5004,Religious studies,False,0.033,"constrained to groups within division(s) 43,36,50,47"
1203,Language and Linguistics,4302,"Heritage, archive and museum studies",False,0.02,"constrained to groups within division(s) 43,36,50,47"
1203,Language and Linguistics,3604,Performing arts,False,0.0,"constrained to groups within division(s) 43,36,50,47"
1203,Language and Linguistics,3699,Other creative arts and writing,False,0.0,"constrained to groups within division(s) 43,36,50,47"
1203,Language and Linguistics,5001,Applied ethics,False,0.0,"constrained to groups within division(s) 43,36,50,47"
1203,Language and Linguistics,5005,Theology,False,0.0,"constrained to groups within division(s) 43,36,50,47"
1204,Archeology,5099,Other philosophy and religious studies,True,0.225,"constrained to groups within division(s) 43,36,50,47"
1204,Archeology,4399,"Other history, heritage and archaeology",False,0.2,"constrained to groups within division(s) 43,36,50,47"
1204,Archeology,4302,"Heritage, archive and museum studies",False,0.184,"constrained to groups within division(s) 43,36,50,47"
1204,Archeology,4301,Archaeology,False,0.178,"constrained to groups within division(s) 43,36,50,47"
1204,Archeology,3601,"Art history, theory and criticism",False,0.125,"constrained to groups within division(s) 43,36,50,47"
1204,Archeology,5003,Philosophy,False,0.068,"constrained to groups within division(s) 43,36,50,47"
1204,Archeology,5004,Religious studies,False,0.067,"constrained to groups within division(s) 43,36,50,47"
1204,Archeology,4303,Historical studies,False,0.058,"constrained to groups within division(s) 43,36,50,47"
1204,Archeology,4705,Literary studies,False,0.058,"constrained to groups within division(s) 43,36,50,47"
1204,Archeology,4799,"Other language, communication and culture",False,0.05,"constrained to groups within division(s) 43,36,50,47"
1204,Archeology,5002,History and philosophy of specific fields,False,0.044,"constrained to groups within division(s) 43,36,50,47"
1204,Archeology,4703,Language studies,False,0.038,"constrained to groups within division(s) 43,36,50,47"
1204,Archeology,4702,Cultural studies,False,0.031,"constrained to groups within division(s) 43,36,50,47"
1204,Archeology,4704,Linguistics,False,0.018,"constrained to groups within division(s) 43,36,50,47"
1204,Archeology,3602,Creative and professional writing,False,0.0,"constrained to groups within division(s) 43,36,50,47"
1204,Archeology,3603,Music,False,0.0,"constrained to groups within division(s) 43,36,50,47"
1204,Archeology,3604,Performing arts,False,0.0,"constrained to groups within division(s) 43,36,50,47"
1204,Archeology,3605,Screen and digital media,False,0.0,"constrained to groups within division(s) 43,36,50,47"
1204,Archeology,3606,Visual arts,False,0.0,"constrained to groups within division(s) 43,36,50,47"
1204,Archeology,3699,Other creative arts and writing,False,0.0,"constrained to groups within division(s) 43,36,50,47"
1204,Archeology,4701,Communication and media studies,False,0.0,"constrained to groups within division(s) 43,36,50,47"
1204,Archeology,5001,Applied ethics,False,0.0,"constrained to groups within division(s) 43,36,50,47"
1204,Archeology,5005,Theology,False,0.0,"constrained to groups within division(s) 43,36,50,47"
1205,Classics,4705,Literary studies,True,0.2,"constrained to groups within division(s) 43,36,50,47"
1205,Classics,4303,Historical studies,False,0.15,"constrained to groups within division(s) 43,36,50,47"
1205,Classics,3601,"Art history, theory and criticism",False,0.125,"constrained to groups within division(s) 43,36,50,47"
1205,Classics,4703,Language studies,False,0.1,"constrained to groups within division(s) 43,36,50,47"
1205,Classics,5002,History and philosophy of specific fields,False,0.1,"constrained to groups within division(s) 43,36,50,47"
1205,Classics,5003,Philosophy,False,0.1,"constrained to groups within division(s) 43,36,50,47"
1205,Classics,4301,Archaeology,False,0.05,"constrained to groups within division(s) 43,36,50,47"
1205,Classics,4302,"Heritage, archive and museum studies",False,0.05,"constrained to groups within division(s) 43,36,50,47"
1205,Classics,4702,Cultural studies,False,0.05,"constrained to groups within division(s) 43,36,50,47"
1205,Classics,4704,Linguistics,False,0.05,"constrained to groups within division(s) 43,36,50,47"
1205,Classics,5004,Religious studies,False,0.05,"constrained to groups within division(s) 43,36,50,47"
1205,Classics,4399,"Other history, heritage and archaeology",False,0.05,"constrained to groups within division(s) 43,36,50,47"
1205,Classics,4799,"Other language, communication and culture",False,0.05,"constrained to groups within division(s) 43,36,50,47"
1205,Classics,3602,Creative and professional writing,False,0.0,"constrained to groups within division(s) 43,36,50,47"
1205,Classics,3603,Music,False,0.0,"constrained to groups within division(s) 43,36,50,47"
1205,Classics,3604,Performing arts,False,0.0,"constrained to groups within division(s) 43,36,50,47"
1205,Classics,3605,Screen and digital media,False,0.0,"constrained to groups within division(s) 43,36,50,47"
1205,Classics,3606,Visual arts,False,0.0,"constrained to groups within division(s) 43,36,50,47"
1205,Classics,3699,Other creative arts and writing,False,0.0,"constrained to groups within division(s) 43,36,50,47"
1205,Classics,4701,Communication and media studies,False,0.0,"constrained to groups within division(s) 43,36,50,47"
1205,Classics,5001,Applied ethics,False,0.0,"constrained to groups within division(s) 43,36,50,47"
1205,Classics,5005,Theology,False,0.0,"constrained to groups within division(s) 43,36,50,47"
1205,Classics,5099,Other philosophy and religious studies,False,0.0,"constrained to groups within division(s) 43,36,50,47"
1206,Conservation,3601,"Art history, theory and criticism",True,0.188,"constrained to groups within division(s) 43,36,50,47"
1206,Conservation,4302,"Heritage, archive and museum studies",False,0.121,"constrained to groups within division(s) 43,36,50,47"
1206,Conservation,5002,History and philosophy of specific fields,False,0.121,"constrained to groups within division(s) 43,36,50,47"
1206,Conservation,4701,Communication and media studies,False,0.091,"constrained to groups within division(s) 43,36,50,47"
1206,Conservation,3602,Creative and professional writing,False,0.077,"constrained to groups within division(s) 43,36,50,47"
1206,Conservation,3605,Screen and digital media,False,0.069,"constrained to groups within division(s) 43,36,50,47"
1206,Conservation,4301,Archaeology,False,0.061,"constrained to groups within division(s) 43,36,50,47"
1206,Conservation,4303,Historical studies,False,0.061,"constrained to groups within division(s) 43,36,50,47"
1206,Conservation,4705,Literary studies,False,0.061,"constrained to groups within division(s) 43,36,50,47"
1206,Conservation,5003,Philosophy,False,0.061,"constrained to groups within division(s) 43,36,50,47"
1206,Conservation,4399,"Other history, heritage and archaeology",False,0.05,"constrained to groups within division(s) 43,36,50,47"
1206,Conservation,3603,Music,False,0.042,"constrained to groups within division(s) 43,36,50,47"
1206,Conservation,3606,Visual arts,False,0.042,"constrained to groups within division(s) 43,36,50,47"
1206,Conservation,5004,Religious studies,False,0.033,"constrained to groups within division(s) 43,36,50,47"
1206,Conservation,4704,Linguistics,False,0.03,"constrained to groups within division(s) 43,36,50,47"
1206,Conservation,5001,Applied ethics,False,0.03,"constrained to groups within division(s) 43,36,50,47"
1206,Conservation,3604,Performing arts,False,0.0,"constrained to groups within division(s) 43,36,50,47"
1206,Conservation,3699,Other creative arts and writing,False,0.0,"constrained to groups within division(s) 43,36,50,47"
1206,Conservation,4702,Cultural studies,False,0.0,"constrained to groups within division(s) 43,36,50,47"
1206,Conservation,4703,Language studies,False,0.0,"constrained to groups within division(s) 43,36,50,47"
1206,Conservation,4799,"Other language, communication and culture",False,0.0,"constrained to groups within division(s) 43,36,50,47"
1206,Conservation,5005,Theology,False,0.0,"constrained to groups within division(s) 43,36,50,47"
1206,Conservation,5099,Other philosophy and religious studies,False,0.0,"constrained to groups within division(s) 43,36,50,47"
1207,History and Philosophy of Science,5002,History and philosophy of specific fields,True,0.606,"constrained to groups within division(s) 43,36,50,47"
1207,History and Philosophy of Science,5003,Philosophy,False,0.416,"constrained to groups within division(s) 43,36,50,47"
1207,History and Philosophy of Science,4303,Historical studies,False,0.37,"constrained to groups within division(s) 43,36,50,47"
1207,History and Philosophy of Science,3601,"Art history, theory and criticism",False,0.236,"constrained to groups within division(s) 43,36,50,47"
1207,History and Philosophy of Science,5099,Other philosophy and religious studies,False,0.135,"constrained to groups within division(s) 43,36,50,47"
1207,History and Philosophy of Science,4701,Communication and media studies,False,0.105,"constrained to groups within division(s) 43,36,50,47"
1207,History and Philosophy of Science,4799,"Other language, communication and culture",False,0.1,"constrained to groups within division(s) 43,36,50,47"
1207,History and Philosophy of Science,4399,"Other history, heritage and archaeology",False,0.093,"constrained to groups within division(s) 43,36,50,47"
1207,History and Philosophy of Science,3603,Music,False,0.083,"constrained to groups within division(s) 43,36,50,47"
1207,History and Philosophy of Science,5001,Applied ethics,False,0.079,"constrained to groups within division(s) 43,36,50,47"
1207,History and Philosophy of Science,3602,Creative and professional writing,False,0.077,"constrained to groups within division(s) 43,36,50,47"
1207,History and Philosophy of Science,5004,Religious studies,False,0.067,"constrained to groups within division(s) 43,36,50,47"
1207,History and Philosophy of Science,4704,Linguistics,False,0.054,"constrained to groups within division(s) 43,36,50,47"
1207,History and Philosophy of Science,3699,Other creative arts and writing,False,0.05,"constrained to groups within division(s) 43,36,50,47"
1207,History and Philosophy of Science,4705,Literary studies,False,0.049,"constrained to groups within division(s) 43,36,50,47"
1207,History and Philosophy of Science,4302,"Heritage, archive and museum studies",False,0.041,"constrained to groups within division(s) 43,36,50,47"
1207,History and Philosophy of Science,3605,Screen and digital media,False,0.034,"constrained to groups within division(s) 43,36,50,47"
1207,History and Philosophy of Science,4702,Cultural studies,False,0.031,"constrained to groups within division(s) 43,36,50,47"
1207,History and Philosophy of Science,4301,Archaeology,False,0.022,"constrained to groups within division(s) 43,36,50,47"
1207,History and Philosophy of Science,4703,Language studies,False,0.013,"constrained to groups within division(s) 43,36,50,47"
1207,History and Philosophy of Science,3604,Performing arts,False,0.0,"constrained to groups within division(s) 43,36,50,47"
1207,History and Philosophy of Science,3606,Visual arts,False,0.0,"constrained to groups within division(s) 43,36,50,47"
1207,History and Philosophy of Science,5005,Theology,False,0.0,"constrained to groups within division(s) 43,36,50,47"
1208,Literature and Literary Theory,4705,Literary studies,True,0.42,"constrained to groups within division(s) 43,36,50,47"
1208,Literature and Literary Theory,3601,"Art history, theory and criticism",False,0.35,"constrained to groups within division(s) 43,36,50,47"
1208,Literature and Literary Theory,4701,Communication and media studies,False,0.158,"constrained to groups within division(s) 43,36,50,47"
1208,Literature and Literary Theory,5003,Philosophy,False,0.151,"constrained to groups within division(s) 43,36,50,47"
1208,Literature and Literary Theory,4702,Cultural studies,False,0.141,"constrained to groups within division(s) 43,36,50,47"
1208,Literature and Literary Theory,4704,Linguistics,False,0.125,"constrained to groups within division(s) 43,36,50,47"
1208,Literature and Literary Theory,3602,Creative and professional writing,False,0.115,"constrained to groups within division(s) 43,36,50,47"
1208,Literature and Literary Theory,4303,Historical studies,False,0.104,"constrained to groups within division(s) 43,36,50,47"
1208,Literature and Literary Theory,4703,Language studies,False,0.101,"constrained to groups within division(s) 43,36,50,47"
1208,Literature and Literary Theory,5004,Religious studies,False,0.1,"constrained to groups within division(s) 43,36,50,47"
1208,Literature and Literary Theory,4799,"Other language, communication and culture",False,0.1,"constrained to groups within division(s) 43,36,50,47"
1208,Literature and Literary Theory,4302,"Heritage, archive and museum studies",False,0.082,"constrained to groups within division(s) 43,36,50,47"
1208,Literature and Literary Theory,3605,Screen and digital media,False,0.069,"constrained to groups within division(s) 43,36,50,47"
1208,Literature and Literary Theory,4301,Archaeology,False,0.067,"constrained to groups within division(s) 43,36,50,47"
1208,Literature and Literary Theory,5002,History and philosophy of specific fields,False,0.067,"constrained to groups within division(s) 43,36,50,47"
1208,Literature and Literary Theory,3699,Other creative arts and writing,False,0.05,"constrained to groups within division(s) 43,36,50,47"
1208,Literature and Literary Theory,4399,"Other history, heritage and archaeology",False,0.05,"constrained to groups within division(s) 43,36,50,47"
1208,Literature and Literary Theory,3603,Music,False,0.042,"constrained to groups within division(s) 43,36,50,47"
1208,Literature and Literary Theory,5001,Applied ethics,False,0.026,"constrained to groups within division(s) 43,36,50,47"
1208,Literature and Literary Theory,3604,Performing arts,False,0.0,"constrained to groups within division(s) 43,36,50,47"
1208,Literature and Literary Theory,3606,Visual arts,False,0.0,"constrained to groups within division(s) 43,36,50,47"
1208,Literature and Literary Theory,5005,Theology,False,0.0,"constrained to groups within division(s) 43,36,50,47"
1208,Literature and Literary Theory,5099,Other philosophy and religious studies,False,0.0,"constrained to groups within division(s) 43,36,50,47"
1209,Museology,3601,"Art history, theory and criticism",True,0.312,"constrained to groups within division(s) 43,36,50,47"
1209,Museology,3606,Visual arts,False,0.292,"constrained to groups within division(s) 43,36,50,47"
1209,Museology,4399,"Other history, heritage and archaeology",False,0.1,"constrained to groups within division(s) 43,36,50,47"
1209,Museology,4799,"Other language, communication and culture",False,0.1,"constrained to groups within division(s) 43,36,50,47"
1209,Museology,4302,"Heritage, archive and museum studies",False,0.083,"constrained to groups within division(s) 43,36,50,47"
1209,Museology,3605,Screen and digital media,False,0.069,"constrained to groups within division(s) 43,36,50,47"
1209,Museology,3604,Performing arts,False,0.062,"constrained to groups within division(s) 43,36,50,47"
1209,Museology,4705,Literary studies,False,0.062,"constrained to groups within division(s) 43,36,50,47"
1209,Museology,5003,Philosophy,False,0.062,"constrained to groups within division(s) 43,36,50,47"
1209,Museology,3699,Other creative arts and writing,False,0.05,"constrained to groups within division(s) 43,36,50,47"
1209,Museology,4702,Cultural studies,False,0.042,"constrained to groups within division(s) 43,36,50,47"
1209,Museology,4704,Linguistics,False,0.042,"constrained to groups within division(s) 43,36,50,47"
1209,Museology,5004,Religious studies,False,0.033,"constrained to groups within division(s) 43,36,50,47"
1209,Museology,4701,Communication and media studies,False,0.026,"constrained to groups within division(s) 43,36,50,47"
1209,Museology,4301,Archaeology,False,0.022,"constrained to groups within division(s) 43,36,50,47"
1209,Museology,5002,History and philosophy of specific fields,False,0.022,"constrained to groups within division(s) 43,36,50,47"
1209,Museology,4303,Historical studies,False,0.021,"constrained to groups within division(s) 43,36,50,47"
1209,Museology,3602,Creative and professional writing,False,0.0,"constrained to groups within division(s) 43,36,50,47"
1209,Museology,3603,Music,False,0.0,"constrained to groups within division(s) 43,36,50,47"
1209,Museology,4703,Language studies,False,0.0,"constrained to groups within division(s) 43,36,50,47"
1209,Museology,5001,Applied ethics,False,0.0,"constrained to groups within division(s) 43,36,50,47"
1209,Museology,5005,Theology,False,0.0,"constrained to groups within division(s) 43,36,50,47"
1209,Museology,5099,Other philosophy and religious studies,False,0.0,"constrained to groups within division(s) 43,36,50,47"
1210,Music,3603,Music,True,1.0,"constrained to groups within division(s) 43,36,50,47"
1210,Music,3604,Performing arts,False,0.188,"constrained to groups within division(s) 43,36,50,47"
1210,Music,4705,Literary studies,False,0.136,"constrained to groups within division(s) 43,36,50,47"
1210,Music,3601,"Art history, theory and criticism",False,0.125,"constrained to groups within division(s) 43,36,50,47"
1210,Music,4704,Linguistics,False,0.091,"constrained to groups within division(s) 43,36,50,47"
1210,Music,5003,Philosophy,False,0.091,"constrained to groups within division(s) 43,36,50,47"
1210,Music,4399,"Other history, heritage and archaeology",False,0.05,"constrained to groups within division(s) 43,36,50,47"
1210,Music,4799,"Other language, communication and culture",False,0.05,"constrained to groups within division(s) 43,36,50,47"
1210,Music,3606,Visual arts,False,0.045,"constrained to groups within division(s) 43,36,50,47"
1210,Music,4301,Archaeology,False,0.045,"constrained to groups within division(s) 43,36,50,47"
1210,Music,4302,"Heritage, archive and museum studies",False,0.045,"constrained to groups within division(s) 43,36,50,47"
1210,Music,4303,Historical studies,False,0.045,"constrained to groups within division(s) 43,36,50,47"
1210,Music,4702,Cultural studies,False,0.045,"constrained to groups within division(s) 43,36,50,47"
1210,Music,5002,History and philosophy of specific fields,False,0.045,"constrained to groups within division(s) 43,36,50,47"
1210,Music,5004,Religious studies,False,0.045,"constrained to groups within division(s) 43,36,50,47"
1210,Music,3602,Creative and professional writing,False,0.0,"constrained to groups within division(s) 43,36,50,47"
1210,Music,3605,Screen and digital media,False,0.0,"constrained to groups within division(s) 43,36,50,47"
1210,Music,3699,Other creative arts and writing,False,0.0,"constrained to groups within division(s) 43,36,50,47"
1210,Music,4701,Communication and media studies,False,0.0,"constrained to groups within division(s) 43,36,50,47"
1210,Music,4703,Language studies,False,0.0,"constrained to groups within division(s) 43,36,50,47"
1210,Music,5001,Applied ethics,False,0.0,"constrained to groups within division(s) 43,36,50,47"
1210,Music,5005,Theology,False,0.0,"constrained to groups within division(s) 43,36,50,47"
1210,Music,5099,Other philosophy and religious studies,False,0.0,"constrained to groups within division(s) 43,36,50,47"
1211,Philosophy,5003,Philosophy,True,1.0,"constrained to groups within division(s) 43,36,50,47"
1211,Philosophy,5005,Theology,False,0.5,"constrained to groups within division(s) 43,36,50,47"
1211,Philosophy,5002,History and philosophy of specific fields,False,0.321,"constrained to groups within division(s) 43,36,50,47"
1211,Philosophy,3601,"Art history, theory and criticism",False,0.312,"constrained to groups within division(s) 43,36,50,47"
1211,Philosophy,5099,Other philosophy and religious studies,False,0.3,"constrained to groups within division(s) 43,36,50,47"
1211,Philosophy,5004,Religious studies,False,0.2,"constrained to groups within division(s) 43,36,50,47"
1211,Philosophy,4701,Communication and media studies,False,0.158,"constrained to groups within division(s) 43,36,50,47"
1211,Philosophy,4799,"Other language, communication and culture",False,0.15,"constrained to groups within division(s) 43,36,50,47"
1211,Philosophy,3605,Screen and digital media,False,0.138,"constrained to groups within division(s) 43,36,50,47"
1211,Philosophy,4702,Cultural studies,False,0.125,"constrained to groups within division(s) 43,36,50,47"
1211,Philosophy,4704,Linguistics,False,0.125,"constrained to groups within division(s) 43,36,50,47"
1211,Philosophy,3602,Creative and professional writing,False,0.115,"constrained to groups within division(s) 43,36,50,47"
1211,Philosophy,5001,Applied ethics,False,0.105,"constrained to groups within division(s) 43,36,50,47"
1211,Philosophy,4303,Historical studies,False,0.085,"constrained to groups within division(s) 43,36,50,47"
1211,Philosophy,3603,Music,False,0.083,"constrained to groups within division(s) 43,36,50,47"
1211,Philosophy,3606,Visual arts,False,0.083,"constrained to groups within division(s) 43,36,50,47"
1211,Philosophy,4302,"Heritage, archive and museum studies",False,0.082,"constrained to groups within division(s) 43,36,50,47"
1211,Philosophy,4705,Literary studies,False,0.081,"constrained to groups within division(s) 43,36,50,47"
1211,Philosophy,4703,Language studies,False,0.063,"constrained to groups within division(s) 43,36,50,47"
1211,Philosophy,3604,Performing arts,False,0.062,"constrained to groups within division(s) 43,36,50,47"
1211,Philosophy,4399,"Other history, heritage and archaeology",False,0.05,"constrained to groups within division(s) 43,36,50,47"
1211,Philosophy,4301,Archaeology,False,0.044,"constrained to groups within division(s) 43,36,50,47"
1211,Philosophy,3699,Other creative arts and writing,False,0.0,"constrained to groups within division(s) 43,36,50,47"
1212,Religious studies,5004,Religious studies,True,1.0,"constrained to groups within division(s) 43,36,50,47"
1212,Religious studies,5005,Theology,False,0.5,"constrained to groups within division(s) 43,36,50,47"
1212,Religious studies,5099,Other philosophy and religious studies,False,0.25,"constrained to groups within division(s) 43,36,50,47"
1212,Religious studies,3601,"Art history, theory and criticism",False,0.125,"constrained to groups within division(s) 43,36,50,47"
1212,Religious studies,5002,History and philosophy of specific fields,False,0.089,"constrained to groups within division(s) 43,36,50,47"
1212,Religious studies,4303,Historical studies,False,0.085,"constrained to groups within division(s) 43,36,50,47"
1212,Religious studies,4705,Literary studies,False,0.073,"constrained to groups within division(s) 43,36,50,47"
1212,Religious studies,5003,Philosophy,False,0.068,"constrained to groups within division(s) 43,36,50,47"
1212,Religious studies,4302,"Heritage, archive and museum studies",False,0.061,"constrained to groups within division(s) 43,36,50,47"
1212,Religious studies,5001,Applied ethics,False,0.053,"constrained to groups within division(s) 43,36,50,47"
1212,Religious studies,4703,Language studies,False,0.051,"constrained to groups within division(s) 43,36,50,47"
1212,Religious studies,4399,"Other history, heritage and archaeology",False,0.05,"constrained to groups within division(s) 43,36,50,47"
1212,Religious studies,4799,"Other language, communication and culture",False,0.05,"constrained to groups within division(s) 43,36,50,47"
1212,Religious studies,4301,Archaeology,False,0.044,"constrained to groups within division(s) 43,36,50,47"
1212,Religious studies,3603,Music,False,0.042,"constrained to groups within division(s) 43,36,50,47"
1212,Religious studies,4704,Linguistics,False,0.036,"constrained to groups within division(s) 43,36,50,47"
1212,Religious studies,3605,Screen and digital media,False,0.034,"constrained to groups within division(s) 43,36,50,47"
1212,Religious studies,4702,Cultural studies,False,0.031,"constrained to groups within division(s) 43,36,50,47"
1212,Religious studies,4701,Communication and media studies,False,0.026,"constrained to groups within division(s) 43,36,50,47"
1212,Religious studies,3602,Creative and professional writing,False,0.0,"constrained to groups within division(s) 43,36,50,47"
1212,Religious studies,3604,Performing arts,False,0.0,"constrained to groups within division(s) 43,36,50,47"
1212,Religious studies,3606,Visual arts,False,0.0,"constrained to groups within division(s) 43,36,50,47"
1212,Religious studies,3699,Other creative arts and writing,False,0.0,"constrained to groups within division(s) 43,36,50,47"
1213,Visual Arts and Performing Arts,3604,Performing arts,True,0.938,"constrained to groups within division(s) 43,36,50,47"
1213,Visual Arts and Performing Arts,3606,Visual arts,False,0.792,"constrained to groups within division(s) 43,36,50,47"
1213,Visual Arts and Performing Arts,3601,"Art history, theory and criticism",False,0.625,"constrained to groups within division(s) 43,36,50,47"
1213,Visual Arts and Performing Arts,3699,Other creative arts and writing,False,0.13,"constrained to groups within division(s) 43,36,50,47"
1213,Visual Arts and Performing Arts,3603,Music,False,0.125,"constrained to groups within division(s) 43,36,50,47"
1213,Visual Arts and Performing Arts,3605,Screen and digital media,False,0.103,"constrained to groups within division(s) 43,36,50,47"
1213,Visual Arts and Performing Arts,4705,Literary studies,False,0.1,"constrained to groups within division(s) 43,36,50,47"
1213,Visual Arts and Performing Arts,4702,Cultural studies,False,0.094,"constrained to groups within division(s) 43,36,50,47"
1213,Visual Arts and Performing Arts,5003,Philosophy,False,0.082,"constrained to groups within division(s) 43,36,50,47"
1213,Visual Arts and Performing Arts,4701,Communication and media studies,False,0.079,"constrained to groups within division(s) 43,36,50,47"
1213,Visual Arts and Performing Arts,3602,Creative and professional writing,False,0.077,"constrained to groups within division(s) 43,36,50,47"
1213,Visual Arts and Performing Arts,4303,Historical studies,False,0.075,"constrained to groups within division(s) 43,36,50,47"
1213,Visual Arts and Performing Arts,4302,"Heritage, archive and museum studies",False,0.061,"constrained to groups within division(s) 43,36,50,47"
1213,Visual Arts and Performing Arts,4399,"Other history, heritage and archaeology",False,0.05,"constrained to groups within division(s) 43,36,50,47"
1213,Visual Arts and Performing Arts,4799,"Other language, communication and culture",False,0.05,"constrained to groups within division(s) 43,36,50,47"
1213,Visual Arts and Performing Arts,4301,Archaeology,False,0.044,"constrained to groups within division(s) 43,36,50,47"
1213,Visual Arts and Performing Arts,5002,History and philosophy of specific fields,False,0.044,"constrained to groups within division(s) 43,36,50,47"
1213,Visual Arts and Performing Arts,4703,Language studies,False,0.038,"constrained to groups within division(s) 43,36,50,47"
1213,Visual Arts and Performing Arts,4704,Linguistics,False,0.036,"constrained to groups within division(s) 43,36,50,47"
1213,Visual Arts and Performing Arts,5004,Religious studies,False,0.033,"constrained to groups within division(s) 43,36,50,47"
1213,Visual Arts and Performing Arts,5001,Applied ethics,False,0.026,"constrained to groups within division(s) 43,36,50,47"
1213,Visual Arts and Performing Arts,5005,Theology,False,0.0,"constrained to groups within division(s) 43,36,50,47"
1213,Visual Arts and Performing Arts,5099,Other philosophy and religious studies,False,0.0,"constrained to groups within division(s) 43,36,50,47"
1302,Aging,3101,Biochemistry and cell biology,True,0.2,"constrained to groups within division(s) 31,32"
1302,Aging,3202,Clinical sciences,False,0.2,"constrained to groups within division(s) 31,32"
1302,Aging,3102,Bioinformatics and computational biology,False,0.1,"constrained to groups within division(s) 31,32"
1302,Aging,3105,Genetics,False,0.1,"constrained to groups within division(s) 31,32"
1302,Aging,3107,Microbiology,False,0.1,"constrained to groups within division(s) 31,32"
1302,Aging,3204,Immunology,False,0.1,"constrained to groups within division(s) 31,32"
1302,Aging,3205,Medical biochemistry and metabolomics,False,0.1,"constrained to groups within division(s) 31,32"
1302,Aging,3211,Oncology and carcinogenesis,False,0.1,"constrained to groups within division(s) 31,32"
1302,Aging,3103,Ecology,False,0.0,"constrained to groups within division(s) 31,32"
1302,Aging,3104,Evolutionary biology,False,0.0,"constrained to groups within division(s) 31,32"
1302,Aging,3106,Industrial biotechnology,False,0.0,"constrained to groups within division(s) 31,32"
1302,Aging,3108,Plant biology,False,0.0,"constrained to groups within division(s) 31,32"
1302,Aging,3109,Zoology,False,0.0,"constrained to groups within division(s) 31,32"
1302,Aging,3199,Other biological sciences,False,0.0,"constrained to groups within division(s) 31,32"
1302,Aging,3201,Cardiovascular medicine and haematology,False,0.0,"constrained to groups within division(s) 31,32"
1302,Aging,3203,Dentistry,False,0.0,"constrained to groups within division(s) 31,32"
1302,Aging,3206,Medical biotechnology,False,0.0,"constrained to groups within division(s) 31,32"
1302,Aging,3207,Medical microbiology,False,0.0,"constrained to groups within division(s) 31,32"
1302,Aging,3208,Medical physiology,False,0.0,"constrained to groups within division(s) 31,32"
1302,Aging,3209,Neurosciences,False,0.0,"constrained to groups within division(s) 31,32"
1302,Aging,3210,Nutrition and dietetics,False,0.0,"constrained to groups within division(s) 31,32"
1302,Aging,3212,Ophthalmology and optometry,False,0.0,"constrained to groups within division(s) 31,32"
1302,Aging,3213,Paediatrics,False,0.0,"constrained to groups within division(s) 31,32"
1302,Aging,3214,Pharmacology and pharmaceutical sciences,False,0.0,"constrained to groups within division(s) 31,32"
1302,Aging,3215,Reproductive medicine,False,0.0,"constrained to groups within division(s) 31,32"
1302,Aging,3299,Other biomedical and clinical sciences,False,0.0,"constrained to groups within division(s) 31,32"
1303,Biochemistry,3205,Medical biochemistry and metabolomics,True,0.343,"constrained to groups within division(s) 31,32"
1303,Biochemistry,3101,Biochemistry and cell biology,False,0.319,"constrained to groups within division(s) 31,32"
1303,Biochemistry,3214,Pharmacology and pharmaceutical sciences,False,0.132,"constrained to groups within division(s) 31,32"
1303,Biochemistry,3212,Ophthalmology and optometry,False,0.083,"constrained to groups within division(s) 31,32"
1303,Biochemistry,3201,Cardiovascular medicine and haematology,False,0.071,"constrained to groups within division(s) 31,32"
1303,Biochemistry,3203,Dentistry,False,0.071,"constrained to groups within division(s) 31,32"
1303,Biochemistry,3208,Medical physiology,False,0.059,"constrained to groups within division(s) 31,32"
1303,Biochemistry,3215,Reproductive medicine,False,0.053,"constrained to groups within division(s) 31,32"
1303,Biochemistry,3106,Industrial biotechnology,False,0.051,"constrained to groups within division(s) 31,32"
1303,Biochemistry,3102,Bioinformatics and computational biology,False,0.048,"constrained to groups within division(s) 31,32"
1303,Biochemistry,3108,Plant biology,False,0.048,"constrained to groups within division(s) 31,32"
1303,Biochemistry,3199,Other biological sciences,False,0.03,"constrained to groups within division(s) 31,32"
1303,Biochemistry,3207,Medical microbiology,False,0.027,"constrained to groups within division(s) 31,32"
1303,Biochemistry,3103,Ecology,False,0.024,"constrained to groups within division(s) 31,32"
1303,Biochemistry,3206,Medical biotechnology,False,0.024,"constrained to groups within division(s) 31,32"
1303,Biochemistry,3104,Evolutionary biology,False,0.024,"constrained to groups within division(s) 31,32"
1303,Biochemistry,3109,Zoology,False,0.024,"constrained to groups within division(s) 31,32"
1303,Biochemistry,3202,Clinical sciences,False,0.024,"constrained to groups within division(s) 31,32"
1303,Biochemistry,3211,Oncology and carcinogenesis,False,0.024,"constrained to groups within division(s) 31,32"
1303,Biochemistry,3105,Genetics,False,0.0,"constrained to groups within division(s) 31,32"
1303,Biochemistry,3107,Microbiology,False,0.0,"constrained to groups within division(s) 31,32"
1303,Biochemistry,3204,Immunology,False,0.0,"constrained to groups within division(s) 31,32"
1303,Biochemistry,3209,Neurosciences,False,0.0,"constrained to groups within division(s) 31,32"
1303,Biochemistry,3210,Nutrition and dietetics,False,0.0,"constrained to groups within division(s) 31,32"
1303,Biochemistry,3213,Paediatrics,False,0.0,"constrained to groups within division(s) 31,32"
1303,Biochemistry,3299,Other biomedical and clinical sciences,False,0.0,"constrained to groups within division(s) 31,32"
1304,Biophysics,3208,Medical physiology,True,0.118,"constrained to groups within division(s) 31,32"
1304,Biophysics,3101,Biochemistry and cell biology,False,0.098,"constrained to groups within division(s) 31,32"
1304,Biophysics,3109,Zoology,False,0.098,"constrained to groups within division(s) 31,32"
1304,Biophysics,3212,Ophthalmology and optometry,False,0.083,"constrained to groups within division(s) 31,32"
1304,Biophysics,3299,Other biomedical and clinical sciences,False,0.075,"constrained to groups within division(s) 31,32"
1304,Biophysics,3104,Evolutionary biology,False,0.073,"constrained to groups within division(s) 31,32"
1304,Biophysics,3108,Plant biology,False,0.073,"constrained to groups within division(s) 31,32"
1304,Biophysics,3106,Industrial biotechnology,False,0.051,"constrained to groups within division(s) 31,32"
1304,Biophysics,3102,Bioinformatics and computational biology,False,0.049,"constrained to groups within division(s) 31,32"
1304,Biophysics,3105,Genetics,False,0.049,"constrained to groups within division(s) 31,32"
1304,Biophysics,3202,Clinical sciences,False,0.049,"constrained to groups within division(s) 31,32"
1304,Biophysics,3211,Oncology and carcinogenesis,False,0.049,"constrained to groups within division(s) 31,32"
1304,Biophysics,3107,Microbiology,False,0.04,"constrained to groups within division(s) 31,32"
1304,Biophysics,3199,Other biological sciences,False,0.03,"constrained to groups within division(s) 31,32"
1304,Biophysics,3207,Medical microbiology,False,0.027,"constrained to groups within division(s) 31,32"
1304,Biophysics,3214,Pharmacology and pharmaceutical sciences,False,0.026,"constrained to groups within division(s) 31,32"
1304,Biophysics,3103,Ecology,False,0.024,"constrained to groups within division(s) 31,32"
1304,Biophysics,3203,Dentistry,False,0.024,"constrained to groups within division(s) 31,32"
1304,Biophysics,3204,Immunology,False,0.024,"constrained to groups within division(s) 31,32"
1304,Biophysics,3205,Medical biochemistry and metabolomics,False,0.024,"constrained to groups within division(s) 31,32"
1304,Biophysics,3201,Cardiovascular medicine and haematology,False,0.0,"constrained to groups within division(s) 31,32"
1304,Biophysics,3206,Medical biotechnology,False,0.0,"constrained to groups within division(s) 31,32"
1304,Biophysics,3209,Neurosciences,False,0.0,"constrained to groups within division(s) 31,32"
1304,Biophysics,3210,Nutrition and dietetics,False,0.0,"constrained to groups within division(s) 31,32"
1304,Biophysics,3213,Paediatrics,False,0.0,"constrained to groups within division(s) 31,32"
1304,Biophysics,3215,Reproductive medicine,False,0.0,"constrained to groups within division(s) 31,32"
1305,Biotechnology,3106,Industrial biotechnology,True,0.41,"constrained to groups within division(s) 31,32"
1305,Biotechnology,3206,Medical biotechnology,False,0.382,"constrained to groups within division(s) 31,32"
1305,Biotechnology,3102,Bioinformatics and computational biology,False,0.095,"constrained to groups within division(s) 31,32"
1305,Biotechnology,3101,Biochemistry and cell biology,False,0.082,"constrained to groups within division(s) 31,32"
1305,Biotechnology,3108,Plant biology,False,0.082,"constrained to groups within division(s) 31,32"
1305,Biotechnology,3204,Immunology,False,0.065,"constrained to groups within division(s) 31,32"
1305,Biotechnology,3210,Nutrition and dietetics,False,0.065,"constrained to groups within division(s) 31,32"
1305,Biotechnology,3202,Clinical sciences,False,0.061,"constrained to groups within division(s) 31,32"
1305,Biotechnology,3205,Medical biochemistry and metabolomics,False,0.061,"constrained to groups within division(s) 31,32"
1305,Biotechnology,3103,Ecology,False,0.049,"constrained to groups within division(s) 31,32"
1305,Biotechnology,3104,Evolutionary biology,False,0.041,"constrained to groups within division(s) 31,32"
1305,Biotechnology,3107,Microbiology,False,0.04,"constrained to groups within division(s) 31,32"
1305,Biotechnology,3208,Medical physiology,False,0.029,"constrained to groups within division(s) 31,32"
1305,Biotechnology,3207,Medical microbiology,False,0.027,"constrained to groups within division(s) 31,32"
1305,Biotechnology,3209,Neurosciences,False,0.026,"constrained to groups within division(s) 31,32"
1305,Biotechnology,3211,Oncology and carcinogenesis,False,0.021,"constrained to groups within division(s) 31,32"
1305,Biotechnology,3105,Genetics,False,0.02,"constrained to groups within division(s) 31,32"
1305,Biotechnology,3109,Zoology,False,0.0,"constrained to groups within division(s) 31,32"
1305,Biotechnology,3199,Other biological sciences,False,0.0,"constrained to groups within division(s) 31,32"
1305,Biotechnology,3201,Cardiovascular medicine and haematology,False,0.0,"constrained to groups within division(s) 31,32"
1305,Biotechnology,3203,Dentistry,False,0.0,"constrained to groups within division(s) 31,32"
1305,Biotechnology,3212,Ophthalmology and optometry,False,0.0,"constrained to groups within division(s) 31,32"
1305,Biotechnology,3213,Paediatrics,False,0.0,"constrained to groups within division(s) 31,32"
1305,Biotechnology,3214,Pharmacology and pharmaceutical sciences,False,0.0,"constrained to groups within division(s) 31,32"
1305,Biotechnology,3215,Reproductive medicine,False,0.0,"constrained to groups within division(s) 31,32"
1305,Biotechnology,3299,Other biomedical and clinical sciences,False,0.0,"constrained to groups within division(s) 31,32"
1306,Cancer Research,3211,Oncology and carcinogenesis,True,0.106,"constrained to groups within division(s) 31,32"
1306,Cancer Research,3106,Industrial biotechnology,False,0.103,"constrained to groups within division(s) 31,32"
1306,Cancer Research,3102,Bioinformatics and computational biology,False,0.095,"constrained to groups within division(s) 31,32"
1306,Cancer Research,3101,Biochemistry and cell biology,False,0.081,"constrained to groups within division(s) 31,32"
1306,Cancer Research,3202,Clinical sciences,False,0.081,"constrained to groups within division(s) 31,32"
1306,Cancer Research,3207,Medical microbiology,False,0.081,"constrained to groups within division(s) 31,32"
1306,Cancer Research,3107,Microbiology,False,0.08,"constrained to groups within division(s) 31,32"
1306,Cancer Research,3206,Medical biotechnology,False,0.073,"constrained to groups within division(s) 31,32"
1306,Cancer Research,3105,Genetics,False,0.073,"constrained to groups within division(s) 31,32"
1306,Cancer Research,3201,Cardiovascular medicine and haematology,False,0.071,"constrained to groups within division(s) 31,32"
1306,Cancer Research,3104,Evolutionary biology,False,0.063,"constrained to groups within division(s) 31,32"
1306,Cancer Research,3203,Dentistry,False,0.059,"constrained to groups within division(s) 31,32"
1306,Cancer Research,3108,Plant biology,False,0.057,"constrained to groups within division(s) 31,32"
1306,Cancer Research,3205,Medical biochemistry and metabolomics,False,0.057,"constrained to groups within division(s) 31,32"
1306,Cancer Research,3109,Zoology,False,0.035,"constrained to groups within division(s) 31,32"
1306,Cancer Research,3199,Other biological sciences,False,0.03,"constrained to groups within division(s) 31,32"
1306,Cancer Research,3214,Pharmacology and pharmaceutical sciences,False,0.026,"constrained to groups within division(s) 31,32"
1306,Cancer Research,3209,Neurosciences,False,0.026,"constrained to groups within division(s) 31,32"
1306,Cancer Research,3103,Ecology,False,0.024,"constrained to groups within division(s) 31,32"
1306,Cancer Research,3204,Immunology,False,0.0,"constrained to groups within division(s) 31,32"
1306,Cancer Research,3208,Medical physiology,False,0.0,"constrained to groups within division(s) 31,32"
1306,Cancer Research,3210,Nutrition and dietetics,False,0.0,"constrained to groups within division(s) 31,32"
1306,Cancer Research,3212,Ophthalmology and optometry,False,0.0,"constrained to groups within division(s) 31,32"
1306,Cancer Research,3213,Paediatrics,False,0.0,"constrained to groups within division(s) 31,32"
1306,Cancer Research,3215,Reproductive medicine,False,0.0,"constrained to groups within division(s) 31,32"
1306,Cancer Research,3299,Other biomedical and clinical sciences,False,0.0,"constrained to groups within division(s) 31,32"
1307,Cell Biology,3101,Biochemistry and cell biology,True,0.741,"constrained to groups within division(s) 31,32"
1307,Cell Biology,3108,Plant biology,False,0.332,"constrained to groups within division(s) 31,32"
1307,Cell Biology,3104,Evolutionary biology,False,0.263,"constrained to groups within division(s) 31,32"
1307,Cell Biology,3102,Bioinformatics and computational biology,False,0.262,"constrained to groups within division(s) 31,32"
1307,Cell Biology,3199,Other biological sciences,False,0.13,"constrained to groups within division(s) 31,32"
1307,Cell Biology,3204,Immunology,False,0.109,"constrained to groups within division(s) 31,32"
1307,Cell Biology,3109,Zoology,False,0.105,"constrained to groups within division(s) 31,32"
1307,Cell Biology,3208,Medical physiology,False,0.088,"constrained to groups within division(s) 31,32"
1307,Cell Biology,3211,Oncology and carcinogenesis,False,0.085,"constrained to groups within division(s) 31,32"
1307,Cell Biology,3106,Industrial biotechnology,False,0.077,"constrained to groups within division(s) 31,32"
1307,Cell Biology,3209,Neurosciences,False,0.077,"constrained to groups within division(s) 31,32"
1307,Cell Biology,3299,Other biomedical and clinical sciences,False,0.075,"constrained to groups within division(s) 31,32"
1307,Cell Biology,3105,Genetics,False,0.073,"constrained to groups within division(s) 31,32"
1307,Cell Biology,3201,Cardiovascular medicine and haematology,False,0.071,"constrained to groups within division(s) 31,32"
1307,Cell Biology,3202,Clinical sciences,False,0.064,"constrained to groups within division(s) 31,32"
1307,Cell Biology,3205,Medical biochemistry and metabolomics,False,0.057,"constrained to groups within division(s) 31,32"
1307,Cell Biology,3207,Medical microbiology,False,0.054,"constrained to groups within division(s) 31,32"
1307,Cell Biology,3206,Medical biotechnology,False,0.049,"constrained to groups within division(s) 31,32"
1307,Cell Biology,3107,Microbiology,False,0.04,"constrained to groups within division(s) 31,32"
1307,Cell Biology,3203,Dentistry,False,0.039,"constrained to groups within division(s) 31,32"
1307,Cell Biology,3210,Nutrition and dietetics,False,0.032,"constrained to groups within division(s) 31,32"
1307,Cell Biology,3103,Ecology,False,0.024,"constrained to groups within division(s) 31,32"
1307,Cell Biology,3212,Ophthalmology and optometry,False,0.0,"constrained to groups within division(s) 31,32"
1307,Cell Biology,3213,Paediatrics,False,0.0,"constrained to groups within division(s) 31,32"
1307,Cell Biology,3214,Pharmacology and pharmaceutical sciences,False,0.0,"constrained to groups within division(s) 31,32"
1307,Cell Biology,3215,Reproductive medicine,False,0.0,"constrained to groups within division(s) 31,32"
1308,Clinical Biochemistry,3202,Clinical sciences,True,0.394,"constrained to groups within division(s) 31,32"
1308,Clinical Biochemistry,3101,Biochemistry and cell biology,False,0.234,"constrained to groups within division(s) 31,32"
1308,Clinical Biochemistry,3205,Medical biochemistry and metabolomics,False,0.234,"constrained to groups within division(s) 31,32"
1308,Clinical Biochemistry,3299,Other biomedical and clinical sciences,False,0.135,"constrained to groups within division(s) 31,32"
1308,Clinical Biochemistry,3107,Microbiology,False,0.08,"constrained to groups within division(s) 31,32"
1308,Clinical Biochemistry,3102,Bioinformatics and computational biology,False,0.061,"constrained to groups within division(s) 31,32"
1308,Clinical Biochemistry,3207,Medical microbiology,False,0.061,"constrained to groups within division(s) 31,32"
1308,Clinical Biochemistry,3210,Nutrition and dietetics,False,0.032,"constrained to groups within division(s) 31,32"
1308,Clinical Biochemistry,3105,Genetics,False,0.03,"constrained to groups within division(s) 31,32"
1308,Clinical Biochemistry,3106,Industrial biotechnology,False,0.03,"constrained to groups within division(s) 31,32"
1308,Clinical Biochemistry,3108,Plant biology,False,0.03,"constrained to groups within division(s) 31,32"
1308,Clinical Biochemistry,3204,Immunology,False,0.03,"constrained to groups within division(s) 31,32"
1308,Clinical Biochemistry,3211,Oncology and carcinogenesis,False,0.03,"constrained to groups within division(s) 31,32"
1308,Clinical Biochemistry,3214,Pharmacology and pharmaceutical sciences,False,0.03,"constrained to groups within division(s) 31,32"
1308,Clinical Biochemistry,3103,Ecology,False,0.0,"constrained to groups within division(s) 31,32"
1308,Clinical Biochemistry,3104,Evolutionary biology,False,0.0,"constrained to groups within division(s) 31,32"
1308,Clinical Biochemistry,3109,Zoology,False,0.0,"constrained to groups within division(s) 31,32"
1308,Clinical Biochemistry,3199,Other biological sciences,False,0.0,"constrained to groups within division(s) 31,32"
1308,Clinical Biochemistry,3201,Cardiovascular medicine and haematology,False,0.0,"constrained to groups within division(s) 31,32"
1308,Clinical Biochemistry,3203,Dentistry,False,0.0,"constrained to groups within division(s) 31,32"
1308,Clinical Biochemistry,3206,Medical biotechnology,False,0.0,"constrained to groups within division(s) 31,32"
1308,Clinical Biochemistry,3208,Medical physiology,False,0.0,"constrained to groups within division(s) 31,32"
1308,Clinical Biochemistry,3209,Neurosciences,False,0.0,"constrained to groups within division(s) 31,32"
1308,Clinical Biochemistry,3212,Ophthalmology and optometry,False,0.0,"constrained to groups within division(s) 31,32"
1308,Clinical Biochemistry,3213,Paediatrics,False,0.0,"constrained to groups within division(s) 31,32"
1308,Clinical Biochemistry,3215,Reproductive medicine,False,0.0,"constrained to groups within division(s) 31,32"
1309,Developmental Biology,3104,Evolutionary biology,True,0.358,"constrained to groups within division(s) 31,32"
1309,Developmental Biology,3108,Plant biology,False,0.305,"constrained to groups within division(s) 31,32"
1309,Developmental Biology,3102,Bioinformatics and computational biology,False,0.301,"constrained to groups within division(s) 31,32"
1309,Developmental Biology,3109,Zoology,False,0.263,"constrained to groups within division(s) 31,32"
1309,Developmental Biology,3101,Biochemistry and cell biology,False,0.248,"constrained to groups within division(s) 31,32"
1309,Developmental Biology,3199,Other biological sciences,False,0.13,"constrained to groups within division(s) 31,32"
1309,Developmental Biology,3103,Ecology,False,0.105,"constrained to groups within division(s) 31,32"
1309,Developmental Biology,3105,Genetics,False,0.053,"constrained to groups within division(s) 31,32"
1309,Developmental Biology,3203,Dentistry,False,0.053,"constrained to groups within division(s) 31,32"
1309,Developmental Biology,3211,Oncology and carcinogenesis,False,0.053,"constrained to groups within division(s) 31,32"
1309,Developmental Biology,3215,Reproductive medicine,False,0.053,"constrained to groups within division(s) 31,32"
1309,Developmental Biology,3106,Industrial biotechnology,False,0.0,"constrained to groups within division(s) 31,32"
1309,Developmental Biology,3107,Microbiology,False,0.0,"constrained to groups within division(s) 31,32"
1309,Developmental Biology,3201,Cardiovascular medicine and haematology,False,0.0,"constrained to groups within division(s) 31,32"
1309,Developmental Biology,3202,Clinical sciences,False,0.0,"constrained to groups within division(s) 31,32"
1309,Developmental Biology,3204,Immunology,False,0.0,"constrained to groups within division(s) 31,32"
1309,Developmental Biology,3205,Medical biochemistry and metabolomics,False,0.0,"constrained to groups within division(s) 31,32"
1309,Developmental Biology,3206,Medical biotechnology,False,0.0,"constrained to groups within division(s) 31,32"
1309,Developmental Biology,3207,Medical microbiology,False,0.0,"constrained to groups within division(s) 31,32"
1309,Developmental Biology,3208,Medical physiology,False,0.0,"constrained to groups within division(s) 31,32"
1309,Developmental Biology,3209,Neurosciences,False,0.0,"constrained to groups within division(s) 31,32"
1309,Developmental Biology,3210,Nutrition and dietetics,False,0.0,"constrained to groups within division(s) 31,32"
1309,Developmental Biology,3212,Ophthalmology and optometry,False,0.0,"constrained to groups within division(s) 31,32"
1309,Developmental Biology,3213,Paediatrics,False,0.0,"constrained to groups within division(s) 31,32"
1309,Developmental Biology,3214,Pharmacology and pharmaceutical sciences,False,0.0,"constrained to groups within division(s) 31,32"
1309,Developmental Biology,3299,Other biomedical and clinical sciences,False,0.0,"constrained to groups within division(s) 31,32"
1310,Endocrinology,3107,Microbiology,True,0.08,"constrained to groups within division(s) 31,32"
1310,Endocrinology,3207,Medical microbiology,False,0.054,"constrained to groups within division(s) 31,32"
1310,Endocrinology,3104,Evolutionary biology,False,0.05,"constrained to groups within division(s) 31,32"
1310,Endocrinology,3202,Clinical sciences,False,0.05,"constrained to groups within division(s) 31,32"
1310,Endocrinology,3101,Biochemistry and cell biology,False,0.025,"constrained to groups within division(s) 31,32"
1310,Endocrinology,3108,Plant biology,False,0.025,"constrained to groups within division(s) 31,32"
1310,Endocrinology,3102,Bioinformatics and computational biology,False,0.0,"constrained to groups within division(s) 31,32"
1310,Endocrinology,3103,Ecology,False,0.0,"constrained to groups within division(s) 31,32"
1310,Endocrinology,3105,Genetics,False,0.0,"constrained to groups within division(s) 31,32"
1310,Endocrinology,3106,Industrial biotechnology,False,0.0,"constrained to groups within division(s) 31,32"
1310,Endocrinology,3109,Zoology,False,0.0,"constrained to groups within division(s) 31,32"
1310,Endocrinology,3199,Other biological sciences,False,0.0,"constrained to groups within division(s) 31,32"
1310,Endocrinology,3201,Cardiovascular medicine and haematology,False,0.0,"constrained to groups within division(s) 31,32"
1310,Endocrinology,3203,Dentistry,False,0.0,"constrained to groups within division(s) 31,32"
1310,Endocrinology,3204,Immunology,False,0.0,"constrained to groups within division(s) 31,32"
1310,Endocrinology,3205,Medical biochemistry and metabolomics,False,0.0,"constrained to groups within division(s) 31,32"
1310,Endocrinology,3206,Medical biotechnology,False,0.0,"constrained to groups within division(s) 31,32"
1310,Endocrinology,3208,Medical physiology,False,0.0,"constrained to groups within division(s) 31,32"
1310,Endocrinology,3209,Neurosciences,False,0.0,"constrained to groups within division(s) 31,32"
1310,Endocrinology,3210,Nutrition and dietetics,False,0.0,"constrained to groups within division(s) 31,32"
1310,Endocrinology,3211,Oncology and carcinogenesis,False,0.0,"constrained to groups within division(s) 31,32"
1310,Endocrinology,3212,Ophthalmology and optometry,False,0.0,"constrained to groups within division(s) 31,32"
1310,Endocrinology,3213,Paediatrics,False,0.0,"constrained to groups within division(s) 31,32"
1310,Endocrinology,3214,Pharmacology and pharmaceutical sciences,False,0.0,"constrained to groups within division(s) 31,32"
1310,Endocrinology,3215,Reproductive medicine,False,0.0,"constrained to groups within division(s) 31,32"
1310,Endocrinology,3299,Other biomedical and clinical sciences,False,0.0,"constrained to groups within division(s) 31,32"
1311,Genetics,3105,Genetics,True,1.0,"constrained to groups within division(s) 31,32"
1311,Genetics,3109,Zoology,False,0.175,"constrained to groups within division(s) 31,32"
1311,Genetics,3207,Medical microbiology,False,0.162,"constrained to groups within division(s) 31,32"
1311,Genetics,3104,Evolutionary biology,False,0.127,"constrained to groups within division(s) 31,32"
1311,Genetics,3107,Microbiology,False,0.12,"constrained to groups within division(s) 31,32"
1311,Genetics,3211,Oncology and carcinogenesis,False,0.106,"constrained to groups within division(s) 31,32"
1311,Genetics,3209,Neurosciences,False,0.103,"constrained to groups within division(s) 31,32"
1311,Genetics,3103,Ecology,False,0.098,"constrained to groups within division(s) 31,32"
1311,Genetics,3206,Medical biotechnology,False,0.098,"constrained to groups within division(s) 31,32"
1311,Genetics,3210,Nutrition and dietetics,False,0.097,"constrained to groups within division(s) 31,32"
1311,Genetics,3102,Bioinformatics and computational biology,False,0.095,"constrained to groups within division(s) 31,32"
1311,Genetics,3108,Plant biology,False,0.094,"constrained to groups within division(s) 31,32"
1311,Genetics,3202,Clinical sciences,False,0.092,"constrained to groups within division(s) 31,32"
1311,Genetics,3208,Medical physiology,False,0.088,"constrained to groups within division(s) 31,32"
1311,Genetics,3204,Immunology,False,0.087,"constrained to groups within division(s) 31,32"
1311,Genetics,3299,Other biomedical and clinical sciences,False,0.075,"constrained to groups within division(s) 31,32"
1311,Genetics,3201,Cardiovascular medicine and haematology,False,0.071,"constrained to groups within division(s) 31,32"
1311,Genetics,3213,Paediatrics,False,0.071,"constrained to groups within division(s) 31,32"
1311,Genetics,3101,Biochemistry and cell biology,False,0.064,"constrained to groups within division(s) 31,32"
1311,Genetics,3199,Other biological sciences,False,0.06,"constrained to groups within division(s) 31,32"
1311,Genetics,3203,Dentistry,False,0.059,"constrained to groups within division(s) 31,32"
1311,Genetics,3214,Pharmacology and pharmaceutical sciences,False,0.053,"constrained to groups within division(s) 31,32"
1311,Genetics,3215,Reproductive medicine,False,0.053,"constrained to groups within division(s) 31,32"
1311,Genetics,3106,Industrial biotechnology,False,0.026,"constrained to groups within division(s) 31,32"
1311,Genetics,3205,Medical biochemistry and metabolomics,False,0.019,"constrained to groups within division(s) 31,32"
1311,Genetics,3212,Ophthalmology and optometry,False,0.0,"constrained to groups within division(s) 31,32"
1312,Molecular Biology,3102,Bioinformatics and computational biology,True,0.571,"constrained to groups within division(s) 31,32"
1312,Molecular Biology,3108,Plant biology,False,0.464,"constrained to groups within division(s) 31,32"
1312,Molecular Biology,3101,Biochemistry and cell biology,False,0.451,"constrained to groups within division(s) 31,32"
1312,Molecular Biology,3104,Evolutionary biology,False,0.343,"constrained to groups within division(s) 31,32"
1312,Molecular Biology,3206,Medical biotechnology,False,0.341,"constrained to groups within division(s) 31,32"
1312,Molecular Biology,3105,Genetics,False,0.291,"constrained to groups within division(s) 31,32"
1312,Molecular Biology,3106,Industrial biotechnology,False,0.256,"constrained to groups within division(s) 31,32"
1312,Molecular Biology,3109,Zoology,False,0.228,"constrained to groups within division(s) 31,32"
1312,Molecular Biology,3205,Medical biochemistry and metabolomics,False,0.226,"constrained to groups within division(s) 31,32"
1312,Molecular Biology,3214,Pharmacology and pharmaceutical sciences,False,0.211,"constrained to groups within division(s) 31,32"
1312,Molecular Biology,3208,Medical physiology,False,0.206,"constrained to groups within division(s) 31,32"
1312,Molecular Biology,3204,Immunology,False,0.196,"constrained to groups within division(s) 31,32"
1312,Molecular Biology,3207,Medical microbiology,False,0.189,"constrained to groups within division(s) 31,32"
1312,Molecular Biology,3211,Oncology and carcinogenesis,False,0.17,"constrained to groups within division(s) 31,32"
1312,Molecular Biology,3107,Microbiology,False,0.16,"constrained to groups within division(s) 31,32"
1312,Molecular Biology,3215,Reproductive medicine,False,0.158,"constrained to groups within division(s) 31,32"
1312,Molecular Biology,3203,Dentistry,False,0.157,"constrained to groups within division(s) 31,32"
1312,Molecular Biology,3201,Cardiovascular medicine and haematology,False,0.143,"constrained to groups within division(s) 31,32"
1312,Molecular Biology,3202,Clinical sciences,False,0.138,"constrained to groups within division(s) 31,32"
1312,Molecular Biology,3199,Other biological sciences,False,0.13,"constrained to groups within division(s) 31,32"
1312,Molecular Biology,3210,Nutrition and dietetics,False,0.129,"constrained to groups within division(s) 31,32"
1312,Molecular Biology,3209,Neurosciences,False,0.103,"constrained to groups within division(s) 31,32"
1312,Molecular Biology,3103,Ecology,False,0.098,"constrained to groups within division(s) 31,32"
1312,Molecular Biology,3212,Ophthalmology and optometry,False,0.083,"constrained to groups within division(s) 31,32"
1312,Molecular Biology,3299,Other biomedical and clinical sciences,False,0.075,"constrained to groups within division(s) 31,32"
1312,Molecular Biology,3213,Paediatrics,False,0.071,"constrained to groups within division(s) 31,32"
1313,Molecular Medicine,3206,Medical biotechnology,True,0.291,"constrained to groups within division(s) 31,32"
1313,Molecular Medicine,3207,Medical microbiology,False,0.291,"constrained to groups within division(s) 31,32"
1313,Molecular Medicine,3215,Reproductive medicine,False,0.253,"constrained to groups within division(s) 31,32"
1313,Molecular Medicine,3208,Medical physiology,False,0.245,"constrained to groups within division(s) 31,32"
1313,Molecular Medicine,3201,Cardiovascular medicine and haematology,False,0.214,"constrained to groups within division(s) 31,32"
1313,Molecular Medicine,3205,Medical biochemistry and metabolomics,False,0.188,"constrained to groups within division(s) 31,32"
1313,Molecular Medicine,3101,Biochemistry and cell biology,False,0.091,"constrained to groups within division(s) 31,32"
1313,Molecular Medicine,3204,Immunology,False,0.091,"constrained to groups within division(s) 31,32"
1313,Molecular Medicine,3214,Pharmacology and pharmaceutical sciences,False,0.091,"constrained to groups within division(s) 31,32"
1313,Molecular Medicine,3299,Other biomedical and clinical sciences,False,0.075,"constrained to groups within division(s) 31,32"
1313,Molecular Medicine,3102,Bioinformatics and computational biology,False,0.045,"constrained to groups within division(s) 31,32"
1313,Molecular Medicine,3103,Ecology,False,0.045,"constrained to groups within division(s) 31,32"
1313,Molecular Medicine,3105,Genetics,False,0.045,"constrained to groups within division(s) 31,32"
1313,Molecular Medicine,3106,Industrial biotechnology,False,0.045,"constrained to groups within division(s) 31,32"
1313,Molecular Medicine,3107,Microbiology,False,0.045,"constrained to groups within division(s) 31,32"
1313,Molecular Medicine,3108,Plant biology,False,0.045,"constrained to groups within division(s) 31,32"
1313,Molecular Medicine,3109,Zoology,False,0.045,"constrained to groups within division(s) 31,32"
1313,Molecular Medicine,3202,Clinical sciences,False,0.045,"constrained to groups within division(s) 31,32"
1313,Molecular Medicine,3203,Dentistry,False,0.045,"constrained to groups within division(s) 31,32"
1313,Molecular Medicine,3210,Nutrition and dietetics,False,0.045,"constrained to groups within division(s) 31,32"
1313,Molecular Medicine,3211,Oncology and carcinogenesis,False,0.045,"constrained to groups within division(s) 31,32"
1313,Molecular Medicine,3104,Evolutionary biology,False,0.0,"constrained to groups within division(s) 31,32"
1313,Molecular Medicine,3199,Other biological sciences,False,0.0,"constrained to groups within division(s) 31,32"
1313,Molecular Medicine,3209,Neurosciences,False,0.0,"constrained to groups within division(s) 31,32"
1313,Molecular Medicine,3212,Ophthalmology and optometry,False,0.0,"constrained to groups within division(s) 31,32"
1313,Molecular Medicine,3213,Paediatrics,False,0.0,"constrained to groups within division(s) 31,32"
1314,Physiology,3208,Medical physiology,True,0.367,"constrained to groups within division(s) 31,32"
1314,Physiology,5199,Other physical sciences,False,0.3,"constrained to groups within division(s) 31,32"
1314,Physiology,3108,Plant biology,False,0.133,"constrained to groups within division(s) 31,32"
1314,Physiology,3109,Zoology,False,0.133,"constrained to groups within division(s) 31,32"
1314,Physiology,3101,Biochemistry and cell biology,False,0.1,"constrained to groups within division(s) 31,32"
1314,Physiology,3104,Evolutionary biology,False,0.1,"constrained to groups within division(s) 31,32"
1314,Physiology,3102,Bioinformatics and computational biology,False,0.067,"constrained to groups within division(s) 31,32"
1314,Physiology,3103,Ecology,False,0.067,"constrained to groups within division(s) 31,32"
1314,Physiology,3202,Clinical sciences,False,0.067,"constrained to groups within division(s) 31,32"
1314,Physiology,3203,Dentistry,False,0.067,"constrained to groups within division(s) 31,32"
1314,Physiology,3205,Medical biochemistry and metabolomics,False,0.067,"constrained to groups within division(s) 31,32"
1314,Physiology,3215,Reproductive medicine,False,0.053,"constrained to groups within division(s) 31,32"
1314,Physiology,3105,Genetics,False,0.033,"constrained to groups within division(s) 31,32"
1314,Physiology,3106,Industrial biotechnology,False,0.033,"constrained to groups within division(s) 31,32"
1314,Physiology,3206,Medical biotechnology,False,0.033,"constrained to groups within division(s) 31,32"
1314,Physiology,3211,Oncology and carcinogenesis,False,0.033,"constrained to groups within division(s) 31,32"
1314,Physiology,3199,Other biological sciences,False,0.03,"constrained to groups within division(s) 31,32"
1314,Physiology,3107,Microbiology,False,0.0,"constrained to groups within division(s) 31,32"
1314,Physiology,3201,Cardiovascular medicine and haematology,False,0.0,"constrained to groups within division(s) 31,32"
1314,Physiology,3204,Immunology,False,0.0,"constrained to groups within division(s) 31,32"
1314,Physiology,3207,Medical microbiology,False,0.0,"constrained to groups within division(s) 31,32"
1314,Physiology,3209,Neurosciences,False,0.0,"constrained to groups within division(s) 31,32"
1314,Physiology,3210,Nutrition and dietetics,False,0.0,"constrained to groups within division(s) 31,32"
1314,Physiology,3212,Ophthalmology and optometry,False,0.0,"constrained to groups within division(s) 31,32"
1314,Physiology,3213,Paediatrics,False,0.0,"constrained to groups within division(s) 31,32"
1314,Physiology,3214,Pharmacology and pharmaceutical sciences,False,0.0,"constrained to groups within division(s) 31,32"
1314,Physiology,3299,Other biomedical and clinical sciences,False,0.0,"constrained to groups within division(s) 31,32"
1315,Structural Biology,3101,Biochemistry and cell biology,True,0.374,"constrained to groups within division(s) 31,32"
1315,Structural Biology,3104,Evolutionary biology,False,0.354,"constrained to groups within division(s) 31,32"
1315,Structural Biology,3102,Bioinformatics and computational biology,False,0.297,"constrained to groups within division(s) 31,32"
1315,Structural Biology,3108,Plant biology,False,0.277,"constrained to groups within division(s) 31,32"
1315,Structural Biology,3105,Genetics,False,0.154,"constrained to groups within division(s) 31,32"
1315,Structural Biology,3106,Industrial biotechnology,False,0.154,"constrained to groups within division(s) 31,32"
1315,Structural Biology,3109,Zoology,False,0.154,"constrained to groups within division(s) 31,32"
1315,Structural Biology,3199,Other biological sciences,False,0.13,"constrained to groups within division(s) 31,32"
1315,Structural Biology,3212,Ophthalmology and optometry,False,0.083,"constrained to groups within division(s) 31,32"
1315,Structural Biology,3103,Ecology,False,0.077,"constrained to groups within division(s) 31,32"
1315,Structural Biology,3107,Microbiology,False,0.077,"constrained to groups within division(s) 31,32"
1315,Structural Biology,3202,Clinical sciences,False,0.077,"constrained to groups within division(s) 31,32"
1315,Structural Biology,3203,Dentistry,False,0.077,"constrained to groups within division(s) 31,32"
1315,Structural Biology,3204,Immunology,False,0.077,"constrained to groups within division(s) 31,32"
1315,Structural Biology,3207,Medical microbiology,False,0.077,"constrained to groups within division(s) 31,32"
1315,Structural Biology,3211,Oncology and carcinogenesis,False,0.077,"constrained to groups within division(s) 31,32"
1315,Structural Biology,3214,Pharmacology and pharmaceutical sciences,False,0.077,"constrained to groups within division(s) 31,32"
1315,Structural Biology,3201,Cardiovascular medicine and haematology,False,0.0,"constrained to groups within division(s) 31,32"
1315,Structural Biology,3205,Medical biochemistry and metabolomics,False,0.0,"constrained to groups within division(s) 31,32"
1315,Structural Biology,3206,Medical biotechnology,False,0.0,"constrained to groups within division(s) 31,32"
1315,Structural Biology,3208,Medical physiology,False,0.0,"constrained to groups within division(s) 31,32"
1315,Structural Biology,3209,Neurosciences,False,0.0,"constrained to groups within division(s) 31,32"
1315,Structural Biology,3210,Nutrition and dietetics,False,0.0,"constrained to groups within division(s) 31,32"
1315,Structural Biology,3213,Paediatrics,False,0.0,"constrained to groups within division(s) 31,32"
1315,Structural Biology,3215,Reproductive medicine,False,0.0,"constrained to groups within division(s) 31,32"
1315,Structural Biology,3299,Other biomedical and clinical sciences,False,0.0,"constrained to groups within division(s) 31,32"
1402,Accounting,3501,"Accounting, auditing and accountability",True,0.583,constrained to groups within division(s) 35
1402,Accounting,3502,"Banking, finance and investment",False,0.216,constrained to groups within division(s) 35
1402,Accounting,3503,Business systems in context,False,0.161,constrained to groups within division(s) 35
1402,Accounting,3507,"Strategy, management and organisational behaviour",False,0.141,constrained to groups within division(s) 35
1402,Accounting,3505,Human resources and industrial relations,False,0.104,constrained to groups within division(s) 35
1402,Accounting,3506,Marketing,False,0.091,constrained to groups within division(s) 35
1402,Accounting,3508,Tourism,False,0.077,constrained to groups within division(s) 35
1402,Accounting,3599,"Other commerce, management, tourism and services",False,0.037,constrained to groups within division(s) 35
1402,Accounting,3504,Commercial services,False,0.028,constrained to groups within division(s) 35
1402,Accounting,3509,"Transportation, logistics and supply chains",False,0.027,constrained to groups within division(s) 35
1403,Business and International Management,3507,"Strategy, management and organisational behaviour",True,0.341,constrained to groups within division(s) 35
1403,Business and International Management,3503,Business systems in context,False,0.299,constrained to groups within division(s) 35
1403,Business and International Management,3506,Marketing,False,0.188,constrained to groups within division(s) 35
1403,Business and International Management,3501,"Accounting, auditing and accountability",False,0.125,constrained to groups within division(s) 35
1403,Business and International Management,3502,"Banking, finance and investment",False,0.125,constrained to groups within division(s) 35
1403,Business and International Management,3504,Commercial services,False,0.125,constrained to groups within division(s) 35
1403,Business and International Management,3505,Human resources and industrial relations,False,0.125,constrained to groups within division(s) 35
1403,Business and International Management,3599,"Other commerce, management, tourism and services",False,0.102,constrained to groups within division(s) 35
1403,Business and International Management,3508,Tourism,False,0.062,constrained to groups within division(s) 35
1403,Business and International Management,3509,"Transportation, logistics and supply chains",False,0.0,constrained to groups within division(s) 35
1404,Management Information Systems,4609,Information systems,True,0.807,constrained to groups within division(s) 35
1404,Management Information Systems,3503,Business systems in context,False,0.401,constrained to groups within division(s) 35
1404,Management Information Systems,3507,"Strategy, management and organisational behaviour",False,0.204,constrained to groups within division(s) 35
1404,Management Information Systems,3501,"Accounting, auditing and accountability",False,0.167,constrained to groups within division(s) 35
1404,Management Information Systems,3509,"Transportation, logistics and supply chains",False,0.162,constrained to groups within division(s) 35
1404,Management Information Systems,3506,Marketing,False,0.091,constrained to groups within division(s) 35
1404,Management Information Systems,3508,Tourism,False,0.077,constrained to groups within division(s) 35
1404,Management Information Systems,3599,"Other commerce, management, tourism and services",False,0.065,constrained to groups within division(s) 35
1404,Management Information Systems,3505,Human resources and industrial relations,False,0.062,constrained to groups within division(s) 35
1404,Management Information Systems,3504,Commercial services,False,0.056,constrained to groups within division(s) 35
1404,Management Information Systems,3502,"Banking, finance and investment",False,0.054,constrained to groups within division(s) 35
1405,Management of Technology and Innovation,3503,Business systems in context,True,0.29,constrained to groups within division(s) 35
1405,Management of Technology and Innovation,3507,"Strategy, management and organisational behaviour",False,0.246,constrained to groups within division(s) 35
1405,Management of Technology and Innovation,3506,Marketing,False,0.145,constrained to groups within division(s) 35
1405,Management of Technology and Innovation,3505,Human resources and industrial relations,False,0.083,constrained to groups within division(s) 35
1405,Management of Technology and Innovation,3508,Tourism,False,0.077,constrained to groups within division(s) 35
1405,Management of Technology and Innovation,3501,"Accounting, auditing and accountability",False,0.067,constrained to groups within division(s) 35
1405,Management of Technology and Innovation,3599,"Other commerce, management, tourism and services",False,0.065,constrained to groups within division(s) 35
1405,Management of Technology and Innovation,3504,Commercial services,False,0.056,constrained to groups within division(s) 35
1405,Management of Technology and Innovation,3502,"Banking, finance and investment",False,0.054,constrained to groups within division(s) 35
1405,Management of Technology and Innovation,3509,"Transportation, logistics and supply chains",False,0.054,constrained to groups within division(s) 35
1406,Marketing,3506,Marketing,True,1.0,constrained to groups within division(s) 35
1406,Marketing,3508,Tourism,False,0.115,constrained to groups within division(s) 35
1406,Marketing,3507,"Strategy, management and organisational behaviour",False,0.099,constrained to groups within division(s) 35
1406,Marketing,3503,Business systems in context,False,0.097,constrained to groups within division(s) 35
1406,Marketing,3504,Commercial services,False,0.083,constrained to groups within division(s) 35
1406,Marketing,3502,"Banking, finance and investment",False,0.081,constrained to groups within division(s) 35
1406,Marketing,3509,"Transportation, logistics and supply chains",False,0.081,constrained to groups within division(s) 35
1406,Marketing,3599,"Other commerce, management, tourism and services",False,0.075,constrained to groups within division(s) 35
1406,Marketing,3501,"Accounting, auditing and accountability",False,0.067,constrained to groups within division(s) 35
1406,Marketing,3505,Human resources and industrial relations,False,0.062,constrained to groups within division(s) 35
1407,Organizational Behavior and Human Resource Management,3507,"Strategy, management and organisational behaviour",True,0.629,constrained to groups within division(s) 35
1407,Organizational Behavior and Human Resource Management,3505,Human resources and industrial relations,False,0.439,constrained to groups within division(s) 35
1407,Organizational Behavior and Human Resource Management,3506,Marketing,False,0.182,constrained to groups within division(s) 35
1407,Organizational Behavior and Human Resource Management,3508,Tourism,False,0.154,constrained to groups within division(s) 35
1407,Organizational Behavior and Human Resource Management,3503,Business systems in context,False,0.129,constrained to groups within division(s) 35
1407,Organizational Behavior and Human Resource Management,3501,"Accounting, auditing and accountability",False,0.1,constrained to groups within division(s) 35
1407,Organizational Behavior and Human Resource Management,3599,"Other commerce, management, tourism and services",False,0.095,constrained to groups within division(s) 35
1407,Organizational Behavior and Human Resource Management,3502,"Banking, finance and investment",False,0.081,constrained to groups within division(s) 35
1407,Organizational Behavior and Human Resource Management,3504,Commercial services,False,0.056,constrained to groups within division(s) 35
1407,Organizational Behavior and Human Resource Management,3509,"Transportation, logistics and supply chains",False,0.054,constrained to groups within division(s) 35
1408,Strategy and Management,3507,"Strategy, management and organisational behaviour",True,0.781,constrained to groups within division(s) 35
1408,Strategy and Management,3503,Business systems in context,False,0.29,constrained to groups within division(s) 35
1408,Strategy and Management,3502,"Banking, finance and investment",False,0.216,constrained to groups within division(s) 35
1408,Strategy and Management,3501,"Accounting, auditing and accountability",False,0.167,constrained to groups within division(s) 35
1408,Strategy and Management,3509,"Transportation, logistics and supply chains",False,0.162,constrained to groups within division(s) 35
1408,Strategy and Management,3506,Marketing,False,0.145,constrained to groups within division(s) 35
1408,Strategy and Management,3505,Human resources and industrial relations,False,0.104,constrained to groups within division(s) 35
1408,Strategy and Management,3504,Commercial services,False,0.083,constrained to groups within division(s) 35
1408,Strategy and Management,3508,Tourism,False,0.077,constrained to groups within division(s) 35
1408,Strategy and Management,3599,"Other commerce, management, tourism and services",False,0.071,constrained to groups within division(s) 35
1409,"Tourism, Leisure and Hospitality Management",3504,Commercial services,True,0.312,constrained to groups within division(s) 35
1409,"Tourism, Leisure and Hospitality Management",3508,Tourism,False,0.268,constrained to groups within division(s) 35
1409,"Tourism, Leisure and Hospitality Management",3507,"Strategy, management and organisational behaviour",False,0.139,constrained to groups within division(s) 35
1409,"Tourism, Leisure and Hospitality Management",3505,Human resources and industrial relations,False,0.125,constrained to groups within division(s) 35
1409,"Tourism, Leisure and Hospitality Management",3506,Marketing,False,0.125,constrained to groups within division(s) 35
1409,"Tourism, Leisure and Hospitality Management",3599,"Other commerce, management, tourism and services",False,0.125,constrained to groups within division(s) 35
1409,"Tourism, Leisure and Hospitality Management",3501,"Accounting, auditing and accountability",False,0.062,constrained to groups within division(s) 35
1409,"Tourism, Leisure and Hospitality Management",3502,"Banking, finance and investment",False,0.062,constrained to groups within division(s) 35
1409,"Tourism, Leisure and Hospitality Management",3503,Business systems in context,False,0.062,constrained to groups within division(s) 35
1409,"Tourism, Leisure and Hospitality Management",3509,"Transportation, logistics and supply chains",False,0.0,constrained to groups within division(s) 35
1410,Industrial relations,3505,Human resources and industrial relations,True,0.857,constrained to groups within division(s) 35
1410,Industrial relations,3506,Marketing,False,0.286,constrained to groups within division(s) 35
1410,Industrial relations,3501,"Accounting, auditing and accountability",False,0.0,constrained to groups within division(s) 35
1410,Industrial relations,3502,"Banking, finance and investment",False,0.0,constrained to groups within division(s) 35
1410,Industrial relations,3503,Business systems in context,False,0.0,constrained to groups within division(s) 35
1410,Industrial relations,3504,Commercial services,False,0.0,constrained to groups within division(s) 35
1410,Industrial relations,3507,"Strategy, management and organisational behaviour",False,0.0,constrained to groups within division(s) 35
1410,Industrial relations,3508,Tourism,False,0.0,constrained to groups within division(s) 35
1410,Industrial relations,3509,"Transportation, logistics and supply chains",False,0.0,constrained to groups within division(s) 35
1410,Industrial relations,3599,"Other commerce, management, tourism and services",False,0.0,constrained to groups within division(s) 35
1502,Bioengineering,4004,Chemical engineering,True,0.143,constrained to groups within division(s) 40
1502,Bioengineering,4009,"Electronics, sensors and digital hardware",False,0.143,constrained to groups within division(s) 40
1502,Bioengineering,4017,Mechanical engineering,False,0.143,constrained to groups within division(s) 40
1502,Bioengineering,4001,Aerospace engineering,False,0.0,constrained to groups within division(s) 40
1502,Bioengineering,4002,Automotive engineering,False,0.0,constrained to groups within division(s) 40
1502,Bioengineering,4003,Biomedical engineering,False,0.0,constrained to groups within division(s) 40
1502,Bioengineering,4005,Civil engineering,False,0.0,constrained to groups within division(s) 40
1502,Bioengineering,4006,Communications engineering,False,0.0,constrained to groups within division(s) 40
1502,Bioengineering,4007,"Control engineering, mechatronics and robotics",False,0.0,constrained to groups within division(s) 40
1502,Bioengineering,4008,Electrical engineering,False,0.0,constrained to groups within division(s) 40
1502,Bioengineering,4010,Engineering practice and education,False,0.0,constrained to groups within division(s) 40
1502,Bioengineering,4011,Environmental engineering,False,0.0,constrained to groups within division(s) 40
1502,Bioengineering,4012,Fluid mechanics and thermal engineering,False,0.0,constrained to groups within division(s) 40
1502,Bioengineering,4013,Geomatic engineering,False,0.0,constrained to groups within division(s) 40
1502,Bioengineering,4014,Manufacturing engineering,False,0.0,constrained to groups within division(s) 40
1502,Bioengineering,4015,Maritime engineering,False,0.0,constrained to groups within division(s) 40
1502,Bioengineering,4016,Materials engineering,False,0.0,constrained to groups within division(s) 40
1502,Bioengineering,4018,Nanotechnology,False,0.0,constrained to groups within division(s) 40
1502,Bioengineering,4019,Resources engineering and extractive metallurgy,False,0.0,constrained to groups within division(s) 40
1502,Bioengineering,4099,Other engineering,False,0.0,constrained to groups within division(s) 40
1503,Catalysis,4004,Chemical engineering,True,0.037,constrained to groups within division(s) 40
1503,Catalysis,4011,Environmental engineering,False,0.037,constrained to groups within division(s) 40
1503,Catalysis,4012,Fluid mechanics and thermal engineering,False,0.037,constrained to groups within division(s) 40
1503,Catalysis,4001,Aerospace engineering,False,0.0,constrained to groups within division(s) 40
1503,Catalysis,4002,Automotive engineering,False,0.0,constrained to groups within division(s) 40
1503,Catalysis,4003,Biomedical engineering,False,0.0,constrained to groups within division(s) 40
1503,Catalysis,4005,Civil engineering,False,0.0,constrained to groups within division(s) 40
1503,Catalysis,4006,Communications engineering,False,0.0,constrained to groups within division(s) 40
1503,Catalysis,4007,"Control engineering, mechatronics and robotics",False,0.0,constrained to groups within division(s) 40
1503,Catalysis,4008,Electrical engineering,False,0.0,constrained to groups within division(s) 40
1503,Catalysis,4009,"Electronics, sensors and digital hardware",False,0.0,constrained to groups within division(s) 40
1503,Catalysis,4010,Engineering practice and education,False,0.0,constrained to groups within division(s) 40
1503,Catalysis,4013,Geomatic engineering,False,0.0,constrained to groups within division(s) 40
1503,Catalysis,4014,Manufacturing engineering,False,0.0,constrained to groups within division(s) 40
1503,Catalysis,4015,Maritime engineering,False,0.0,constrained to groups within division(s) 40
1503,Catalysis,4016,Materials engineering,False,0.0,constrained to groups within division(s) 40
1503,Catalysis,4017,Mechanical engineering,False,0.0,constrained to groups within division(s) 40
1503,Catalysis,4018,Nanotechnology,False,0.0,constrained to groups within division(s) 40
1503,Catalysis,4019,Resources engineering and extractive metallurgy,False,0.0,constrained to groups within division(s) 40
1503,Catalysis,4099,Other engineering,False,0.0,constrained to groups within division(s) 40
1504,Chemical Health and Safety,4011,Environmental engineering,True,0.273,constrained to groups within division(s) 40
1504,Chemical Health and Safety,4004,Chemical engineering,False,0.234,constrained to groups within division(s) 40
1504,Chemical Health and Safety,4005,Civil engineering,False,0.182,constrained to groups within division(s) 40
1504,Chemical Health and Safety,4014,Manufacturing engineering,False,0.182,constrained to groups within division(s) 40
1504,Chemical Health and Safety,4017,Mechanical engineering,False,0.182,constrained to groups within division(s) 40
1504,Chemical Health and Safety,4002,Automotive engineering,False,0.091,constrained to groups within division(s) 40
1504,Chemical Health and Safety,4010,Engineering practice and education,False,0.091,constrained to groups within division(s) 40
1504,Chemical Health and Safety,4001,Aerospace engineering,False,0.0,constrained to groups within division(s) 40
1504,Chemical Health and Safety,4003,Biomedical engineering,False,0.0,constrained to groups within division(s) 40
1504,Chemical Health and Safety,4006,Communications engineering,False,0.0,constrained to groups within division(s) 40
1504,Chemical Health and Safety,4007,"Control engineering, mechatronics and robotics",False,0.0,constrained to groups within division(s) 40
1504,Chemical Health and Safety,4008,Electrical engineering,False,0.0,constrained to groups within division(s) 40
1504,Chemical Health and Safety,4009,"Electronics, sensors and digital hardware",False,0.0,constrained to groups within division(s) 40
1504,Chemical Health and Safety,4012,Fluid mechanics and thermal engineering,False,0.0,constrained to groups within division(s) 40
1504,Chemical Health and Safety,4013,Geomatic engineering,False,0.0,constrained to groups within division(s) 40
1504,Chemical Health and Safety,4015,Maritime engineering,False,0.0,constrained to groups within division(s) 40
1504,Chemical Health and Safety,4016,Materials engineering,False,0.0,constrained to groups within division(s) 40
1504,Chemical Health and Safety,4018,Nanotechnology,False,0.0,constrained to groups within division(s) 40
1504,Chemical Health and Safety,4019,Resources engineering and extractive metallurgy,False,0.0,constrained to groups within division(s) 40
1504,Chemical Health and Safety,4099,Other engineering,False,0.0,constrained to groups within division(s) 40
1506,Filtration and Separation,4004,Chemical engineering,True,0.154,constrained to groups within division(s) 40
1506,Filtration and Separation,4003,Biomedical engineering,False,0.077,constrained to groups within division(s) 40
1506,Filtration and Separation,4016,Materials engineering,False,0.077,constrained to groups within division(s) 40
1506,Filtration and Separation,4017,Mechanical engineering,False,0.077,constrained to groups within division(s) 40
1506,Filtration and Separation,4001,Aerospace engineering,False,0.0,constrained to groups within division(s) 40
1506,Filtration and Separation,4002,Automotive engineering,False,0.0,constrained to groups within division(s) 40
1506,Filtration and Separation,4005,Civil engineering,False,0.0,constrained to groups within division(s) 40
1506,Filtration and Separation,4006,Communications engineering,False,0.0,constrained to groups within division(s) 40
1506,Filtration and Separation,4007,"Control engineering, mechatronics and robotics",False,0.0,constrained to groups within division(s) 40
1506,Filtration and Separation,4008,Electrical engineering,False,0.0,constrained to groups within division(s) 40
1506,Filtration and Separation,4009,"Electronics, sensors and digital hardware",False,0.0,constrained to groups within division(s) 40
1506,Filtration and Separation,4010,Engineering practice and education,False,0.0,constrained to groups within division(s) 40
1506,Filtration and Separation,4011,Environmental engineering,False,0.0,constrained to groups within division(s) 40
1506,Filtration and Separation,4012,Fluid mechanics and thermal engineering,False,0.0,constrained to groups within division(s) 40
1506,Filtration and Separation,4013,Geomatic engineering,False,0.0,constrained to groups within division(s) 40
1506,Filtration and Separation,4014,Manufacturing engineering,False,0.0,constrained to groups within division(s) 40
1506,Filtration and Separation,4015,Maritime engineering,False,0.0,constrained to groups within division(s) 40
1506,Filtration and Separation,4018,Nanotechnology,False,0.0,constrained to groups within division(s) 40
1506,Filtration and Separation,4019,Resources engineering and extractive metallurgy,False,0.0,constrained to groups within division(s) 40
1506,Filtration and Separation,4099,Other engineering,False,0.0,constrained to groups within division(s) 40
1507,Fluid Flow and Transfer Processes,4012,Fluid mechanics and thermal engineering,True,0.334,constrained to groups within division(s) 40
1507,Fluid Flow and Transfer Processes,4004,Chemical engineering,False,0.2,constrained to groups within division(s) 40
1507,Fluid Flow and Transfer Processes,4017,Mechanical engineering,False,0.143,constrained to groups within division(s) 40
1507,Fluid Flow and Transfer Processes,4014,Manufacturing engineering,False,0.114,constrained to groups within division(s) 40
1507,Fluid Flow and Transfer Processes,4002,Automotive engineering,False,0.097,constrained to groups within division(s) 40
1507,Fluid Flow and Transfer Processes,4005,Civil engineering,False,0.086,constrained to groups within division(s) 40
1507,Fluid Flow and Transfer Processes,4006,Communications engineering,False,0.086,constrained to groups within division(s) 40
1507,Fluid Flow and Transfer Processes,4008,Electrical engineering,False,0.086,constrained to groups within division(s) 40
1507,Fluid Flow and Transfer Processes,4009,"Electronics, sensors and digital hardware",False,0.086,constrained to groups within division(s) 40
1507,Fluid Flow and Transfer Processes,4019,Resources engineering and extractive metallurgy,False,0.086,constrained to groups within division(s) 40
1507,Fluid Flow and Transfer Processes,4001,Aerospace engineering,False,0.057,constrained to groups within division(s) 40
1507,Fluid Flow and Transfer Processes,4007,"Control engineering, mechatronics and robotics",False,0.057,constrained to groups within division(s) 40
1507,Fluid Flow and Transfer Processes,4016,Materials engineering,False,0.057,constrained to groups within division(s) 40
1507,Fluid Flow and Transfer Processes,4010,Engineering practice and education,False,0.05,constrained to groups within division(s) 40
1507,Fluid Flow and Transfer Processes,4015,Maritime engineering,False,0.036,constrained to groups within division(s) 40
1507,Fluid Flow and Transfer Processes,4003,Biomedical engineering,False,0.03,constrained to groups within division(s) 40
1507,Fluid Flow and Transfer Processes,4018,Nanotechnology,False,0.029,constrained to groups within division(s) 40
1507,Fluid Flow and Transfer Processes,4011,Environmental engineering,False,0.029,constrained to groups within division(s) 40
1507,Fluid Flow and Transfer Processes,4013,Geomatic engineering,False,0.029,constrained to groups within division(s) 40
1507,Fluid Flow and Transfer Processes,4099,Other engineering,False,0.023,constrained to groups within division(s) 40
1508,Process Chemistry and Technology,4004,Chemical engineering,True,0.493,constrained to groups within division(s) 40
1508,Process Chemistry and Technology,4006,Communications engineering,False,0.1,constrained to groups within division(s) 40
1508,Process Chemistry and Technology,4007,"Control engineering, mechatronics and robotics",False,0.1,constrained to groups within division(s) 40
1508,Process Chemistry and Technology,4014,Manufacturing engineering,False,0.1,constrained to groups within division(s) 40
1508,Process Chemistry and Technology,4017,Mechanical engineering,False,0.1,constrained to groups within division(s) 40
1508,Process Chemistry and Technology,4001,Aerospace engineering,False,0.05,constrained to groups within division(s) 40
1508,Process Chemistry and Technology,4008,Electrical engineering,False,0.05,constrained to groups within division(s) 40
1508,Process Chemistry and Technology,4009,"Electronics, sensors and digital hardware",False,0.05,constrained to groups within division(s) 40
1508,Process Chemistry and Technology,4011,Environmental engineering,False,0.05,constrained to groups within division(s) 40
1508,Process Chemistry and Technology,4016,Materials engineering,False,0.05,constrained to groups within division(s) 40
1508,Process Chemistry and Technology,4019,Resources engineering and extractive metallurgy,False,0.05,constrained to groups within division(s) 40
1508,Process Chemistry and Technology,4002,Automotive engineering,False,0.0,constrained to groups within division(s) 40
1508,Process Chemistry and Technology,4003,Biomedical engineering,False,0.0,constrained to groups within division(s) 40
1508,Process Chemistry and Technology,4005,Civil engineering,False,0.0,constrained to groups within division(s) 40
1508,Process Chemistry and Technology,4010,Engineering practice and education,False,0.0,constrained to groups within division(s) 40
1508,Process Chemistry and Technology,4012,Fluid mechanics and thermal engineering,False,0.0,constrained to groups within division(s) 40
1508,Process Chemistry and Technology,4013,Geomatic engineering,False,0.0,constrained to groups within division(s) 40
1508,Process Chemistry and Technology,4015,Maritime engineering,False,0.0,constrained to groups within division(s) 40
1508,Process Chemistry and Technology,4018,Nanotechnology,False,0.0,constrained to groups within division(s) 40
1508,Process Chemistry and Technology,4099,Other engineering,False,0.0,constrained to groups within division(s) 40
1602,Analytical Chemistry,3401,Analytical chemistry,True,1.0,constrained to groups within division(s) 34
1602,Analytical Chemistry,3405,Organic chemistry,False,0.348,constrained to groups within division(s) 34
1602,Analytical Chemistry,3402,Inorganic chemistry,False,0.251,constrained to groups within division(s) 34
1602,Analytical Chemistry,3406,Physical chemistry,False,0.251,constrained to groups within division(s) 34
1602,Analytical Chemistry,3407,Theoretical and computational chemistry,False,0.193,constrained to groups within division(s) 34
1602,Analytical Chemistry,3403,Macromolecular and materials chemistry,False,0.168,constrained to groups within division(s) 34
1602,Analytical Chemistry,3404,Medicinal and biomolecular chemistry,False,0.168,constrained to groups within division(s) 34
1602,Analytical Chemistry,3499,Other chemical sciences,False,0.16,constrained to groups within division(s) 34
1603,Electrochemistry,3401,Analytical chemistry,True,0.333,constrained to groups within division(s) 34
1603,Electrochemistry,3406,Physical chemistry,False,0.167,constrained to groups within division(s) 34
1603,Electrochemistry,3402,Inorganic chemistry,False,0.0,constrained to groups within division(s) 34
1603,Electrochemistry,3403,Macromolecular and materials chemistry,False,0.0,constrained to groups within division(s) 34
1603,Electrochemistry,3404,Medicinal and biomolecular chemistry,False,0.0,constrained to groups within division(s) 34
1603,Electrochemistry,3405,Organic chemistry,False,0.0,constrained to groups within division(s) 34
1603,Electrochemistry,3407,Theoretical and computational chemistry,False,0.0,constrained to groups within division(s) 34
1603,Electrochemistry,3499,Other chemical sciences,False,0.0,constrained to groups within division(s) 34
1604,Inorganic Chemistry,3402,Inorganic chemistry,True,1.0,constrained to groups within division(s) 34
1604,Inorganic Chemistry,3405,Organic chemistry,False,0.348,constrained to groups within division(s) 34
1604,Inorganic Chemistry,3406,Physical chemistry,False,0.293,constrained to groups within division(s) 34
1604,Inorganic Chemistry,3403,Macromolecular and materials chemistry,False,0.289,constrained to groups within division(s) 34
1604,Inorganic Chemistry,3404,Medicinal and biomolecular chemistry,False,0.243,constrained to groups within division(s) 34
1604,Inorganic Chemistry,3407,Theoretical and computational chemistry,False,0.243,constrained to groups within division(s) 34
1604,Inorganic Chemistry,3401,Analytical chemistry,False,0.222,constrained to groups within division(s) 34
1604,Inorganic Chemistry,3499,Other chemical sciences,False,0.16,constrained to groups within division(s) 34
1605,Organic Chemistry,3405,Organic chemistry,True,1.0,constrained to groups within division(s) 34
1605,Organic Chemistry,3406,Physical chemistry,False,0.441,constrained to groups within division(s) 34
1605,Organic Chemistry,3403,Macromolecular and materials chemistry,False,0.387,constrained to groups within division(s) 34
1605,Organic Chemistry,3401,Analytical chemistry,False,0.352,constrained to groups within division(s) 34
1605,Organic Chemistry,3402,Inorganic chemistry,False,0.346,constrained to groups within division(s) 34
1605,Organic Chemistry,3404,Medicinal and biomolecular chemistry,False,0.343,constrained to groups within division(s) 34
1605,Organic Chemistry,3407,Theoretical and computational chemistry,False,0.243,constrained to groups within division(s) 34
1605,Organic Chemistry,3499,Other chemical sciences,False,0.22,constrained to groups within division(s) 34
1606,Physical and Theoretical Chemistry,3406,Physical chemistry,True,0.583,constrained to groups within division(s) 34
1606,Physical and Theoretical Chemistry,3407,Theoretical and computational chemistry,False,0.45,constrained to groups within division(s) 34
1606,Physical and Theoretical Chemistry,3402,Inorganic chemistry,False,0.24,constrained to groups within division(s) 34
1606,Physical and Theoretical Chemistry,3405,Organic chemistry,False,0.217,constrained to groups within division(s) 34
1606,Physical and Theoretical Chemistry,3403,Macromolecular and materials chemistry,False,0.209,constrained to groups within division(s) 34
1606,Physical and Theoretical Chemistry,3401,Analytical chemistry,False,0.208,constrained to groups within division(s) 34
1606,Physical and Theoretical Chemistry,3404,Medicinal and biomolecular chemistry,False,0.161,constrained to groups within division(s) 34
1606,Physical and Theoretical Chemistry,3499,Other chemical sciences,False,0.12,constrained to groups within division(s) 34
1607,Spectroscopy,3403,Macromolecular and materials chemistry,True,0.146,constrained to groups within division(s) 34
1607,Spectroscopy,3401,Analytical chemistry,False,0.13,constrained to groups within division(s) 34
1607,Spectroscopy,3404,Medicinal and biomolecular chemistry,False,0.1,constrained to groups within division(s) 34
1607,Spectroscopy,3402,Inorganic chemistry,False,0.098,constrained to groups within division(s) 34
1607,Spectroscopy,3406,Physical chemistry,False,0.093,constrained to groups within division(s) 34
1607,Spectroscopy,3405,Organic chemistry,False,0.074,constrained to groups within division(s) 34
1607,Spectroscopy,3499,Other chemical sciences,False,0.06,constrained to groups within division(s) 34
1607,Spectroscopy,3407,Theoretical and computational chemistry,False,0.05,constrained to groups within division(s) 34
1702,Artificial Intelligence,4602,Artificial intelligence,True,1.0,constrained to groups within division(s) 46
1702,Artificial Intelligence,4611,Machine learning,False,0.333,constrained to groups within division(s) 46
1702,Artificial Intelligence,4604,Cybersecurity and privacy,False,0.325,constrained to groups within division(s) 46
1702,Artificial Intelligence,4613,Theory of computation,False,0.317,constrained to groups within division(s) 46
1702,Artificial Intelligence,4605,Data management and data science,False,0.247,constrained to groups within division(s) 46
1702,Artificial Intelligence,4612,Software engineering,False,0.224,constrained to groups within division(s) 46
1702,Artificial Intelligence,4603,Computer vision and multimedia computation,False,0.204,constrained to groups within division(s) 46
1702,Artificial Intelligence,4601,Applied computing,False,0.196,constrained to groups within division(s) 46
1702,Artificial Intelligence,4609,Information systems,False,0.183,constrained to groups within division(s) 46
1702,Artificial Intelligence,4606,Distributed computing and systems software,False,0.167,constrained to groups within division(s) 46
1702,Artificial Intelligence,4699,Other information and computing sciences,False,0.15,constrained to groups within division(s) 46
1702,Artificial Intelligence,4608,Human-centred computing,False,0.113,constrained to groups within division(s) 46
1702,Artificial Intelligence,4610,Library and information studies,False,0.106,constrained to groups within division(s) 46
1702,Artificial Intelligence,4607,"Graphics, augmented reality and games",False,0.093,constrained to groups within division(s) 46
1703,Computational Theory and Mathematics,4613,Theory of computation,True,0.65,constrained to groups within division(s) 46
1703,Computational Theory and Mathematics,4699,Other information and computing sciences,False,0.268,constrained to groups within division(s) 46
1703,Computational Theory and Mathematics,4603,Computer vision and multimedia computation,False,0.23,constrained to groups within division(s) 46
1703,Computational Theory and Mathematics,4601,Applied computing,False,0.214,constrained to groups within division(s) 46
1703,Computational Theory and Mathematics,4612,Software engineering,False,0.184,constrained to groups within division(s) 46
1703,Computational Theory and Mathematics,4608,Human-centred computing,False,0.182,constrained to groups within division(s) 46
1703,Computational Theory and Mathematics,4605,Data management and data science,False,0.178,constrained to groups within division(s) 46
1703,Computational Theory and Mathematics,4606,Distributed computing and systems software,False,0.162,constrained to groups within division(s) 46
1703,Computational Theory and Mathematics,4602,Artificial intelligence,False,0.151,constrained to groups within division(s) 46
1703,Computational Theory and Mathematics,4604,Cybersecurity and privacy,False,0.1,constrained to groups within division(s) 46
1703,Computational Theory and Mathematics,4609,Information systems,False,0.098,constrained to groups within division(s) 46
1703,Computational Theory and Mathematics,4607,"Graphics, augmented reality and games",False,0.072,constrained to groups within division(s) 46
1703,Computational Theory and Mathematics,4610,Library and information studies,False,0.021,constrained to groups within division(s) 46
1703,Computational Theory and Mathematics,4611,Machine learning,False,0.0,constrained to groups within division(s) 46
1704,Computer Graphics and Computer-Aided Design,4607,"Graphics, augmented reality and games",True,0.374,constrained to groups within division(s) 46
1704,Computer Graphics and Computer-Aided Design,4608,Human-centred computing,False,0.235,constrained to groups within division(s) 46
1704,Computer Graphics and Computer-Aided Design,4603,Computer vision and multimedia computation,False,0.168,constrained to groups within division(s) 46
1704,Computer Graphics and Computer-Aided Design,4606,Distributed computing and systems software,False,0.162,constrained to groups within division(s) 46
1704,Computer Graphics and Computer-Aided Design,4601,Applied computing,False,0.161,constrained to groups within division(s) 46
1704,Computer Graphics and Computer-Aided Design,4613,Theory of computation,False,0.13,constrained to groups within division(s) 46
1704,Computer Graphics and Computer-Aided Design,4699,Other information and computing sciences,False,0.105,constrained to groups within division(s) 46
1704,Computer Graphics and Computer-Aided Design,4604,Cybersecurity and privacy,False,0.091,constrained to groups within division(s) 46
1704,Computer Graphics and Computer-Aided Design,4605,Data management and data science,False,0.091,constrained to groups within division(s) 46
1704,Computer Graphics and Computer-Aided Design,4602,Artificial intelligence,False,0.061,constrained to groups within division(s) 46
1704,Computer Graphics and Computer-Aided Design,4609,Information systems,False,0.061,constrained to groups within division(s) 46
1704,Computer Graphics and Computer-Aided Design,4612,Software engineering,False,0.061,constrained to groups within division(s) 46
1704,Computer Graphics and Computer-Aided Design,4611,Machine learning,False,0.033,constrained to groups within division(s) 46
1704,Computer Graphics and Computer-Aided Design,4610,Library and information studies,False,0.03,constrained to groups within division(s) 46
1705,Computer Networks and Communications,4606,Distributed computing and systems software,True,0.389,constrained to groups within division(s) 46
1705,Computer Networks and Communications,4613,Theory of computation,False,0.314,constrained to groups within division(s) 46
1705,Computer Networks and Communications,4604,Cybersecurity and privacy,False,0.275,constrained to groups within division(s) 46
1705,Computer Networks and Communications,4601,Applied computing,False,0.268,constrained to groups within division(s) 46
1705,Computer Networks and Communications,4603,Computer vision and multimedia computation,False,0.267,constrained to groups within division(s) 46
1705,Computer Networks and Communications,4611,Machine learning,False,0.267,constrained to groups within division(s) 46
1705,Computer Networks and Communications,4608,Human-centred computing,False,0.224,constrained to groups within division(s) 46
1705,Computer Networks and Communications,4605,Data management and data science,False,0.205,constrained to groups within division(s) 46
1705,Computer Networks and Communications,4699,Other information and computing sciences,False,0.193,constrained to groups within division(s) 46
1705,Computer Networks and Communications,4602,Artificial intelligence,False,0.151,constrained to groups within division(s) 46
1705,Computer Networks and Communications,4609,Information systems,False,0.11,constrained to groups within division(s) 46
1705,Computer Networks and Communications,4610,Library and information studies,False,0.106,constrained to groups within division(s) 46
1705,Computer Networks and Communications,4612,Software engineering,False,0.082,constrained to groups within division(s) 46
1705,Computer Networks and Communications,4607,"Graphics, augmented reality and games",False,0.072,constrained to groups within division(s) 46
1706,Computer Science Applications,4601,Applied computing,True,0.607,constrained to groups within division(s) 46
1706,Computer Science Applications,4613,Theory of computation,False,0.249,constrained to groups within division(s) 46
1706,Computer Science Applications,4606,Distributed computing and systems software,False,0.211,constrained to groups within division(s) 46
1706,Computer Science Applications,4608,Human-centred computing,False,0.21,constrained to groups within division(s) 46
1706,Computer Science Applications,4603,Computer vision and multimedia computation,False,0.199,constrained to groups within division(s) 46
1706,Computer Science Applications,4699,Other information and computing sciences,False,0.135,constrained to groups within division(s) 46
1706,Computer Science Applications,4604,Cybersecurity and privacy,False,0.125,constrained to groups within division(s) 46
1706,Computer Science Applications,4609,Information systems,False,0.1,constrained to groups within division(s) 46
1706,Computer Science Applications,4612,Software engineering,False,0.082,constrained to groups within division(s) 46
1706,Computer Science Applications,4602,Artificial intelligence,False,0.067,constrained to groups within division(s) 46
1706,Computer Science Applications,4605,Data management and data science,False,0.067,constrained to groups within division(s) 46
1706,Computer Science Applications,4611,Machine learning,False,0.067,constrained to groups within division(s) 46
1706,Computer Science Applications,4610,Library and information studies,False,0.064,constrained to groups within division(s) 46
1706,Computer Science Applications,4607,"Graphics, augmented reality and games",False,0.05,constrained to groups within division(s) 46
1707,Computer Vision and Pattern Recognition,4603,Computer vision and multimedia computation,True,0.689,constrained to groups within division(s) 46
1707,Computer Vision and Pattern Recognition,4611,Machine learning,False,0.3,constrained to groups within division(s) 46
1707,Computer Vision and Pattern Recognition,4613,Theory of computation,False,0.233,constrained to groups within division(s) 46
1707,Computer Vision and Pattern Recognition,4608,Human-centred computing,False,0.204,constrained to groups within division(s) 46
1707,Computer Vision and Pattern Recognition,4601,Applied computing,False,0.2,constrained to groups within division(s) 46
1707,Computer Vision and Pattern Recognition,4606,Distributed computing and systems software,False,0.184,constrained to groups within division(s) 46
1707,Computer Vision and Pattern Recognition,4607,"Graphics, augmented reality and games",False,0.175,constrained to groups within division(s) 46
1707,Computer Vision and Pattern Recognition,4604,Cybersecurity and privacy,False,0.175,constrained to groups within division(s) 46
1707,Computer Vision and Pattern Recognition,4602,Artificial intelligence,False,0.164,constrained to groups within division(s) 46
1707,Computer Vision and Pattern Recognition,4605,Data management and data science,False,0.123,constrained to groups within division(s) 46
1707,Computer Vision and Pattern Recognition,4699,Other information and computing sciences,False,0.108,constrained to groups within division(s) 46
1707,Computer Vision and Pattern Recognition,4612,Software engineering,False,0.102,constrained to groups within division(s) 46
1707,Computer Vision and Pattern Recognition,4610,Library and information studies,False,0.085,constrained to groups within division(s) 46
1707,Computer Vision and Pattern Recognition,4609,Information systems,False,0.061,constrained to groups within division(s) 46
1708,Hardware and Architecture,4606,Distributed computing and systems software,True,0.172,constrained to groups within division(s) 46
1708,Hardware and Architecture,4604,Cybersecurity and privacy,False,0.15,constrained to groups within division(s) 46
1708,Hardware and Architecture,4607,"Graphics, augmented reality and games",False,0.109,constrained to groups within division(s) 46
1708,Hardware and Architecture,4612,Software engineering,False,0.102,constrained to groups within division(s) 46
1708,Hardware and Architecture,4605,Data management and data science,False,0.078,constrained to groups within division(s) 46
1708,Hardware and Architecture,4699,Other information and computing sciences,False,0.075,constrained to groups within division(s) 46
1708,Hardware and Architecture,4603,Computer vision and multimedia computation,False,0.074,constrained to groups within division(s) 46
1708,Hardware and Architecture,4611,Machine learning,False,0.067,constrained to groups within division(s) 46
1708,Hardware and Architecture,4602,Artificial intelligence,False,0.062,constrained to groups within division(s) 46
1708,Hardware and Architecture,4608,Human-centred computing,False,0.062,constrained to groups within division(s) 46
1708,Hardware and Architecture,4609,Information systems,False,0.062,constrained to groups within division(s) 46
1708,Hardware and Architecture,4601,Applied computing,False,0.054,constrained to groups within division(s) 46
1708,Hardware and Architecture,4613,Theory of computation,False,0.024,constrained to groups within division(s) 46
1708,Hardware and Architecture,4610,Library and information studies,False,0.0,constrained to groups within division(s) 46
1709,Human-Computer Interaction,4608,Human-centred computing,True,0.375,constrained to groups within division(s) 46
1709,Human-Computer Interaction,4601,Applied computing,False,0.214,constrained to groups within division(s) 46
1709,Human-Computer Interaction,4606,Distributed computing and systems software,False,0.198,constrained to groups within division(s) 46
1709,Human-Computer Interaction,4613,Theory of computation,False,0.192,constrained to groups within division(s) 46
1709,Human-Computer Interaction,4603,Computer vision and multimedia computation,False,0.174,constrained to groups within division(s) 46
1709,Human-Computer Interaction,4607,"Graphics, augmented reality and games",False,0.143,constrained to groups within division(s) 46
1709,Human-Computer Interaction,4699,Other information and computing sciences,False,0.118,constrained to groups within division(s) 46
1709,Human-Computer Interaction,4604,Cybersecurity and privacy,False,0.1,constrained to groups within division(s) 46
1709,Human-Computer Interaction,4610,Library and information studies,False,0.085,constrained to groups within division(s) 46
1709,Human-Computer Interaction,4602,Artificial intelligence,False,0.071,constrained to groups within division(s) 46
1709,Human-Computer Interaction,4609,Information systems,False,0.071,constrained to groups within division(s) 46
1709,Human-Computer Interaction,4612,Software engineering,False,0.061,constrained to groups within division(s) 46
1709,Human-Computer Interaction,4605,Data management and data science,False,0.036,constrained to groups within division(s) 46
1709,Human-Computer Interaction,4611,Machine learning,False,0.033,constrained to groups within division(s) 46
1710,Information Systems,4609,Information systems,True,1.0,constrained to groups within division(s) 46
1710,Information Systems,4610,Library and information studies,False,0.477,constrained to groups within division(s) 46
1710,Information Systems,4604,Cybersecurity and privacy,False,0.375,constrained to groups within division(s) 46
1710,Information Systems,4606,Distributed computing and systems software,False,0.373,constrained to groups within division(s) 46
1710,Information Systems,4605,Data management and data science,False,0.26,constrained to groups within division(s) 46
1710,Information Systems,4612,Software engineering,False,0.224,constrained to groups within division(s) 46
1710,Information Systems,4699,Other information and computing sciences,False,0.21,constrained to groups within division(s) 46
1710,Information Systems,4602,Artificial intelligence,False,0.192,constrained to groups within division(s) 46
1710,Information Systems,4611,Machine learning,False,0.167,constrained to groups within division(s) 46
1710,Information Systems,4601,Applied computing,False,0.161,constrained to groups within division(s) 46
1710,Information Systems,4603,Computer vision and multimedia computation,False,0.148,constrained to groups within division(s) 46
1710,Information Systems,4613,Theory of computation,False,0.146,constrained to groups within division(s) 46
1710,Information Systems,4608,Human-centred computing,False,0.127,constrained to groups within division(s) 46
1710,Information Systems,4607,"Graphics, augmented reality and games",False,0.082,constrained to groups within division(s) 46
1711,Signal Processing,4603,Computer vision and multimedia computation,True,0.167,constrained to groups within division(s) 46
1711,Signal Processing,4604,Cybersecurity and privacy,False,0.1,constrained to groups within division(s) 46
1711,Signal Processing,4613,Theory of computation,False,0.098,constrained to groups within division(s) 46
1711,Signal Processing,4607,"Graphics, augmented reality and games",False,0.074,constrained to groups within division(s) 46
1711,Signal Processing,4605,Data management and data science,False,0.059,constrained to groups within division(s) 46
1711,Signal Processing,4609,Information systems,False,0.059,constrained to groups within division(s) 46
1711,Signal Processing,4612,Software engineering,False,0.041,constrained to groups within division(s) 46
1711,Signal Processing,4601,Applied computing,False,0.036,constrained to groups within division(s) 46
1711,Signal Processing,4611,Machine learning,False,0.033,constrained to groups within division(s) 46
1711,Signal Processing,4602,Artificial intelligence,False,0.029,constrained to groups within division(s) 46
1711,Signal Processing,4606,Distributed computing and systems software,False,0.029,constrained to groups within division(s) 46
1711,Signal Processing,4610,Library and information studies,False,0.021,constrained to groups within division(s) 46
1711,Signal Processing,4608,Human-centred computing,False,0.015,constrained to groups within division(s) 46
1711,Signal Processing,4699,Other information and computing sciences,False,0.0,constrained to groups within division(s) 46
1712,Software,4612,Software engineering,True,0.562,constrained to groups within division(s) 46
1712,Software,4606,Distributed computing and systems software,False,0.229,constrained to groups within division(s) 46
1712,Software,4699,Other information and computing sciences,False,0.15,constrained to groups within division(s) 46
1712,Software,4605,Data management and data science,False,0.114,constrained to groups within division(s) 46
1712,Software,4609,Information systems,False,0.114,constrained to groups within division(s) 46
1712,Software,4603,Computer vision and multimedia computation,False,0.086,constrained to groups within division(s) 46
1712,Software,4604,Cybersecurity and privacy,False,0.086,constrained to groups within division(s) 46
1712,Software,4608,Human-centred computing,False,0.086,constrained to groups within division(s) 46
1712,Software,4613,Theory of computation,False,0.086,constrained to groups within division(s) 46
1712,Software,4601,Applied computing,False,0.057,constrained to groups within division(s) 46
1712,Software,4602,Artificial intelligence,False,0.057,constrained to groups within division(s) 46
1712,Software,4607,"Graphics, augmented reality and games",False,0.057,constrained to groups within division(s) 46
1712,Software,4611,Machine learning,False,0.033,constrained to groups within division(s) 46
1712,Software,4610,Library and information studies,False,0.029,constrained to groups within division(s) 46
1800,General Decision Sciences,3506,Marketing,True,0.111,"constrained to groups within division(s) 49,35"
1800,General Decision Sciences,3507,"Strategy, management and organisational behaviour",False,0.111,"constrained to groups within division(s) 49,35"
1800,General Decision Sciences,3502,"Banking, finance and investment",False,0.056,"constrained to groups within division(s) 49,35"
1800,General Decision Sciences,3505,Human resources and industrial relations,False,0.056,"constrained to groups within division(s) 49,35"
1800,General Decision Sciences,3508,Tourism,False,0.056,"constrained to groups within division(s) 49,35"
1800,General Decision Sciences,4902,Mathematical physics,False,0.056,"constrained to groups within division(s) 49,35"
1800,General Decision Sciences,4904,Pure mathematics,False,0.056,"constrained to groups within division(s) 49,35"
1800,General Decision Sciences,3501,"Accounting, auditing and accountability",False,0.0,"constrained to groups within division(s) 49,35"
1800,General Decision Sciences,3503,Business systems in context,False,0.0,"constrained to groups within division(s) 49,35"
1800,General Decision Sciences,3504,Commercial services,False,0.0,"constrained to groups within division(s) 49,35"
1800,General Decision Sciences,3509,"Transportation, logistics and supply chains",False,0.0,"constrained to groups within division(s) 49,35"
1800,General Decision Sciences,3599,"Other commerce, management, tourism and services",False,0.0,"constrained to groups within division(s) 49,35"
1800,General Decision Sciences,4901,Applied mathematics,False,0.0,"constrained to groups within division(s) 49,35"
1800,General Decision Sciences,4903,Numerical and computational mathematics,False,0.0,"constrained to groups within division(s) 49,35"
1800,General Decision Sciences,4905,Statistics,False,0.0,"constrained to groups within division(s) 49,35"
1800,General Decision Sciences,4999,Other mathematical sciences,False,0.0,"constrained to groups within division(s) 49,35"
1802,Information Systems and Management,4609,Information systems,True,0.734,"constrained to groups within division(s) 49,35"
1802,Information Systems and Management,3503,Business systems in context,False,0.401,"constrained to groups within division(s) 49,35"
1802,Information Systems and Management,3507,"Strategy, management and organisational behaviour",False,0.175,"constrained to groups within division(s) 49,35"
1802,Information Systems and Management,3508,Tourism,False,0.154,"constrained to groups within division(s) 49,35"
1802,Information Systems and Management,3505,Human resources and industrial relations,False,0.125,"constrained to groups within division(s) 49,35"
1802,Information Systems and Management,4905,Statistics,False,0.115,"constrained to groups within division(s) 49,35"
1802,Information Systems and Management,4903,Numerical and computational mathematics,False,0.087,"constrained to groups within division(s) 49,35"
1802,Information Systems and Management,3506,Marketing,False,0.073,"constrained to groups within division(s) 49,35"
1802,Information Systems and Management,3501,"Accounting, auditing and accountability",False,0.067,"constrained to groups within division(s) 49,35"
1802,Information Systems and Management,3599,"Other commerce, management, tourism and services",False,0.065,"constrained to groups within division(s) 49,35"
1802,Information Systems and Management,4901,Applied mathematics,False,0.057,"constrained to groups within division(s) 49,35"
1802,Information Systems and Management,3502,"Banking, finance and investment",False,0.054,"constrained to groups within division(s) 49,35"
1802,Information Systems and Management,4902,Mathematical physics,False,0.033,"constrained to groups within division(s) 49,35"
1802,Information Systems and Management,3504,Commercial services,False,0.028,"constrained to groups within division(s) 49,35"
1802,Information Systems and Management,3509,"Transportation, logistics and supply chains",False,0.027,"constrained to groups within division(s) 49,35"
1802,Information Systems and Management,4904,Pure mathematics,False,0.024,"constrained to groups within division(s) 49,35"
1802,Information Systems and Management,4999,Other mathematical sciences,False,0.0,"constrained to groups within division(s) 49,35"
1803,Management Science and Operations Research,3507,"Strategy, management and organisational behaviour",True,0.33,"constrained to groups within division(s) 49,35"
1803,Management Science and Operations Research,3508,Tourism,False,0.269,"constrained to groups within division(s) 49,35"
1803,Management Science and Operations Research,3503,Business systems in context,False,0.258,"constrained to groups within division(s) 49,35"
1803,Management Science and Operations Research,4901,Applied mathematics,False,0.208,"constrained to groups within division(s) 49,35"
1803,Management Science and Operations Research,4905,Statistics,False,0.192,"constrained to groups within division(s) 49,35"
1803,Management Science and Operations Research,4903,Numerical and computational mathematics,False,0.174,"constrained to groups within division(s) 49,35"
1803,Management Science and Operations Research,3506,Marketing,False,0.164,"constrained to groups within division(s) 49,35"
1803,Management Science and Operations Research,3502,"Banking, finance and investment",False,0.135,"constrained to groups within division(s) 49,35"
1803,Management Science and Operations Research,3505,Human resources and industrial relations,False,0.125,"constrained to groups within division(s) 49,35"
1803,Management Science and Operations Research,3501,"Accounting, auditing and accountability",False,0.1,"constrained to groups within division(s) 49,35"
1803,Management Science and Operations Research,4904,Pure mathematics,False,0.082,"constrained to groups within division(s) 49,35"
1803,Management Science and Operations Research,3599,"Other commerce, management, tourism and services",False,0.065,"constrained to groups within division(s) 49,35"
1803,Management Science and Operations Research,4902,Mathematical physics,False,0.033,"constrained to groups within division(s) 49,35"
1803,Management Science and Operations Research,3504,Commercial services,False,0.028,"constrained to groups within division(s) 49,35"
1803,Management Science and Operations Research,3509,"Transportation, logistics and supply chains",False,0.027,"constrained to groups within division(s) 49,35"
1803,Management Science and Operations Research,4999,Other mathematical sciences,False,0.0,"constrained to groups within division(s) 49,35"
1804,"Statistics, Probability and Uncertainty",4905,Statistics,True,0.277,"constrained to groups within division(s) 49,35"
1804,"Statistics, Probability and Uncertainty",3503,Business systems in context,False,0.065,"constrained to groups within division(s) 49,35"
1804,"Statistics, Probability and Uncertainty",4901,Applied mathematics,False,0.057,"constrained to groups within division(s) 49,35"
1804,"Statistics, Probability and Uncertainty",4903,Numerical and computational mathematics,False,0.043,"constrained to groups within division(s) 49,35"
1804,"Statistics, Probability and Uncertainty",3506,Marketing,False,0.036,"constrained to groups within division(s) 49,35"
1804,"Statistics, Probability and Uncertainty",4902,Mathematical physics,False,0.033,"constrained to groups within division(s) 49,35"
1804,"Statistics, Probability and Uncertainty",4904,Pure mathematics,False,0.033,"constrained to groups within division(s) 49,35"
1804,"Statistics, Probability and Uncertainty",3502,"Banking, finance and investment",False,0.027,"constrained to groups within division(s) 49,35"
1804,"Statistics, Probability and Uncertainty",3505,Human resources and industrial relations,False,0.021,"constrained to groups within division(s) 49,35"
1804,"Statistics, Probability and Uncertainty",3507,"Strategy, management and organisational behaviour",False,0.016,"constrained to groups within division(s) 49,35"
1804,"Statistics, Probability and Uncertainty",3501,"Accounting, auditing and accountability",False,0.0,"constrained to groups within division(s) 49,35"
1804,"Statistics, Probability and Uncertainty",3504,Commercial services,False,0.0,"constrained to groups within division(s) 49,35"
1804,"Statistics, Probability and Uncertainty",3508,Tourism,False,0.0,"constrained to groups within division(s) 49,35"
1804,"Statistics, Probability and Uncertainty",3509,"Transportation, logistics and supply chains",False,0.0,"constrained to groups within division(s) 49,35"
1804,"Statistics, Probability and Uncertainty",3599,"Other commerce, management, tourism and services",False,0.0,"constrained to groups within division(s) 49,35"
1804,"Statistics, Probability and Uncertainty",4999,Other mathematical sciences,False,0.0,"constrained to groups within division(s) 49,35"
1902,Atmospheric Science,3701,Atmospheric sciences,True,1.0,constrained to groups within division(s) 37
1902,Atmospheric Science,3702,Climate change science,False,0.188,constrained to groups within division(s) 37
1902,Atmospheric Science,3799,Other earth sciences,False,0.18,constrained to groups within division(s) 37
1902,Atmospheric Science,3704,Geoinformatics,False,0.091,constrained to groups within division(s) 37
1902,Atmospheric Science,3708,Oceanography,False,0.091,constrained to groups within division(s) 37
1902,Atmospheric Science,3709,Physical geography and environmental geoscience,False,0.088,constrained to groups within division(s) 37
1902,Atmospheric Science,3707,Hydrology,False,0.056,constrained to groups within division(s) 37
1902,Atmospheric Science,3705,Geology,False,0.032,constrained to groups within division(s) 37
1902,Atmospheric Science,3703,Geochemistry,False,0.0,constrained to groups within division(s) 37
1902,Atmospheric Science,3706,Geophysics,False,0.0,constrained to groups within division(s) 37
1904,Earth-Surface Processes,3799,Other earth sciences,True,0.18,constrained to groups within division(s) 37
1904,Earth-Surface Processes,3709,Physical geography and environmental geoscience,False,0.176,constrained to groups within division(s) 37
1904,Earth-Surface Processes,3707,Hydrology,False,0.111,constrained to groups within division(s) 37
1904,Earth-Surface Processes,3702,Climate change science,False,0.062,constrained to groups within division(s) 37
1904,Earth-Surface Processes,3701,Atmospheric sciences,False,0.054,constrained to groups within division(s) 37
1904,Earth-Surface Processes,3705,Geology,False,0.054,constrained to groups within division(s) 37
1904,Earth-Surface Processes,3704,Geoinformatics,False,0.045,constrained to groups within division(s) 37
1904,Earth-Surface Processes,3703,Geochemistry,False,0.0,constrained to groups within division(s) 37
1904,Earth-Surface Processes,3706,Geophysics,False,0.0,constrained to groups within division(s) 37
1904,Earth-Surface Processes,3708,Oceanography,False,0.0,constrained to groups within division(s) 37
1906,Geochemistry and Petrology,3703,Geochemistry,True,0.619,constrained to groups within division(s) 37
1906,Geochemistry and Petrology,3705,Geology,False,0.139,constrained to groups within division(s) 37
1906,Geochemistry and Petrology,3707,Hydrology,False,0.056,constrained to groups within division(s) 37
1906,Geochemistry and Petrology,3704,Geoinformatics,False,0.045,constrained to groups within division(s) 37
1906,Geochemistry and Petrology,3706,Geophysics,False,0.028,constrained to groups within division(s) 37
1906,Geochemistry and Petrology,3701,Atmospheric sciences,False,0.0,constrained to groups within division(s) 37
1906,Geochemistry and Petrology,3702,Climate change science,False,0.0,constrained to groups within division(s) 37
1906,Geochemistry and Petrology,3708,Oceanography,False,0.0,constrained to groups within division(s) 37
1906,Geochemistry and Petrology,3709,Physical geography and environmental geoscience,False,0.0,constrained to groups within division(s) 37
1906,Geochemistry and Petrology,3799,Other earth sciences,False,0.0,constrained to groups within division(s) 37
1907,Geology,3705,Geology,True,1.0,constrained to groups within division(s) 37
1907,Geology,3706,Geophysics,False,0.074,constrained to groups within division(s) 37
1907,Geology,3703,Geochemistry,False,0.071,constrained to groups within division(s) 37
1907,Geology,3704,Geoinformatics,False,0.045,constrained to groups within division(s) 37
1907,Geology,3709,Physical geography and environmental geoscience,False,0.037,constrained to groups within division(s) 37
1907,Geology,3701,Atmospheric sciences,False,0.0,constrained to groups within division(s) 37
1907,Geology,3702,Climate change science,False,0.0,constrained to groups within division(s) 37
1907,Geology,3707,Hydrology,False,0.0,constrained to groups within division(s) 37
1907,Geology,3708,Oceanography,False,0.0,constrained to groups within division(s) 37
1907,Geology,3799,Other earth sciences,False,0.0,constrained to groups within division(s) 37
1908,Geophysics,3706,Geophysics,True,1.0,constrained to groups within division(s) 37
1908,Geophysics,3703,Geochemistry,False,0.143,constrained to groups within division(s) 37
1908,Geophysics,3705,Geology,False,0.091,constrained to groups within division(s) 37
1908,Geophysics,3702,Climate change science,False,0.062,constrained to groups within division(s) 37
1908,Geophysics,3799,Other earth sciences,False,0.06,constrained to groups within division(s) 37
1908,Geophysics,3709,Physical geography and environmental geoscience,False,0.059,constrained to groups within division(s) 37
1908,Geophysics,3704,Geoinformatics,False,0.045,constrained to groups within division(s) 37
1908,Geophysics,3701,Atmospheric sciences,False,0.022,constrained to groups within division(s) 37
1908,Geophysics,3707,Hydrology,False,0.0,constrained to groups within division(s) 37
1908,Geophysics,3708,Oceanography,False,0.0,constrained to groups within division(s) 37
1910,Oceanography,3708,Oceanography,True,1.0,constrained to groups within division(s) 37
1910,Oceanography,3701,Atmospheric sciences,False,0.065,constrained to groups within division(s) 37
1910,Oceanography,3702,Climate change science,False,0.062,constrained to groups within division(s) 37
1910,Oceanography,3709,Physical geography and environmental geoscience,False,0.059,constrained to groups within division(s) 37
1910,Oceanography,3706,Geophysics,False,0.054,constrained to groups within division(s) 37
1910,Oceanography,3705,Geology,False,0.02,constrained to groups within division(s) 37
1910,Oceanography,3703,Geochemistry,False,0.0,constrained to groups within division(s) 37
1910,Oceanography,3704,Geoinformatics,False,0.0,constrained to groups within division(s) 37
1910,Oceanography,3707,Hydrology,False,0.0,constrained to groups within division(s) 37
1910,Oceanography,3799,Other earth sciences,False,0.0,constrained to groups within division(s) 37
1911,Paleontology,3708,Oceanography,True,0.182,constrained to groups within division(s) 37
1911,Paleontology,3709,Physical geography and environmental geoscience,False,0.088,constrained to groups within division(s) 37
1911,Paleontology,3701,Atmospheric sciences,False,0.05,constrained to groups within division(s) 37
1911,Paleontology,3705,Geology,False,0.05,constrained to groups within division(s) 37
1911,Paleontology,3702,Climate change science,False,0.0,constrained to groups within division(s) 37
1911,Paleontology,3703,Geochemistry,False,0.0,constrained to groups within division(s) 37
1911,Paleontology,3704,Geoinformatics,False,0.0,constrained to groups within division(s) 37
1911,Paleontology,3706,Geophysics,False,0.0,constrained to groups within division(s) 37
1911,Paleontology,3707,Hydrology,False,0.0,constrained to groups within division(s) 37
1911,Paleontology,3799,Other earth sciences,False,0.0,constrained to groups within division(s) 37
1912,Space and Planetary Science,3704,Geoinformatics,True,0.111,constrained to groups within division(s) 37
1912,Space and Planetary Science,3705,Geology,False,0.111,constrained to groups within division(s) 37
1912,Space and Planetary Science,3701,Atmospheric sciences,False,0.0,constrained to groups within division(s) 37
1912,Space and Planetary Science,3702,Climate change science,False,0.0,constrained to groups within division(s) 37
1912,Space and Planetary Science,3703,Geochemistry,False,0.0,constrained to groups within division(s) 37
1912,Space and Planetary Science,3706,Geophysics,False,0.0,constrained to groups within division(s) 37
1912,Space and Planetary Science,3707,Hydrology,False,0.0,constrained to groups within division(s) 37
1912,Space and Planetary Science,3708,Oceanography,False,0.0,constrained to groups within division(s) 37
1912,Space and Planetary Science,3709,Physical geography and environmental geoscience,False,0.0,constrained to groups within division(s) 37
1912,Space and Planetary Science,3799,Other earth sciences,False,0.0,constrained to groups within division(s) 37
2000,"General Economics, Econometrics and Finance",3801,Applied economics,True,0.299,constrained to groups within division(s) 38
2000,"General Economics, Econometrics and Finance",3803,Economic theory,False,0.283,constrained to groups within division(s) 38
2000,"General Economics, Econometrics and Finance",3802,Econometrics,False,0.274,constrained to groups within division(s) 38
2000,"General Economics, Econometrics and Finance",3899,Other economics,False,0.142,constrained to groups within division(s) 38
2002,Economics and Econometrics,3802,Econometrics,True,0.964,constrained to groups within division(s) 38
2002,Economics and Econometrics,3803,Economic theory,False,0.566,constrained to groups within division(s) 38
2002,Economics and Econometrics,3801,Applied economics,False,0.541,constrained to groups within division(s) 38
2002,Economics and Econometrics,3899,Other economics,False,0.219,constrained to groups within division(s) 38
2003,Finance,3801,Applied economics,True,0.076,constrained to groups within division(s) 38
2003,Finance,3802,Econometrics,False,0.071,constrained to groups within division(s) 38
2003,Finance,3899,Other economics,False,0.023,constrained to groups within division(s) 38
2003,Finance,3803,Economic theory,False,0.0,constrained to groups within division(s) 38
2100,General Energy,4008,Electrical engineering,True,0.2,"constrained to groups within division(s) 40,41"
2100,General Energy,4017,Mechanical engineering,False,0.2,"constrained to groups within division(s) 40,41"
2100,General Energy,4004,Chemical engineering,False,0.1,"constrained to groups within division(s) 40,41"
2100,General Energy,4011,Environmental engineering,False,0.1,"constrained to groups within division(s) 40,41"
2100,General Energy,4001,Aerospace engineering,False,0.0,"constrained to groups within division(s) 40,41"
2100,General Energy,4002,Automotive engineering,False,0.0,"constrained to groups within division(s) 40,41"
2100,General Energy,4003,Biomedical engineering,False,0.0,"constrained to groups within division(s) 40,41"
2100,General Energy,4005,Civil engineering,False,0.0,"constrained to groups within division(s) 40,41"
2100,General Energy,4006,Communications engineering,False,0.0,"constrained to groups within division(s) 40,41"
2100,General Energy,4007,"Control engineering, mechatronics and robotics",False,0.0,"constrained to groups within division(s) 40,41"
2100,General Energy,4009,"Electronics, sensors and digital hardware",False,0.0,"constrained to groups within division(s) 40,41"
2100,General Energy,4010,Engineering practice and education,False,0.0,"constrained to groups within division(s) 40,41"
2100,General Energy,4012,Fluid mechanics and thermal engineering,False,0.0,"constrained to groups within division(s) 40,41"
2100,General Energy,4013,Geomatic engineering,False,0.0,"constrained to groups within division(s) 40,41"
2100,General Energy,4014,Manufacturing engineering,False,0.0,"constrained to groups within division(s) 40,41"
2100,General Energy,4015,Maritime engineering,False,0.0,"constrained to groups within division(s) 40,41"
2100,General Energy,4016,Materials engineering,False,0.0,"constrained to groups within division(s) 40,41"
2100,General Energy,4018,Nanotechnology,False,0.0,"constrained to groups within division(s) 40,41"
2100,General Energy,4019,Resources engineering and extractive metallurgy,False,0.0,"constrained to groups within division(s) 40,41"
2100,General Energy,4099,Other engineering,False,0.0,"constrained to groups within division(s) 40,41"
2100,General Energy,4101,Climate change impacts and adaptation,False,0.0,"constrained to groups within division(s) 40,41"
2100,General Energy,4102,Ecological applications,False,0.0,"constrained to groups within division(s) 40,41"
2100,General Energy,4103,Environmental biotechnology,False,0.0,"constrained to groups within division(s) 40,41"
2100,General Energy,4104,Environmental management,False,0.0,"constrained to groups within division(s) 40,41"
2100,General Energy,4105,Pollution and contamination,False,0.0,"constrained to groups within division(s) 40,41"
2100,General Energy,4106,Soil sciences,False,0.0,"constrained to groups within division(s) 40,41"
2100,General Energy,4199,Other environmental sciences,False,0.0,"constrained to groups within division(s) 40,41"
2102,Energy Engineering and Power Technology,4008,Electrical engineering,True,0.464,"constrained to groups within division(s) 40,41"
2102,Energy Engineering and Power Technology,4002,Automotive engineering,False,0.346,"constrained to groups within division(s) 40,41"
2102,Energy Engineering and Power Technology,4004,Chemical engineering,False,0.288,"constrained to groups within division(s) 40,41"
2102,Energy Engineering and Power Technology,4006,Communications engineering,False,0.288,"constrained to groups within division(s) 40,41"
2102,Energy Engineering and Power Technology,4014,Manufacturing engineering,False,0.288,"constrained to groups within division(s) 40,41"
2102,Energy Engineering and Power Technology,4016,Materials engineering,False,0.288,"constrained to groups within division(s) 40,41"
2102,Energy Engineering and Power Technology,4017,Mechanical engineering,False,0.288,"constrained to groups within division(s) 40,41"
2102,Energy Engineering and Power Technology,4007,"Control engineering, mechatronics and robotics",False,0.253,"constrained to groups within division(s) 40,41"
2102,Energy Engineering and Power Technology,4001,Aerospace engineering,False,0.229,"constrained to groups within division(s) 40,41"
2102,Energy Engineering and Power Technology,4005,Civil engineering,False,0.229,"constrained to groups within division(s) 40,41"
2102,Energy Engineering and Power Technology,4013,Geomatic engineering,False,0.229,"constrained to groups within division(s) 40,41"
2102,Energy Engineering and Power Technology,4010,Engineering practice and education,False,0.209,"constrained to groups within division(s) 40,41"
2102,Energy Engineering and Power Technology,4009,"Electronics, sensors and digital hardware",False,0.176,"constrained to groups within division(s) 40,41"
2102,Energy Engineering and Power Technology,4003,Biomedical engineering,False,0.17,"constrained to groups within division(s) 40,41"
2102,Energy Engineering and Power Technology,4011,Environmental engineering,False,0.17,"constrained to groups within division(s) 40,41"
2102,Energy Engineering and Power Technology,4015,Maritime engineering,False,0.17,"constrained to groups within division(s) 40,41"
2102,Energy Engineering and Power Technology,4012,Fluid mechanics and thermal engineering,False,0.136,"constrained to groups within division(s) 40,41"
2102,Energy Engineering and Power Technology,4019,Resources engineering and extractive metallurgy,False,0.136,"constrained to groups within division(s) 40,41"
2102,Energy Engineering and Power Technology,4099,Other engineering,False,0.066,"constrained to groups within division(s) 40,41"
2102,Energy Engineering and Power Technology,4018,Nanotechnology,False,0.059,"constrained to groups within division(s) 40,41"
2102,Energy Engineering and Power Technology,4101,Climate change impacts and adaptation,False,0.0,"constrained to groups within division(s) 40,41"
2102,Energy Engineering and Power Technology,4102,Ecological applications,False,0.0,"constrained to groups within division(s) 40,41"
2102,Energy Engineering and Power Technology,4103,Environmental biotechnology,False,0.0,"constrained to groups within division(s) 40,41"
2102,Energy Engineering and Power Technology,4104,Environmental management,False,0.0,"constrained to groups within division(s) 40,41"
2102,Energy Engineering and Power Technology,4105,Pollution and contamination,False,0.0,"constrained to groups within division(s) 40,41"
2102,Energy Engineering and Power Technology,4106,Soil sciences,False,0.0,"constrained to groups within division(s) 40,41"
2102,Energy Engineering and Power Technology,4199,Other environmental sciences,False,0.0,"constrained to groups within division(s) 40,41"
2103,Fuel Technology,4014,Manufacturing engineering,True,0.182,"constrained to groups within division(s) 40,41"
2103,Fuel Technology,4002,Automotive engineering,False,0.091,"constrained to groups within division(s) 40,41"
2103,Fuel Technology,4004,Chemical engineering,False,0.091,"constrained to groups within division(s) 40,41"
2103,Fuel Technology,4006,Communications engineering,False,0.091,"constrained to groups within division(s) 40,41"
2103,Fuel Technology,4007,"Control engineering, mechatronics and robotics",False,0.091,"constrained to groups within division(s) 40,41"
2103,Fuel Technology,4009,"Electronics, sensors and digital hardware",False,0.091,"constrained to groups within division(s) 40,41"
2103,Fuel Technology,4011,Environmental engineering,False,0.091,"constrained to groups within division(s) 40,41"
2103,Fuel Technology,4016,Materials engineering,False,0.091,"constrained to groups within division(s) 40,41"
2103,Fuel Technology,4019,Resources engineering and extractive metallurgy,False,0.091,"constrained to groups within division(s) 40,41"
2103,Fuel Technology,4001,Aerospace engineering,False,0.0,"constrained to groups within division(s) 40,41"
2103,Fuel Technology,4003,Biomedical engineering,False,0.0,"constrained to groups within division(s) 40,41"
2103,Fuel Technology,4005,Civil engineering,False,0.0,"constrained to groups within division(s) 40,41"
2103,Fuel Technology,4008,Electrical engineering,False,0.0,"constrained to groups within division(s) 40,41"
2103,Fuel Technology,4010,Engineering practice and education,False,0.0,"constrained to groups within division(s) 40,41"
2103,Fuel Technology,4012,Fluid mechanics and thermal engineering,False,0.0,"constrained to groups within division(s) 40,41"
2103,Fuel Technology,4013,Geomatic engineering,False,0.0,"constrained to groups within division(s) 40,41"
2103,Fuel Technology,4015,Maritime engineering,False,0.0,"constrained to groups within division(s) 40,41"
2103,Fuel Technology,4017,Mechanical engineering,False,0.0,"constrained to groups within division(s) 40,41"
2103,Fuel Technology,4018,Nanotechnology,False,0.0,"constrained to groups within division(s) 40,41"
2103,Fuel Technology,4099,Other engineering,False,0.0,"constrained to groups within division(s) 40,41"
2103,Fuel Technology,4101,Climate change impacts and adaptation,False,0.0,"constrained to groups within division(s) 40,41"
2103,Fuel Technology,4102,Ecological applications,False,0.0,"constrained to groups within division(s) 40,41"
2103,Fuel Technology,4103,Environmental biotechnology,False,0.0,"constrained to groups within division(s) 40,41"
2103,Fuel Technology,4104,Environmental management,False,0.0,"constrained to groups within division(s) 40,41"
2103,Fuel Technology,4105,Pollution and contamination,False,0.0,"constrained to groups within division(s) 40,41"
2103,Fuel Technology,4106,Soil sciences,False,0.0,"constrained to groups within division(s) 40,41"
2103,Fuel Technology,4199,Other environmental sciences,False,0.0,"constrained to groups within division(s) 40,41"
2104,Nuclear Energy and Engineering,4004,Chemical engineering,True,0.41,"constrained to groups within division(s) 40,41"
2104,Nuclear Energy and Engineering,4005,Civil engineering,False,0.343,"constrained to groups within division(s) 40,41"
2104,Nuclear Energy and Engineering,4006,Communications engineering,False,0.276,"constrained to groups within division(s) 40,41"
2104,Nuclear Energy and Engineering,4008,Electrical engineering,False,0.276,"constrained to groups within division(s) 40,41"
2104,Nuclear Energy and Engineering,4014,Manufacturing engineering,False,0.276,"constrained to groups within division(s) 40,41"
2104,Nuclear Energy and Engineering,4016,Materials engineering,False,0.276,"constrained to groups within division(s) 40,41"
2104,Nuclear Energy and Engineering,4017,Mechanical engineering,False,0.276,"constrained to groups within division(s) 40,41"
2104,Nuclear Energy and Engineering,4007,"Control engineering, mechatronics and robotics",False,0.224,"constrained to groups within division(s) 40,41"
2104,Nuclear Energy and Engineering,4019,Resources engineering and extractive metallurgy,False,0.224,"constrained to groups within division(s) 40,41"
2104,Nuclear Energy and Engineering,4001,Aerospace engineering,False,0.21,"constrained to groups within division(s) 40,41"
2104,Nuclear Energy and Engineering,4002,Automotive engineering,False,0.21,"constrained to groups within division(s) 40,41"
2104,Nuclear Energy and Engineering,4003,Biomedical engineering,False,0.21,"constrained to groups within division(s) 40,41"
2104,Nuclear Energy and Engineering,4011,Environmental engineering,False,0.21,"constrained to groups within division(s) 40,41"
2104,Nuclear Energy and Engineering,4013,Geomatic engineering,False,0.21,"constrained to groups within division(s) 40,41"
2104,Nuclear Energy and Engineering,4015,Maritime engineering,False,0.21,"constrained to groups within division(s) 40,41"
2104,Nuclear Energy and Engineering,4010,Engineering practice and education,False,0.178,"constrained to groups within division(s) 40,41"
2104,Nuclear Energy and Engineering,4012,Fluid mechanics and thermal engineering,False,0.158,"constrained to groups within division(s) 40,41"
2104,Nuclear Energy and Engineering,4099,Other engineering,False,0.083,"constrained to groups within division(s) 40,41"
2104,Nuclear Energy and Engineering,4009,"Electronics, sensors and digital hardware",False,0.067,"constrained to groups within division(s) 40,41"
2104,Nuclear Energy and Engineering,4018,Nanotechnology,False,0.0,"constrained to groups within division(s) 40,41"
2104,Nuclear Energy and Engineering,4101,Climate change impacts and adaptation,False,0.0,"constrained to groups within division(s) 40,41"
2104,Nuclear Energy and Engineering,4102,Ecological applications,False,0.0,"constrained to groups within division(s) 40,41"
2104,Nuclear Energy and Engineering,4103,Environmental biotechnology,False,0.0,"constrained to groups within division(s) 40,41"
2104,Nuclear Energy and Engineering,4104,Environmental management,False,0.0,"constrained to groups within division(s) 40,41"
2104,Nuclear Energy and Engineering,4105,Pollution and contamination,False,0.0,"constrained to groups within division(s) 40,41"
2104,Nuclear Energy and Engineering,4106,Soil sciences,False,0.0,"constrained to groups within division(s) 40,41"
2104,Nuclear Energy and Engineering,4199,Other environmental sciences,False,0.0,"constrained to groups within division(s) 40,41"
2105,"Renewable Energy, Sustainability and the Environment",4011,Environmental engineering,True,0.299,"constrained to groups within division(s) 40,41"
2105,"Renewable Energy, Sustainability and the Environment",4008,Electrical engineering,False,0.204,"constrained to groups within division(s) 40,41"
2105,"Renewable Energy, Sustainability and the Environment",4199,Other environmental sciences,False,0.193,"constrained to groups within division(s) 40,41"
2105,"Renewable Energy, Sustainability and the Environment",4103,Environmental biotechnology,False,0.188,"constrained to groups within division(s) 40,41"
2105,"Renewable Energy, Sustainability and the Environment",4104,Environmental management,False,0.172,"constrained to groups within division(s) 40,41"
2105,"Renewable Energy, Sustainability and the Environment",4002,Automotive engineering,False,0.161,"constrained to groups within division(s) 40,41"
2105,"Renewable Energy, Sustainability and the Environment",4010,Engineering practice and education,False,0.15,"constrained to groups within division(s) 40,41"
2105,"Renewable Energy, Sustainability and the Environment",4017,Mechanical engineering,False,0.145,"constrained to groups within division(s) 40,41"
2105,"Renewable Energy, Sustainability and the Environment",4004,Chemical engineering,False,0.136,"constrained to groups within division(s) 40,41"
2105,"Renewable Energy, Sustainability and the Environment",4014,Manufacturing engineering,False,0.117,"constrained to groups within division(s) 40,41"
2105,"Renewable Energy, Sustainability and the Environment",4009,"Electronics, sensors and digital hardware",False,0.107,"constrained to groups within division(s) 40,41"
2105,"Renewable Energy, Sustainability and the Environment",4106,Soil sciences,False,0.103,"constrained to groups within division(s) 40,41"
2105,"Renewable Energy, Sustainability and the Environment",4005,Civil engineering,False,0.094,"constrained to groups within division(s) 40,41"
2105,"Renewable Energy, Sustainability and the Environment",4007,"Control engineering, mechatronics and robotics",False,0.093,"constrained to groups within division(s) 40,41"
2105,"Renewable Energy, Sustainability and the Environment",4006,Communications engineering,False,0.085,"constrained to groups within division(s) 40,41"
2105,"Renewable Energy, Sustainability and the Environment",4012,Fluid mechanics and thermal engineering,False,0.071,"constrained to groups within division(s) 40,41"
2105,"Renewable Energy, Sustainability and the Environment",4099,Other engineering,False,0.069,"constrained to groups within division(s) 40,41"
2105,"Renewable Energy, Sustainability and the Environment",4013,Geomatic engineering,False,0.068,"constrained to groups within division(s) 40,41"
2105,"Renewable Energy, Sustainability and the Environment",4019,Resources engineering and extractive metallurgy,False,0.064,"constrained to groups within division(s) 40,41"
2105,"Renewable Energy, Sustainability and the Environment",4102,Ecological applications,False,0.062,"constrained to groups within division(s) 40,41"
2105,"Renewable Energy, Sustainability and the Environment",4003,Biomedical engineering,False,0.061,"constrained to groups within division(s) 40,41"
2105,"Renewable Energy, Sustainability and the Environment",4018,Nanotechnology,False,0.059,"constrained to groups within division(s) 40,41"
2105,"Renewable Energy, Sustainability and the Environment",4105,Pollution and contamination,False,0.056,"constrained to groups within division(s) 40,41"
2105,"Renewable Energy, Sustainability and the Environment",4016,Materials engineering,False,0.05,"constrained to groups within division(s) 40,41"
2105,"Renewable Energy, Sustainability and the Environment",4101,Climate change impacts and adaptation,False,0.043,"constrained to groups within division(s) 40,41"
2105,"Renewable Energy, Sustainability and the Environment",4001,Aerospace engineering,False,0.038,"constrained to groups within division(s) 40,41"
2105,"Renewable Energy, Sustainability and the Environment",4015,Maritime engineering,False,0.036,"constrained to groups within division(s) 40,41"
2200,General Engineering,4005,Civil engineering,True,0.8,"constrained to groups within division(s) 40,33"
2200,General Engineering,4019,Resources engineering and extractive metallurgy,False,0.411,"constrained to groups within division(s) 40,33"
2200,General Engineering,4008,Electrical engineering,False,0.4,"constrained to groups within division(s) 40,33"
2200,General Engineering,4017,Mechanical engineering,False,0.4,"constrained to groups within division(s) 40,33"
2200,General Engineering,4001,Aerospace engineering,False,0.3,"constrained to groups within division(s) 40,33"
2200,General Engineering,4002,Automotive engineering,False,0.3,"constrained to groups within division(s) 40,33"
2200,General Engineering,4003,Biomedical engineering,False,0.3,"constrained to groups within division(s) 40,33"
2200,General Engineering,4004,Chemical engineering,False,0.3,"constrained to groups within division(s) 40,33"
2200,General Engineering,4006,Communications engineering,False,0.3,"constrained to groups within division(s) 40,33"
2200,General Engineering,4011,Environmental engineering,False,0.3,"constrained to groups within division(s) 40,33"
2200,General Engineering,4013,Geomatic engineering,False,0.3,"constrained to groups within division(s) 40,33"
2200,General Engineering,4014,Manufacturing engineering,False,0.3,"constrained to groups within division(s) 40,33"
2200,General Engineering,4015,Maritime engineering,False,0.3,"constrained to groups within division(s) 40,33"
2200,General Engineering,4016,Materials engineering,False,0.3,"constrained to groups within division(s) 40,33"
2200,General Engineering,4010,Engineering practice and education,False,0.243,"constrained to groups within division(s) 40,33"
2200,General Engineering,4007,"Control engineering, mechatronics and robotics",False,0.211,"constrained to groups within division(s) 40,33"
2200,General Engineering,4012,Fluid mechanics and thermal engineering,False,0.211,"constrained to groups within division(s) 40,33"
2200,General Engineering,4099,Other engineering,False,0.13,"constrained to groups within division(s) 40,33"
2200,General Engineering,3303,Design,False,0.1,"constrained to groups within division(s) 40,33"
2200,General Engineering,4009,"Electronics, sensors and digital hardware",False,0.1,"constrained to groups within division(s) 40,33"
2200,General Engineering,3301,Architecture,False,0.0,"constrained to groups within division(s) 40,33"
2200,General Engineering,3302,Building,False,0.0,"constrained to groups within division(s) 40,33"
2200,General Engineering,3304,Urban and regional planning,False,0.0,"constrained to groups within division(s) 40,33"
2200,General Engineering,3399,Other built environment and design,False,0.0,"constrained to groups within division(s) 40,33"
2200,General Engineering,4018,Nanotechnology,False,0.0,"constrained to groups within division(s) 40,33"
2202,Aerospace Engineering,4001,Aerospace engineering,True,1.0,"constrained to groups within division(s) 40,33"
2202,Aerospace Engineering,4006,Communications engineering,False,0.519,"constrained to groups within division(s) 40,33"
2202,Aerospace Engineering,4017,Mechanical engineering,False,0.418,"constrained to groups within division(s) 40,33"
2202,Aerospace Engineering,4004,Chemical engineering,False,0.397,"constrained to groups within division(s) 40,33"
2202,Aerospace Engineering,4002,Automotive engineering,False,0.361,"constrained to groups within division(s) 40,33"
2202,Aerospace Engineering,4010,Engineering practice and education,False,0.343,"constrained to groups within division(s) 40,33"
2202,Aerospace Engineering,4013,Geomatic engineering,False,0.336,"constrained to groups within division(s) 40,33"
2202,Aerospace Engineering,4008,Electrical engineering,False,0.322,"constrained to groups within division(s) 40,33"
2202,Aerospace Engineering,4003,Biomedical engineering,False,0.321,"constrained to groups within division(s) 40,33"
2202,Aerospace Engineering,4014,Manufacturing engineering,False,0.3,"constrained to groups within division(s) 40,33"
2202,Aerospace Engineering,4005,Civil engineering,False,0.294,"constrained to groups within division(s) 40,33"
2202,Aerospace Engineering,4011,Environmental engineering,False,0.283,"constrained to groups within division(s) 40,33"
2202,Aerospace Engineering,4007,"Control engineering, mechatronics and robotics",False,0.278,"constrained to groups within division(s) 40,33"
2202,Aerospace Engineering,4012,Fluid mechanics and thermal engineering,False,0.276,"constrained to groups within division(s) 40,33"
2202,Aerospace Engineering,4016,Materials engineering,False,0.267,"constrained to groups within division(s) 40,33"
2202,Aerospace Engineering,4015,Maritime engineering,False,0.236,"constrained to groups within division(s) 40,33"
2202,Aerospace Engineering,4019,Resources engineering and extractive metallurgy,False,0.217,"constrained to groups within division(s) 40,33"
2202,Aerospace Engineering,4009,"Electronics, sensors and digital hardware",False,0.147,"constrained to groups within division(s) 40,33"
2202,Aerospace Engineering,4099,Other engineering,False,0.146,"constrained to groups within division(s) 40,33"
2202,Aerospace Engineering,3301,Architecture,False,0.116,"constrained to groups within division(s) 40,33"
2202,Aerospace Engineering,3304,Urban and regional planning,False,0.1,"constrained to groups within division(s) 40,33"
2202,Aerospace Engineering,4018,Nanotechnology,False,0.088,"constrained to groups within division(s) 40,33"
2202,Aerospace Engineering,3302,Building,False,0.081,"constrained to groups within division(s) 40,33"
2202,Aerospace Engineering,3303,Design,False,0.06,"constrained to groups within division(s) 40,33"
2202,Aerospace Engineering,3399,Other built environment and design,False,0.05,"constrained to groups within division(s) 40,33"
2203,Automotive Engineering,4002,Automotive engineering,True,1.0,"constrained to groups within division(s) 40,33"
2203,Automotive Engineering,4017,Mechanical engineering,False,0.345,"constrained to groups within division(s) 40,33"
2203,Automotive Engineering,4001,Aerospace engineering,False,0.335,"constrained to groups within division(s) 40,33"
2203,Automotive Engineering,4014,Manufacturing engineering,False,0.333,"constrained to groups within division(s) 40,33"
2203,Automotive Engineering,4008,Electrical engineering,False,0.322,"constrained to groups within division(s) 40,33"
2203,Automotive Engineering,4007,"Control engineering, mechatronics and robotics",False,0.296,"constrained to groups within division(s) 40,33"
2203,Automotive Engineering,4005,Civil engineering,False,0.294,"constrained to groups within division(s) 40,33"
2203,Automotive Engineering,4015,Maritime engineering,False,0.271,"constrained to groups within division(s) 40,33"
2203,Automotive Engineering,4013,Geomatic engineering,False,0.268,"constrained to groups within division(s) 40,33"
2203,Automotive Engineering,4016,Materials engineering,False,0.267,"constrained to groups within division(s) 40,33"
2203,Automotive Engineering,4006,Communications engineering,False,0.264,"constrained to groups within division(s) 40,33"
2203,Automotive Engineering,4004,Chemical engineering,False,0.261,"constrained to groups within division(s) 40,33"
2203,Automotive Engineering,4010,Engineering practice and education,False,0.243,"constrained to groups within division(s) 40,33"
2203,Automotive Engineering,4011,Environmental engineering,False,0.242,"constrained to groups within division(s) 40,33"
2203,Automotive Engineering,4003,Biomedical engineering,False,0.23,"constrained to groups within division(s) 40,33"
2203,Automotive Engineering,4019,Resources engineering and extractive metallurgy,False,0.196,"constrained to groups within division(s) 40,33"
2203,Automotive Engineering,4012,Fluid mechanics and thermal engineering,False,0.15,"constrained to groups within division(s) 40,33"
2203,Automotive Engineering,4099,Other engineering,False,0.123,"constrained to groups within division(s) 40,33"
2203,Automotive Engineering,3302,Building,False,0.081,"constrained to groups within division(s) 40,33"
2203,Automotive Engineering,4018,Nanotechnology,False,0.059,"constrained to groups within division(s) 40,33"
2203,Automotive Engineering,4009,"Electronics, sensors and digital hardware",False,0.053,"constrained to groups within division(s) 40,33"
2203,Automotive Engineering,3304,Urban and regional planning,False,0.029,"constrained to groups within division(s) 40,33"
2203,Automotive Engineering,3301,Architecture,False,0.023,"constrained to groups within division(s) 40,33"
2203,Automotive Engineering,3303,Design,False,0.013,"constrained to groups within division(s) 40,33"
2203,Automotive Engineering,3399,Other built environment and design,False,0.0,"constrained to groups within division(s) 40,33"
2204,Biomedical Engineering,4003,Biomedical engineering,True,1.0,"constrained to groups within division(s) 40,33"
2204,Biomedical Engineering,4006,Communications engineering,False,0.455,"constrained to groups within division(s) 40,33"
2204,Biomedical Engineering,4010,Engineering practice and education,False,0.443,"constrained to groups within division(s) 40,33"
2204,Biomedical Engineering,4017,Mechanical engineering,False,0.436,"constrained to groups within division(s) 40,33"
2204,Biomedical Engineering,4002,Automotive engineering,False,0.426,"constrained to groups within division(s) 40,33"
2204,Biomedical Engineering,4004,Chemical engineering,False,0.412,"constrained to groups within division(s) 40,33"
2204,Biomedical Engineering,4008,Electrical engineering,False,0.404,"constrained to groups within division(s) 40,33"
2204,Biomedical Engineering,4014,Manufacturing engineering,False,0.35,"constrained to groups within division(s) 40,33"
2204,Biomedical Engineering,4013,Geomatic engineering,False,0.336,"constrained to groups within division(s) 40,33"
2204,Biomedical Engineering,4012,Fluid mechanics and thermal engineering,False,0.335,"constrained to groups within division(s) 40,33"
2204,Biomedical Engineering,4001,Aerospace engineering,False,0.335,"constrained to groups within division(s) 40,33"
2204,Biomedical Engineering,4007,"Control engineering, mechatronics and robotics",False,0.333,"constrained to groups within division(s) 40,33"
2204,Biomedical Engineering,4005,Civil engineering,False,0.332,"constrained to groups within division(s) 40,33"
2204,Biomedical Engineering,4016,Materials engineering,False,0.3,"constrained to groups within division(s) 40,33"
2204,Biomedical Engineering,4011,Environmental engineering,False,0.283,"constrained to groups within division(s) 40,33"
2204,Biomedical Engineering,4018,Nanotechnology,False,0.265,"constrained to groups within division(s) 40,33"
2204,Biomedical Engineering,4019,Resources engineering and extractive metallurgy,False,0.239,"constrained to groups within division(s) 40,33"
2204,Biomedical Engineering,4015,Maritime engineering,False,0.236,"constrained to groups within division(s) 40,33"
2204,Biomedical Engineering,4099,Other engineering,False,0.169,"constrained to groups within division(s) 40,33"
2204,Biomedical Engineering,4009,"Electronics, sensors and digital hardware",False,0.147,"constrained to groups within division(s) 40,33"
2204,Biomedical Engineering,3303,Design,False,0.108,"constrained to groups within division(s) 40,33"
2204,Biomedical Engineering,3399,Other built environment and design,False,0.1,"constrained to groups within division(s) 40,33"
2204,Biomedical Engineering,3301,Architecture,False,0.093,"constrained to groups within division(s) 40,33"
2204,Biomedical Engineering,3304,Urban and regional planning,False,0.086,"constrained to groups within division(s) 40,33"
2204,Biomedical Engineering,3302,Building,False,0.081,"constrained to groups within division(s) 40,33"
2205,Civil and Structural Engineering,4005,Civil engineering,True,0.711,"constrained to groups within division(s) 40,33"
2205,Civil and Structural Engineering,4002,Automotive engineering,False,0.369,"constrained to groups within division(s) 40,33"
2205,Civil and Structural Engineering,4001,Aerospace engineering,False,0.297,"constrained to groups within division(s) 40,33"
2205,Civil and Structural Engineering,4017,Mechanical engineering,False,0.288,"constrained to groups within division(s) 40,33"
2205,Civil and Structural Engineering,4015,Maritime engineering,False,0.25,"constrained to groups within division(s) 40,33"
2205,Civil and Structural Engineering,4014,Manufacturing engineering,False,0.243,"constrained to groups within division(s) 40,33"
2205,Civil and Structural Engineering,4011,Environmental engineering,False,0.226,"constrained to groups within division(s) 40,33"
2205,Civil and Structural Engineering,4008,Electrical engineering,False,0.224,"constrained to groups within division(s) 40,33"
2205,Civil and Structural Engineering,4012,Fluid mechanics and thermal engineering,False,0.22,"constrained to groups within division(s) 40,33"
2205,Civil and Structural Engineering,4004,Chemical engineering,False,0.219,"constrained to groups within division(s) 40,33"
2205,Civil and Structural Engineering,4010,Engineering practice and education,False,0.211,"constrained to groups within division(s) 40,33"
2205,Civil and Structural Engineering,4016,Materials engineering,False,0.21,"constrained to groups within division(s) 40,33"
2205,Civil and Structural Engineering,4006,Communications engineering,False,0.207,"constrained to groups within division(s) 40,33"
2205,Civil and Structural Engineering,4003,Biomedical engineering,False,0.203,"constrained to groups within division(s) 40,33"
2205,Civil and Structural Engineering,4007,"Control engineering, mechatronics and robotics",False,0.202,"constrained to groups within division(s) 40,33"
2205,Civil and Structural Engineering,4019,Resources engineering and extractive metallurgy,False,0.197,"constrained to groups within division(s) 40,33"
2205,Civil and Structural Engineering,4013,Geomatic engineering,False,0.188,"constrained to groups within division(s) 40,33"
2205,Civil and Structural Engineering,3302,Building,False,0.135,"constrained to groups within division(s) 40,33"
2205,Civil and Structural Engineering,4099,Other engineering,False,0.106,"constrained to groups within division(s) 40,33"
2205,Civil and Structural Engineering,3304,Urban and regional planning,False,0.071,"constrained to groups within division(s) 40,33"
2205,Civil and Structural Engineering,4009,"Electronics, sensors and digital hardware",False,0.067,"constrained to groups within division(s) 40,33"
2205,Civil and Structural Engineering,3301,Architecture,False,0.047,"constrained to groups within division(s) 40,33"
2205,Civil and Structural Engineering,3303,Design,False,0.036,"constrained to groups within division(s) 40,33"
2205,Civil and Structural Engineering,4018,Nanotechnology,False,0.029,"constrained to groups within division(s) 40,33"
2205,Civil and Structural Engineering,3399,Other built environment and design,False,0.0,"constrained to groups within division(s) 40,33"
2206,Computational Mechanics,4012,Fluid mechanics and thermal engineering,True,0.37,"constrained to groups within division(s) 40,33"
2206,Computational Mechanics,4017,Mechanical engineering,False,0.327,"constrained to groups within division(s) 40,33"
2206,Computational Mechanics,4007,"Control engineering, mechatronics and robotics",False,0.222,"constrained to groups within division(s) 40,33"
2206,Computational Mechanics,4004,Chemical engineering,False,0.182,"constrained to groups within division(s) 40,33"
2206,Computational Mechanics,4003,Biomedical engineering,False,0.152,"constrained to groups within division(s) 40,33"
2206,Computational Mechanics,4002,Automotive engineering,False,0.129,"constrained to groups within division(s) 40,33"
2206,Computational Mechanics,4005,Civil engineering,False,0.094,"constrained to groups within division(s) 40,33"
2206,Computational Mechanics,4009,"Electronics, sensors and digital hardware",False,0.093,"constrained to groups within division(s) 40,33"
2206,Computational Mechanics,3301,Architecture,False,0.093,"constrained to groups within division(s) 40,33"
2206,Computational Mechanics,4099,Other engineering,False,0.092,"constrained to groups within division(s) 40,33"
2206,Computational Mechanics,4006,Communications engineering,False,0.085,"constrained to groups within division(s) 40,33"
2206,Computational Mechanics,4014,Manufacturing engineering,False,0.083,"constrained to groups within division(s) 40,33"
2206,Computational Mechanics,4001,Aerospace engineering,False,0.077,"constrained to groups within division(s) 40,33"
2206,Computational Mechanics,4013,Geomatic engineering,False,0.068,"constrained to groups within division(s) 40,33"
2206,Computational Mechanics,4016,Materials engineering,False,0.067,"constrained to groups within division(s) 40,33"
2206,Computational Mechanics,4019,Resources engineering and extractive metallurgy,False,0.064,"constrained to groups within division(s) 40,33"
2206,Computational Mechanics,4011,Environmental engineering,False,0.062,"constrained to groups within division(s) 40,33"
2206,Computational Mechanics,3303,Design,False,0.06,"constrained to groups within division(s) 40,33"
2206,Computational Mechanics,3302,Building,False,0.054,"constrained to groups within division(s) 40,33"
2206,Computational Mechanics,4010,Engineering practice and education,False,0.05,"constrained to groups within division(s) 40,33"
2206,Computational Mechanics,4008,Electrical engineering,False,0.041,"constrained to groups within division(s) 40,33"
2206,Computational Mechanics,4015,Maritime engineering,False,0.036,"constrained to groups within division(s) 40,33"
2206,Computational Mechanics,3304,Urban and regional planning,False,0.029,"constrained to groups within division(s) 40,33"
2206,Computational Mechanics,3399,Other built environment and design,False,0.0,"constrained to groups within division(s) 40,33"
2206,Computational Mechanics,4018,Nanotechnology,False,0.0,"constrained to groups within division(s) 40,33"
2207,Control and Systems Engineering,4007,"Control engineering, mechatronics and robotics",True,0.515,"constrained to groups within division(s) 40,33"
2207,Control and Systems Engineering,4006,Communications engineering,False,0.377,"constrained to groups within division(s) 40,33"
2207,Control and Systems Engineering,4010,Engineering practice and education,False,0.361,"constrained to groups within division(s) 40,33"
2207,Control and Systems Engineering,4014,Manufacturing engineering,False,0.326,"constrained to groups within division(s) 40,33"
2207,Control and Systems Engineering,4017,Mechanical engineering,False,0.306,"constrained to groups within division(s) 40,33"
2207,Control and Systems Engineering,4008,Electrical engineering,False,0.306,"constrained to groups within division(s) 40,33"
2207,Control and Systems Engineering,4002,Automotive engineering,False,0.304,"constrained to groups within division(s) 40,33"
2207,Control and Systems Engineering,4001,Aerospace engineering,False,0.297,"constrained to groups within division(s) 40,33"
2207,Control and Systems Engineering,4004,Chemical engineering,False,0.264,"constrained to groups within division(s) 40,33"
2207,Control and Systems Engineering,4011,Environmental engineering,False,0.247,"constrained to groups within division(s) 40,33"
2207,Control and Systems Engineering,4005,Civil engineering,False,0.237,"constrained to groups within division(s) 40,33"
2207,Control and Systems Engineering,4013,Geomatic engineering,False,0.234,"constrained to groups within division(s) 40,33"
2207,Control and Systems Engineering,4003,Biomedical engineering,False,0.203,"constrained to groups within division(s) 40,33"
2207,Control and Systems Engineering,4015,Maritime engineering,False,0.179,"constrained to groups within division(s) 40,33"
2207,Control and Systems Engineering,4016,Materials engineering,False,0.176,"constrained to groups within division(s) 40,33"
2207,Control and Systems Engineering,4012,Fluid mechanics and thermal engineering,False,0.173,"constrained to groups within division(s) 40,33"
2207,Control and Systems Engineering,3302,Building,False,0.162,"constrained to groups within division(s) 40,33"
2207,Control and Systems Engineering,4019,Resources engineering and extractive metallurgy,False,0.155,"constrained to groups within division(s) 40,33"
2207,Control and Systems Engineering,4009,"Electronics, sensors and digital hardware",False,0.107,"constrained to groups within division(s) 40,33"
2207,Control and Systems Engineering,4099,Other engineering,False,0.106,"constrained to groups within division(s) 40,33"
2207,Control and Systems Engineering,3301,Architecture,False,0.093,"constrained to groups within division(s) 40,33"
2207,Control and Systems Engineering,3303,Design,False,0.084,"constrained to groups within division(s) 40,33"
2207,Control and Systems Engineering,3304,Urban and regional planning,False,0.071,"constrained to groups within division(s) 40,33"
2207,Control and Systems Engineering,4018,Nanotechnology,False,0.059,"constrained to groups within division(s) 40,33"
2207,Control and Systems Engineering,3399,Other built environment and design,False,0.05,"constrained to groups within division(s) 40,33"
2208,Electrical and Electronic Engineering,4008,Electrical engineering,True,1.0,"constrained to groups within division(s) 40,33"
2208,Electrical and Electronic Engineering,4006,Communications engineering,False,0.592,"constrained to groups within division(s) 40,33"
2208,Electrical and Electronic Engineering,4017,Mechanical engineering,False,0.439,"constrained to groups within division(s) 40,33"
2208,Electrical and Electronic Engineering,4002,Automotive engineering,False,0.425,"constrained to groups within division(s) 40,33"
2208,Electrical and Electronic Engineering,4009,"Electronics, sensors and digital hardware",False,0.393,"constrained to groups within division(s) 40,33"
2208,Electrical and Electronic Engineering,4001,Aerospace engineering,False,0.378,"constrained to groups within division(s) 40,33"
2208,Electrical and Electronic Engineering,4014,Manufacturing engineering,False,0.367,"constrained to groups within division(s) 40,33"
2208,Electrical and Electronic Engineering,4004,Chemical engineering,False,0.364,"constrained to groups within division(s) 40,33"
2208,Electrical and Electronic Engineering,4013,Geomatic engineering,False,0.326,"constrained to groups within division(s) 40,33"
2208,Electrical and Electronic Engineering,4003,Biomedical engineering,False,0.318,"constrained to groups within division(s) 40,33"
2208,Electrical and Electronic Engineering,4016,Materials engineering,False,0.317,"constrained to groups within division(s) 40,33"
2208,Electrical and Electronic Engineering,4007,"Control engineering, mechatronics and robotics",False,0.304,"constrained to groups within division(s) 40,33"
2208,Electrical and Electronic Engineering,4005,Civil engineering,False,0.299,"constrained to groups within division(s) 40,33"
2208,Electrical and Electronic Engineering,4011,Environmental engineering,False,0.292,"constrained to groups within division(s) 40,33"
2208,Electrical and Electronic Engineering,4010,Engineering practice and education,False,0.275,"constrained to groups within division(s) 40,33"
2208,Electrical and Electronic Engineering,4012,Fluid mechanics and thermal engineering,False,0.241,"constrained to groups within division(s) 40,33"
2208,Electrical and Electronic Engineering,4015,Maritime engineering,False,0.238,"constrained to groups within division(s) 40,33"
2208,Electrical and Electronic Engineering,4018,Nanotechnology,False,0.235,"constrained to groups within division(s) 40,33"
2208,Electrical and Electronic Engineering,4019,Resources engineering and extractive metallurgy,False,0.185,"constrained to groups within division(s) 40,33"
2208,Electrical and Electronic Engineering,3301,Architecture,False,0.163,"constrained to groups within division(s) 40,33"
2208,Electrical and Electronic Engineering,3303,Design,False,0.145,"constrained to groups within division(s) 40,33"
2208,Electrical and Electronic Engineering,3302,Building,False,0.135,"constrained to groups within division(s) 40,33"
2208,Electrical and Electronic Engineering,3304,Urban and regional planning,False,0.1,"constrained to groups within division(s) 40,33"
2208,Electrical and Electronic Engineering,4099,Other engineering,False,0.098,"constrained to groups within division(s) 40,33"
2208,Electrical and Electronic Engineering,3399,Other built environment and design,False,0.05,"constrained to groups within division(s) 40,33"
2209,Industrial and Manufacturing Engineering,4014,Manufacturing engineering,True,0.8,"constrained to groups within division(s) 40,33"
2209,Industrial and Manufacturing Engineering,4002,Automotive engineering,False,0.272,"constrained to groups within division(s) 40,33"
2209,Industrial and Manufacturing Engineering,4015,Maritime engineering,False,0.25,"constrained to groups within division(s) 40,33"
2209,Industrial and Manufacturing Engineering,4011,Environmental engineering,False,0.247,"constrained to groups within division(s) 40,33"
2209,Industrial and Manufacturing Engineering,4006,Communications engineering,False,0.228,"constrained to groups within division(s) 40,33"
2209,Industrial and Manufacturing Engineering,4008,Electrical engineering,False,0.224,"constrained to groups within division(s) 40,33"
2209,Industrial and Manufacturing Engineering,4007,"Control engineering, mechatronics and robotics",False,0.221,"constrained to groups within division(s) 40,33"
2209,Industrial and Manufacturing Engineering,4010,Engineering practice and education,False,0.211,"constrained to groups within division(s) 40,33"
2209,Industrial and Manufacturing Engineering,4013,Geomatic engineering,False,0.211,"constrained to groups within division(s) 40,33"
2209,Industrial and Manufacturing Engineering,4004,Chemical engineering,False,0.203,"constrained to groups within division(s) 40,33"
2209,Industrial and Manufacturing Engineering,4001,Aerospace engineering,False,0.201,"constrained to groups within division(s) 40,33"
2209,Industrial and Manufacturing Engineering,4005,Civil engineering,False,0.199,"constrained to groups within division(s) 40,33"
2209,Industrial and Manufacturing Engineering,4017,Mechanical engineering,False,0.197,"constrained to groups within division(s) 40,33"
2209,Industrial and Manufacturing Engineering,4016,Materials engineering,False,0.193,"constrained to groups within division(s) 40,33"
2209,Industrial and Manufacturing Engineering,4003,Biomedical engineering,False,0.173,"constrained to groups within division(s) 40,33"
2209,Industrial and Manufacturing Engineering,4019,Resources engineering and extractive metallurgy,False,0.133,"constrained to groups within division(s) 40,33"
2209,Industrial and Manufacturing Engineering,4012,Fluid mechanics and thermal engineering,False,0.126,"constrained to groups within division(s) 40,33"
2209,Industrial and Manufacturing Engineering,3302,Building,False,0.108,"constrained to groups within division(s) 40,33"
2209,Industrial and Manufacturing Engineering,4099,Other engineering,False,0.083,"constrained to groups within division(s) 40,33"
2209,Industrial and Manufacturing Engineering,3301,Architecture,False,0.07,"constrained to groups within division(s) 40,33"
2209,Industrial and Manufacturing Engineering,4009,"Electronics, sensors and digital hardware",False,0.067,"constrained to groups within division(s) 40,33"
2209,Industrial and Manufacturing Engineering,4018,Nanotechnology,False,0.059,"constrained to groups within division(s) 40,33"
2209,Industrial and Manufacturing Engineering,3303,Design,False,0.036,"constrained to groups within division(s) 40,33"
2209,Industrial and Manufacturing Engineering,3304,Urban and regional planning,False,0.014,"constrained to groups within division(s) 40,33"
2209,Industrial and Manufacturing Engineering,3399,Other built environment and design,False,0.0,"constrained to groups within division(s) 40,33"
2210,Mechanical Engineering,4017,Mechanical engineering,True,1.0,"constrained to groups within division(s) 40,33"
2210,Mechanical Engineering,4002,Automotive engineering,False,0.523,"constrained to groups within division(s) 40,33"
2210,Mechanical Engineering,4007,"Control engineering, mechatronics and robotics",False,0.509,"constrained to groups within division(s) 40,33"
2210,Mechanical Engineering,4014,Manufacturing engineering,False,0.467,"constrained to groups within division(s) 40,33"
2210,Mechanical Engineering,4004,Chemical engineering,False,0.458,"constrained to groups within division(s) 40,33"
2210,Mechanical Engineering,4010,Engineering practice and education,False,0.443,"constrained to groups within division(s) 40,33"
2210,Mechanical Engineering,4012,Fluid mechanics and thermal engineering,False,0.426,"constrained to groups within division(s) 40,33"
2210,Mechanical Engineering,4016,Materials engineering,False,0.417,"constrained to groups within division(s) 40,33"
2210,Mechanical Engineering,4001,Aerospace engineering,False,0.412,"constrained to groups within division(s) 40,33"
2210,Mechanical Engineering,4011,Environmental engineering,False,0.388,"constrained to groups within division(s) 40,33"
2210,Mechanical Engineering,4008,Electrical engineering,False,0.384,"constrained to groups within division(s) 40,33"
2210,Mechanical Engineering,4005,Civil engineering,False,0.37,"constrained to groups within division(s) 40,33"
2210,Mechanical Engineering,4019,Resources engineering and extractive metallurgy,False,0.345,"constrained to groups within division(s) 40,33"
2210,Mechanical Engineering,4015,Maritime engineering,False,0.343,"constrained to groups within division(s) 40,33"
2210,Mechanical Engineering,4006,Communications engineering,False,0.328,"constrained to groups within division(s) 40,33"
2210,Mechanical Engineering,4013,Geomatic engineering,False,0.314,"constrained to groups within division(s) 40,33"
2210,Mechanical Engineering,4003,Biomedical engineering,False,0.261,"constrained to groups within division(s) 40,33"
2210,Mechanical Engineering,4099,Other engineering,False,0.215,"constrained to groups within division(s) 40,33"
2210,Mechanical Engineering,4009,"Electronics, sensors and digital hardware",False,0.16,"constrained to groups within division(s) 40,33"
2210,Mechanical Engineering,3302,Building,False,0.135,"constrained to groups within division(s) 40,33"
2210,Mechanical Engineering,3301,Architecture,False,0.116,"constrained to groups within division(s) 40,33"
2210,Mechanical Engineering,3303,Design,False,0.108,"constrained to groups within division(s) 40,33"
2210,Mechanical Engineering,3399,Other built environment and design,False,0.1,"constrained to groups within division(s) 40,33"
2210,Mechanical Engineering,4018,Nanotechnology,False,0.088,"constrained to groups within division(s) 40,33"
2210,Mechanical Engineering,3304,Urban and regional planning,False,0.086,"constrained to groups within division(s) 40,33"
2211,Mechanics of Materials,4017,Mechanical engineering,True,0.382,"constrained to groups within division(s) 40,33"
2211,Mechanics of Materials,4016,Materials engineering,False,0.3,"constrained to groups within division(s) 40,33"
2211,Mechanics of Materials,4012,Fluid mechanics and thermal engineering,False,0.217,"constrained to groups within division(s) 40,33"
2211,Mechanics of Materials,4007,"Control engineering, mechatronics and robotics",False,0.204,"constrained to groups within division(s) 40,33"
2211,Mechanics of Materials,4019,Resources engineering and extractive metallurgy,False,0.191,"constrained to groups within division(s) 40,33"
2211,Mechanics of Materials,4002,Automotive engineering,False,0.161,"constrained to groups within division(s) 40,33"
2211,Mechanics of Materials,4013,Geomatic engineering,False,0.136,"constrained to groups within division(s) 40,33"
2211,Mechanics of Materials,4005,Civil engineering,False,0.113,"constrained to groups within division(s) 40,33"
2211,Mechanics of Materials,3302,Building,False,0.108,"constrained to groups within division(s) 40,33"
2211,Mechanics of Materials,4015,Maritime engineering,False,0.107,"constrained to groups within division(s) 40,33"
2211,Mechanics of Materials,4006,Communications engineering,False,0.106,"constrained to groups within division(s) 40,33"
2211,Mechanics of Materials,4010,Engineering practice and education,False,0.1,"constrained to groups within division(s) 40,33"
2211,Mechanics of Materials,3301,Architecture,False,0.093,"constrained to groups within division(s) 40,33"
2211,Mechanics of Materials,4003,Biomedical engineering,False,0.091,"constrained to groups within division(s) 40,33"
2211,Mechanics of Materials,4004,Chemical engineering,False,0.091,"constrained to groups within division(s) 40,33"
2211,Mechanics of Materials,4014,Manufacturing engineering,False,0.083,"constrained to groups within division(s) 40,33"
2211,Mechanics of Materials,4008,Electrical engineering,False,0.082,"constrained to groups within division(s) 40,33"
2211,Mechanics of Materials,4001,Aerospace engineering,False,0.077,"constrained to groups within division(s) 40,33"
2211,Mechanics of Materials,4009,"Electronics, sensors and digital hardware",False,0.067,"constrained to groups within division(s) 40,33"
2211,Mechanics of Materials,4011,Environmental engineering,False,0.062,"constrained to groups within division(s) 40,33"
2211,Mechanics of Materials,3303,Design,False,0.048,"constrained to groups within division(s) 40,33"
2211,Mechanics of Materials,4099,Other engineering,False,0.046,"constrained to groups within division(s) 40,33"
2211,Mechanics of Materials,4018,Nanotechnology,False,0.029,"constrained to groups within division(s) 40,33"
2211,Mechanics of Materials,3304,Urban and regional planning,False,0.029,"constrained to groups within division(s) 40,33"
2211,Mechanics of Materials,3399,Other built environment and design,False,0.0,"constrained to groups within division(s) 40,33"
2212,Ocean Engineering,4015,Maritime engineering,True,0.521,"constrained to groups within division(s) 40,33"
2212,Ocean Engineering,4006,Communications engineering,False,0.37,"constrained to groups within division(s) 40,33"
2212,Ocean Engineering,4005,Civil engineering,False,0.37,"constrained to groups within division(s) 40,33"
2212,Ocean Engineering,4002,Automotive engineering,False,0.361,"constrained to groups within division(s) 40,33"
2212,Ocean Engineering,4013,Geomatic engineering,False,0.336,"constrained to groups within division(s) 40,33"
2212,Ocean Engineering,4004,Chemical engineering,False,0.321,"constrained to groups within division(s) 40,33"
2212,Ocean Engineering,4014,Manufacturing engineering,False,0.317,"constrained to groups within division(s) 40,33"
2212,Ocean Engineering,4017,Mechanical engineering,False,0.309,"constrained to groups within division(s) 40,33"
2212,Ocean Engineering,4011,Environmental engineering,False,0.304,"constrained to groups within division(s) 40,33"
2212,Ocean Engineering,4008,Electrical engineering,False,0.302,"constrained to groups within division(s) 40,33"
2212,Ocean Engineering,4001,Aerospace engineering,False,0.296,"constrained to groups within division(s) 40,33"
2212,Ocean Engineering,4019,Resources engineering and extractive metallurgy,False,0.26,"constrained to groups within division(s) 40,33"
2212,Ocean Engineering,4016,Materials engineering,False,0.25,"constrained to groups within division(s) 40,33"
2212,Ocean Engineering,4010,Engineering practice and education,False,0.243,"constrained to groups within division(s) 40,33"
2212,Ocean Engineering,4003,Biomedical engineering,False,0.23,"constrained to groups within division(s) 40,33"
2212,Ocean Engineering,4007,"Control engineering, mechatronics and robotics",False,0.222,"constrained to groups within division(s) 40,33"
2212,Ocean Engineering,4012,Fluid mechanics and thermal engineering,False,0.217,"constrained to groups within division(s) 40,33"
2212,Ocean Engineering,3302,Building,False,0.135,"constrained to groups within division(s) 40,33"
2212,Ocean Engineering,4099,Other engineering,False,0.123,"constrained to groups within division(s) 40,33"
2212,Ocean Engineering,4009,"Electronics, sensors and digital hardware",False,0.093,"constrained to groups within division(s) 40,33"
2212,Ocean Engineering,3301,Architecture,False,0.093,"constrained to groups within division(s) 40,33"
2212,Ocean Engineering,3303,Design,False,0.072,"constrained to groups within division(s) 40,33"
2212,Ocean Engineering,3304,Urban and regional planning,False,0.057,"constrained to groups within division(s) 40,33"
2212,Ocean Engineering,3399,Other built environment and design,False,0.05,"constrained to groups within division(s) 40,33"
2212,Ocean Engineering,4018,Nanotechnology,False,0.029,"constrained to groups within division(s) 40,33"
2213,"Safety, Risk, Reliability and Quality",4010,Engineering practice and education,True,0.2,"constrained to groups within division(s) 40,33"
2213,"Safety, Risk, Reliability and Quality",4002,Automotive engineering,False,0.161,"constrained to groups within division(s) 40,33"
2213,"Safety, Risk, Reliability and Quality",4005,Civil engineering,False,0.151,"constrained to groups within division(s) 40,33"
2213,"Safety, Risk, Reliability and Quality",3302,Building,False,0.135,"constrained to groups within division(s) 40,33"
2213,"Safety, Risk, Reliability and Quality",4011,Environmental engineering,False,0.125,"constrained to groups within division(s) 40,33"
2213,"Safety, Risk, Reliability and Quality",4014,Manufacturing engineering,False,0.117,"constrained to groups within division(s) 40,33"
2213,"Safety, Risk, Reliability and Quality",4007,"Control engineering, mechatronics and robotics",False,0.111,"constrained to groups within division(s) 40,33"
2213,"Safety, Risk, Reliability and Quality",4019,Resources engineering and extractive metallurgy,False,0.106,"constrained to groups within division(s) 40,33"
2213,"Safety, Risk, Reliability and Quality",4017,Mechanical engineering,False,0.091,"constrained to groups within division(s) 40,33"
2213,"Safety, Risk, Reliability and Quality",4009,"Electronics, sensors and digital hardware",False,0.088,"constrained to groups within division(s) 40,33"
2213,"Safety, Risk, Reliability and Quality",4008,Electrical engineering,False,0.082,"constrained to groups within division(s) 40,33"
2213,"Safety, Risk, Reliability and Quality",3303,Design,False,0.074,"constrained to groups within division(s) 40,33"
2213,"Safety, Risk, Reliability and Quality",4013,Geomatic engineering,False,0.068,"constrained to groups within division(s) 40,33"
2213,"Safety, Risk, Reliability and Quality",4006,Communications engineering,False,0.064,"constrained to groups within division(s) 40,33"
2213,"Safety, Risk, Reliability and Quality",4001,Aerospace engineering,False,0.058,"constrained to groups within division(s) 40,33"
2213,"Safety, Risk, Reliability and Quality",3301,Architecture,False,0.047,"constrained to groups within division(s) 40,33"
2213,"Safety, Risk, Reliability and Quality",4004,Chemical engineering,False,0.045,"constrained to groups within division(s) 40,33"
2213,"Safety, Risk, Reliability and Quality",3304,Urban and regional planning,False,0.044,"constrained to groups within division(s) 40,33"
2213,"Safety, Risk, Reliability and Quality",4015,Maritime engineering,False,0.036,"constrained to groups within division(s) 40,33"
2213,"Safety, Risk, Reliability and Quality",4016,Materials engineering,False,0.033,"constrained to groups within division(s) 40,33"
2213,"Safety, Risk, Reliability and Quality",4003,Biomedical engineering,False,0.03,"constrained to groups within division(s) 40,33"
2213,"Safety, Risk, Reliability and Quality",4012,Fluid mechanics and thermal engineering,False,0.029,"constrained to groups within division(s) 40,33"
2213,"Safety, Risk, Reliability and Quality",4018,Nanotechnology,False,0.029,"constrained to groups within division(s) 40,33"
2213,"Safety, Risk, Reliability and Quality",4099,Other engineering,False,0.023,"constrained to groups within division(s) 40,33"
2213,"Safety, Risk, Reliability and Quality",3399,Other built environment and design,False,0.0,"constrained to groups within division(s) 40,33"
2214,Media Technology,4010,Engineering practice and education,True,0.15,"constrained to groups within division(s) 40,33"
2214,Media Technology,4013,Geomatic engineering,False,0.091,"constrained to groups within division(s) 40,33"
2214,Media Technology,4006,Communications engineering,False,0.085,"constrained to groups within division(s) 40,33"
2214,Media Technology,4015,Maritime engineering,False,0.071,"constrained to groups within division(s) 40,33"
2214,Media Technology,4014,Manufacturing engineering,False,0.067,"constrained to groups within division(s) 40,33"
2214,Media Technology,4002,Automotive engineering,False,0.065,"constrained to groups within division(s) 40,33"
2214,Media Technology,4003,Biomedical engineering,False,0.061,"constrained to groups within division(s) 40,33"
2214,Media Technology,4004,Chemical engineering,False,0.061,"constrained to groups within division(s) 40,33"
2214,Media Technology,4007,"Control engineering, mechatronics and robotics",False,0.056,"constrained to groups within division(s) 40,33"
2214,Media Technology,4016,Materials engineering,False,0.05,"constrained to groups within division(s) 40,33"
2214,Media Technology,4019,Resources engineering and extractive metallurgy,False,0.043,"constrained to groups within division(s) 40,33"
2214,Media Technology,4009,"Electronics, sensors and digital hardware",False,0.04,"constrained to groups within division(s) 40,33"
2214,Media Technology,4001,Aerospace engineering,False,0.038,"constrained to groups within division(s) 40,33"
2214,Media Technology,3304,Urban and regional planning,False,0.029,"constrained to groups within division(s) 40,33"
2214,Media Technology,3302,Building,False,0.027,"constrained to groups within division(s) 40,33"
2214,Media Technology,4012,Fluid mechanics and thermal engineering,False,0.026,"constrained to groups within division(s) 40,33"
2214,Media Technology,3301,Architecture,False,0.023,"constrained to groups within division(s) 40,33"
2214,Media Technology,4099,Other engineering,False,0.023,"constrained to groups within division(s) 40,33"
2214,Media Technology,4011,Environmental engineering,False,0.021,"constrained to groups within division(s) 40,33"
2214,Media Technology,4008,Electrical engineering,False,0.02,"constrained to groups within division(s) 40,33"
2214,Media Technology,4005,Civil engineering,False,0.019,"constrained to groups within division(s) 40,33"
2214,Media Technology,4017,Mechanical engineering,False,0.018,"constrained to groups within division(s) 40,33"
2214,Media Technology,3303,Design,False,0.013,"constrained to groups within division(s) 40,33"
2214,Media Technology,3399,Other built environment and design,False,0.0,"constrained to groups within division(s) 40,33"
2214,Media Technology,4018,Nanotechnology,False,0.0,"constrained to groups within division(s) 40,33"
2215,Building and Construction,3302,Building,True,0.604,"constrained to groups within division(s) 40,33"
2215,Building and Construction,4005,Civil engineering,False,0.17,"constrained to groups within division(s) 40,33"
2215,Building and Construction,4011,Environmental engineering,False,0.146,"constrained to groups within division(s) 40,33"
2215,Building and Construction,4014,Manufacturing engineering,False,0.117,"constrained to groups within division(s) 40,33"
2215,Building and Construction,3304,Urban and regional planning,False,0.114,"constrained to groups within division(s) 40,33"
2215,Building and Construction,4010,Engineering practice and education,False,0.1,"constrained to groups within division(s) 40,33"
2215,Building and Construction,3303,Design,False,0.096,"constrained to groups within division(s) 40,33"
2215,Building and Construction,4001,Aerospace engineering,False,0.096,"constrained to groups within division(s) 40,33"
2215,Building and Construction,3301,Architecture,False,0.093,"constrained to groups within division(s) 40,33"
2215,Building and Construction,4004,Chemical engineering,False,0.076,"constrained to groups within division(s) 40,33"
2215,Building and Construction,4007,"Control engineering, mechatronics and robotics",False,0.074,"constrained to groups within division(s) 40,33"
2215,Building and Construction,4017,Mechanical engineering,False,0.073,"constrained to groups within division(s) 40,33"
2215,Building and Construction,4013,Geomatic engineering,False,0.068,"constrained to groups within division(s) 40,33"
2215,Building and Construction,4002,Automotive engineering,False,0.065,"constrained to groups within division(s) 40,33"
2215,Building and Construction,4019,Resources engineering and extractive metallurgy,False,0.064,"constrained to groups within division(s) 40,33"
2215,Building and Construction,4008,Electrical engineering,False,0.061,"constrained to groups within division(s) 40,33"
2215,Building and Construction,4016,Materials engineering,False,0.05,"constrained to groups within division(s) 40,33"
2215,Building and Construction,3399,Other built environment and design,False,0.05,"constrained to groups within division(s) 40,33"
2215,Building and Construction,4006,Communications engineering,False,0.043,"constrained to groups within division(s) 40,33"
2215,Building and Construction,4009,"Electronics, sensors and digital hardware",False,0.04,"constrained to groups within division(s) 40,33"
2215,Building and Construction,4015,Maritime engineering,False,0.036,"constrained to groups within division(s) 40,33"
2215,Building and Construction,4018,Nanotechnology,False,0.029,"constrained to groups within division(s) 40,33"
2215,Building and Construction,4012,Fluid mechanics and thermal engineering,False,0.024,"constrained to groups within division(s) 40,33"
2215,Building and Construction,4003,Biomedical engineering,False,0.0,"constrained to groups within division(s) 40,33"
2215,Building and Construction,4099,Other engineering,False,0.0,"constrained to groups within division(s) 40,33"
2216,Architecture,3301,Architecture,True,1.0,"constrained to groups within division(s) 40,33"
2216,Architecture,4010,Engineering practice and education,False,0.25,"constrained to groups within division(s) 40,33"
2216,Architecture,4005,Civil engineering,False,0.167,"constrained to groups within division(s) 40,33"
2216,Architecture,4007,"Control engineering, mechatronics and robotics",False,0.167,"constrained to groups within division(s) 40,33"
2216,Architecture,3302,Building,False,0.125,"constrained to groups within division(s) 40,33"
2216,Architecture,3303,Design,False,0.125,"constrained to groups within division(s) 40,33"
2216,Architecture,3304,Urban and regional planning,False,0.125,"constrained to groups within division(s) 40,33"
2216,Architecture,4009,"Electronics, sensors and digital hardware",False,0.125,"constrained to groups within division(s) 40,33"
2216,Architecture,4017,Mechanical engineering,False,0.125,"constrained to groups within division(s) 40,33"
2216,Architecture,4001,Aerospace engineering,False,0.083,"constrained to groups within division(s) 40,33"
2216,Architecture,4003,Biomedical engineering,False,0.083,"constrained to groups within division(s) 40,33"
2216,Architecture,4004,Chemical engineering,False,0.083,"constrained to groups within division(s) 40,33"
2216,Architecture,4011,Environmental engineering,False,0.083,"constrained to groups within division(s) 40,33"
2216,Architecture,4012,Fluid mechanics and thermal engineering,False,0.083,"constrained to groups within division(s) 40,33"
2216,Architecture,4014,Manufacturing engineering,False,0.083,"constrained to groups within division(s) 40,33"
2216,Architecture,4015,Maritime engineering,False,0.083,"constrained to groups within division(s) 40,33"
2216,Architecture,3399,Other built environment and design,False,0.05,"constrained to groups within division(s) 40,33"
2216,Architecture,4002,Automotive engineering,False,0.042,"constrained to groups within division(s) 40,33"
2216,Architecture,4006,Communications engineering,False,0.042,"constrained to groups within division(s) 40,33"
2216,Architecture,4008,Electrical engineering,False,0.042,"constrained to groups within division(s) 40,33"
2216,Architecture,4013,Geomatic engineering,False,0.042,"constrained to groups within division(s) 40,33"
2216,Architecture,4016,Materials engineering,False,0.042,"constrained to groups within division(s) 40,33"
2216,Architecture,4019,Resources engineering and extractive metallurgy,False,0.042,"constrained to groups within division(s) 40,33"
2216,Architecture,4099,Other engineering,False,0.023,"constrained to groups within division(s) 40,33"
2216,Architecture,4018,Nanotechnology,False,0.0,"constrained to groups within division(s) 40,33"
2302,Ecological Modeling,4102,Ecological applications,True,0.28,constrained to groups within division(s) 41
2302,Ecological Modeling,4101,Climate change impacts and adaptation,False,0.174,constrained to groups within division(s) 41
2302,Ecological Modeling,4103,Environmental biotechnology,False,0.0,constrained to groups within division(s) 41
2302,Ecological Modeling,4104,Environmental management,False,0.0,constrained to groups within division(s) 41
2302,Ecological Modeling,4105,Pollution and contamination,False,0.0,constrained to groups within division(s) 41
2302,Ecological Modeling,4106,Soil sciences,False,0.0,constrained to groups within division(s) 41
2302,Ecological Modeling,4199,Other environmental sciences,False,0.0,constrained to groups within division(s) 41
2303,Ecology,3103,Ecology,True,1.0,constrained to groups within division(s) 41
2303,Ecology,4102,Ecological applications,False,0.396,constrained to groups within division(s) 41
2303,Ecology,4104,Environmental management,False,0.242,constrained to groups within division(s) 41
2303,Ecology,4105,Pollution and contamination,False,0.167,constrained to groups within division(s) 41
2303,Ecology,4103,Environmental biotechnology,False,0.154,constrained to groups within division(s) 41
2303,Ecology,4199,Other environmental sciences,False,0.15,constrained to groups within division(s) 41
2303,Ecology,4106,Soil sciences,False,0.138,constrained to groups within division(s) 41
2303,Ecology,4101,Climate change impacts and adaptation,False,0.13,constrained to groups within division(s) 41
2304,Environmental Chemistry,4103,Environmental biotechnology,True,0.277,constrained to groups within division(s) 41
2304,Environmental Chemistry,4104,Environmental management,False,0.261,constrained to groups within division(s) 41
2304,Environmental Chemistry,4199,Other environmental sciences,False,0.25,constrained to groups within division(s) 41
2304,Environmental Chemistry,4105,Pollution and contamination,False,0.083,constrained to groups within division(s) 41
2304,Environmental Chemistry,4106,Soil sciences,False,0.069,constrained to groups within division(s) 41
2304,Environmental Chemistry,4101,Climate change impacts and adaptation,False,0.043,constrained to groups within division(s) 41
2304,Environmental Chemistry,4102,Ecological applications,False,0.031,constrained to groups within division(s) 41
2305,Environmental Engineering,4011,Environmental engineering,True,1.0,constrained to groups within division(s) 41
2305,Environmental Engineering,4104,Environmental management,False,0.321,constrained to groups within division(s) 41
2305,Environmental Engineering,4103,Environmental biotechnology,False,0.277,constrained to groups within division(s) 41
2305,Environmental Engineering,4199,Other environmental sciences,False,0.25,constrained to groups within division(s) 41
2305,Environmental Engineering,4105,Pollution and contamination,False,0.139,constrained to groups within division(s) 41
2305,Environmental Engineering,4101,Climate change impacts and adaptation,False,0.13,constrained to groups within division(s) 41
2305,Environmental Engineering,4106,Soil sciences,False,0.069,constrained to groups within division(s) 41
2305,Environmental Engineering,4102,Ecological applications,False,0.062,constrained to groups within division(s) 41
2306,Global and Planetary Change,4101,Climate change impacts and adaptation,True,0.352,constrained to groups within division(s) 41
2306,Global and Planetary Change,4104,Environmental management,False,0.273,constrained to groups within division(s) 41
2306,Global and Planetary Change,4102,Ecological applications,False,0.25,constrained to groups within division(s) 41
2306,Global and Planetary Change,4105,Pollution and contamination,False,0.167,constrained to groups within division(s) 41
2306,Global and Planetary Change,4103,Environmental biotechnology,False,0.154,constrained to groups within division(s) 41
2306,Global and Planetary Change,4199,Other environmental sciences,False,0.15,constrained to groups within division(s) 41
2306,Global and Planetary Change,4106,Soil sciences,False,0.103,constrained to groups within division(s) 41
2307,"Health, Toxicology and Mutagenesis",4101,Climate change impacts and adaptation,True,0.174,constrained to groups within division(s) 41
2307,"Health, Toxicology and Mutagenesis",4199,Other environmental sciences,False,0.15,constrained to groups within division(s) 41
2307,"Health, Toxicology and Mutagenesis",4105,Pollution and contamination,False,0.111,constrained to groups within division(s) 41
2307,"Health, Toxicology and Mutagenesis",4103,Environmental biotechnology,False,0.077,constrained to groups within division(s) 41
2307,"Health, Toxicology and Mutagenesis",4104,Environmental management,False,0.061,constrained to groups within division(s) 41
2307,"Health, Toxicology and Mutagenesis",4106,Soil sciences,False,0.034,constrained to groups within division(s) 41
2307,"Health, Toxicology and Mutagenesis",4102,Ecological applications,False,0.031,constrained to groups within division(s) 41
2308,"Management, Monitoring, Policy and Law",4104,Environmental management,True,0.414,constrained to groups within division(s) 41
2308,"Management, Monitoring, Policy and Law",4105,Pollution and contamination,False,0.167,constrained to groups within division(s) 41
2308,"Management, Monitoring, Policy and Law",4103,Environmental biotechnology,False,0.154,constrained to groups within division(s) 41
2308,"Management, Monitoring, Policy and Law",4199,Other environmental sciences,False,0.15,constrained to groups within division(s) 41
2308,"Management, Monitoring, Policy and Law",4106,Soil sciences,False,0.138,constrained to groups within division(s) 41
2308,"Management, Monitoring, Policy and Law",4102,Ecological applications,False,0.094,constrained to groups within division(s) 41
2308,"Management, Monitoring, Policy and Law",4101,Climate change impacts and adaptation,False,0.087,constrained to groups within division(s) 41
2309,Nature and Landscape Conservation,4104,Environmental management,True,0.152,constrained to groups within division(s) 41
2309,Nature and Landscape Conservation,4199,Other environmental sciences,False,0.15,constrained to groups within division(s) 41
2309,Nature and Landscape Conservation,4103,Environmental biotechnology,False,0.115,constrained to groups within division(s) 41
2309,Nature and Landscape Conservation,4102,Ecological applications,False,0.062,constrained to groups within division(s) 41
2309,Nature and Landscape Conservation,4101,Climate change impacts and adaptation,False,0.043,constrained to groups within division(s) 41
2309,Nature and Landscape Conservation,4106,Soil sciences,False,0.034,constrained to groups within division(s) 41
2309,Nature and Landscape Conservation,4105,Pollution and contamination,False,0.028,constrained to groups within division(s) 41
2310,Pollution,4105,Pollution and contamination,True,0.389,constrained to groups within division(s) 41
2310,Pollution,4199,Other environmental sciences,False,0.15,constrained to groups within division(s) 41
2310,Pollution,4103,Environmental biotechnology,False,0.077,constrained to groups within division(s) 41
2310,Pollution,4101,Climate change impacts and adaptation,False,0.043,constrained to groups within division(s) 41
2310,Pollution,4104,Environmental management,False,0.03,constrained to groups within division(s) 41
2310,Pollution,4102,Ecological applications,False,0.0,constrained to groups within division(s) 41
2310,Pollution,4106,Soil sciences,False,0.0,constrained to groups within division(s) 41
2311,Waste Management and Disposal,4104,Environmental management,True,0.234,constrained to groups within division(s) 41
2311,Waste Management and Disposal,4199,Other environmental sciences,False,0.15,constrained to groups within division(s) 41
2311,Waste Management and Disposal,4105,Pollution and contamination,False,0.111,constrained to groups within division(s) 41
2311,Waste Management and Disposal,4101,Climate change impacts and adaptation,False,0.043,constrained to groups within division(s) 41
2311,Waste Management and Disposal,4103,Environmental biotechnology,False,0.038,constrained to groups within division(s) 41
2311,Waste Management and Disposal,4106,Soil sciences,False,0.034,constrained to groups within division(s) 41
2311,Waste Management and Disposal,4102,Ecological applications,False,0.0,constrained to groups within division(s) 41
2312,Water Science and Technology,4104,Environmental management,True,0.212,constrained to groups within division(s) 41
2312,Water Science and Technology,4105,Pollution and contamination,False,0.194,constrained to groups within division(s) 41
2312,Water Science and Technology,4199,Other environmental sciences,False,0.15,constrained to groups within division(s) 41
2312,Water Science and Technology,4106,Soil sciences,False,0.069,constrained to groups within division(s) 41
2312,Water Science and Technology,4103,Environmental biotechnology,False,0.038,constrained to groups within division(s) 41
2312,Water Science and Technology,4102,Ecological applications,False,0.031,constrained to groups within division(s) 41
2312,Water Science and Technology,4101,Climate change impacts and adaptation,False,0.0,constrained to groups within division(s) 41
2402,Applied Microbiology and Biotechnology,3107,Microbiology,True,0.253,"constrained to groups within division(s) 31,32"
2402,Applied Microbiology and Biotechnology,3106,Industrial biotechnology,False,0.248,"constrained to groups within division(s) 31,32"
2402,Applied Microbiology and Biotechnology,3206,Medical biotechnology,False,0.195,"constrained to groups within division(s) 31,32"
2402,Applied Microbiology and Biotechnology,3207,Medical microbiology,False,0.195,"constrained to groups within division(s) 31,32"
2402,Applied Microbiology and Biotechnology,3204,Immunology,False,0.105,"constrained to groups within division(s) 31,32"
2402,Applied Microbiology and Biotechnology,3102,Bioinformatics and computational biology,False,0.053,"constrained to groups within division(s) 31,32"
2402,Applied Microbiology and Biotechnology,3103,Ecology,False,0.053,"constrained to groups within division(s) 31,32"
2402,Applied Microbiology and Biotechnology,3104,Evolutionary biology,False,0.053,"constrained to groups within division(s) 31,32"
2402,Applied Microbiology and Biotechnology,3105,Genetics,False,0.053,"constrained to groups within division(s) 31,32"
2402,Applied Microbiology and Biotechnology,3202,Clinical sciences,False,0.053,"constrained to groups within division(s) 31,32"
2402,Applied Microbiology and Biotechnology,3101,Biochemistry and cell biology,False,0.0,"constrained to groups within division(s) 31,32"
2402,Applied Microbiology and Biotechnology,3108,Plant biology,False,0.0,"constrained to groups within division(s) 31,32"
2402,Applied Microbiology and Biotechnology,3109,Zoology,False,0.0,"constrained to groups within division(s) 31,32"
2402,Applied Microbiology and Biotechnology,3199,Other biological sciences,False,0.0,"constrained to groups within division(s) 31,32"
2402,Applied Microbiology and Biotechnology,3201,Cardiovascular medicine and haematology,False,0.0,"constrained to groups within division(s) 31,32"
2402,Applied Microbiology and Biotechnology,3203,Dentistry,False,0.0,"constrained to groups within division(s) 31,32"
2402,Applied Microbiology and Biotechnology,3205,Medical biochemistry and metabolomics,False,0.0,"constrained to groups within division(s) 31,32"
2402,Applied Microbiology and Biotechnology,3208,Medical physiology,False,0.0,"constrained to groups within division(s) 31,32"
2402,Applied Microbiology and Biotechnology,3209,Neurosciences,False,0.0,"constrained to groups within division(s) 31,32"
2402,Applied Microbiology and Biotechnology,3210,Nutrition and dietetics,False,0.0,"constrained to groups within division(s) 31,32"
2402,Applied Microbiology and Biotechnology,3211,Oncology and carcinogenesis,False,0.0,"constrained to groups within division(s) 31,32"
2402,Applied Microbiology and Biotechnology,3212,Ophthalmology and optometry,False,0.0,"constrained to groups within division(s) 31,32"
2402,Applied Microbiology and Biotechnology,3213,Paediatrics,False,0.0,"constrained to groups within division(s) 31,32"
2402,Applied Microbiology and Biotechnology,3214,Pharmacology and pharmaceutical sciences,False,0.0,"constrained to groups within division(s) 31,32"
2402,Applied Microbiology and Biotechnology,3215,Reproductive medicine,False,0.0,"constrained to groups within division(s) 31,32"
2402,Applied Microbiology and Biotechnology,3299,Other biomedical and clinical sciences,False,0.0,"constrained to groups within division(s) 31,32"
2403,Immunology,3204,Immunology,True,1.0,"constrained to groups within division(s) 31,32"
2403,Immunology,3201,Cardiovascular medicine and haematology,False,0.214,"constrained to groups within division(s) 31,32"
2403,Immunology,3109,Zoology,False,0.123,"constrained to groups within division(s) 31,32"
2403,Immunology,3208,Medical physiology,False,0.088,"constrained to groups within division(s) 31,32"
2403,Immunology,3108,Plant biology,False,0.075,"constrained to groups within division(s) 31,32"
2403,Immunology,3105,Genetics,False,0.073,"constrained to groups within division(s) 31,32"
2403,Immunology,3101,Biochemistry and cell biology,False,0.064,"constrained to groups within division(s) 31,32"
2403,Immunology,3211,Oncology and carcinogenesis,False,0.064,"constrained to groups within division(s) 31,32"
2403,Immunology,3104,Evolutionary biology,False,0.063,"constrained to groups within division(s) 31,32"
2403,Immunology,3202,Clinical sciences,False,0.055,"constrained to groups within division(s) 31,32"
2403,Immunology,3207,Medical microbiology,False,0.054,"constrained to groups within division(s) 31,32"
2403,Immunology,3215,Reproductive medicine,False,0.053,"constrained to groups within division(s) 31,32"
2403,Immunology,3209,Neurosciences,False,0.051,"constrained to groups within division(s) 31,32"
2403,Immunology,3102,Bioinformatics and computational biology,False,0.048,"constrained to groups within division(s) 31,32"
2403,Immunology,3107,Microbiology,False,0.04,"constrained to groups within division(s) 31,32"
2403,Immunology,3203,Dentistry,False,0.039,"constrained to groups within division(s) 31,32"
2403,Immunology,3199,Other biological sciences,False,0.03,"constrained to groups within division(s) 31,32"
2403,Immunology,3106,Industrial biotechnology,False,0.026,"constrained to groups within division(s) 31,32"
2403,Immunology,3206,Medical biotechnology,False,0.024,"constrained to groups within division(s) 31,32"
2403,Immunology,3103,Ecology,False,0.0,"constrained to groups within division(s) 31,32"
2403,Immunology,3205,Medical biochemistry and metabolomics,False,0.0,"constrained to groups within division(s) 31,32"
2403,Immunology,3210,Nutrition and dietetics,False,0.0,"constrained to groups within division(s) 31,32"
2403,Immunology,3212,Ophthalmology and optometry,False,0.0,"constrained to groups within division(s) 31,32"
2403,Immunology,3213,Paediatrics,False,0.0,"constrained to groups within division(s) 31,32"
2403,Immunology,3214,Pharmacology and pharmaceutical sciences,False,0.0,"constrained to groups within division(s) 31,32"
2403,Immunology,3299,Other biomedical and clinical sciences,False,0.0,"constrained to groups within division(s) 31,32"
2404,Microbiology,3107,Microbiology,True,1.0,"constrained to groups within division(s) 31,32"
2404,Microbiology,3207,Medical microbiology,False,0.468,"constrained to groups within division(s) 31,32"
2404,Microbiology,3201,Cardiovascular medicine and haematology,False,0.143,"constrained to groups within division(s) 31,32"
2404,Microbiology,3202,Clinical sciences,False,0.128,"constrained to groups within division(s) 31,32"
2404,Microbiology,3215,Reproductive medicine,False,0.105,"constrained to groups within division(s) 31,32"
2404,Microbiology,3205,Medical biochemistry and metabolomics,False,0.051,"constrained to groups within division(s) 31,32"
2404,Microbiology,3208,Medical physiology,False,0.029,"constrained to groups within division(s) 31,32"
2404,Microbiology,3214,Pharmacology and pharmaceutical sciences,False,0.026,"constrained to groups within division(s) 31,32"
2404,Microbiology,3101,Biochemistry and cell biology,False,0.026,"constrained to groups within division(s) 31,32"
2404,Microbiology,3104,Evolutionary biology,False,0.026,"constrained to groups within division(s) 31,32"
2404,Microbiology,3105,Genetics,False,0.026,"constrained to groups within division(s) 31,32"
2404,Microbiology,3106,Industrial biotechnology,False,0.026,"constrained to groups within division(s) 31,32"
2404,Microbiology,3108,Plant biology,False,0.026,"constrained to groups within division(s) 31,32"
2404,Microbiology,3109,Zoology,False,0.026,"constrained to groups within division(s) 31,32"
2404,Microbiology,3203,Dentistry,False,0.026,"constrained to groups within division(s) 31,32"
2404,Microbiology,3206,Medical biotechnology,False,0.026,"constrained to groups within division(s) 31,32"
2404,Microbiology,3209,Neurosciences,False,0.026,"constrained to groups within division(s) 31,32"
2404,Microbiology,3102,Bioinformatics and computational biology,False,0.0,"constrained to groups within division(s) 31,32"
2404,Microbiology,3103,Ecology,False,0.0,"constrained to groups within division(s) 31,32"
2404,Microbiology,3199,Other biological sciences,False,0.0,"constrained to groups within division(s) 31,32"
2404,Microbiology,3204,Immunology,False,0.0,"constrained to groups within division(s) 31,32"
2404,Microbiology,3210,Nutrition and dietetics,False,0.0,"constrained to groups within division(s) 31,32"
2404,Microbiology,3211,Oncology and carcinogenesis,False,0.0,"constrained to groups within division(s) 31,32"
2404,Microbiology,3212,Ophthalmology and optometry,False,0.0,"constrained to groups within division(s) 31,32"
2404,Microbiology,3213,Paediatrics,False,0.0,"constrained to groups within division(s) 31,32"
2404,Microbiology,3299,Other biomedical and clinical sciences,False,0.0,"constrained to groups within division(s) 31,32"
2405,Parasitology,3202,Clinical sciences,True,0.128,"constrained to groups within division(s) 31,32"
2405,Parasitology,3104,Evolutionary biology,False,0.103,"constrained to groups within division(s) 31,32"
2405,Parasitology,3207,Medical microbiology,False,0.081,"constrained to groups within division(s) 31,32"
2405,Parasitology,3107,Microbiology,False,0.08,"constrained to groups within division(s) 31,32"
2405,Parasitology,3201,Cardiovascular medicine and haematology,False,0.071,"constrained to groups within division(s) 31,32"
2405,Parasitology,3101,Biochemistry and cell biology,False,0.026,"constrained to groups within division(s) 31,32"
2405,Parasitology,3103,Ecology,False,0.026,"constrained to groups within division(s) 31,32"
2405,Parasitology,3106,Industrial biotechnology,False,0.026,"constrained to groups within division(s) 31,32"
2405,Parasitology,3203,Dentistry,False,0.026,"constrained to groups within division(s) 31,32"
2405,Parasitology,3206,Medical biotechnology,False,0.026,"constrained to groups within division(s) 31,32"
2405,Parasitology,3209,Neurosciences,False,0.026,"constrained to groups within division(s) 31,32"
2405,Parasitology,3211,Oncology and carcinogenesis,False,0.026,"constrained to groups within division(s) 31,32"
2405,Parasitology,3102,Bioinformatics and computational biology,False,0.0,"constrained to groups within division(s) 31,32"
2405,Parasitology,3105,Genetics,False,0.0,"constrained to groups within division(s) 31,32"
2405,Parasitology,3108,Plant biology,False,0.0,"constrained to groups within division(s) 31,32"
2405,Parasitology,3109,Zoology,False,0.0,"constrained to groups within division(s) 31,32"
2405,Parasitology,3199,Other biological sciences,False,0.0,"constrained to groups within division(s) 31,32"
2405,Parasitology,3204,Immunology,False,0.0,"constrained to groups within division(s) 31,32"
2405,Parasitology,3205,Medical biochemistry and metabolomics,False,0.0,"constrained to groups within division(s) 31,32"
2405,Parasitology,3208,Medical physiology,False,0.0,"constrained to groups within division(s) 31,32"
2405,Parasitology,3210,Nutrition and dietetics,False,0.0,"constrained to groups within division(s) 31,32"
2405,Parasitology,3212,Ophthalmology and optometry,False,0.0,"constrained to groups within division(s) 31,32"
2405,Parasitology,3213,Paediatrics,False,0.0,"constrained to groups within division(s) 31,32"
2405,Parasitology,3214,Pharmacology and pharmaceutical sciences,False,0.0,"constrained to groups within division(s) 31,32"
2405,Parasitology,3215,Reproductive medicine,False,0.0,"constrained to groups within division(s) 31,32"
2405,Parasitology,3299,Other biomedical and clinical sciences,False,0.0,"constrained to groups within division(s) 31,32"
2406,Virology,3107,Microbiology,True,0.056,"constrained to groups within division(s) 31,32"
2406,Virology,3202,Clinical sciences,False,0.056,"constrained to groups within division(s) 31,32"
2406,Virology,3207,Medical microbiology,False,0.056,"constrained to groups within division(s) 31,32"
2406,Virology,3101,Biochemistry and cell biology,False,0.0,"constrained to groups within division(s) 31,32"
2406,Virology,3102,Bioinformatics and computational biology,False,0.0,"constrained to groups within division(s) 31,32"
2406,Virology,3103,Ecology,False,0.0,"constrained to groups within division(s) 31,32"
2406,Virology,3104,Evolutionary biology,False,0.0,"constrained to groups within division(s) 31,32"
2406,Virology,3105,Genetics,False,0.0,"constrained to groups within division(s) 31,32"
2406,Virology,3106,Industrial biotechnology,False,0.0,"constrained to groups within division(s) 31,32"
2406,Virology,3108,Plant biology,False,0.0,"constrained to groups within division(s) 31,32"
2406,Virology,3109,Zoology,False,0.0,"constrained to groups within division(s) 31,32"
2406,Virology,3199,Other biological sciences,False,0.0,"constrained to groups within division(s) 31,32"
2406,Virology,3201,Cardiovascular medicine and haematology,False,0.0,"constrained to groups within division(s) 31,32"
2406,Virology,3203,Dentistry,False,0.0,"constrained to groups within division(s) 31,32"
2406,Virology,3204,Immunology,False,0.0,"constrained to groups within division(s) 31,32"
2406,Virology,3205,Medical biochemistry and metabolomics,False,0.0,"constrained to groups within division(s) 31,32"
2406,Virology,3206,Medical biotechnology,False,0.0,"constrained to groups within division(s) 31,32"
2406,Virology,3208,Medical physiology,False,0.0,"constrained to groups within division(s) 31,32"
2406,Virology,3209,Neurosciences,False,0.0,"constrained to groups within division(s) 31,32"
2406,Virology,3210,Nutrition and dietetics,False,0.0,"constrained to groups within division(s) 31,32"
2406,Virology,3211,Oncology and carcinogenesis,False,0.0,"constrained to groups within division(s) 31,32"
2406,Virology,3212,Ophthalmology and optometry,False,0.0,"constrained to groups within division(s) 31,32"
2406,Virology,3213,Paediatrics,False,0.0,"constrained to groups within division(s) 31,32"
2406,Virology,3214,Pharmacology and pharmaceutical sciences,False,0.0,"constrained to groups within division(s) 31,32"
2406,Virology,3215,Reproductive medicine,False,0.0,"constrained to groups within division(s) 31,32"
2406,Virology,3299,Other biomedical and clinical sciences,False,0.0,"constrained to groups within division(s) 31,32"
2500,General Materials Science,4016,Materials engineering,True,0.568,"constrained to groups within division(s) 40,51"
2500,General Materials Science,4002,Automotive engineering,False,0.158,"constrained to groups within division(s) 40,51"
2500,General Materials Science,4019,Resources engineering and extractive metallurgy,False,0.158,"constrained to groups within division(s) 40,51"
2500,General Materials Science,4001,Aerospace engineering,False,0.105,"constrained to groups within division(s) 40,51"
2500,General Materials Science,4004,Chemical engineering,False,0.105,"constrained to groups within division(s) 40,51"
2500,General Materials Science,4005,Civil engineering,False,0.105,"constrained to groups within division(s) 40,51"
2500,General Materials Science,4006,Communications engineering,False,0.105,"constrained to groups within division(s) 40,51"
2500,General Materials Science,4008,Electrical engineering,False,0.105,"constrained to groups within division(s) 40,51"
2500,General Materials Science,4009,"Electronics, sensors and digital hardware",False,0.105,"constrained to groups within division(s) 40,51"
2500,General Materials Science,4014,Manufacturing engineering,False,0.105,"constrained to groups within division(s) 40,51"
2500,General Materials Science,4017,Mechanical engineering,False,0.105,"constrained to groups within division(s) 40,51"
2500,General Materials Science,4003,Biomedical engineering,False,0.053,"constrained to groups within division(s) 40,51"
2500,General Materials Science,4007,"Control engineering, mechatronics and robotics",False,0.053,"constrained to groups within division(s) 40,51"
2500,General Materials Science,4010,Engineering practice and education,False,0.053,"constrained to groups within division(s) 40,51"
2500,General Materials Science,4011,Environmental engineering,False,0.053,"constrained to groups within division(s) 40,51"
2500,General Materials Science,4012,Fluid mechanics and thermal engineering,False,0.053,"constrained to groups within division(s) 40,51"
2500,General Materials Science,4013,Geomatic engineering,False,0.053,"constrained to groups within division(s) 40,51"
2500,General Materials Science,4015,Maritime engineering,False,0.053,"constrained to groups within division(s) 40,51"
2500,General Materials Science,5101,Astronomical sciences,False,0.053,"constrained to groups within division(s) 40,51"
2500,General Materials Science,5104,Condensed matter physics,False,0.053,"constrained to groups within division(s) 40,51"
2500,General Materials Science,4099,Other engineering,False,0.023,"constrained to groups within division(s) 40,51"
2500,General Materials Science,4018,Nanotechnology,False,0.0,"constrained to groups within division(s) 40,51"
2500,General Materials Science,5102,"Atomic, molecular and optical physics",False,0.0,"constrained to groups within division(s) 40,51"
2500,General Materials Science,5103,Classical physics,False,0.0,"constrained to groups within division(s) 40,51"
2500,General Materials Science,5105,Medical and biological physics,False,0.0,"constrained to groups within division(s) 40,51"
2500,General Materials Science,5106,Nuclear and plasma physics,False,0.0,"constrained to groups within division(s) 40,51"
2500,General Materials Science,5107,Particle and high energy physics,False,0.0,"constrained to groups within division(s) 40,51"
2500,General Materials Science,5108,Quantum physics,False,0.0,"constrained to groups within division(s) 40,51"
2500,General Materials Science,5109,Space sciences,False,0.0,"constrained to groups within division(s) 40,51"
2500,General Materials Science,5110,Synchrotrons and accelerators,False,0.0,"constrained to groups within division(s) 40,51"
2500,General Materials Science,5199,Other physical sciences,False,0.0,"constrained to groups within division(s) 40,51"
2502,Biomaterials,4018,Nanotechnology,True,0.206,"constrained to groups within division(s) 40,51"
2502,Biomaterials,5104,Condensed matter physics,False,0.093,"constrained to groups within division(s) 40,51"
2502,Biomaterials,4016,Materials engineering,False,0.067,"constrained to groups within division(s) 40,51"
2502,Biomaterials,4002,Automotive engineering,False,0.065,"constrained to groups within division(s) 40,51"
2502,Biomaterials,4019,Resources engineering and extractive metallurgy,False,0.064,"constrained to groups within division(s) 40,51"
2502,Biomaterials,5106,Nuclear and plasma physics,False,0.062,"constrained to groups within division(s) 40,51"
2502,Biomaterials,4003,Biomedical engineering,False,0.061,"constrained to groups within division(s) 40,51"
2502,Biomaterials,4004,Chemical engineering,False,0.045,"constrained to groups within division(s) 40,51"
2502,Biomaterials,5103,Classical physics,False,0.045,"constrained to groups within division(s) 40,51"
2502,Biomaterials,4017,Mechanical engineering,False,0.036,"constrained to groups within division(s) 40,51"
2502,Biomaterials,4012,Fluid mechanics and thermal engineering,False,0.035,"constrained to groups within division(s) 40,51"
2502,Biomaterials,4014,Manufacturing engineering,False,0.033,"constrained to groups within division(s) 40,51"
2502,Biomaterials,5102,"Atomic, molecular and optical physics",False,0.033,"constrained to groups within division(s) 40,51"
2502,Biomaterials,4009,"Electronics, sensors and digital hardware",False,0.027,"constrained to groups within division(s) 40,51"
2502,Biomaterials,5109,Space sciences,False,0.024,"constrained to groups within division(s) 40,51"
2502,Biomaterials,4013,Geomatic engineering,False,0.023,"constrained to groups within division(s) 40,51"
2502,Biomaterials,4008,Electrical engineering,False,0.02,"constrained to groups within division(s) 40,51"
2502,Biomaterials,5101,Astronomical sciences,False,0.02,"constrained to groups within division(s) 40,51"
2502,Biomaterials,4001,Aerospace engineering,False,0.019,"constrained to groups within division(s) 40,51"
2502,Biomaterials,4005,Civil engineering,False,0.019,"constrained to groups within division(s) 40,51"
2502,Biomaterials,4007,"Control engineering, mechatronics and robotics",False,0.019,"constrained to groups within division(s) 40,51"
2502,Biomaterials,4006,Communications engineering,False,0.0,"constrained to groups within division(s) 40,51"
2502,Biomaterials,4010,Engineering practice and education,False,0.0,"constrained to groups within division(s) 40,51"
2502,Biomaterials,4011,Environmental engineering,False,0.0,"constrained to groups within division(s) 40,51"
2502,Biomaterials,4015,Maritime engineering,False,0.0,"constrained to groups within division(s) 40,51"
2502,Biomaterials,4099,Other engineering,False,0.0,"constrained to groups within division(s) 40,51"
2502,Biomaterials,5105,Medical and biological physics,False,0.0,"constrained to groups within division(s) 40,51"
2502,Biomaterials,5107,Particle and high energy physics,False,0.0,"constrained to groups within division(s) 40,51"
2502,Biomaterials,5108,Quantum physics,False,0.0,"constrained to groups within division(s) 40,51"
2502,Biomaterials,5110,Synchrotrons and accelerators,False,0.0,"constrained to groups within division(s) 40,51"
2502,Biomaterials,5199,Other physical sciences,False,0.0,"constrained to groups within division(s) 40,51"
2503,Ceramics and Composites,4016,Materials engineering,True,0.312,"constrained to groups within division(s) 40,51"
2503,Ceramics and Composites,4001,Aerospace engineering,False,0.062,"constrained to groups within division(s) 40,51"
2503,Ceramics and Composites,4002,Automotive engineering,False,0.062,"constrained to groups within division(s) 40,51"
2503,Ceramics and Composites,4005,Civil engineering,False,0.062,"constrained to groups within division(s) 40,51"
2503,Ceramics and Composites,5104,Condensed matter physics,False,0.062,"constrained to groups within division(s) 40,51"
2503,Ceramics and Composites,4003,Biomedical engineering,False,0.0,"constrained to groups within division(s) 40,51"
2503,Ceramics and Composites,4004,Chemical engineering,False,0.0,"constrained to groups within division(s) 40,51"
2503,Ceramics and Composites,4006,Communications engineering,False,0.0,"constrained to groups within division(s) 40,51"
2503,Ceramics and Composites,4007,"Control engineering, mechatronics and robotics",False,0.0,"constrained to groups within division(s) 40,51"
2503,Ceramics and Composites,4008,Electrical engineering,False,0.0,"constrained to groups within division(s) 40,51"
2503,Ceramics and Composites,4009,"Electronics, sensors and digital hardware",False,0.0,"constrained to groups within division(s) 40,51"
2503,Ceramics and Composites,4010,Engineering practice and education,False,0.0,"constrained to groups within division(s) 40,51"
2503,Ceramics and Composites,4011,Environmental engineering,False,0.0,"constrained to groups within division(s) 40,51"
2503,Ceramics and Composites,4012,Fluid mechanics and thermal engineering,False,0.0,"constrained to groups within division(s) 40,51"
2503,Ceramics and Composites,4013,Geomatic engineering,False,0.0,"constrained to groups within division(s) 40,51"
2503,Ceramics and Composites,4014,Manufacturing engineering,False,0.0,"constrained to groups within division(s) 40,51"
2503,Ceramics and Composites,4015,Maritime engineering,False,0.0,"constrained to groups within division(s) 40,51"
2503,Ceramics and Composites,4017,Mechanical engineering,False,0.0,"constrained to groups within division(s) 40,51"
2503,Ceramics and Composites,4018,Nanotechnology,False,0.0,"constrained to groups within division(s) 40,51"
2503,Ceramics and Composites,4019,Resources engineering and extractive metallurgy,False,0.0,"constrained to groups within division(s) 40,51"
2503,Ceramics and Composites,4099,Other engineering,False,0.0,"constrained to groups within division(s) 40,51"
2503,Ceramics and Composites,5101,Astronomical sciences,False,0.0,"constrained to groups within division(s) 40,51"
2503,Ceramics and Composites,5102,"Atomic, molecular and optical physics",False,0.0,"constrained to groups within division(s) 40,51"
2503,Ceramics and Composites,5103,Classical physics,False,0.0,"constrained to groups within division(s) 40,51"
2503,Ceramics and Composites,5105,Medical and biological physics,False,0.0,"constrained to groups within division(s) 40,51"
2503,Ceramics and Composites,5106,Nuclear and plasma physics,False,0.0,"constrained to groups within division(s) 40,51"
2503,Ceramics and Composites,5107,Particle and high energy physics,False,0.0,"constrained to groups within division(s) 40,51"
2503,Ceramics and Composites,5108,Quantum physics,False,0.0,"constrained to groups within division(s) 40,51"
2503,Ceramics and Composites,5109,Space sciences,False,0.0,"constrained to groups within division(s) 40,51"
2503,Ceramics and Composites,5110,Synchrotrons and accelerators,False,0.0,"constrained to groups within division(s) 40,51"
2503,Ceramics and Composites,5199,Other physical sciences,False,0.0,"constrained to groups within division(s) 40,51"
2504,"Electronic, Optical and Magnetic Materials",5102,"Atomic, molecular and optical physics",True,0.244,"constrained to groups within division(s) 40,51"
2504,"Electronic, Optical and Magnetic Materials",5104,Condensed matter physics,False,0.186,"constrained to groups within division(s) 40,51"
2504,"Electronic, Optical and Magnetic Materials",4016,Materials engineering,False,0.161,"constrained to groups within division(s) 40,51"
2504,"Electronic, Optical and Magnetic Materials",4008,Electrical engineering,False,0.152,"constrained to groups within division(s) 40,51"
2504,"Electronic, Optical and Magnetic Materials",4009,"Electronics, sensors and digital hardware",False,0.13,"constrained to groups within division(s) 40,51"
2504,"Electronic, Optical and Magnetic Materials",4018,Nanotechnology,False,0.118,"constrained to groups within division(s) 40,51"
2504,"Electronic, Optical and Magnetic Materials",5103,Classical physics,False,0.091,"constrained to groups within division(s) 40,51"
2504,"Electronic, Optical and Magnetic Materials",4005,Civil engineering,False,0.075,"constrained to groups within division(s) 40,51"
2504,"Electronic, Optical and Magnetic Materials",4002,Automotive engineering,False,0.065,"constrained to groups within division(s) 40,51"
2504,"Electronic, Optical and Magnetic Materials",4006,Communications engineering,False,0.064,"constrained to groups within division(s) 40,51"
2504,"Electronic, Optical and Magnetic Materials",5106,Nuclear and plasma physics,False,0.062,"constrained to groups within division(s) 40,51"
2504,"Electronic, Optical and Magnetic Materials",4012,Fluid mechanics and thermal engineering,False,0.047,"constrained to groups within division(s) 40,51"
2504,"Electronic, Optical and Magnetic Materials",4001,Aerospace engineering,False,0.038,"constrained to groups within division(s) 40,51"
2504,"Electronic, Optical and Magnetic Materials",4015,Maritime engineering,False,0.036,"constrained to groups within division(s) 40,51"
2504,"Electronic, Optical and Magnetic Materials",5108,Quantum physics,False,0.029,"constrained to groups within division(s) 40,51"
2504,"Electronic, Optical and Magnetic Materials",5199,Other physical sciences,False,0.027,"constrained to groups within division(s) 40,51"
2504,"Electronic, Optical and Magnetic Materials",5109,Space sciences,False,0.024,"constrained to groups within division(s) 40,51"
2504,"Electronic, Optical and Magnetic Materials",4013,Geomatic engineering,False,0.023,"constrained to groups within division(s) 40,51"
2504,"Electronic, Optical and Magnetic Materials",4019,Resources engineering and extractive metallurgy,False,0.021,"constrained to groups within division(s) 40,51"
2504,"Electronic, Optical and Magnetic Materials",5101,Astronomical sciences,False,0.02,"constrained to groups within division(s) 40,51"
2504,"Electronic, Optical and Magnetic Materials",4017,Mechanical engineering,False,0.018,"constrained to groups within division(s) 40,51"
2504,"Electronic, Optical and Magnetic Materials",4014,Manufacturing engineering,False,0.017,"constrained to groups within division(s) 40,51"
2504,"Electronic, Optical and Magnetic Materials",4004,Chemical engineering,False,0.015,"constrained to groups within division(s) 40,51"
2504,"Electronic, Optical and Magnetic Materials",4003,Biomedical engineering,False,0.0,"constrained to groups within division(s) 40,51"
2504,"Electronic, Optical and Magnetic Materials",4007,"Control engineering, mechatronics and robotics",False,0.0,"constrained to groups within division(s) 40,51"
2504,"Electronic, Optical and Magnetic Materials",4010,Engineering practice and education,False,0.0,"constrained to groups within division(s) 40,51"
2504,"Electronic, Optical and Magnetic Materials",4011,Environmental engineering,False,0.0,"constrained to groups within division(s) 40,51"
2504,"Electronic, Optical and Magnetic Materials",4099,Other engineering,False,0.0,"constrained to groups within division(s) 40,51"
2504,"Electronic, Optical and Magnetic Materials",5105,Medical and biological physics,False,0.0,"constrained to groups within division(s) 40,51"
2504,"Electronic, Optical and Magnetic Materials",5107,Particle and high energy physics,False,0.0,"constrained to groups within division(s) 40,51"
2504,"Electronic, Optical and Magnetic Materials",5110,Synchrotrons and accelerators,False,0.0,"constrained to groups within division(s) 40,51"
2505,Materials Chemistry,3403,Macromolecular and materials chemistry,True,0.917,"constrained to groups within division(s) 40,51"
2505,Materials Chemistry,4016,Materials engineering,False,0.417,"constrained to groups within division(s) 40,51"
2505,Materials Chemistry,4004,Chemical engineering,False,0.336,"constrained to groups within division(s) 40,51"
2505,Materials Chemistry,4018,Nanotechnology,False,0.324,"constrained to groups within division(s) 40,51"
2505,Materials Chemistry,5106,Nuclear and plasma physics,False,0.25,"constrained to groups within division(s) 40,51"
2505,Materials Chemistry,5104,Condensed matter physics,False,0.209,"constrained to groups within division(s) 40,51"
2505,Materials Chemistry,5103,Classical physics,False,0.182,"constrained to groups within division(s) 40,51"
2505,Materials Chemistry,5102,"Atomic, molecular and optical physics",False,0.167,"constrained to groups within division(s) 40,51"
2505,Materials Chemistry,4019,Resources engineering and extractive metallurgy,False,0.149,"constrained to groups within division(s) 40,51"
2505,Materials Chemistry,5107,Particle and high energy physics,False,0.136,"constrained to groups within division(s) 40,51"
2505,Materials Chemistry,4002,Automotive engineering,False,0.129,"constrained to groups within division(s) 40,51"
2505,Materials Chemistry,4017,Mechanical engineering,False,0.127,"constrained to groups within division(s) 40,51"
2505,Materials Chemistry,5105,Medical and biological physics,False,0.125,"constrained to groups within division(s) 40,51"
2505,Materials Chemistry,5108,Quantum physics,False,0.118,"constrained to groups within division(s) 40,51"
2505,Materials Chemistry,4008,Electrical engineering,False,0.102,"constrained to groups within division(s) 40,51"
2505,Materials Chemistry,4014,Manufacturing engineering,False,0.1,"constrained to groups within division(s) 40,51"
2505,Materials Chemistry,5109,Space sciences,False,0.095,"constrained to groups within division(s) 40,51"
2505,Materials Chemistry,4005,Civil engineering,False,0.094,"constrained to groups within division(s) 40,51"
2505,Materials Chemistry,4009,"Electronics, sensors and digital hardware",False,0.093,"constrained to groups within division(s) 40,51"
2505,Materials Chemistry,4003,Biomedical engineering,False,0.091,"constrained to groups within division(s) 40,51"
2505,Materials Chemistry,5110,Synchrotrons and accelerators,False,0.091,"constrained to groups within division(s) 40,51"
2505,Materials Chemistry,4012,Fluid mechanics and thermal engineering,False,0.082,"constrained to groups within division(s) 40,51"
2505,Materials Chemistry,4015,Maritime engineering,False,0.071,"constrained to groups within division(s) 40,51"
2505,Materials Chemistry,4013,Geomatic engineering,False,0.068,"constrained to groups within division(s) 40,51"
2505,Materials Chemistry,4006,Communications engineering,False,0.064,"constrained to groups within division(s) 40,51"
2505,Materials Chemistry,4001,Aerospace engineering,False,0.058,"constrained to groups within division(s) 40,51"
2505,Materials Chemistry,4007,"Control engineering, mechatronics and robotics",False,0.056,"constrained to groups within division(s) 40,51"
2505,Materials Chemistry,5199,Other physical sciences,False,0.055,"constrained to groups within division(s) 40,51"
2505,Materials Chemistry,5101,Astronomical sciences,False,0.039,"constrained to groups within division(s) 40,51"
2505,Materials Chemistry,4099,Other engineering,False,0.023,"constrained to groups within division(s) 40,51"
2505,Materials Chemistry,4010,Engineering practice and education,False,0.0,"constrained to groups within division(s) 40,51"
2505,Materials Chemistry,4011,Environmental engineering,False,0.0,"constrained to groups within division(s) 40,51"
2506,Metals and Alloys,4019,Resources engineering and extractive metallurgy,True,0.278,"constrained to groups within division(s) 40,51"
2506,Metals and Alloys,4016,Materials engineering,False,0.25,"constrained to groups within division(s) 40,51"
2506,Metals and Alloys,4012,Fluid mechanics and thermal engineering,False,0.083,"constrained to groups within division(s) 40,51"
2506,Metals and Alloys,4013,Geomatic engineering,False,0.083,"constrained to groups within division(s) 40,51"
2506,Metals and Alloys,4015,Maritime engineering,False,0.083,"constrained to groups within division(s) 40,51"
2506,Metals and Alloys,4001,Aerospace engineering,False,0.0,"constrained to groups within division(s) 40,51"
2506,Metals and Alloys,4002,Automotive engineering,False,0.0,"constrained to groups within division(s) 40,51"
2506,Metals and Alloys,4003,Biomedical engineering,False,0.0,"constrained to groups within division(s) 40,51"
2506,Metals and Alloys,4004,Chemical engineering,False,0.0,"constrained to groups within division(s) 40,51"
2506,Metals and Alloys,4005,Civil engineering,False,0.0,"constrained to groups within division(s) 40,51"
2506,Metals and Alloys,4006,Communications engineering,False,0.0,"constrained to groups within division(s) 40,51"
2506,Metals and Alloys,4007,"Control engineering, mechatronics and robotics",False,0.0,"constrained to groups within division(s) 40,51"
2506,Metals and Alloys,4008,Electrical engineering,False,0.0,"constrained to groups within division(s) 40,51"
2506,Metals and Alloys,4009,"Electronics, sensors and digital hardware",False,0.0,"constrained to groups within division(s) 40,51"
2506,Metals and Alloys,4010,Engineering practice and education,False,0.0,"constrained to groups within division(s) 40,51"
2506,Metals and Alloys,4011,Environmental engineering,False,0.0,"constrained to groups within division(s) 40,51"
2506,Metals and Alloys,4014,Manufacturing engineering,False,0.0,"constrained to groups within division(s) 40,51"
2506,Metals and Alloys,4017,Mechanical engineering,False,0.0,"constrained to groups within division(s) 40,51"
2506,Metals and Alloys,4018,Nanotechnology,False,0.0,"constrained to groups within division(s) 40,51"
2506,Metals and Alloys,4099,Other engineering,False,0.0,"constrained to groups within division(s) 40,51"
2506,Metals and Alloys,5101,Astronomical sciences,False,0.0,"constrained to groups within division(s) 40,51"
2506,Metals and Alloys,5102,"Atomic, molecular and optical physics",False,0.0,"constrained to groups within division(s) 40,51"
2506,Metals and Alloys,5103,Classical physics,False,0.0,"constrained to groups within division(s) 40,51"
2506,Metals and Alloys,5104,Condensed matter physics,False,0.0,"constrained to groups within division(s) 40,51"
2506,Metals and Alloys,5105,Medical and biological physics,False,0.0,"constrained to groups within division(s) 40,51"
2506,Metals and Alloys,5106,Nuclear and plasma physics,False,0.0,"constrained to groups within division(s) 40,51"
2506,Metals and Alloys,5107,Particle and high energy physics,False,0.0,"constrained to groups within division(s) 40,51"
2506,Metals and Alloys,5108,Quantum physics,False,0.0,"constrained to groups within division(s) 40,51"
2506,Metals and Alloys,5109,Space sciences,False,0.0,"constrained to groups within division(s) 40,51"
2506,Metals and Alloys,5110,Synchrotrons and accelerators,False,0.0,"constrained to groups within division(s) 40,51"
2506,Metals and Alloys,5199,Other physical sciences,False,0.0,"constrained to groups within division(s) 40,51"
2507,Polymers and Plastics,4016,Materials engineering,True,0.117,"constrained to groups within division(s) 40,51"
2507,Polymers and Plastics,4018,Nanotechnology,False,0.088,"constrained to groups within division(s) 40,51"
2507,Polymers and Plastics,5104,Condensed matter physics,False,0.047,"constrained to groups within division(s) 40,51"
2507,Polymers and Plastics,4001,Aerospace engineering,False,0.038,"constrained to groups within division(s) 40,51"
2507,Polymers and Plastics,4005,Civil engineering,False,0.038,"constrained to groups within division(s) 40,51"
2507,Polymers and Plastics,4014,Manufacturing engineering,False,0.033,"constrained to groups within division(s) 40,51"
2507,Polymers and Plastics,4002,Automotive engineering,False,0.032,"constrained to groups within division(s) 40,51"
2507,Polymers and Plastics,4012,Fluid mechanics and thermal engineering,False,0.027,"constrained to groups within division(s) 40,51"
2507,Polymers and Plastics,4019,Resources engineering and extractive metallurgy,False,0.021,"constrained to groups within division(s) 40,51"
2507,Polymers and Plastics,4008,Electrical engineering,False,0.02,"constrained to groups within division(s) 40,51"
2507,Polymers and Plastics,4017,Mechanical engineering,False,0.018,"constrained to groups within division(s) 40,51"
2507,Polymers and Plastics,4009,"Electronics, sensors and digital hardware",False,0.014,"constrained to groups within division(s) 40,51"
2507,Polymers and Plastics,4003,Biomedical engineering,False,0.0,"constrained to groups within division(s) 40,51"
2507,Polymers and Plastics,4004,Chemical engineering,False,0.0,"constrained to groups within division(s) 40,51"
2507,Polymers and Plastics,4006,Communications engineering,False,0.0,"constrained to groups within division(s) 40,51"
2507,Polymers and Plastics,4007,"Control engineering, mechatronics and robotics",False,0.0,"constrained to groups within division(s) 40,51"
2507,Polymers and Plastics,4010,Engineering practice and education,False,0.0,"constrained to groups within division(s) 40,51"
2507,Polymers and Plastics,4011,Environmental engineering,False,0.0,"constrained to groups within division(s) 40,51"
2507,Polymers and Plastics,4013,Geomatic engineering,False,0.0,"constrained to groups within division(s) 40,51"
2507,Polymers and Plastics,4015,Maritime engineering,False,0.0,"constrained to groups within division(s) 40,51"
2507,Polymers and Plastics,4099,Other engineering,False,0.0,"constrained to groups within division(s) 40,51"
2507,Polymers and Plastics,5101,Astronomical sciences,False,0.0,"constrained to groups within division(s) 40,51"
2507,Polymers and Plastics,5102,"Atomic, molecular and optical physics",False,0.0,"constrained to groups within division(s) 40,51"
2507,Polymers and Plastics,5103,Classical physics,False,0.0,"constrained to groups within division(s) 40,51"
2507,Polymers and Plastics,5105,Medical and biological physics,False,0.0,"constrained to groups within division(s) 40,51"
2507,Polymers and Plastics,5106,Nuclear and plasma physics,False,0.0,"constrained to groups within division(s) 40,51"
2507,Polymers and Plastics,5107,Particle and high energy physics,False,0.0,"constrained to groups within division(s) 40,51"
2507,Polymers and Plastics,5108,Quantum physics,False,0.0,"constrained to groups within division(s) 40,51"
2507,Polymers and Plastics,5109,Space sciences,False,0.0,"constrained to groups within division(s) 40,51"
2507,Polymers and Plastics,5110,Synchrotrons and accelerators,False,0.0,"constrained to groups within division(s) 40,51"
2507,Polymers and Plastics,5199,Other physical sciences,False,0.0,"constrained to groups within division(s) 40,51"
2508,"Surfaces, Coatings and Films",5104,Condensed matter physics,True,0.143,"constrained to groups within division(s) 40,51"
2508,"Surfaces, Coatings and Films",4009,"Electronics, sensors and digital hardware",False,0.107,"constrained to groups within division(s) 40,51"
2508,"Surfaces, Coatings and Films",5102,"Atomic, molecular and optical physics",False,0.107,"constrained to groups within division(s) 40,51"
2508,"Surfaces, Coatings and Films",5103,Classical physics,False,0.091,"constrained to groups within division(s) 40,51"
2508,"Surfaces, Coatings and Films",5110,Synchrotrons and accelerators,False,0.091,"constrained to groups within division(s) 40,51"
2508,"Surfaces, Coatings and Films",4004,Chemical engineering,False,0.071,"constrained to groups within division(s) 40,51"
2508,"Surfaces, Coatings and Films",4006,Communications engineering,False,0.071,"constrained to groups within division(s) 40,51"
2508,"Surfaces, Coatings and Films",4016,Materials engineering,False,0.071,"constrained to groups within division(s) 40,51"
2508,"Surfaces, Coatings and Films",5108,Quantum physics,False,0.071,"constrained to groups within division(s) 40,51"
2508,"Surfaces, Coatings and Films",5106,Nuclear and plasma physics,False,0.062,"constrained to groups within division(s) 40,51"
2508,"Surfaces, Coatings and Films",4002,Automotive engineering,False,0.036,"constrained to groups within division(s) 40,51"
2508,"Surfaces, Coatings and Films",4007,"Control engineering, mechatronics and robotics",False,0.036,"constrained to groups within division(s) 40,51"
2508,"Surfaces, Coatings and Films",4008,Electrical engineering,False,0.036,"constrained to groups within division(s) 40,51"
2508,"Surfaces, Coatings and Films",4012,Fluid mechanics and thermal engineering,False,0.036,"constrained to groups within division(s) 40,51"
2508,"Surfaces, Coatings and Films",4014,Manufacturing engineering,False,0.036,"constrained to groups within division(s) 40,51"
2508,"Surfaces, Coatings and Films",4017,Mechanical engineering,False,0.036,"constrained to groups within division(s) 40,51"
2508,"Surfaces, Coatings and Films",4018,Nanotechnology,False,0.036,"constrained to groups within division(s) 40,51"
2508,"Surfaces, Coatings and Films",4019,Resources engineering and extractive metallurgy,False,0.036,"constrained to groups within division(s) 40,51"
2508,"Surfaces, Coatings and Films",4001,Aerospace engineering,False,0.0,"constrained to groups within division(s) 40,51"
2508,"Surfaces, Coatings and Films",4003,Biomedical engineering,False,0.0,"constrained to groups within division(s) 40,51"
2508,"Surfaces, Coatings and Films",4005,Civil engineering,False,0.0,"constrained to groups within division(s) 40,51"
2508,"Surfaces, Coatings and Films",4010,Engineering practice and education,False,0.0,"constrained to groups within division(s) 40,51"
2508,"Surfaces, Coatings and Films",4011,Environmental engineering,False,0.0,"constrained to groups within division(s) 40,51"
2508,"Surfaces, Coatings and Films",4013,Geomatic engineering,False,0.0,"constrained to groups within division(s) 40,51"
2508,"Surfaces, Coatings and Films",4015,Maritime engineering,False,0.0,"constrained to groups within division(s) 40,51"
2508,"Surfaces, Coatings and Films",4099,Other engineering,False,0.0,"constrained to groups within division(s) 40,51"
2508,"Surfaces, Coatings and Films",5101,Astronomical sciences,False,0.0,"constrained to groups within division(s) 40,51"
2508,"Surfaces, Coatings and Films",5105,Medical and biological physics,False,0.0,"constrained to groups within division(s) 40,51"
2508,"Surfaces, Coatings and Films",5107,Particle and high energy physics,False,0.0,"constrained to groups within division(s) 40,51"
2508,"Surfaces, Coatings and Films",5109,Space sciences,False,0.0,"constrained to groups within division(s) 40,51"
2508,"Surfaces, Coatings and Films",5199,Other physical sciences,False,0.0,"constrained to groups within division(s) 40,51"
2602,Algebra and Number Theory,4904,Pure mathematics,True,0.219,constrained to groups within division(s) 49
2602,Algebra and Number Theory,4901,Applied mathematics,False,0.125,constrained to groups within division(s) 49
2602,Algebra and Number Theory,4902,Mathematical physics,False,0.094,constrained to groups within division(s) 49
2602,Algebra and Number Theory,4905,Statistics,False,0.094,constrained to groups within division(s) 49
2602,Algebra and Number Theory,4903,Numerical and computational mathematics,False,0.087,constrained to groups within division(s) 49
2602,Algebra and Number Theory,4999,Other mathematical sciences,False,0.06,constrained to groups within division(s) 49
2604,Applied Mathematics,4901,Applied mathematics,True,1.0,constrained to groups within division(s) 49
2604,Applied Mathematics,4903,Numerical and computational mathematics,False,0.404,constrained to groups within division(s) 49
2604,Applied Mathematics,4904,Pure mathematics,False,0.365,constrained to groups within division(s) 49
2604,Applied Mathematics,4902,Mathematical physics,False,0.267,constrained to groups within division(s) 49
2604,Applied Mathematics,4999,Other mathematical sciences,False,0.16,constrained to groups within division(s) 49
2604,Applied Mathematics,4905,Statistics,False,0.077,constrained to groups within division(s) 49
2605,Computational Mathematics,4903,Numerical and computational mathematics,True,0.933,constrained to groups within division(s) 49
2605,Computational Mathematics,4901,Applied mathematics,False,0.422,constrained to groups within division(s) 49
2605,Computational Mathematics,4902,Mathematical physics,False,0.311,constrained to groups within division(s) 49
2605,Computational Mathematics,4904,Pure mathematics,False,0.311,constrained to groups within division(s) 49
2605,Computational Mathematics,4905,Statistics,False,0.222,constrained to groups within division(s) 49
2605,Computational Mathematics,4999,Other mathematical sciences,False,0.16,constrained to groups within division(s) 49
2607,Discrete Mathematics and Combinatorics,4902,Mathematical physics,True,0.321,constrained to groups within division(s) 49
2607,Discrete Mathematics and Combinatorics,4904,Pure mathematics,False,0.321,constrained to groups within division(s) 49
2607,Discrete Mathematics and Combinatorics,4901,Applied mathematics,False,0.25,constrained to groups within division(s) 49
2607,Discrete Mathematics and Combinatorics,4903,Numerical and computational mathematics,False,0.198,constrained to groups within division(s) 49
2607,Discrete Mathematics and Combinatorics,4999,Other mathematical sciences,False,0.12,constrained to groups within division(s) 49
2607,Discrete Mathematics and Combinatorics,4905,Statistics,False,0.071,constrained to groups within division(s) 49
2608,Geometry and Topology,4904,Pure mathematics,True,0.333,constrained to groups within division(s) 49
2608,Geometry and Topology,4901,Applied mathematics,False,0.208,constrained to groups within division(s) 49
2608,Geometry and Topology,4903,Numerical and computational mathematics,False,0.174,constrained to groups within division(s) 49
2608,Geometry and Topology,4902,Mathematical physics,False,0.117,constrained to groups within division(s) 49
2608,Geometry and Topology,4905,Statistics,False,0.096,constrained to groups within division(s) 49
2608,Geometry and Topology,4999,Other mathematical sciences,False,0.06,constrained to groups within division(s) 49
2610,Mathematical Physics,4902,Mathematical physics,True,1.0,constrained to groups within division(s) 49
2610,Mathematical Physics,4904,Pure mathematics,False,0.38,constrained to groups within division(s) 49
2610,Mathematical Physics,4901,Applied mathematics,False,0.332,constrained to groups within division(s) 49
2610,Mathematical Physics,4903,Numerical and computational mathematics,False,0.273,constrained to groups within division(s) 49
2610,Mathematical Physics,4999,Other mathematical sciences,False,0.16,constrained to groups within division(s) 49
2610,Mathematical Physics,4905,Statistics,False,0.077,constrained to groups within division(s) 49
2611,Modeling and Simulation,4903,Numerical and computational mathematics,True,0.217,constrained to groups within division(s) 49
2611,Modeling and Simulation,4901,Applied mathematics,False,0.103,constrained to groups within division(s) 49
2611,Modeling and Simulation,4904,Pure mathematics,False,0.103,constrained to groups within division(s) 49
2611,Modeling and Simulation,4999,Other mathematical sciences,False,0.06,constrained to groups within division(s) 49
2611,Modeling and Simulation,4905,Statistics,False,0.051,constrained to groups within division(s) 49
2611,Modeling and Simulation,4902,Mathematical physics,False,0.026,constrained to groups within division(s) 49
2612,Numerical Analysis,4903,Numerical and computational mathematics,True,0.491,constrained to groups within division(s) 49
2612,Numerical Analysis,4904,Pure mathematics,False,0.188,constrained to groups within division(s) 49
2612,Numerical Analysis,4901,Applied mathematics,False,0.156,constrained to groups within division(s) 49
2612,Numerical Analysis,4902,Mathematical physics,False,0.062,constrained to groups within division(s) 49
2612,Numerical Analysis,4999,Other mathematical sciences,False,0.06,constrained to groups within division(s) 49
2612,Numerical Analysis,4905,Statistics,False,0.031,constrained to groups within division(s) 49
2613,Statistics and Probability,4905,Statistics,True,0.564,constrained to groups within division(s) 49
2613,Statistics and Probability,4901,Applied mathematics,False,0.189,constrained to groups within division(s) 49
2613,Statistics and Probability,4903,Numerical and computational mathematics,False,0.087,constrained to groups within division(s) 49
2613,Statistics and Probability,4902,Mathematical physics,False,0.083,constrained to groups within division(s) 49
2613,Statistics and Probability,4999,Other mathematical sciences,False,0.06,constrained to groups within division(s) 49
2613,Statistics and Probability,4904,Pure mathematics,False,0.047,constrained to groups within division(s) 49
2614,Theoretical Computer Science,4613,Theory of computation,True,1.0,constrained to groups within division(s) 49
2614,Theoretical Computer Science,3407,Theoretical and computational chemistry,False,0.975,constrained to groups within division(s) 49
2614,Theoretical Computer Science,4903,Numerical and computational mathematics,False,0.393,constrained to groups within division(s) 49
2614,Theoretical Computer Science,4902,Mathematical physics,False,0.375,constrained to groups within division(s) 49
2614,Theoretical Computer Science,4901,Applied mathematics,False,0.25,constrained to groups within division(s) 49
2614,Theoretical Computer Science,4904,Pure mathematics,False,0.25,constrained to groups within division(s) 49
2614,Theoretical Computer Science,4905,Statistics,False,0.25,constrained to groups within division(s) 49
2614,Theoretical Computer Science,4999,Other mathematical sciences,False,0.06,constrained to groups within division(s) 49
2702,Anatomy,3203,Dentistry,True,0.4,"constrained to groups within division(s) 32,42"
2702,Anatomy,3201,Cardiovascular medicine and haematology,False,0.2,"constrained to groups within division(s) 32,42"
2702,Anatomy,3202,Clinical sciences,False,0.2,"constrained to groups within division(s) 32,42"
2702,Anatomy,3205,Medical biochemistry and metabolomics,False,0.2,"constrained to groups within division(s) 32,42"
2702,Anatomy,3206,Medical biotechnology,False,0.2,"constrained to groups within division(s) 32,42"
2702,Anatomy,3207,Medical microbiology,False,0.2,"constrained to groups within division(s) 32,42"
2702,Anatomy,3208,Medical physiology,False,0.2,"constrained to groups within division(s) 32,42"
2702,Anatomy,3211,Oncology and carcinogenesis,False,0.2,"constrained to groups within division(s) 32,42"
2702,Anatomy,3214,Pharmacology and pharmaceutical sciences,False,0.2,"constrained to groups within division(s) 32,42"
2702,Anatomy,3215,Reproductive medicine,False,0.2,"constrained to groups within division(s) 32,42"
2702,Anatomy,4208,"Traditional, complementary and integrative medicine",False,0.2,"constrained to groups within division(s) 32,42"
2702,Anatomy,3204,Immunology,False,0.0,"constrained to groups within division(s) 32,42"
2702,Anatomy,3209,Neurosciences,False,0.0,"constrained to groups within division(s) 32,42"
2702,Anatomy,3210,Nutrition and dietetics,False,0.0,"constrained to groups within division(s) 32,42"
2702,Anatomy,3212,Ophthalmology and optometry,False,0.0,"constrained to groups within division(s) 32,42"
2702,Anatomy,3213,Paediatrics,False,0.0,"constrained to groups within division(s) 32,42"
2702,Anatomy,3299,Other biomedical and clinical sciences,False,0.0,"constrained to groups within division(s) 32,42"
2702,Anatomy,4201,Allied health and rehabilitation science,False,0.0,"constrained to groups within division(s) 32,42"
2702,Anatomy,4202,Epidemiology,False,0.0,"constrained to groups within division(s) 32,42"
2702,Anatomy,4203,Health services and systems,False,0.0,"constrained to groups within division(s) 32,42"
2702,Anatomy,4204,Midwifery,False,0.0,"constrained to groups within division(s) 32,42"
2702,Anatomy,4205,Nursing,False,0.0,"constrained to groups within division(s) 32,42"
2702,Anatomy,4206,Public health,False,0.0,"constrained to groups within division(s) 32,42"
2702,Anatomy,4207,Sports science and exercise,False,0.0,"constrained to groups within division(s) 32,42"
2702,Anatomy,4299,Other health sciences,False,0.0,"constrained to groups within division(s) 32,42"
2703,Anesthesiology and Pain Medicine,3207,Medical microbiology,True,0.217,"constrained to groups within division(s) 32,42"
2703,Anesthesiology and Pain Medicine,4208,"Traditional, complementary and integrative medicine",False,0.196,"constrained to groups within division(s) 32,42"
2703,Anesthesiology and Pain Medicine,3215,Reproductive medicine,False,0.195,"constrained to groups within division(s) 32,42"
2703,Anesthesiology and Pain Medicine,3201,Cardiovascular medicine and haematology,False,0.183,"constrained to groups within division(s) 32,42"
2703,Anesthesiology and Pain Medicine,3206,Medical biotechnology,False,0.18,"constrained to groups within division(s) 32,42"
2703,Anesthesiology and Pain Medicine,3208,Medical physiology,False,0.18,"constrained to groups within division(s) 32,42"
2703,Anesthesiology and Pain Medicine,3202,Clinical sciences,False,0.148,"constrained to groups within division(s) 32,42"
2703,Anesthesiology and Pain Medicine,3205,Medical biochemistry and metabolomics,False,0.148,"constrained to groups within division(s) 32,42"
2703,Anesthesiology and Pain Medicine,3212,Ophthalmology and optometry,False,0.083,"constrained to groups within division(s) 32,42"
2703,Anesthesiology and Pain Medicine,3214,Pharmacology and pharmaceutical sciences,False,0.074,"constrained to groups within division(s) 32,42"
2703,Anesthesiology and Pain Medicine,3203,Dentistry,False,0.037,"constrained to groups within division(s) 32,42"
2703,Anesthesiology and Pain Medicine,4203,Health services and systems,False,0.037,"constrained to groups within division(s) 32,42"
2703,Anesthesiology and Pain Medicine,3204,Immunology,False,0.0,"constrained to groups within division(s) 32,42"
2703,Anesthesiology and Pain Medicine,3209,Neurosciences,False,0.0,"constrained to groups within division(s) 32,42"
2703,Anesthesiology and Pain Medicine,3210,Nutrition and dietetics,False,0.0,"constrained to groups within division(s) 32,42"
2703,Anesthesiology and Pain Medicine,3211,Oncology and carcinogenesis,False,0.0,"constrained to groups within division(s) 32,42"
2703,Anesthesiology and Pain Medicine,3213,Paediatrics,False,0.0,"constrained to groups within division(s) 32,42"
2703,Anesthesiology and Pain Medicine,3299,Other biomedical and clinical sciences,False,0.0,"constrained to groups within division(s) 32,42"
2703,Anesthesiology and Pain Medicine,4201,Allied health and rehabilitation science,False,0.0,"constrained to groups within division(s) 32,42"
2703,Anesthesiology and Pain Medicine,4202,Epidemiology,False,0.0,"constrained to groups within division(s) 32,42"
2703,Anesthesiology and Pain Medicine,4204,Midwifery,False,0.0,"constrained to groups within division(s) 32,42"
2703,Anesthesiology and Pain Medicine,4205,Nursing,False,0.0,"constrained to groups within division(s) 32,42"
2703,Anesthesiology and Pain Medicine,4206,Public health,False,0.0,"constrained to groups within division(s) 32,42"
2703,Anesthesiology and Pain Medicine,4207,Sports science and exercise,False,0.0,"constrained to groups within division(s) 32,42"
2703,Anesthesiology and Pain Medicine,4299,Other health sciences,False,0.0,"constrained to groups within division(s) 32,42"
2704,Biochemistry,3205,Medical biochemistry and metabolomics,True,0.256,"constrained to groups within division(s) 32,42"
2704,Biochemistry,3202,Clinical sciences,False,0.056,"constrained to groups within division(s) 32,42"
2704,Biochemistry,3204,Immunology,False,0.056,"constrained to groups within division(s) 32,42"
2704,Biochemistry,4203,Health services and systems,False,0.056,"constrained to groups within division(s) 32,42"
2704,Biochemistry,3201,Cardiovascular medicine and haematology,False,0.0,"constrained to groups within division(s) 32,42"
2704,Biochemistry,3203,Dentistry,False,0.0,"constrained to groups within division(s) 32,42"
2704,Biochemistry,3206,Medical biotechnology,False,0.0,"constrained to groups within division(s) 32,42"
2704,Biochemistry,3207,Medical microbiology,False,0.0,"constrained to groups within division(s) 32,42"
2704,Biochemistry,3208,Medical physiology,False,0.0,"constrained to groups within division(s) 32,42"
2704,Biochemistry,3209,Neurosciences,False,0.0,"constrained to groups within division(s) 32,42"
2704,Biochemistry,3210,Nutrition and dietetics,False,0.0,"constrained to groups within division(s) 32,42"
2704,Biochemistry,3211,Oncology and carcinogenesis,False,0.0,"constrained to groups within division(s) 32,42"
2704,Biochemistry,3212,Ophthalmology and optometry,False,0.0,"constrained to groups within division(s) 32,42"
2704,Biochemistry,3213,Paediatrics,False,0.0,"constrained to groups within division(s) 32,42"
2704,Biochemistry,3214,Pharmacology and pharmaceutical sciences,False,0.0,"constrained to groups within division(s) 32,42"
2704,Biochemistry,3215,Reproductive medicine,False,0.0,"constrained to groups within division(s) 32,42"
2704,Biochemistry,3299,Other biomedical and clinical sciences,False,0.0,"constrained to groups within division(s) 32,42"
2704,Biochemistry,4201,Allied health and rehabilitation science,False,0.0,"constrained to groups within division(s) 32,42"
2704,Biochemistry,4202,Epidemiology,False,0.0,"constrained to groups within division(s) 32,42"
2704,Biochemistry,4204,Midwifery,False,0.0,"constrained to groups within division(s) 32,42"
2704,Biochemistry,4205,Nursing,False,0.0,"constrained to groups within division(s) 32,42"
2704,Biochemistry,4206,Public health,False,0.0,"constrained to groups within division(s) 32,42"
2704,Biochemistry,4207,Sports science and exercise,False,0.0,"constrained to groups within division(s) 32,42"
2704,Biochemistry,4208,"Traditional, complementary and integrative medicine",False,0.0,"constrained to groups within division(s) 32,42"
2704,Biochemistry,4299,Other health sciences,False,0.0,"constrained to groups within division(s) 32,42"
2705,Cardiology and Cardiovascular Medicine,3201,Cardiovascular medicine and haematology,True,1.0,"constrained to groups within division(s) 32,42"
2705,Cardiology and Cardiovascular Medicine,3207,Medical microbiology,False,0.329,"constrained to groups within division(s) 32,42"
2705,Cardiology and Cardiovascular Medicine,3208,Medical physiology,False,0.255,"constrained to groups within division(s) 32,42"
2705,Cardiology and Cardiovascular Medicine,3206,Medical biotechnology,False,0.24,"constrained to groups within division(s) 32,42"
2705,Cardiology and Cardiovascular Medicine,3215,Reproductive medicine,False,0.219,"constrained to groups within division(s) 32,42"
2705,Cardiology and Cardiovascular Medicine,4208,"Traditional, complementary and integrative medicine",False,0.205,"constrained to groups within division(s) 32,42"
2705,Cardiology and Cardiovascular Medicine,3205,Medical biochemistry and metabolomics,False,0.182,"constrained to groups within division(s) 32,42"
2705,Cardiology and Cardiovascular Medicine,4205,Nursing,False,0.16,"constrained to groups within division(s) 32,42"
2705,Cardiology and Cardiovascular Medicine,4299,Other health sciences,False,0.15,"constrained to groups within division(s) 32,42"
2705,Cardiology and Cardiovascular Medicine,4207,Sports science and exercise,False,0.143,"constrained to groups within division(s) 32,42"
2705,Cardiology and Cardiovascular Medicine,4204,Midwifery,False,0.115,"constrained to groups within division(s) 32,42"
2705,Cardiology and Cardiovascular Medicine,3209,Neurosciences,False,0.077,"constrained to groups within division(s) 32,42"
2705,Cardiology and Cardiovascular Medicine,3213,Paediatrics,False,0.071,"constrained to groups within division(s) 32,42"
2705,Cardiology and Cardiovascular Medicine,4206,Public health,False,0.071,"constrained to groups within division(s) 32,42"
2705,Cardiology and Cardiovascular Medicine,3204,Immunology,False,0.065,"constrained to groups within division(s) 32,42"
2705,Cardiology and Cardiovascular Medicine,3210,Nutrition and dietetics,False,0.065,"constrained to groups within division(s) 32,42"
2705,Cardiology and Cardiovascular Medicine,3202,Clinical sciences,False,0.064,"constrained to groups within division(s) 32,42"
2705,Cardiology and Cardiovascular Medicine,4203,Health services and systems,False,0.063,"constrained to groups within division(s) 32,42"
2705,Cardiology and Cardiovascular Medicine,4201,Allied health and rehabilitation science,False,0.061,"constrained to groups within division(s) 32,42"
2705,Cardiology and Cardiovascular Medicine,3214,Pharmacology and pharmaceutical sciences,False,0.053,"constrained to groups within division(s) 32,42"
2705,Cardiology and Cardiovascular Medicine,3211,Oncology and carcinogenesis,False,0.043,"constrained to groups within division(s) 32,42"
2705,Cardiology and Cardiovascular Medicine,3203,Dentistry,False,0.039,"constrained to groups within division(s) 32,42"
2705,Cardiology and Cardiovascular Medicine,4202,Epidemiology,False,0.028,"constrained to groups within division(s) 32,42"
2705,Cardiology and Cardiovascular Medicine,3212,Ophthalmology and optometry,False,0.0,"constrained to groups within division(s) 32,42"
2705,Cardiology and Cardiovascular Medicine,3299,Other biomedical and clinical sciences,False,0.0,"constrained to groups within division(s) 32,42"
2706,Critical Care and Intensive Care Medicine,3207,Medical microbiology,True,0.181,"constrained to groups within division(s) 32,42"
2706,Critical Care and Intensive Care Medicine,3202,Clinical sciences,False,0.175,"constrained to groups within division(s) 32,42"
2706,Critical Care and Intensive Care Medicine,3201,Cardiovascular medicine and haematology,False,0.155,"constrained to groups within division(s) 32,42"
2706,Critical Care and Intensive Care Medicine,3215,Reproductive medicine,False,0.153,"constrained to groups within division(s) 32,42"
2706,Critical Care and Intensive Care Medicine,3208,Medical physiology,False,0.129,"constrained to groups within division(s) 32,42"
2706,Critical Care and Intensive Care Medicine,3206,Medical biotechnology,False,0.125,"constrained to groups within division(s) 32,42"
2706,Critical Care and Intensive Care Medicine,4208,"Traditional, complementary and integrative medicine",False,0.124,"constrained to groups within division(s) 32,42"
2706,Critical Care and Intensive Care Medicine,3205,Medical biochemistry and metabolomics,False,0.108,"constrained to groups within division(s) 32,42"
2706,Critical Care and Intensive Care Medicine,4204,Midwifery,False,0.077,"constrained to groups within division(s) 32,42"
2706,Critical Care and Intensive Care Medicine,3299,Other biomedical and clinical sciences,False,0.075,"constrained to groups within division(s) 32,42"
2706,Critical Care and Intensive Care Medicine,3214,Pharmacology and pharmaceutical sciences,False,0.053,"constrained to groups within division(s) 32,42"
2706,Critical Care and Intensive Care Medicine,4205,Nursing,False,0.04,"constrained to groups within division(s) 32,42"
2706,Critical Care and Intensive Care Medicine,4206,Public health,False,0.036,"constrained to groups within division(s) 32,42"
2706,Critical Care and Intensive Care Medicine,3210,Nutrition and dietetics,False,0.032,"constrained to groups within division(s) 32,42"
2706,Critical Care and Intensive Care Medicine,3203,Dentistry,False,0.025,"constrained to groups within division(s) 32,42"
2706,Critical Care and Intensive Care Medicine,3204,Immunology,False,0.025,"constrained to groups within division(s) 32,42"
2706,Critical Care and Intensive Care Medicine,4203,Health services and systems,False,0.025,"constrained to groups within division(s) 32,42"
2706,Critical Care and Intensive Care Medicine,3209,Neurosciences,False,0.0,"constrained to groups within division(s) 32,42"
2706,Critical Care and Intensive Care Medicine,3211,Oncology and carcinogenesis,False,0.0,"constrained to groups within division(s) 32,42"
2706,Critical Care and Intensive Care Medicine,3212,Ophthalmology and optometry,False,0.0,"constrained to groups within division(s) 32,42"
2706,Critical Care and Intensive Care Medicine,3213,Paediatrics,False,0.0,"constrained to groups within division(s) 32,42"
2706,Critical Care and Intensive Care Medicine,4201,Allied health and rehabilitation science,False,0.0,"constrained to groups within division(s) 32,42"
2706,Critical Care and Intensive Care Medicine,4202,Epidemiology,False,0.0,"constrained to groups within division(s) 32,42"
2706,Critical Care and Intensive Care Medicine,4207,Sports science and exercise,False,0.0,"constrained to groups within division(s) 32,42"
2706,Critical Care and Intensive Care Medicine,4299,Other health sciences,False,0.0,"constrained to groups within division(s) 32,42"
2707,Complementary and alternative medicine,4208,"Traditional, complementary and integrative medicine",True,0.621,"constrained to groups within division(s) 32,42"
2707,Complementary and alternative medicine,3201,Cardiovascular medicine and haematology,False,0.325,"constrained to groups within division(s) 32,42"
2707,Complementary and alternative medicine,3208,Medical physiology,False,0.231,"constrained to groups within division(s) 32,42"
2707,Complementary and alternative medicine,4207,Sports science and exercise,False,0.214,"constrained to groups within division(s) 32,42"
2707,Complementary and alternative medicine,3207,Medical microbiology,False,0.197,"constrained to groups within division(s) 32,42"
2707,Complementary and alternative medicine,3215,Reproductive medicine,False,0.195,"constrained to groups within division(s) 32,42"
2707,Complementary and alternative medicine,3206,Medical biotechnology,False,0.167,"constrained to groups within division(s) 32,42"
2707,Complementary and alternative medicine,3205,Medical biochemistry and metabolomics,False,0.149,"constrained to groups within division(s) 32,42"
2707,Complementary and alternative medicine,3214,Pharmacology and pharmaceutical sciences,False,0.079,"constrained to groups within division(s) 32,42"
2707,Complementary and alternative medicine,3209,Neurosciences,False,0.051,"constrained to groups within division(s) 32,42"
2707,Complementary and alternative medicine,3203,Dentistry,False,0.039,"constrained to groups within division(s) 32,42"
2707,Complementary and alternative medicine,3202,Clinical sciences,False,0.033,"constrained to groups within division(s) 32,42"
2707,Complementary and alternative medicine,3210,Nutrition and dietetics,False,0.032,"constrained to groups within division(s) 32,42"
2707,Complementary and alternative medicine,4201,Allied health and rehabilitation science,False,0.03,"constrained to groups within division(s) 32,42"
2707,Complementary and alternative medicine,4202,Epidemiology,False,0.028,"constrained to groups within division(s) 32,42"
2707,Complementary and alternative medicine,3204,Immunology,False,0.022,"constrained to groups within division(s) 32,42"
2707,Complementary and alternative medicine,3211,Oncology and carcinogenesis,False,0.0,"constrained to groups within division(s) 32,42"
2707,Complementary and alternative medicine,3212,Ophthalmology and optometry,False,0.0,"constrained to groups within division(s) 32,42"
2707,Complementary and alternative medicine,3213,Paediatrics,False,0.0,"constrained to groups within division(s) 32,42"
2707,Complementary and alternative medicine,3299,Other biomedical and clinical sciences,False,0.0,"constrained to groups within division(s) 32,42"
2707,Complementary and alternative medicine,4203,Health services and systems,False,0.0,"constrained to groups within division(s) 32,42"
2707,Complementary and alternative medicine,4204,Midwifery,False,0.0,"constrained to groups within division(s) 32,42"
2707,Complementary and alternative medicine,4205,Nursing,False,0.0,"constrained to groups within division(s) 32,42"
2707,Complementary and alternative medicine,4206,Public health,False,0.0,"constrained to groups within division(s) 32,42"
2707,Complementary and alternative medicine,4299,Other health sciences,False,0.0,"constrained to groups within division(s) 32,42"
2708,Dermatology,3201,Cardiovascular medicine and haematology,True,0.143,"constrained to groups within division(s) 32,42"
2708,Dermatology,4208,"Traditional, complementary and integrative medicine",False,0.105,"constrained to groups within division(s) 32,42"
2708,Dermatology,3202,Clinical sciences,False,0.085,"constrained to groups within division(s) 32,42"
2708,Dermatology,3212,Ophthalmology and optometry,False,0.083,"constrained to groups within division(s) 32,42"
2708,Dermatology,3214,Pharmacology and pharmaceutical sciences,False,0.079,"constrained to groups within division(s) 32,42"
2708,Dermatology,3203,Dentistry,False,0.059,"constrained to groups within division(s) 32,42"
2708,Dermatology,3207,Medical microbiology,False,0.054,"constrained to groups within division(s) 32,42"
2708,Dermatology,3215,Reproductive medicine,False,0.053,"constrained to groups within division(s) 32,42"
2708,Dermatology,3206,Medical biotechnology,False,0.049,"constrained to groups within division(s) 32,42"
2708,Dermatology,3211,Oncology and carcinogenesis,False,0.043,"constrained to groups within division(s) 32,42"
2708,Dermatology,3205,Medical biochemistry and metabolomics,False,0.038,"constrained to groups within division(s) 32,42"
2708,Dermatology,3208,Medical physiology,False,0.029,"constrained to groups within division(s) 32,42"
2708,Dermatology,4202,Epidemiology,False,0.028,"constrained to groups within division(s) 32,42"
2708,Dermatology,3209,Neurosciences,False,0.026,"constrained to groups within division(s) 32,42"
2708,Dermatology,3204,Immunology,False,0.022,"constrained to groups within division(s) 32,42"
2708,Dermatology,3210,Nutrition and dietetics,False,0.0,"constrained to groups within division(s) 32,42"
2708,Dermatology,3213,Paediatrics,False,0.0,"constrained to groups within division(s) 32,42"
2708,Dermatology,3299,Other biomedical and clinical sciences,False,0.0,"constrained to groups within division(s) 32,42"
2708,Dermatology,4201,Allied health and rehabilitation science,False,0.0,"constrained to groups within division(s) 32,42"
2708,Dermatology,4203,Health services and systems,False,0.0,"constrained to groups within division(s) 32,42"
2708,Dermatology,4204,Midwifery,False,0.0,"constrained to groups within division(s) 32,42"
2708,Dermatology,4205,Nursing,False,0.0,"constrained to groups within division(s) 32,42"
2708,Dermatology,4206,Public health,False,0.0,"constrained to groups within division(s) 32,42"
2708,Dermatology,4207,Sports science and exercise,False,0.0,"constrained to groups within division(s) 32,42"
2708,Dermatology,4299,Other health sciences,False,0.0,"constrained to groups within division(s) 32,42"
2711,Emergency Medicine,3201,Cardiovascular medicine and haematology,True,0.286,"constrained to groups within division(s) 32,42"
2711,Emergency Medicine,3206,Medical biotechnology,False,0.273,"constrained to groups within division(s) 32,42"
2711,Emergency Medicine,4208,"Traditional, complementary and integrative medicine",False,0.269,"constrained to groups within division(s) 32,42"
2711,Emergency Medicine,3207,Medical microbiology,False,0.254,"constrained to groups within division(s) 32,42"
2711,Emergency Medicine,3215,Reproductive medicine,False,0.253,"constrained to groups within division(s) 32,42"
2711,Emergency Medicine,3208,Medical physiology,False,0.229,"constrained to groups within division(s) 32,42"
2711,Emergency Medicine,3205,Medical biochemistry and metabolomics,False,0.162,"constrained to groups within division(s) 32,42"
2711,Emergency Medicine,4205,Nursing,False,0.16,"constrained to groups within division(s) 32,42"
2711,Emergency Medicine,4299,Other health sciences,False,0.15,"constrained to groups within division(s) 32,42"
2711,Emergency Medicine,3202,Clinical sciences,False,0.121,"constrained to groups within division(s) 32,42"
2711,Emergency Medicine,4204,Midwifery,False,0.077,"constrained to groups within division(s) 32,42"
2711,Emergency Medicine,3213,Paediatrics,False,0.071,"constrained to groups within division(s) 32,42"
2711,Emergency Medicine,4206,Public health,False,0.071,"constrained to groups within division(s) 32,42"
2711,Emergency Medicine,4203,Health services and systems,False,0.045,"constrained to groups within division(s) 32,42"
2711,Emergency Medicine,3210,Nutrition and dietetics,False,0.032,"constrained to groups within division(s) 32,42"
2711,Emergency Medicine,4201,Allied health and rehabilitation science,False,0.03,"constrained to groups within division(s) 32,42"
2711,Emergency Medicine,3214,Pharmacology and pharmaceutical sciences,False,0.026,"constrained to groups within division(s) 32,42"
2711,Emergency Medicine,3211,Oncology and carcinogenesis,False,0.021,"constrained to groups within division(s) 32,42"
2711,Emergency Medicine,3203,Dentistry,False,0.02,"constrained to groups within division(s) 32,42"
2711,Emergency Medicine,3204,Immunology,False,0.0,"constrained to groups within division(s) 32,42"
2711,Emergency Medicine,3209,Neurosciences,False,0.0,"constrained to groups within division(s) 32,42"
2711,Emergency Medicine,3212,Ophthalmology and optometry,False,0.0,"constrained to groups within division(s) 32,42"
2711,Emergency Medicine,3299,Other biomedical and clinical sciences,False,0.0,"constrained to groups within division(s) 32,42"
2711,Emergency Medicine,4202,Epidemiology,False,0.0,"constrained to groups within division(s) 32,42"
2711,Emergency Medicine,4207,Sports science and exercise,False,0.0,"constrained to groups within division(s) 32,42"
2712,"Endocrinology, Diabetes and Metabolism",4299,Other health sciences,True,0.15,"constrained to groups within division(s) 32,42"
2712,"Endocrinology, Diabetes and Metabolism",3201,Cardiovascular medicine and haematology,False,0.143,"constrained to groups within division(s) 32,42"
2712,"Endocrinology, Diabetes and Metabolism",3205,Medical biochemistry and metabolomics,False,0.13,"constrained to groups within division(s) 32,42"
2712,"Endocrinology, Diabetes and Metabolism",4208,"Traditional, complementary and integrative medicine",False,0.105,"constrained to groups within division(s) 32,42"
2712,"Endocrinology, Diabetes and Metabolism",3202,Clinical sciences,False,0.083,"constrained to groups within division(s) 32,42"
2712,"Endocrinology, Diabetes and Metabolism",3207,Medical microbiology,False,0.081,"constrained to groups within division(s) 32,42"
2712,"Endocrinology, Diabetes and Metabolism",3213,Paediatrics,False,0.071,"constrained to groups within division(s) 32,42"
2712,"Endocrinology, Diabetes and Metabolism",4207,Sports science and exercise,False,0.071,"constrained to groups within division(s) 32,42"
2712,"Endocrinology, Diabetes and Metabolism",3211,Oncology and carcinogenesis,False,0.064,"constrained to groups within division(s) 32,42"
2712,"Endocrinology, Diabetes and Metabolism",3215,Reproductive medicine,False,0.053,"constrained to groups within division(s) 32,42"
2712,"Endocrinology, Diabetes and Metabolism",3209,Neurosciences,False,0.051,"constrained to groups within division(s) 32,42"
2712,"Endocrinology, Diabetes and Metabolism",3206,Medical biotechnology,False,0.049,"constrained to groups within division(s) 32,42"
2712,"Endocrinology, Diabetes and Metabolism",4205,Nursing,False,0.04,"constrained to groups within division(s) 32,42"
2712,"Endocrinology, Diabetes and Metabolism",4204,Midwifery,False,0.038,"constrained to groups within division(s) 32,42"
2712,"Endocrinology, Diabetes and Metabolism",4203,Health services and systems,False,0.038,"constrained to groups within division(s) 32,42"
2712,"Endocrinology, Diabetes and Metabolism",4206,Public health,False,0.036,"constrained to groups within division(s) 32,42"
2712,"Endocrinology, Diabetes and Metabolism",3210,Nutrition and dietetics,False,0.032,"constrained to groups within division(s) 32,42"
2712,"Endocrinology, Diabetes and Metabolism",4201,Allied health and rehabilitation science,False,0.03,"constrained to groups within division(s) 32,42"
2712,"Endocrinology, Diabetes and Metabolism",4202,Epidemiology,False,0.028,"constrained to groups within division(s) 32,42"
2712,"Endocrinology, Diabetes and Metabolism",3203,Dentistry,False,0.0,"constrained to groups within division(s) 32,42"
2712,"Endocrinology, Diabetes and Metabolism",3204,Immunology,False,0.0,"constrained to groups within division(s) 32,42"
2712,"Endocrinology, Diabetes and Metabolism",3208,Medical physiology,False,0.0,"constrained to groups within division(s) 32,42"
2712,"Endocrinology, Diabetes and Metabolism",3212,Ophthalmology and optometry,False,0.0,"constrained to groups within division(s) 32,42"
2712,"Endocrinology, Diabetes and Metabolism",3214,Pharmacology and pharmaceutical sciences,False,0.0,"constrained to groups within division(s) 32,42"
2712,"Endocrinology, Diabetes and Metabolism",3299,Other biomedical and clinical sciences,False,0.0,"constrained to groups within division(s) 32,42"
2713,Epidemiology,4202,Epidemiology,True,1.0,"constrained to groups within division(s) 32,42"
2713,Epidemiology,4299,Other health sciences,False,0.15,"constrained to groups within division(s) 32,42"
2713,Epidemiology,3201,Cardiovascular medicine and haematology,False,0.143,"constrained to groups within division(s) 32,42"
2713,Epidemiology,4206,Public health,False,0.143,"constrained to groups within division(s) 32,42"
2713,Epidemiology,3207,Medical microbiology,False,0.135,"constrained to groups within division(s) 32,42"
2713,Epidemiology,4205,Nursing,False,0.12,"constrained to groups within division(s) 32,42"
2713,Epidemiology,3202,Clinical sciences,False,0.119,"constrained to groups within division(s) 32,42"
2713,Epidemiology,4203,Health services and systems,False,0.101,"constrained to groups within division(s) 32,42"
2713,Epidemiology,3210,Nutrition and dietetics,False,0.097,"constrained to groups within division(s) 32,42"
2713,Epidemiology,3212,Ophthalmology and optometry,False,0.083,"constrained to groups within division(s) 32,42"
2713,Epidemiology,3209,Neurosciences,False,0.077,"constrained to groups within division(s) 32,42"
2713,Epidemiology,4204,Midwifery,False,0.077,"constrained to groups within division(s) 32,42"
2713,Epidemiology,3206,Medical biotechnology,False,0.073,"constrained to groups within division(s) 32,42"
2713,Epidemiology,3213,Paediatrics,False,0.071,"constrained to groups within division(s) 32,42"
2713,Epidemiology,3204,Immunology,False,0.065,"constrained to groups within division(s) 32,42"
2713,Epidemiology,3211,Oncology and carcinogenesis,False,0.064,"constrained to groups within division(s) 32,42"
2713,Epidemiology,4201,Allied health and rehabilitation science,False,0.061,"constrained to groups within division(s) 32,42"
2713,Epidemiology,3214,Pharmacology and pharmaceutical sciences,False,0.053,"constrained to groups within division(s) 32,42"
2713,Epidemiology,4208,"Traditional, complementary and integrative medicine",False,0.053,"constrained to groups within division(s) 32,42"
2713,Epidemiology,3203,Dentistry,False,0.039,"constrained to groups within division(s) 32,42"
2713,Epidemiology,3208,Medical physiology,False,0.029,"constrained to groups within division(s) 32,42"
2713,Epidemiology,3205,Medical biochemistry and metabolomics,False,0.019,"constrained to groups within division(s) 32,42"
2713,Epidemiology,3215,Reproductive medicine,False,0.0,"constrained to groups within division(s) 32,42"
2713,Epidemiology,3299,Other biomedical and clinical sciences,False,0.0,"constrained to groups within division(s) 32,42"
2713,Epidemiology,4207,Sports science and exercise,False,0.0,"constrained to groups within division(s) 32,42"
2714,Family Practice,3202,Clinical sciences,True,0.176,"constrained to groups within division(s) 32,42"
2714,Family Practice,3214,Pharmacology and pharmaceutical sciences,False,0.176,"constrained to groups within division(s) 32,42"
2714,Family Practice,3206,Medical biotechnology,False,0.118,"constrained to groups within division(s) 32,42"
2714,Family Practice,3207,Medical microbiology,False,0.118,"constrained to groups within division(s) 32,42"
2714,Family Practice,4203,Health services and systems,False,0.118,"constrained to groups within division(s) 32,42"
2714,Family Practice,4208,"Traditional, complementary and integrative medicine",False,0.118,"constrained to groups within division(s) 32,42"
2714,Family Practice,3299,Other biomedical and clinical sciences,False,0.075,"constrained to groups within division(s) 32,42"
2714,Family Practice,3201,Cardiovascular medicine and haematology,False,0.071,"constrained to groups within division(s) 32,42"
2714,Family Practice,3203,Dentistry,False,0.059,"constrained to groups within division(s) 32,42"
2714,Family Practice,3205,Medical biochemistry and metabolomics,False,0.059,"constrained to groups within division(s) 32,42"
2714,Family Practice,3208,Medical physiology,False,0.059,"constrained to groups within division(s) 32,42"
2714,Family Practice,3210,Nutrition and dietetics,False,0.059,"constrained to groups within division(s) 32,42"
2714,Family Practice,3211,Oncology and carcinogenesis,False,0.059,"constrained to groups within division(s) 32,42"
2714,Family Practice,3215,Reproductive medicine,False,0.059,"constrained to groups within division(s) 32,42"
2714,Family Practice,4204,Midwifery,False,0.059,"constrained to groups within division(s) 32,42"
2714,Family Practice,3204,Immunology,False,0.0,"constrained to groups within division(s) 32,42"
2714,Family Practice,3209,Neurosciences,False,0.0,"constrained to groups within division(s) 32,42"
2714,Family Practice,3212,Ophthalmology and optometry,False,0.0,"constrained to groups within division(s) 32,42"
2714,Family Practice,3213,Paediatrics,False,0.0,"constrained to groups within division(s) 32,42"
2714,Family Practice,4201,Allied health and rehabilitation science,False,0.0,"constrained to groups within division(s) 32,42"
2714,Family Practice,4202,Epidemiology,False,0.0,"constrained to groups within division(s) 32,42"
2714,Family Practice,4205,Nursing,False,0.0,"constrained to groups within division(s) 32,42"
2714,Family Practice,4206,Public health,False,0.0,"constrained to groups within division(s) 32,42"
2714,Family Practice,4207,Sports science and exercise,False,0.0,"constrained to groups within division(s) 32,42"
2714,Family Practice,4299,Other health sciences,False,0.0,"constrained to groups within division(s) 32,42"
2715,Gastroenterology,3202,Clinical sciences,True,0.2,"constrained to groups within division(s) 32,42"
2715,Gastroenterology,3201,Cardiovascular medicine and haematology,False,0.071,"constrained to groups within division(s) 32,42"
2715,Gastroenterology,4208,"Traditional, complementary and integrative medicine",False,0.053,"constrained to groups within division(s) 32,42"
2715,Gastroenterology,3206,Medical biotechnology,False,0.033,"constrained to groups within division(s) 32,42"
2715,Gastroenterology,3207,Medical microbiology,False,0.033,"constrained to groups within division(s) 32,42"
2715,Gastroenterology,3209,Neurosciences,False,0.033,"constrained to groups within division(s) 32,42"
2715,Gastroenterology,3211,Oncology and carcinogenesis,False,0.033,"constrained to groups within division(s) 32,42"
2715,Gastroenterology,4202,Epidemiology,False,0.033,"constrained to groups within division(s) 32,42"
2715,Gastroenterology,4203,Health services and systems,False,0.033,"constrained to groups within division(s) 32,42"
2715,Gastroenterology,3203,Dentistry,False,0.0,"constrained to groups within division(s) 32,42"
2715,Gastroenterology,3204,Immunology,False,0.0,"constrained to groups within division(s) 32,42"
2715,Gastroenterology,3205,Medical biochemistry and metabolomics,False,0.0,"constrained to groups within division(s) 32,42"
2715,Gastroenterology,3208,Medical physiology,False,0.0,"constrained to groups within division(s) 32,42"
2715,Gastroenterology,3210,Nutrition and dietetics,False,0.0,"constrained to groups within division(s) 32,42"
2715,Gastroenterology,3212,Ophthalmology and optometry,False,0.0,"constrained to groups within division(s) 32,42"
2715,Gastroenterology,3213,Paediatrics,False,0.0,"constrained to groups within division(s) 32,42"
2715,Gastroenterology,3214,Pharmacology and pharmaceutical sciences,False,0.0,"constrained to groups within division(s) 32,42"
2715,Gastroenterology,3215,Reproductive medicine,False,0.0,"constrained to groups within division(s) 32,42"
2715,Gastroenterology,3299,Other biomedical and clinical sciences,False,0.0,"constrained to groups within division(s) 32,42"
2715,Gastroenterology,4201,Allied health and rehabilitation science,False,0.0,"constrained to groups within division(s) 32,42"
2715,Gastroenterology,4204,Midwifery,False,0.0,"constrained to groups within division(s) 32,42"
2715,Gastroenterology,4205,Nursing,False,0.0,"constrained to groups within division(s) 32,42"
2715,Gastroenterology,4206,Public health,False,0.0,"constrained to groups within division(s) 32,42"
2715,Gastroenterology,4207,Sports science and exercise,False,0.0,"constrained to groups within division(s) 32,42"
2715,Gastroenterology,4299,Other health sciences,False,0.0,"constrained to groups within division(s) 32,42"
2716,Genetics,3105,Genetics,True,1.0,"constrained to groups within division(s) 32,42"
2716,Genetics,3202,Clinical sciences,False,0.068,"constrained to groups within division(s) 32,42"
2716,Genetics,3211,Oncology and carcinogenesis,False,0.064,"constrained to groups within division(s) 32,42"
2716,Genetics,4208,"Traditional, complementary and integrative medicine",False,0.053,"constrained to groups within division(s) 32,42"
2716,Genetics,3206,Medical biotechnology,False,0.049,"constrained to groups within division(s) 32,42"
2716,Genetics,3204,Immunology,False,0.043,"constrained to groups within division(s) 32,42"
2716,Genetics,3208,Medical physiology,False,0.029,"constrained to groups within division(s) 32,42"
2716,Genetics,3209,Neurosciences,False,0.026,"constrained to groups within division(s) 32,42"
2716,Genetics,3201,Cardiovascular medicine and haematology,False,0.0,"constrained to groups within division(s) 32,42"
2716,Genetics,3203,Dentistry,False,0.0,"constrained to groups within division(s) 32,42"
2716,Genetics,3205,Medical biochemistry and metabolomics,False,0.0,"constrained to groups within division(s) 32,42"
2716,Genetics,3207,Medical microbiology,False,0.0,"constrained to groups within division(s) 32,42"
2716,Genetics,3210,Nutrition and dietetics,False,0.0,"constrained to groups within division(s) 32,42"
2716,Genetics,3212,Ophthalmology and optometry,False,0.0,"constrained to groups within division(s) 32,42"
2716,Genetics,3213,Paediatrics,False,0.0,"constrained to groups within division(s) 32,42"
2716,Genetics,3214,Pharmacology and pharmaceutical sciences,False,0.0,"constrained to groups within division(s) 32,42"
2716,Genetics,3215,Reproductive medicine,False,0.0,"constrained to groups within division(s) 32,42"
2716,Genetics,3299,Other biomedical and clinical sciences,False,0.0,"constrained to groups within division(s) 32,42"
2716,Genetics,4201,Allied health and rehabilitation science,False,0.0,"constrained to groups within division(s) 32,42"
2716,Genetics,4202,Epidemiology,False,0.0,"constrained to groups within division(s) 32,42"
2716,Genetics,4203,Health services and systems,False,0.0,"constrained to groups within division(s) 32,42"
2716,Genetics,4204,Midwifery,False,0.0,"constrained to groups within division(s) 32,42"
2716,Genetics,4205,Nursing,False,0.0,"constrained to groups within division(s) 32,42"
2716,Genetics,4206,Public health,False,0.0,"constrained to groups within division(s) 32,42"
2716,Genetics,4207,Sports science and exercise,False,0.0,"constrained to groups within division(s) 32,42"
2716,Genetics,4299,Other health sciences,False,0.0,"constrained to groups within division(s) 32,42"
2717,Geriatrics and Gerontology,3202,Clinical sciences,True,0.174,"constrained to groups within division(s) 32,42"
2717,Geriatrics and Gerontology,3214,Pharmacology and pharmaceutical sciences,False,0.174,"constrained to groups within division(s) 32,42"
2717,Geriatrics and Gerontology,3203,Dentistry,False,0.087,"constrained to groups within division(s) 32,42"
2717,Geriatrics and Gerontology,4203,Health services and systems,False,0.087,"constrained to groups within division(s) 32,42"
2717,Geriatrics and Gerontology,3201,Cardiovascular medicine and haematology,False,0.071,"constrained to groups within division(s) 32,42"
2717,Geriatrics and Gerontology,3215,Reproductive medicine,False,0.053,"constrained to groups within division(s) 32,42"
2717,Geriatrics and Gerontology,4208,"Traditional, complementary and integrative medicine",False,0.053,"constrained to groups within division(s) 32,42"
2717,Geriatrics and Gerontology,3205,Medical biochemistry and metabolomics,False,0.043,"constrained to groups within division(s) 32,42"
2717,Geriatrics and Gerontology,3206,Medical biotechnology,False,0.043,"constrained to groups within division(s) 32,42"
2717,Geriatrics and Gerontology,3207,Medical microbiology,False,0.043,"constrained to groups within division(s) 32,42"
2717,Geriatrics and Gerontology,3208,Medical physiology,False,0.043,"constrained to groups within division(s) 32,42"
2717,Geriatrics and Gerontology,3204,Immunology,False,0.0,"constrained to groups within division(s) 32,42"
2717,Geriatrics and Gerontology,3209,Neurosciences,False,0.0,"constrained to groups within division(s) 32,42"
2717,Geriatrics and Gerontology,3210,Nutrition and dietetics,False,0.0,"constrained to groups within division(s) 32,42"
2717,Geriatrics and Gerontology,3211,Oncology and carcinogenesis,False,0.0,"constrained to groups within division(s) 32,42"
2717,Geriatrics and Gerontology,3212,Ophthalmology and optometry,False,0.0,"constrained to groups within division(s) 32,42"
2717,Geriatrics and Gerontology,3213,Paediatrics,False,0.0,"constrained to groups within division(s) 32,42"
2717,Geriatrics and Gerontology,3299,Other biomedical and clinical sciences,False,0.0,"constrained to groups within division(s) 32,42"
2717,Geriatrics and Gerontology,4201,Allied health and rehabilitation science,False,0.0,"constrained to groups within division(s) 32,42"
2717,Geriatrics and Gerontology,4202,Epidemiology,False,0.0,"constrained to groups within division(s) 32,42"
2717,Geriatrics and Gerontology,4204,Midwifery,False,0.0,"constrained to groups within division(s) 32,42"
2717,Geriatrics and Gerontology,4205,Nursing,False,0.0,"constrained to groups within division(s) 32,42"
2717,Geriatrics and Gerontology,4206,Public health,False,0.0,"constrained to groups within division(s) 32,42"
2717,Geriatrics and Gerontology,4207,Sports science and exercise,False,0.0,"constrained to groups within division(s) 32,42"
2717,Geriatrics and Gerontology,4299,Other health sciences,False,0.0,"constrained to groups within division(s) 32,42"
2718,Health Informatics,4203,Health services and systems,True,0.443,"constrained to groups within division(s) 32,42"
2718,Health Informatics,4206,Public health,False,0.3,"constrained to groups within division(s) 32,42"
2718,Health Informatics,4299,Other health sciences,False,0.25,"constrained to groups within division(s) 32,42"
2718,Health Informatics,4201,Allied health and rehabilitation science,False,0.243,"constrained to groups within division(s) 32,42"
2718,Health Informatics,3202,Clinical sciences,False,0.1,"constrained to groups within division(s) 32,42"
2718,Health Informatics,3206,Medical biotechnology,False,0.1,"constrained to groups within division(s) 32,42"
2718,Health Informatics,3207,Medical microbiology,False,0.1,"constrained to groups within division(s) 32,42"
2718,Health Informatics,3210,Nutrition and dietetics,False,0.1,"constrained to groups within division(s) 32,42"
2718,Health Informatics,3213,Paediatrics,False,0.1,"constrained to groups within division(s) 32,42"
2718,Health Informatics,4204,Midwifery,False,0.1,"constrained to groups within division(s) 32,42"
2718,Health Informatics,4205,Nursing,False,0.1,"constrained to groups within division(s) 32,42"
2718,Health Informatics,3201,Cardiovascular medicine and haematology,False,0.0,"constrained to groups within division(s) 32,42"
2718,Health Informatics,3203,Dentistry,False,0.0,"constrained to groups within division(s) 32,42"
2718,Health Informatics,3204,Immunology,False,0.0,"constrained to groups within division(s) 32,42"
2718,Health Informatics,3205,Medical biochemistry and metabolomics,False,0.0,"constrained to groups within division(s) 32,42"
2718,Health Informatics,3208,Medical physiology,False,0.0,"constrained to groups within division(s) 32,42"
2718,Health Informatics,3209,Neurosciences,False,0.0,"constrained to groups within division(s) 32,42"
2718,Health Informatics,3211,Oncology and carcinogenesis,False,0.0,"constrained to groups within division(s) 32,42"
2718,Health Informatics,3212,Ophthalmology and optometry,False,0.0,"constrained to groups within division(s) 32,42"
2718,Health Informatics,3214,Pharmacology and pharmaceutical sciences,False,0.0,"constrained to groups within division(s) 32,42"
2718,Health Informatics,3215,Reproductive medicine,False,0.0,"constrained to groups within division(s) 32,42"
2718,Health Informatics,3299,Other biomedical and clinical sciences,False,0.0,"constrained to groups within division(s) 32,42"
2718,Health Informatics,4202,Epidemiology,False,0.0,"constrained to groups within division(s) 32,42"
2718,Health Informatics,4207,Sports science and exercise,False,0.0,"constrained to groups within division(s) 32,42"
2718,Health Informatics,4208,"Traditional, complementary and integrative medicine",False,0.0,"constrained to groups within division(s) 32,42"
2720,Hematology,3204,Immunology,True,0.065,"constrained to groups within division(s) 32,42"
2720,Hematology,4208,"Traditional, complementary and integrative medicine",False,0.053,"constrained to groups within division(s) 32,42"
2720,Hematology,4205,Nursing,False,0.04,"constrained to groups within division(s) 32,42"
2720,Hematology,3208,Medical physiology,False,0.029,"constrained to groups within division(s) 32,42"
2720,Hematology,3206,Medical biotechnology,False,0.024,"constrained to groups within division(s) 32,42"
2720,Hematology,3211,Oncology and carcinogenesis,False,0.021,"constrained to groups within division(s) 32,42"
2720,Hematology,3205,Medical biochemistry and metabolomics,False,0.019,"constrained to groups within division(s) 32,42"
2720,Hematology,3202,Clinical sciences,False,0.014,"constrained to groups within division(s) 32,42"
2720,Hematology,4203,Health services and systems,False,0.014,"constrained to groups within division(s) 32,42"
2720,Hematology,3201,Cardiovascular medicine and haematology,False,0.0,"constrained to groups within division(s) 32,42"
2720,Hematology,3203,Dentistry,False,0.0,"constrained to groups within division(s) 32,42"
2720,Hematology,3207,Medical microbiology,False,0.0,"constrained to groups within division(s) 32,42"
2720,Hematology,3209,Neurosciences,False,0.0,"constrained to groups within division(s) 32,42"
2720,Hematology,3210,Nutrition and dietetics,False,0.0,"constrained to groups within division(s) 32,42"
2720,Hematology,3212,Ophthalmology and optometry,False,0.0,"constrained to groups within division(s) 32,42"
2720,Hematology,3213,Paediatrics,False,0.0,"constrained to groups within division(s) 32,42"
2720,Hematology,3214,Pharmacology and pharmaceutical sciences,False,0.0,"constrained to groups within division(s) 32,42"
2720,Hematology,3215,Reproductive medicine,False,0.0,"constrained to groups within division(s) 32,42"
2720,Hematology,3299,Other biomedical and clinical sciences,False,0.0,"constrained to groups within division(s) 32,42"
2720,Hematology,4201,Allied health and rehabilitation science,False,0.0,"constrained to groups within division(s) 32,42"
2720,Hematology,4202,Epidemiology,False,0.0,"constrained to groups within division(s) 32,42"
2720,Hematology,4204,Midwifery,False,0.0,"constrained to groups within division(s) 32,42"
2720,Hematology,4206,Public health,False,0.0,"constrained to groups within division(s) 32,42"
2720,Hematology,4207,Sports science and exercise,False,0.0,"constrained to groups within division(s) 32,42"
2720,Hematology,4299,Other health sciences,False,0.0,"constrained to groups within division(s) 32,42"
2721,Hepatology,3202,Clinical sciences,True,0.133,"constrained to groups within division(s) 32,42"
2721,Hepatology,3201,Cardiovascular medicine and haematology,False,0.071,"constrained to groups within division(s) 32,42"
2721,Hepatology,4207,Sports science and exercise,False,0.071,"constrained to groups within division(s) 32,42"
2721,Hepatology,3204,Immunology,False,0.067,"constrained to groups within division(s) 32,42"
2721,Hepatology,3211,Oncology and carcinogenesis,False,0.067,"constrained to groups within division(s) 32,42"
2721,Hepatology,4201,Allied health and rehabilitation science,False,0.067,"constrained to groups within division(s) 32,42"
2721,Hepatology,4202,Epidemiology,False,0.067,"constrained to groups within division(s) 32,42"
2721,Hepatology,4208,"Traditional, complementary and integrative medicine",False,0.053,"constrained to groups within division(s) 32,42"
2721,Hepatology,3203,Dentistry,False,0.033,"constrained to groups within division(s) 32,42"
2721,Hepatology,3207,Medical microbiology,False,0.033,"constrained to groups within division(s) 32,42"
2721,Hepatology,3208,Medical physiology,False,0.033,"constrained to groups within division(s) 32,42"
2721,Hepatology,3209,Neurosciences,False,0.033,"constrained to groups within division(s) 32,42"
2721,Hepatology,3205,Medical biochemistry and metabolomics,False,0.0,"constrained to groups within division(s) 32,42"
2721,Hepatology,3206,Medical biotechnology,False,0.0,"constrained to groups within division(s) 32,42"
2721,Hepatology,3210,Nutrition and dietetics,False,0.0,"constrained to groups within division(s) 32,42"
2721,Hepatology,3212,Ophthalmology and optometry,False,0.0,"constrained to groups within division(s) 32,42"
2721,Hepatology,3213,Paediatrics,False,0.0,"constrained to groups within division(s) 32,42"
2721,Hepatology,3214,Pharmacology and pharmaceutical sciences,False,0.0,"constrained to groups within division(s) 32,42"
2721,Hepatology,3215,Reproductive medicine,False,0.0,"constrained to groups within division(s) 32,42"
2721,Hepatology,3299,Other biomedical and clinical sciences,False,0.0,"constrained to groups within division(s) 32,42"
2721,Hepatology,4203,Health services and systems,False,0.0,"constrained to groups within division(s) 32,42"
2721,Hepatology,4204,Midwifery,False,0.0,"constrained to groups within division(s) 32,42"
2721,Hepatology,4205,Nursing,False,0.0,"constrained to groups within division(s) 32,42"
2721,Hepatology,4206,Public health,False,0.0,"constrained to groups within division(s) 32,42"
2721,Hepatology,4299,Other health sciences,False,0.0,"constrained to groups within division(s) 32,42"
2723,Immunology and Allergy,3204,Immunology,True,0.47,"constrained to groups within division(s) 32,42"
2723,Immunology and Allergy,3211,Oncology and carcinogenesis,False,0.091,"constrained to groups within division(s) 32,42"
2723,Immunology and Allergy,3206,Medical biotechnology,False,0.045,"constrained to groups within division(s) 32,42"
2723,Immunology and Allergy,3208,Medical physiology,False,0.045,"constrained to groups within division(s) 32,42"
2723,Immunology and Allergy,3210,Nutrition and dietetics,False,0.045,"constrained to groups within division(s) 32,42"
2723,Immunology and Allergy,3201,Cardiovascular medicine and haematology,False,0.0,"constrained to groups within division(s) 32,42"
2723,Immunology and Allergy,3202,Clinical sciences,False,0.0,"constrained to groups within division(s) 32,42"
2723,Immunology and Allergy,3203,Dentistry,False,0.0,"constrained to groups within division(s) 32,42"
2723,Immunology and Allergy,3205,Medical biochemistry and metabolomics,False,0.0,"constrained to groups within division(s) 32,42"
2723,Immunology and Allergy,3207,Medical microbiology,False,0.0,"constrained to groups within division(s) 32,42"
2723,Immunology and Allergy,3209,Neurosciences,False,0.0,"constrained to groups within division(s) 32,42"
2723,Immunology and Allergy,3212,Ophthalmology and optometry,False,0.0,"constrained to groups within division(s) 32,42"
2723,Immunology and Allergy,3213,Paediatrics,False,0.0,"constrained to groups within division(s) 32,42"
2723,Immunology and Allergy,3214,Pharmacology and pharmaceutical sciences,False,0.0,"constrained to groups within division(s) 32,42"
2723,Immunology and Allergy,3215,Reproductive medicine,False,0.0,"constrained to groups within division(s) 32,42"
2723,Immunology and Allergy,3299,Other biomedical and clinical sciences,False,0.0,"constrained to groups within division(s) 32,42"
2723,Immunology and Allergy,4201,Allied health and rehabilitation science,False,0.0,"constrained to groups within division(s) 32,42"
2723,Immunology and Allergy,4202,Epidemiology,False,0.0,"constrained to groups within division(s) 32,42"
2723,Immunology and Allergy,4203,Health services and systems,False,0.0,"constrained to groups within division(s) 32,42"
2723,Immunology and Allergy,4204,Midwifery,False,0.0,"constrained to groups within division(s) 32,42"
2723,Immunology and Allergy,4205,Nursing,False,0.0,"constrained to groups within division(s) 32,42"
2723,Immunology and Allergy,4206,Public health,False,0.0,"constrained to groups within division(s) 32,42"
2723,Immunology and Allergy,4207,Sports science and exercise,False,0.0,"constrained to groups within division(s) 32,42"
2723,Immunology and Allergy,4208,"Traditional, complementary and integrative medicine",False,0.0,"constrained to groups within division(s) 32,42"
2723,Immunology and Allergy,4299,Other health sciences,False,0.0,"constrained to groups within division(s) 32,42"
2724,Internal Medicine,3206,Medical biotechnology,True,0.382,"constrained to groups within division(s) 32,42"
2724,Internal Medicine,3207,Medical microbiology,False,0.291,"constrained to groups within division(s) 32,42"
2724,Internal Medicine,3208,Medical physiology,False,0.291,"constrained to groups within division(s) 32,42"
2724,Internal Medicine,3215,Reproductive medicine,False,0.291,"constrained to groups within division(s) 32,42"
2724,Internal Medicine,3202,Clinical sciences,False,0.273,"constrained to groups within division(s) 32,42"
2724,Internal Medicine,3201,Cardiovascular medicine and haematology,False,0.234,"constrained to groups within division(s) 32,42"
2724,Internal Medicine,3205,Medical biochemistry and metabolomics,False,0.234,"constrained to groups within division(s) 32,42"
2724,Internal Medicine,4208,"Traditional, complementary and integrative medicine",False,0.202,"constrained to groups within division(s) 32,42"
2724,Internal Medicine,3203,Dentistry,False,0.091,"constrained to groups within division(s) 32,42"
2724,Internal Medicine,3211,Oncology and carcinogenesis,False,0.091,"constrained to groups within division(s) 32,42"
2724,Internal Medicine,3214,Pharmacology and pharmaceutical sciences,False,0.091,"constrained to groups within division(s) 32,42"
2724,Internal Medicine,4203,Health services and systems,False,0.091,"constrained to groups within division(s) 32,42"
2724,Internal Medicine,3204,Immunology,False,0.0,"constrained to groups within division(s) 32,42"
2724,Internal Medicine,3209,Neurosciences,False,0.0,"constrained to groups within division(s) 32,42"
2724,Internal Medicine,3210,Nutrition and dietetics,False,0.0,"constrained to groups within division(s) 32,42"
2724,Internal Medicine,3212,Ophthalmology and optometry,False,0.0,"constrained to groups within division(s) 32,42"
2724,Internal Medicine,3213,Paediatrics,False,0.0,"constrained to groups within division(s) 32,42"
2724,Internal Medicine,3299,Other biomedical and clinical sciences,False,0.0,"constrained to groups within division(s) 32,42"
2724,Internal Medicine,4201,Allied health and rehabilitation science,False,0.0,"constrained to groups within division(s) 32,42"
2724,Internal Medicine,4202,Epidemiology,False,0.0,"constrained to groups within division(s) 32,42"
2724,Internal Medicine,4204,Midwifery,False,0.0,"constrained to groups within division(s) 32,42"
2724,Internal Medicine,4205,Nursing,False,0.0,"constrained to groups within division(s) 32,42"
2724,Internal Medicine,4206,Public health,False,0.0,"constrained to groups within division(s) 32,42"
2724,Internal Medicine,4207,Sports science and exercise,False,0.0,"constrained to groups within division(s) 32,42"
2724,Internal Medicine,4299,Other health sciences,False,0.0,"constrained to groups within division(s) 32,42"
2725,Infectious Diseases,4299,Other health sciences,True,0.15,"constrained to groups within division(s) 32,42"
2725,Infectious Diseases,3207,Medical microbiology,False,0.135,"constrained to groups within division(s) 32,42"
2725,Infectious Diseases,4204,Midwifery,False,0.077,"constrained to groups within division(s) 32,42"
2725,Infectious Diseases,3299,Other biomedical and clinical sciences,False,0.075,"constrained to groups within division(s) 32,42"
2725,Infectious Diseases,3202,Clinical sciences,False,0.073,"constrained to groups within division(s) 32,42"
2725,Infectious Diseases,3201,Cardiovascular medicine and haematology,False,0.071,"constrained to groups within division(s) 32,42"
2725,Infectious Diseases,3213,Paediatrics,False,0.071,"constrained to groups within division(s) 32,42"
2725,Infectious Diseases,4207,Sports science and exercise,False,0.071,"constrained to groups within division(s) 32,42"
2725,Infectious Diseases,3210,Nutrition and dietetics,False,0.065,"constrained to groups within division(s) 32,42"
2725,Infectious Diseases,4202,Epidemiology,False,0.056,"constrained to groups within division(s) 32,42"
2725,Infectious Diseases,3215,Reproductive medicine,False,0.053,"constrained to groups within division(s) 32,42"
2725,Infectious Diseases,4208,"Traditional, complementary and integrative medicine",False,0.053,"constrained to groups within division(s) 32,42"
2725,Infectious Diseases,4205,Nursing,False,0.04,"constrained to groups within division(s) 32,42"
2725,Infectious Diseases,4206,Public health,False,0.036,"constrained to groups within division(s) 32,42"
2725,Infectious Diseases,4201,Allied health and rehabilitation science,False,0.03,"constrained to groups within division(s) 32,42"
2725,Infectious Diseases,3214,Pharmacology and pharmaceutical sciences,False,0.026,"constrained to groups within division(s) 32,42"
2725,Infectious Diseases,3209,Neurosciences,False,0.026,"constrained to groups within division(s) 32,42"
2725,Infectious Diseases,3206,Medical biotechnology,False,0.024,"constrained to groups within division(s) 32,42"
2725,Infectious Diseases,4203,Health services and systems,False,0.013,"constrained to groups within division(s) 32,42"
2725,Infectious Diseases,3203,Dentistry,False,0.0,"constrained to groups within division(s) 32,42"
2725,Infectious Diseases,3204,Immunology,False,0.0,"constrained to groups within division(s) 32,42"
2725,Infectious Diseases,3205,Medical biochemistry and metabolomics,False,0.0,"constrained to groups within division(s) 32,42"
2725,Infectious Diseases,3208,Medical physiology,False,0.0,"constrained to groups within division(s) 32,42"
2725,Infectious Diseases,3211,Oncology and carcinogenesis,False,0.0,"constrained to groups within division(s) 32,42"
2725,Infectious Diseases,3212,Ophthalmology and optometry,False,0.0,"constrained to groups within division(s) 32,42"
2726,Microbiology,3107,Microbiology,True,1.0,"constrained to groups within division(s) 32,42"
2726,Microbiology,3207,Medical microbiology,False,0.619,"constrained to groups within division(s) 32,42"
2726,Microbiology,3202,Clinical sciences,False,0.429,"constrained to groups within division(s) 32,42"
2726,Microbiology,4208,"Traditional, complementary and integrative medicine",False,0.143,"constrained to groups within division(s) 32,42"
2726,Microbiology,3201,Cardiovascular medicine and haematology,False,0.0,"constrained to groups within division(s) 32,42"
2726,Microbiology,3203,Dentistry,False,0.0,"constrained to groups within division(s) 32,42"
2726,Microbiology,3204,Immunology,False,0.0,"constrained to groups within division(s) 32,42"
2726,Microbiology,3205,Medical biochemistry and metabolomics,False,0.0,"constrained to groups within division(s) 32,42"
2726,Microbiology,3206,Medical biotechnology,False,0.0,"constrained to groups within division(s) 32,42"
2726,Microbiology,3208,Medical physiology,False,0.0,"constrained to groups within division(s) 32,42"
2726,Microbiology,3209,Neurosciences,False,0.0,"constrained to groups within division(s) 32,42"
2726,Microbiology,3210,Nutrition and dietetics,False,0.0,"constrained to groups within division(s) 32,42"
2726,Microbiology,3211,Oncology and carcinogenesis,False,0.0,"constrained to groups within division(s) 32,42"
2726,Microbiology,3212,Ophthalmology and optometry,False,0.0,"constrained to groups within division(s) 32,42"
2726,Microbiology,3213,Paediatrics,False,0.0,"constrained to groups within division(s) 32,42"
2726,Microbiology,3214,Pharmacology and pharmaceutical sciences,False,0.0,"constrained to groups within division(s) 32,42"
2726,Microbiology,3215,Reproductive medicine,False,0.0,"constrained to groups within division(s) 32,42"
2726,Microbiology,3299,Other biomedical and clinical sciences,False,0.0,"constrained to groups within division(s) 32,42"
2726,Microbiology,4201,Allied health and rehabilitation science,False,0.0,"constrained to groups within division(s) 32,42"
2726,Microbiology,4202,Epidemiology,False,0.0,"constrained to groups within division(s) 32,42"
2726,Microbiology,4203,Health services and systems,False,0.0,"constrained to groups within division(s) 32,42"
2726,Microbiology,4204,Midwifery,False,0.0,"constrained to groups within division(s) 32,42"
2726,Microbiology,4205,Nursing,False,0.0,"constrained to groups within division(s) 32,42"
2726,Microbiology,4206,Public health,False,0.0,"constrained to groups within division(s) 32,42"
2726,Microbiology,4207,Sports science and exercise,False,0.0,"constrained to groups within division(s) 32,42"
2726,Microbiology,4299,Other health sciences,False,0.0,"constrained to groups within division(s) 32,42"
2727,Nephrology,3202,Clinical sciences,True,0.083,"constrained to groups within division(s) 32,42"
2727,Nephrology,3201,Cardiovascular medicine and haematology,False,0.071,"constrained to groups within division(s) 32,42"
2727,Nephrology,4208,"Traditional, complementary and integrative medicine",False,0.053,"constrained to groups within division(s) 32,42"
2727,Nephrology,4205,Nursing,False,0.04,"constrained to groups within division(s) 32,42"
2727,Nephrology,4206,Public health,False,0.036,"constrained to groups within division(s) 32,42"
2727,Nephrology,3208,Medical physiology,False,0.029,"constrained to groups within division(s) 32,42"
2727,Nephrology,4202,Epidemiology,False,0.028,"constrained to groups within division(s) 32,42"
2727,Nephrology,3207,Medical microbiology,False,0.027,"constrained to groups within division(s) 32,42"
2727,Nephrology,3209,Neurosciences,False,0.026,"constrained to groups within division(s) 32,42"
2727,Nephrology,4203,Health services and systems,False,0.021,"constrained to groups within division(s) 32,42"
2727,Nephrology,3203,Dentistry,False,0.0,"constrained to groups within division(s) 32,42"
2727,Nephrology,3204,Immunology,False,0.0,"constrained to groups within division(s) 32,42"
2727,Nephrology,3205,Medical biochemistry and metabolomics,False,0.0,"constrained to groups within division(s) 32,42"
2727,Nephrology,3206,Medical biotechnology,False,0.0,"constrained to groups within division(s) 32,42"
2727,Nephrology,3210,Nutrition and dietetics,False,0.0,"constrained to groups within division(s) 32,42"
2727,Nephrology,3211,Oncology and carcinogenesis,False,0.0,"constrained to groups within division(s) 32,42"
2727,Nephrology,3212,Ophthalmology and optometry,False,0.0,"constrained to groups within division(s) 32,42"
2727,Nephrology,3213,Paediatrics,False,0.0,"constrained to groups within division(s) 32,42"
2727,Nephrology,3214,Pharmacology and pharmaceutical sciences,False,0.0,"constrained to groups within division(s) 32,42"
2727,Nephrology,3215,Reproductive medicine,False,0.0,"constrained to groups within division(s) 32,42"
2727,Nephrology,3299,Other biomedical and clinical sciences,False,0.0,"constrained to groups within division(s) 32,42"
2727,Nephrology,4201,Allied health and rehabilitation science,False,0.0,"constrained to groups within division(s) 32,42"
2727,Nephrology,4204,Midwifery,False,0.0,"constrained to groups within division(s) 32,42"
2727,Nephrology,4207,Sports science and exercise,False,0.0,"constrained to groups within division(s) 32,42"
2727,Nephrology,4299,Other health sciences,False,0.0,"constrained to groups within division(s) 32,42"
2728,Neurology,3209,Neurosciences,True,1.0,"constrained to groups within division(s) 32,42"
2728,Neurology,4208,"Traditional, complementary and integrative medicine",False,0.158,"constrained to groups within division(s) 32,42"
2728,Neurology,3201,Cardiovascular medicine and haematology,False,0.143,"constrained to groups within division(s) 32,42"
2728,Neurology,3204,Immunology,False,0.065,"constrained to groups within division(s) 32,42"
2728,Neurology,3208,Medical physiology,False,0.059,"constrained to groups within division(s) 32,42"
2728,Neurology,3202,Clinical sciences,False,0.055,"constrained to groups within division(s) 32,42"
2728,Neurology,3207,Medical microbiology,False,0.054,"constrained to groups within division(s) 32,42"
2728,Neurology,3214,Pharmacology and pharmaceutical sciences,False,0.053,"constrained to groups within division(s) 32,42"
2728,Neurology,3215,Reproductive medicine,False,0.053,"constrained to groups within division(s) 32,42"
2728,Neurology,3206,Medical biotechnology,False,0.049,"constrained to groups within division(s) 32,42"
2728,Neurology,3211,Oncology and carcinogenesis,False,0.043,"constrained to groups within division(s) 32,42"
2728,Neurology,3205,Medical biochemistry and metabolomics,False,0.038,"constrained to groups within division(s) 32,42"
2728,Neurology,4206,Public health,False,0.036,"constrained to groups within division(s) 32,42"
2728,Neurology,4202,Epidemiology,False,0.028,"constrained to groups within division(s) 32,42"
2728,Neurology,3203,Dentistry,False,0.02,"constrained to groups within division(s) 32,42"
2728,Neurology,4203,Health services and systems,False,0.013,"constrained to groups within division(s) 32,42"
2728,Neurology,3210,Nutrition and dietetics,False,0.0,"constrained to groups within division(s) 32,42"
2728,Neurology,3212,Ophthalmology and optometry,False,0.0,"constrained to groups within division(s) 32,42"
2728,Neurology,3213,Paediatrics,False,0.0,"constrained to groups within division(s) 32,42"
2728,Neurology,3299,Other biomedical and clinical sciences,False,0.0,"constrained to groups within division(s) 32,42"
2728,Neurology,4201,Allied health and rehabilitation science,False,0.0,"constrained to groups within division(s) 32,42"
2728,Neurology,4204,Midwifery,False,0.0,"constrained to groups within division(s) 32,42"
2728,Neurology,4205,Nursing,False,0.0,"constrained to groups within division(s) 32,42"
2728,Neurology,4207,Sports science and exercise,False,0.0,"constrained to groups within division(s) 32,42"
2728,Neurology,4299,Other health sciences,False,0.0,"constrained to groups within division(s) 32,42"
2729,Obstetrics and Gynecology,4299,Other health sciences,True,0.15,"constrained to groups within division(s) 32,42"
2729,Obstetrics and Gynecology,3215,Reproductive medicine,False,0.105,"constrained to groups within division(s) 32,42"
2729,Obstetrics and Gynecology,4208,"Traditional, complementary and integrative medicine",False,0.105,"constrained to groups within division(s) 32,42"
2729,Obstetrics and Gynecology,3202,Clinical sciences,False,0.096,"constrained to groups within division(s) 32,42"
2729,Obstetrics and Gynecology,4204,Midwifery,False,0.077,"constrained to groups within division(s) 32,42"
2729,Obstetrics and Gynecology,3213,Paediatrics,False,0.071,"constrained to groups within division(s) 32,42"
2729,Obstetrics and Gynecology,4205,Nursing,False,0.04,"constrained to groups within division(s) 32,42"
2729,Obstetrics and Gynecology,4203,Health services and systems,False,0.038,"constrained to groups within division(s) 32,42"
2729,Obstetrics and Gynecology,4206,Public health,False,0.036,"constrained to groups within division(s) 32,42"
2729,Obstetrics and Gynecology,3210,Nutrition and dietetics,False,0.032,"constrained to groups within division(s) 32,42"
2729,Obstetrics and Gynecology,4201,Allied health and rehabilitation science,False,0.03,"constrained to groups within division(s) 32,42"
2729,Obstetrics and Gynecology,3208,Medical physiology,False,0.029,"constrained to groups within division(s) 32,42"
2729,Obstetrics and Gynecology,3207,Medical microbiology,False,0.027,"constrained to groups within division(s) 32,42"
2729,Obstetrics and Gynecology,3209,Neurosciences,False,0.026,"constrained to groups within division(s) 32,42"
2729,Obstetrics and Gynecology,3206,Medical biotechnology,False,0.024,"constrained to groups within division(s) 32,42"
2729,Obstetrics and Gynecology,3204,Immunology,False,0.022,"constrained to groups within division(s) 32,42"
2729,Obstetrics and Gynecology,3211,Oncology and carcinogenesis,False,0.021,"constrained to groups within division(s) 32,42"
2729,Obstetrics and Gynecology,3203,Dentistry,False,0.02,"constrained to groups within division(s) 32,42"
2729,Obstetrics and Gynecology,3205,Medical biochemistry and metabolomics,False,0.019,"constrained to groups within division(s) 32,42"
2729,Obstetrics and Gynecology,3201,Cardiovascular medicine and haematology,False,0.0,"constrained to groups within division(s) 32,42"
2729,Obstetrics and Gynecology,3212,Ophthalmology and optometry,False,0.0,"constrained to groups within division(s) 32,42"
2729,Obstetrics and Gynecology,3214,Pharmacology and pharmaceutical sciences,False,0.0,"constrained to groups within division(s) 32,42"
2729,Obstetrics and Gynecology,3299,Other biomedical and clinical sciences,False,0.0,"constrained to groups within division(s) 32,42"
2729,Obstetrics and Gynecology,4202,Epidemiology,False,0.0,"constrained to groups within division(s) 32,42"
2729,Obstetrics and Gynecology,4207,Sports science and exercise,False,0.0,"constrained to groups within division(s) 32,42"
2730,Oncology,3211,Oncology and carcinogenesis,True,0.546,"constrained to groups within division(s) 32,42"
2730,Oncology,4299,Other health sciences,False,0.15,"constrained to groups within division(s) 32,42"
2730,Oncology,3204,Immunology,False,0.13,"constrained to groups within division(s) 32,42"
2730,Oncology,3206,Medical biotechnology,False,0.122,"constrained to groups within division(s) 32,42"
2730,Oncology,3207,Medical microbiology,False,0.108,"constrained to groups within division(s) 32,42"
2730,Oncology,4208,"Traditional, complementary and integrative medicine",False,0.105,"constrained to groups within division(s) 32,42"
2730,Oncology,3202,Clinical sciences,False,0.101,"constrained to groups within division(s) 32,42"
2730,Oncology,4201,Allied health and rehabilitation science,False,0.091,"constrained to groups within division(s) 32,42"
2730,Oncology,4205,Nursing,False,0.08,"constrained to groups within division(s) 32,42"
2730,Oncology,3214,Pharmacology and pharmaceutical sciences,False,0.079,"constrained to groups within division(s) 32,42"
2730,Oncology,4204,Midwifery,False,0.077,"constrained to groups within division(s) 32,42"
2730,Oncology,3201,Cardiovascular medicine and haematology,False,0.071,"constrained to groups within division(s) 32,42"
2730,Oncology,3213,Paediatrics,False,0.071,"constrained to groups within division(s) 32,42"
2730,Oncology,4206,Public health,False,0.071,"constrained to groups within division(s) 32,42"
2730,Oncology,3210,Nutrition and dietetics,False,0.065,"constrained to groups within division(s) 32,42"
2730,Oncology,3203,Dentistry,False,0.059,"constrained to groups within division(s) 32,42"
2730,Oncology,3208,Medical physiology,False,0.059,"constrained to groups within division(s) 32,42"
2730,Oncology,4202,Epidemiology,False,0.056,"constrained to groups within division(s) 32,42"
2730,Oncology,3209,Neurosciences,False,0.051,"constrained to groups within division(s) 32,42"
2730,Oncology,4203,Health services and systems,False,0.051,"constrained to groups within division(s) 32,42"
2730,Oncology,3205,Medical biochemistry and metabolomics,False,0.019,"constrained to groups within division(s) 32,42"
2730,Oncology,3212,Ophthalmology and optometry,False,0.0,"constrained to groups within division(s) 32,42"
2730,Oncology,3215,Reproductive medicine,False,0.0,"constrained to groups within division(s) 32,42"
2730,Oncology,3299,Other biomedical and clinical sciences,False,0.0,"constrained to groups within division(s) 32,42"
2730,Oncology,4207,Sports science and exercise,False,0.0,"constrained to groups within division(s) 32,42"
2731,Ophthalmology,3212,Ophthalmology and optometry,True,0.5,"constrained to groups within division(s) 32,42"
2731,Ophthalmology,4299,Other health sciences,False,0.15,"constrained to groups within division(s) 32,42"
2731,Ophthalmology,3202,Clinical sciences,False,0.083,"constrained to groups within division(s) 32,42"
2731,Ophthalmology,3207,Medical microbiology,False,0.081,"constrained to groups within division(s) 32,42"
2731,Ophthalmology,3201,Cardiovascular medicine and haematology,False,0.071,"constrained to groups within division(s) 32,42"
2731,Ophthalmology,3213,Paediatrics,False,0.071,"constrained to groups within division(s) 32,42"
2731,Ophthalmology,4206,Public health,False,0.071,"constrained to groups within division(s) 32,42"
2731,Ophthalmology,4208,"Traditional, complementary and integrative medicine",False,0.053,"constrained to groups within division(s) 32,42"
2731,Ophthalmology,4205,Nursing,False,0.04,"constrained to groups within division(s) 32,42"
2731,Ophthalmology,3203,Dentistry,False,0.039,"constrained to groups within division(s) 32,42"
2731,Ophthalmology,4204,Midwifery,False,0.038,"constrained to groups within division(s) 32,42"
2731,Ophthalmology,3210,Nutrition and dietetics,False,0.032,"constrained to groups within division(s) 32,42"
2731,Ophthalmology,4201,Allied health and rehabilitation science,False,0.03,"constrained to groups within division(s) 32,42"
2731,Ophthalmology,3208,Medical physiology,False,0.029,"constrained to groups within division(s) 32,42"
2731,Ophthalmology,4202,Epidemiology,False,0.028,"constrained to groups within division(s) 32,42"
2731,Ophthalmology,3214,Pharmacology and pharmaceutical sciences,False,0.026,"constrained to groups within division(s) 32,42"
2731,Ophthalmology,3209,Neurosciences,False,0.026,"constrained to groups within division(s) 32,42"
2731,Ophthalmology,3206,Medical biotechnology,False,0.024,"constrained to groups within division(s) 32,42"
2731,Ophthalmology,3211,Oncology and carcinogenesis,False,0.021,"constrained to groups within division(s) 32,42"
2731,Ophthalmology,4203,Health services and systems,False,0.014,"constrained to groups within division(s) 32,42"
2731,Ophthalmology,3204,Immunology,False,0.0,"constrained to groups within division(s) 32,42"
2731,Ophthalmology,3205,Medical biochemistry and metabolomics,False,0.0,"constrained to groups within division(s) 32,42"
2731,Ophthalmology,3215,Reproductive medicine,False,0.0,"constrained to groups within division(s) 32,42"
2731,Ophthalmology,3299,Other biomedical and clinical sciences,False,0.0,"constrained to groups within division(s) 32,42"
2731,Ophthalmology,4207,Sports science and exercise,False,0.0,"constrained to groups within division(s) 32,42"
2732,Orthopedics and Sports Medicine,3201,Cardiovascular medicine and haematology,True,0.254,"constrained to groups within division(s) 32,42"
2732,Orthopedics and Sports Medicine,3207,Medical microbiology,False,0.224,"constrained to groups within division(s) 32,42"
2732,Orthopedics and Sports Medicine,4207,Sports science and exercise,False,0.214,"constrained to groups within division(s) 32,42"
2732,Orthopedics and Sports Medicine,4208,"Traditional, complementary and integrative medicine",False,0.196,"constrained to groups within division(s) 32,42"
2732,Orthopedics and Sports Medicine,3215,Reproductive medicine,False,0.195,"constrained to groups within division(s) 32,42"
2732,Orthopedics and Sports Medicine,3206,Medical biotechnology,False,0.192,"constrained to groups within division(s) 32,42"
2732,Orthopedics and Sports Medicine,3202,Clinical sciences,False,0.178,"constrained to groups within division(s) 32,42"
2732,Orthopedics and Sports Medicine,3208,Medical physiology,False,0.172,"constrained to groups within division(s) 32,42"
2732,Orthopedics and Sports Medicine,4299,Other health sciences,False,0.15,"constrained to groups within division(s) 32,42"
2732,Orthopedics and Sports Medicine,4206,Public health,False,0.143,"constrained to groups within division(s) 32,42"
2732,Orthopedics and Sports Medicine,3205,Medical biochemistry and metabolomics,False,0.133,"constrained to groups within division(s) 32,42"
2732,Orthopedics and Sports Medicine,3213,Paediatrics,False,0.071,"constrained to groups within division(s) 32,42"
2732,Orthopedics and Sports Medicine,3203,Dentistry,False,0.067,"constrained to groups within division(s) 32,42"
2732,Orthopedics and Sports Medicine,3210,Nutrition and dietetics,False,0.065,"constrained to groups within division(s) 32,42"
2732,Orthopedics and Sports Medicine,4201,Allied health and rehabilitation science,False,0.061,"constrained to groups within division(s) 32,42"
2732,Orthopedics and Sports Medicine,4205,Nursing,False,0.04,"constrained to groups within division(s) 32,42"
2732,Orthopedics and Sports Medicine,4204,Midwifery,False,0.038,"constrained to groups within division(s) 32,42"
2732,Orthopedics and Sports Medicine,4202,Epidemiology,False,0.028,"constrained to groups within division(s) 32,42"
2732,Orthopedics and Sports Medicine,3214,Pharmacology and pharmaceutical sciences,False,0.026,"constrained to groups within division(s) 32,42"
2732,Orthopedics and Sports Medicine,3209,Neurosciences,False,0.026,"constrained to groups within division(s) 32,42"
2732,Orthopedics and Sports Medicine,4203,Health services and systems,False,0.022,"constrained to groups within division(s) 32,42"
2732,Orthopedics and Sports Medicine,3204,Immunology,False,0.0,"constrained to groups within division(s) 32,42"
2732,Orthopedics and Sports Medicine,3211,Oncology and carcinogenesis,False,0.0,"constrained to groups within division(s) 32,42"
2732,Orthopedics and Sports Medicine,3212,Ophthalmology and optometry,False,0.0,"constrained to groups within division(s) 32,42"
2732,Orthopedics and Sports Medicine,3299,Other biomedical and clinical sciences,False,0.0,"constrained to groups within division(s) 32,42"
2733,Otorhinolaryngology,3202,Clinical sciences,True,0.19,"constrained to groups within division(s) 32,42"
2733,Otorhinolaryngology,3203,Dentistry,False,0.048,"constrained to groups within division(s) 32,42"
2733,Otorhinolaryngology,3211,Oncology and carcinogenesis,False,0.048,"constrained to groups within division(s) 32,42"
2733,Otorhinolaryngology,3201,Cardiovascular medicine and haematology,False,0.0,"constrained to groups within division(s) 32,42"
2733,Otorhinolaryngology,3204,Immunology,False,0.0,"constrained to groups within division(s) 32,42"
2733,Otorhinolaryngology,3205,Medical biochemistry and metabolomics,False,0.0,"constrained to groups within division(s) 32,42"
2733,Otorhinolaryngology,3206,Medical biotechnology,False,0.0,"constrained to groups within division(s) 32,42"
2733,Otorhinolaryngology,3207,Medical microbiology,False,0.0,"constrained to groups within division(s) 32,42"
2733,Otorhinolaryngology,3208,Medical physiology,False,0.0,"constrained to groups within division(s) 32,42"
2733,Otorhinolaryngology,3209,Neurosciences,False,0.0,"constrained to groups within division(s) 32,42"
2733,Otorhinolaryngology,3210,Nutrition and dietetics,False,0.0,"constrained to groups within division(s) 32,42"
2733,Otorhinolaryngology,3212,Ophthalmology and optometry,False,0.0,"constrained to groups within division(s) 32,42"
2733,Otorhinolaryngology,3213,Paediatrics,False,0.0,"constrained to groups within division(s) 32,42"
2733,Otorhinolaryngology,3214,Pharmacology and pharmaceutical sciences,False,0.0,"constrained to groups within division(s) 32,42"
2733,Otorhinolaryngology,3215,Reproductive medicine,False,0.0,"constrained to groups within division(s) 32,42"
2733,Otorhinolaryngology,3299,Other biomedical and clinical sciences,False,0.0,"constrained to groups within division(s) 32,42"
2733,Otorhinolaryngology,4201,Allied health and rehabilitation science,False,0.0,"constrained to groups within division(s) 32,42"
2733,Otorhinolaryngology,4202,Epidemiology,False,0.0,"constrained to groups within division(s) 32,42"
2733,Otorhinolaryngology,4203,Health services and systems,False,0.0,"constrained to groups within division(s) 32,42"
2733,Otorhinolaryngology,4204,Midwifery,False,0.0,"constrained to groups within division(s) 32,42"
2733,Otorhinolaryngology,4205,Nursing,False,0.0,"constrained to groups within division(s) 32,42"
2733,Otorhinolaryngology,4206,Public health,False,0.0,"constrained to groups within division(s) 32,42"
2733,Otorhinolaryngology,4207,Sports science and exercise,False,0.0,"constrained to groups within division(s) 32,42"
2733,Otorhinolaryngology,4208,"Traditional, complementary and integrative medicine",False,0.0,"constrained to groups within division(s) 32,42"
2733,Otorhinolaryngology,4299,Other health sciences,False,0.0,"constrained to groups within division(s) 32,42"
2734,Pathology and Forensic Medicine,3201,Cardiovascular medicine and haematology,True,0.325,"constrained to groups within division(s) 32,42"
2734,Pathology and Forensic Medicine,3207,Medical microbiology,False,0.305,"constrained to groups within division(s) 32,42"
2734,Pathology and Forensic Medicine,3206,Medical biotechnology,False,0.24,"constrained to groups within division(s) 32,42"
2734,Pathology and Forensic Medicine,3208,Medical physiology,False,0.231,"constrained to groups within division(s) 32,42"
2734,Pathology and Forensic Medicine,4208,"Traditional, complementary and integrative medicine",False,0.196,"constrained to groups within division(s) 32,42"
2734,Pathology and Forensic Medicine,3215,Reproductive medicine,False,0.195,"constrained to groups within division(s) 32,42"
2734,Pathology and Forensic Medicine,3205,Medical biochemistry and metabolomics,False,0.168,"constrained to groups within division(s) 32,42"
2734,Pathology and Forensic Medicine,4299,Other health sciences,False,0.15,"constrained to groups within division(s) 32,42"
2734,Pathology and Forensic Medicine,3211,Oncology and carcinogenesis,False,0.149,"constrained to groups within division(s) 32,42"
2734,Pathology and Forensic Medicine,3204,Immunology,False,0.109,"constrained to groups within division(s) 32,42"
2734,Pathology and Forensic Medicine,3202,Clinical sciences,False,0.101,"constrained to groups within division(s) 32,42"
2734,Pathology and Forensic Medicine,4201,Allied health and rehabilitation science,False,0.091,"constrained to groups within division(s) 32,42"
2734,Pathology and Forensic Medicine,3212,Ophthalmology and optometry,False,0.083,"constrained to groups within division(s) 32,42"
2734,Pathology and Forensic Medicine,3214,Pharmacology and pharmaceutical sciences,False,0.079,"constrained to groups within division(s) 32,42"
2734,Pathology and Forensic Medicine,3203,Dentistry,False,0.078,"constrained to groups within division(s) 32,42"
2734,Pathology and Forensic Medicine,3209,Neurosciences,False,0.077,"constrained to groups within division(s) 32,42"
2734,Pathology and Forensic Medicine,3299,Other biomedical and clinical sciences,False,0.075,"constrained to groups within division(s) 32,42"
2734,Pathology and Forensic Medicine,3213,Paediatrics,False,0.071,"constrained to groups within division(s) 32,42"
2734,Pathology and Forensic Medicine,4206,Public health,False,0.071,"constrained to groups within division(s) 32,42"
2734,Pathology and Forensic Medicine,4207,Sports science and exercise,False,0.071,"constrained to groups within division(s) 32,42"
2734,Pathology and Forensic Medicine,4202,Epidemiology,False,0.056,"constrained to groups within division(s) 32,42"
2734,Pathology and Forensic Medicine,4205,Nursing,False,0.04,"constrained to groups within division(s) 32,42"
2734,Pathology and Forensic Medicine,4204,Midwifery,False,0.038,"constrained to groups within division(s) 32,42"
2734,Pathology and Forensic Medicine,4203,Health services and systems,False,0.038,"constrained to groups within division(s) 32,42"
2734,Pathology and Forensic Medicine,3210,Nutrition and dietetics,False,0.032,"constrained to groups within division(s) 32,42"
2735,"Pediatrics, Perinatology and Child Health",4206,Public health,True,0.361,"constrained to groups within division(s) 32,42"
2735,"Pediatrics, Perinatology and Child Health",3213,Paediatrics,False,0.357,"constrained to groups within division(s) 32,42"
2735,"Pediatrics, Perinatology and Child Health",3215,Reproductive medicine,False,0.211,"constrained to groups within division(s) 32,42"
2735,"Pediatrics, Perinatology and Child Health",4299,Other health sciences,False,0.193,"constrained to groups within division(s) 32,42"
2735,"Pediatrics, Perinatology and Child Health",4204,Midwifery,False,0.192,"constrained to groups within division(s) 32,42"
2735,"Pediatrics, Perinatology and Child Health",3210,Nutrition and dietetics,False,0.161,"constrained to groups within division(s) 32,42"
2735,"Pediatrics, Perinatology and Child Health",4201,Allied health and rehabilitation science,False,0.152,"constrained to groups within division(s) 32,42"
2735,"Pediatrics, Perinatology and Child Health",4203,Health services and systems,False,0.142,"constrained to groups within division(s) 32,42"
2735,"Pediatrics, Perinatology and Child Health",3207,Medical microbiology,False,0.135,"constrained to groups within division(s) 32,42"
2735,"Pediatrics, Perinatology and Child Health",3214,Pharmacology and pharmaceutical sciences,False,0.132,"constrained to groups within division(s) 32,42"
2735,"Pediatrics, Perinatology and Child Health",3202,Clinical sciences,False,0.092,"constrained to groups within division(s) 32,42"
2735,"Pediatrics, Perinatology and Child Health",3212,Ophthalmology and optometry,False,0.083,"constrained to groups within division(s) 32,42"
2735,"Pediatrics, Perinatology and Child Health",4202,Epidemiology,False,0.083,"constrained to groups within division(s) 32,42"
2735,"Pediatrics, Perinatology and Child Health",4205,Nursing,False,0.08,"constrained to groups within division(s) 32,42"
2735,"Pediatrics, Perinatology and Child Health",3203,Dentistry,False,0.078,"constrained to groups within division(s) 32,42"
2735,"Pediatrics, Perinatology and Child Health",3209,Neurosciences,False,0.077,"constrained to groups within division(s) 32,42"
2735,"Pediatrics, Perinatology and Child Health",3201,Cardiovascular medicine and haematology,False,0.071,"constrained to groups within division(s) 32,42"
2735,"Pediatrics, Perinatology and Child Health",3205,Medical biochemistry and metabolomics,False,0.057,"constrained to groups within division(s) 32,42"
2735,"Pediatrics, Perinatology and Child Health",3206,Medical biotechnology,False,0.049,"constrained to groups within division(s) 32,42"
2735,"Pediatrics, Perinatology and Child Health",3211,Oncology and carcinogenesis,False,0.043,"constrained to groups within division(s) 32,42"
2735,"Pediatrics, Perinatology and Child Health",3208,Medical physiology,False,0.029,"constrained to groups within division(s) 32,42"
2735,"Pediatrics, Perinatology and Child Health",3204,Immunology,False,0.022,"constrained to groups within division(s) 32,42"
2735,"Pediatrics, Perinatology and Child Health",3299,Other biomedical and clinical sciences,False,0.0,"constrained to groups within division(s) 32,42"
2735,"Pediatrics, Perinatology and Child Health",4207,Sports science and exercise,False,0.0,"constrained to groups within division(s) 32,42"
2735,"Pediatrics, Perinatology and Child Health",4208,"Traditional, complementary and integrative medicine",False,0.0,"constrained to groups within division(s) 32,42"
2736,Pharmacology,3214,Pharmacology and pharmaceutical sciences,True,0.553,"constrained to groups within division(s) 32,42"
2736,Pharmacology,4208,"Traditional, complementary and integrative medicine",False,0.158,"constrained to groups within division(s) 32,42"
2736,Pharmacology,4299,Other health sciences,False,0.15,"constrained to groups within division(s) 32,42"
2736,Pharmacology,3201,Cardiovascular medicine and haematology,False,0.143,"constrained to groups within division(s) 32,42"
2736,Pharmacology,3207,Medical microbiology,False,0.108,"constrained to groups within division(s) 32,42"
2736,Pharmacology,3209,Neurosciences,False,0.103,"constrained to groups within division(s) 32,42"
2736,Pharmacology,3299,Other biomedical and clinical sciences,False,0.075,"constrained to groups within division(s) 32,42"
2736,Pharmacology,3213,Paediatrics,False,0.071,"constrained to groups within division(s) 32,42"
2736,Pharmacology,4207,Sports science and exercise,False,0.071,"constrained to groups within division(s) 32,42"
2736,Pharmacology,3204,Immunology,False,0.065,"constrained to groups within division(s) 32,42"
2736,Pharmacology,3202,Clinical sciences,False,0.064,"constrained to groups within division(s) 32,42"
2736,Pharmacology,4201,Allied health and rehabilitation science,False,0.061,"constrained to groups within division(s) 32,42"
2736,Pharmacology,3203,Dentistry,False,0.059,"constrained to groups within division(s) 32,42"
2736,Pharmacology,3208,Medical physiology,False,0.059,"constrained to groups within division(s) 32,42"
2736,Pharmacology,3205,Medical biochemistry and metabolomics,False,0.057,"constrained to groups within division(s) 32,42"
2736,Pharmacology,4202,Epidemiology,False,0.056,"constrained to groups within division(s) 32,42"
2736,Pharmacology,3215,Reproductive medicine,False,0.053,"constrained to groups within division(s) 32,42"
2736,Pharmacology,3206,Medical biotechnology,False,0.049,"constrained to groups within division(s) 32,42"
2736,Pharmacology,4205,Nursing,False,0.04,"constrained to groups within division(s) 32,42"
2736,Pharmacology,4204,Midwifery,False,0.038,"constrained to groups within division(s) 32,42"
2736,Pharmacology,4206,Public health,False,0.036,"constrained to groups within division(s) 32,42"
2736,Pharmacology,3210,Nutrition and dietetics,False,0.032,"constrained to groups within division(s) 32,42"
2736,Pharmacology,3211,Oncology and carcinogenesis,False,0.021,"constrained to groups within division(s) 32,42"
2736,Pharmacology,4203,Health services and systems,False,0.013,"constrained to groups within division(s) 32,42"
2736,Pharmacology,3212,Ophthalmology and optometry,False,0.0,"constrained to groups within division(s) 32,42"
2737,Physiology,3208,Medical physiology,True,0.48,"constrained to groups within division(s) 32,42"
2737,Physiology,5199,Other physical sciences,False,0.3,"constrained to groups within division(s) 32,42"
2737,Physiology,3201,Cardiovascular medicine and haematology,False,0.214,"constrained to groups within division(s) 32,42"
2737,Physiology,4207,Sports science and exercise,False,0.214,"constrained to groups within division(s) 32,42"
2737,Physiology,3299,Other biomedical and clinical sciences,False,0.15,"constrained to groups within division(s) 32,42"
2737,Physiology,4299,Other health sciences,False,0.15,"constrained to groups within division(s) 32,42"
2737,Physiology,3210,Nutrition and dietetics,False,0.129,"constrained to groups within division(s) 32,42"
2737,Physiology,4201,Allied health and rehabilitation science,False,0.121,"constrained to groups within division(s) 32,42"
2737,Physiology,3214,Pharmacology and pharmaceutical sciences,False,0.105,"constrained to groups within division(s) 32,42"
2737,Physiology,4208,"Traditional, complementary and integrative medicine",False,0.105,"constrained to groups within division(s) 32,42"
2737,Physiology,3212,Ophthalmology and optometry,False,0.083,"constrained to groups within division(s) 32,42"
2737,Physiology,4202,Epidemiology,False,0.083,"constrained to groups within division(s) 32,42"
2737,Physiology,3207,Medical microbiology,False,0.081,"constrained to groups within division(s) 32,42"
2737,Physiology,4204,Midwifery,False,0.077,"constrained to groups within division(s) 32,42"
2737,Physiology,3202,Clinical sciences,False,0.073,"constrained to groups within division(s) 32,42"
2737,Physiology,3213,Paediatrics,False,0.071,"constrained to groups within division(s) 32,42"
2737,Physiology,3203,Dentistry,False,0.059,"constrained to groups within division(s) 32,42"
2737,Physiology,3205,Medical biochemistry and metabolomics,False,0.057,"constrained to groups within division(s) 32,42"
2737,Physiology,3206,Medical biotechnology,False,0.049,"constrained to groups within division(s) 32,42"
2737,Physiology,3211,Oncology and carcinogenesis,False,0.043,"constrained to groups within division(s) 32,42"
2737,Physiology,4205,Nursing,False,0.04,"constrained to groups within division(s) 32,42"
2737,Physiology,4206,Public health,False,0.036,"constrained to groups within division(s) 32,42"
2737,Physiology,3209,Neurosciences,False,0.026,"constrained to groups within division(s) 32,42"
2737,Physiology,4203,Health services and systems,False,0.025,"constrained to groups within division(s) 32,42"
2737,Physiology,3204,Immunology,False,0.0,"constrained to groups within division(s) 32,42"
2737,Physiology,3215,Reproductive medicine,False,0.0,"constrained to groups within division(s) 32,42"
2738,Psychiatry and Mental health,4206,Public health,True,0.214,"constrained to groups within division(s) 32,42"
2738,Psychiatry and Mental health,4299,Other health sciences,False,0.21,"constrained to groups within division(s) 32,42"
2738,Psychiatry and Mental health,4204,Midwifery,False,0.192,"constrained to groups within division(s) 32,42"
2738,Psychiatry and Mental health,4201,Allied health and rehabilitation science,False,0.172,"constrained to groups within division(s) 32,42"
2738,Psychiatry and Mental health,4208,"Traditional, complementary and integrative medicine",False,0.158,"constrained to groups within division(s) 32,42"
2738,Psychiatry and Mental health,4203,Health services and systems,False,0.149,"constrained to groups within division(s) 32,42"
2738,Psychiatry and Mental health,3213,Paediatrics,False,0.143,"constrained to groups within division(s) 32,42"
2738,Psychiatry and Mental health,4205,Nursing,False,0.12,"constrained to groups within division(s) 32,42"
2738,Psychiatry and Mental health,3206,Medical biotechnology,False,0.073,"constrained to groups within division(s) 32,42"
2738,Psychiatry and Mental health,3201,Cardiovascular medicine and haematology,False,0.071,"constrained to groups within division(s) 32,42"
2738,Psychiatry and Mental health,3210,Nutrition and dietetics,False,0.065,"constrained to groups within division(s) 32,42"
2738,Psychiatry and Mental health,3208,Medical physiology,False,0.059,"constrained to groups within division(s) 32,42"
2738,Psychiatry and Mental health,3207,Medical microbiology,False,0.054,"constrained to groups within division(s) 32,42"
2738,Psychiatry and Mental health,3214,Pharmacology and pharmaceutical sciences,False,0.053,"constrained to groups within division(s) 32,42"
2738,Psychiatry and Mental health,3215,Reproductive medicine,False,0.053,"constrained to groups within division(s) 32,42"
2738,Psychiatry and Mental health,3202,Clinical sciences,False,0.049,"constrained to groups within division(s) 32,42"
2738,Psychiatry and Mental health,3204,Immunology,False,0.043,"constrained to groups within division(s) 32,42"
2738,Psychiatry and Mental health,3211,Oncology and carcinogenesis,False,0.043,"constrained to groups within division(s) 32,42"
2738,Psychiatry and Mental health,3203,Dentistry,False,0.039,"constrained to groups within division(s) 32,42"
2738,Psychiatry and Mental health,4202,Epidemiology,False,0.028,"constrained to groups within division(s) 32,42"
2738,Psychiatry and Mental health,3209,Neurosciences,False,0.026,"constrained to groups within division(s) 32,42"
2738,Psychiatry and Mental health,3205,Medical biochemistry and metabolomics,False,0.019,"constrained to groups within division(s) 32,42"
2738,Psychiatry and Mental health,3212,Ophthalmology and optometry,False,0.0,"constrained to groups within division(s) 32,42"
2738,Psychiatry and Mental health,3299,Other biomedical and clinical sciences,False,0.0,"constrained to groups within division(s) 32,42"
2738,Psychiatry and Mental health,4207,Sports science and exercise,False,0.0,"constrained to groups within division(s) 32,42"
2739,"Public Health, Environmental and Occupational Health",4206,Public health,True,0.661,"constrained to groups within division(s) 32,42"
2739,"Public Health, Environmental and Occupational Health",4203,Health services and systems,False,0.248,"constrained to groups within division(s) 32,42"
2739,"Public Health, Environmental and Occupational Health",4204,Midwifery,False,0.231,"constrained to groups within division(s) 32,42"
2739,"Public Health, Environmental and Occupational Health",3210,Nutrition and dietetics,False,0.226,"constrained to groups within division(s) 32,42"
2739,"Public Health, Environmental and Occupational Health",3201,Cardiovascular medicine and haematology,False,0.214,"constrained to groups within division(s) 32,42"
2739,"Public Health, Environmental and Occupational Health",4205,Nursing,False,0.2,"constrained to groups within division(s) 32,42"
2739,"Public Health, Environmental and Occupational Health",4202,Epidemiology,False,0.194,"constrained to groups within division(s) 32,42"
2739,"Public Health, Environmental and Occupational Health",4299,Other health sciences,False,0.188,"constrained to groups within division(s) 32,42"
2739,"Public Health, Environmental and Occupational Health",4201,Allied health and rehabilitation science,False,0.174,"constrained to groups within division(s) 32,42"
2739,"Public Health, Environmental and Occupational Health",3207,Medical microbiology,False,0.162,"constrained to groups within division(s) 32,42"
2739,"Public Health, Environmental and Occupational Health",3213,Paediatrics,False,0.143,"constrained to groups within division(s) 32,42"
2739,"Public Health, Environmental and Occupational Health",4207,Sports science and exercise,False,0.143,"constrained to groups within division(s) 32,42"
2739,"Public Health, Environmental and Occupational Health",3214,Pharmacology and pharmaceutical sciences,False,0.132,"constrained to groups within division(s) 32,42"
2739,"Public Health, Environmental and Occupational Health",3202,Clinical sciences,False,0.128,"constrained to groups within division(s) 32,42"
2739,"Public Health, Environmental and Occupational Health",3203,Dentistry,False,0.118,"constrained to groups within division(s) 32,42"
2739,"Public Health, Environmental and Occupational Health",3215,Reproductive medicine,False,0.105,"constrained to groups within division(s) 32,42"
2739,"Public Health, Environmental and Occupational Health",4208,"Traditional, complementary and integrative medicine",False,0.105,"constrained to groups within division(s) 32,42"
2739,"Public Health, Environmental and Occupational Health",3209,Neurosciences,False,0.103,"constrained to groups within division(s) 32,42"
2739,"Public Health, Environmental and Occupational Health",3206,Medical biotechnology,False,0.098,"constrained to groups within division(s) 32,42"
2739,"Public Health, Environmental and Occupational Health",3208,Medical physiology,False,0.088,"constrained to groups within division(s) 32,42"
2739,"Public Health, Environmental and Occupational Health",3211,Oncology and carcinogenesis,False,0.085,"constrained to groups within division(s) 32,42"
2739,"Public Health, Environmental and Occupational Health",3212,Ophthalmology and optometry,False,0.083,"constrained to groups within division(s) 32,42"
2739,"Public Health, Environmental and Occupational Health",3205,Medical biochemistry and metabolomics,False,0.075,"constrained to groups within division(s) 32,42"
2739,"Public Health, Environmental and Occupational Health",3299,Other biomedical and clinical sciences,False,0.075,"constrained to groups within division(s) 32,42"
2739,"Public Health, Environmental and Occupational Health",3204,Immunology,False,0.043,"constrained to groups within division(s) 32,42"
2740,Pulmonary and Respiratory Medicine,3201,Cardiovascular medicine and haematology,True,0.397,"constrained to groups within division(s) 32,42"
2740,Pulmonary and Respiratory Medicine,3207,Medical microbiology,False,0.278,"constrained to groups within division(s) 32,42"
2740,Pulmonary and Respiratory Medicine,3208,Medical physiology,False,0.261,"constrained to groups within division(s) 32,42"
2740,Pulmonary and Respiratory Medicine,4208,"Traditional, complementary and integrative medicine",False,0.249,"constrained to groups within division(s) 32,42"
2740,Pulmonary and Respiratory Medicine,3206,Medical biotechnology,False,0.24,"constrained to groups within division(s) 32,42"
2740,Pulmonary and Respiratory Medicine,3211,Oncology and carcinogenesis,False,0.234,"constrained to groups within division(s) 32,42"
2740,Pulmonary and Respiratory Medicine,4207,Sports science and exercise,False,0.214,"constrained to groups within division(s) 32,42"
2740,Pulmonary and Respiratory Medicine,3215,Reproductive medicine,False,0.195,"constrained to groups within division(s) 32,42"
2740,Pulmonary and Respiratory Medicine,3205,Medical biochemistry and metabolomics,False,0.168,"constrained to groups within division(s) 32,42"
2740,Pulmonary and Respiratory Medicine,3202,Clinical sciences,False,0.165,"constrained to groups within division(s) 32,42"
2740,Pulmonary and Respiratory Medicine,4201,Allied health and rehabilitation science,False,0.152,"constrained to groups within division(s) 32,42"
2740,Pulmonary and Respiratory Medicine,4299,Other health sciences,False,0.15,"constrained to groups within division(s) 32,42"
2740,Pulmonary and Respiratory Medicine,3213,Paediatrics,False,0.143,"constrained to groups within division(s) 32,42"
2740,Pulmonary and Respiratory Medicine,3214,Pharmacology and pharmaceutical sciences,False,0.132,"constrained to groups within division(s) 32,42"
2740,Pulmonary and Respiratory Medicine,3203,Dentistry,False,0.118,"constrained to groups within division(s) 32,42"
2740,Pulmonary and Respiratory Medicine,3210,Nutrition and dietetics,False,0.097,"constrained to groups within division(s) 32,42"
2740,Pulmonary and Respiratory Medicine,3204,Immunology,False,0.087,"constrained to groups within division(s) 32,42"
2740,Pulmonary and Respiratory Medicine,3212,Ophthalmology and optometry,False,0.083,"constrained to groups within division(s) 32,42"
2740,Pulmonary and Respiratory Medicine,4202,Epidemiology,False,0.083,"constrained to groups within division(s) 32,42"
2740,Pulmonary and Respiratory Medicine,3209,Neurosciences,False,0.077,"constrained to groups within division(s) 32,42"
2740,Pulmonary and Respiratory Medicine,3299,Other biomedical and clinical sciences,False,0.075,"constrained to groups within division(s) 32,42"
2740,Pulmonary and Respiratory Medicine,4206,Public health,False,0.071,"constrained to groups within division(s) 32,42"
2740,Pulmonary and Respiratory Medicine,4205,Nursing,False,0.04,"constrained to groups within division(s) 32,42"
2740,Pulmonary and Respiratory Medicine,4204,Midwifery,False,0.038,"constrained to groups within division(s) 32,42"
2740,Pulmonary and Respiratory Medicine,4203,Health services and systems,False,0.038,"constrained to groups within division(s) 32,42"
2741,"Radiology, Nuclear Medicine and Imaging",3201,Cardiovascular medicine and haematology,True,0.234,"constrained to groups within division(s) 32,42"
2741,"Radiology, Nuclear Medicine and Imaging",3208,Medical physiology,False,0.229,"constrained to groups within division(s) 32,42"
2741,"Radiology, Nuclear Medicine and Imaging",3206,Medical biotechnology,False,0.184,"constrained to groups within division(s) 32,42"
2741,"Radiology, Nuclear Medicine and Imaging",4208,"Traditional, complementary and integrative medicine",False,0.182,"constrained to groups within division(s) 32,42"
2741,"Radiology, Nuclear Medicine and Imaging",3212,Ophthalmology and optometry,False,0.167,"constrained to groups within division(s) 32,42"
2741,"Radiology, Nuclear Medicine and Imaging",3205,Medical biochemistry and metabolomics,False,0.166,"constrained to groups within division(s) 32,42"
2741,"Radiology, Nuclear Medicine and Imaging",3215,Reproductive medicine,False,0.164,"constrained to groups within division(s) 32,42"
2741,"Radiology, Nuclear Medicine and Imaging",3207,Medical microbiology,False,0.138,"constrained to groups within division(s) 32,42"
2741,"Radiology, Nuclear Medicine and Imaging",3202,Clinical sciences,False,0.119,"constrained to groups within division(s) 32,42"
2741,"Radiology, Nuclear Medicine and Imaging",3211,Oncology and carcinogenesis,False,0.106,"constrained to groups within division(s) 32,42"
2741,"Radiology, Nuclear Medicine and Imaging",3214,Pharmacology and pharmaceutical sciences,False,0.079,"constrained to groups within division(s) 32,42"
2741,"Radiology, Nuclear Medicine and Imaging",3203,Dentistry,False,0.059,"constrained to groups within division(s) 32,42"
2741,"Radiology, Nuclear Medicine and Imaging",3209,Neurosciences,False,0.051,"constrained to groups within division(s) 32,42"
2741,"Radiology, Nuclear Medicine and Imaging",3204,Immunology,False,0.043,"constrained to groups within division(s) 32,42"
2741,"Radiology, Nuclear Medicine and Imaging",4203,Health services and systems,False,0.013,"constrained to groups within division(s) 32,42"
2741,"Radiology, Nuclear Medicine and Imaging",3210,Nutrition and dietetics,False,0.0,"constrained to groups within division(s) 32,42"
2741,"Radiology, Nuclear Medicine and Imaging",3213,Paediatrics,False,0.0,"constrained to groups within division(s) 32,42"
2741,"Radiology, Nuclear Medicine and Imaging",3299,Other biomedical and clinical sciences,False,0.0,"constrained to groups within division(s) 32,42"
2741,"Radiology, Nuclear Medicine and Imaging",4201,Allied health and rehabilitation science,False,0.0,"constrained to groups within division(s) 32,42"
2741,"Radiology, Nuclear Medicine and Imaging",4202,Epidemiology,False,0.0,"constrained to groups within division(s) 32,42"
2741,"Radiology, Nuclear Medicine and Imaging",4204,Midwifery,False,0.0,"constrained to groups within division(s) 32,42"
2741,"Radiology, Nuclear Medicine and Imaging",4205,Nursing,False,0.0,"constrained to groups within division(s) 32,42"
2741,"Radiology, Nuclear Medicine and Imaging",4206,Public health,False,0.0,"constrained to groups within division(s) 32,42"
2741,"Radiology, Nuclear Medicine and Imaging",4207,Sports science and exercise,False,0.0,"constrained to groups within division(s) 32,42"
2741,"Radiology, Nuclear Medicine and Imaging",4299,Other health sciences,False,0.0,"constrained to groups within division(s) 32,42"
2742,Rehabilitation,4201,Allied health and rehabilitation science,True,0.321,"constrained to groups within division(s) 32,42"
2742,Rehabilitation,4207,Sports science and exercise,False,0.214,"constrained to groups within division(s) 32,42"
2742,Rehabilitation,4299,Other health sciences,False,0.15,"constrained to groups within division(s) 32,42"
2742,Rehabilitation,3213,Paediatrics,False,0.071,"constrained to groups within division(s) 32,42"
2742,Rehabilitation,3210,Nutrition and dietetics,False,0.065,"constrained to groups within division(s) 32,42"
2742,Rehabilitation,4208,"Traditional, complementary and integrative medicine",False,0.053,"constrained to groups within division(s) 32,42"
2742,Rehabilitation,3202,Clinical sciences,False,0.048,"constrained to groups within division(s) 32,42"
2742,Rehabilitation,4205,Nursing,False,0.04,"constrained to groups within division(s) 32,42"
2742,Rehabilitation,4204,Midwifery,False,0.038,"constrained to groups within division(s) 32,42"
2742,Rehabilitation,4206,Public health,False,0.036,"constrained to groups within division(s) 32,42"
2742,Rehabilitation,3208,Medical physiology,False,0.029,"constrained to groups within division(s) 32,42"
2742,Rehabilitation,3207,Medical microbiology,False,0.027,"constrained to groups within division(s) 32,42"
2742,Rehabilitation,3206,Medical biotechnology,False,0.024,"constrained to groups within division(s) 32,42"
2742,Rehabilitation,4203,Health services and systems,False,0.024,"constrained to groups within division(s) 32,42"
2742,Rehabilitation,3201,Cardiovascular medicine and haematology,False,0.0,"constrained to groups within division(s) 32,42"
2742,Rehabilitation,3203,Dentistry,False,0.0,"constrained to groups within division(s) 32,42"
2742,Rehabilitation,3204,Immunology,False,0.0,"constrained to groups within division(s) 32,42"
2742,Rehabilitation,3205,Medical biochemistry and metabolomics,False,0.0,"constrained to groups within division(s) 32,42"
2742,Rehabilitation,3209,Neurosciences,False,0.0,"constrained to groups within division(s) 32,42"
2742,Rehabilitation,3211,Oncology and carcinogenesis,False,0.0,"constrained to groups within division(s) 32,42"
2742,Rehabilitation,3212,Ophthalmology and optometry,False,0.0,"constrained to groups within division(s) 32,42"
2742,Rehabilitation,3214,Pharmacology and pharmaceutical sciences,False,0.0,"constrained to groups within division(s) 32,42"
2742,Rehabilitation,3215,Reproductive medicine,False,0.0,"constrained to groups within division(s) 32,42"
2742,Rehabilitation,3299,Other biomedical and clinical sciences,False,0.0,"constrained to groups within division(s) 32,42"
2742,Rehabilitation,4202,Epidemiology,False,0.0,"constrained to groups within division(s) 32,42"
2743,Reproductive Medicine,3215,Reproductive medicine,True,1.0,"constrained to groups within division(s) 32,42"
2743,Reproductive Medicine,3206,Medical biotechnology,False,0.273,"constrained to groups within division(s) 32,42"
2743,Reproductive Medicine,3208,Medical physiology,False,0.259,"constrained to groups within division(s) 32,42"
2743,Reproductive Medicine,3207,Medical microbiology,False,0.254,"constrained to groups within division(s) 32,42"
2743,Reproductive Medicine,4208,"Traditional, complementary and integrative medicine",False,0.216,"constrained to groups within division(s) 32,42"
2743,Reproductive Medicine,3201,Cardiovascular medicine and haematology,False,0.214,"constrained to groups within division(s) 32,42"
2743,Reproductive Medicine,3205,Medical biochemistry and metabolomics,False,0.165,"constrained to groups within division(s) 32,42"
2743,Reproductive Medicine,4299,Other health sciences,False,0.15,"constrained to groups within division(s) 32,42"
2743,Reproductive Medicine,3202,Clinical sciences,False,0.13,"constrained to groups within division(s) 32,42"
2743,Reproductive Medicine,3212,Ophthalmology and optometry,False,0.083,"constrained to groups within division(s) 32,42"
2743,Reproductive Medicine,3213,Paediatrics,False,0.071,"constrained to groups within division(s) 32,42"
2743,Reproductive Medicine,4207,Sports science and exercise,False,0.071,"constrained to groups within division(s) 32,42"
2743,Reproductive Medicine,3211,Oncology and carcinogenesis,False,0.065,"constrained to groups within division(s) 32,42"
2743,Reproductive Medicine,3214,Pharmacology and pharmaceutical sciences,False,0.053,"constrained to groups within division(s) 32,42"
2743,Reproductive Medicine,4205,Nursing,False,0.04,"constrained to groups within division(s) 32,42"
2743,Reproductive Medicine,4204,Midwifery,False,0.038,"constrained to groups within division(s) 32,42"
2743,Reproductive Medicine,4206,Public health,False,0.036,"constrained to groups within division(s) 32,42"
2743,Reproductive Medicine,3210,Nutrition and dietetics,False,0.032,"constrained to groups within division(s) 32,42"
2743,Reproductive Medicine,4201,Allied health and rehabilitation science,False,0.03,"constrained to groups within division(s) 32,42"
2743,Reproductive Medicine,3203,Dentistry,False,0.022,"constrained to groups within division(s) 32,42"
2743,Reproductive Medicine,4203,Health services and systems,False,0.022,"constrained to groups within division(s) 32,42"
2743,Reproductive Medicine,3204,Immunology,False,0.0,"constrained to groups within division(s) 32,42"
2743,Reproductive Medicine,3209,Neurosciences,False,0.0,"constrained to groups within division(s) 32,42"
2743,Reproductive Medicine,3299,Other biomedical and clinical sciences,False,0.0,"constrained to groups within division(s) 32,42"
2743,Reproductive Medicine,4202,Epidemiology,False,0.0,"constrained to groups within division(s) 32,42"
2745,Rheumatology,4299,Other health sciences,True,0.15,"constrained to groups within division(s) 32,42"
2745,Rheumatology,3202,Clinical sciences,False,0.101,"constrained to groups within division(s) 32,42"
2745,Rheumatology,3206,Medical biotechnology,False,0.098,"constrained to groups within division(s) 32,42"
2745,Rheumatology,4201,Allied health and rehabilitation science,False,0.091,"constrained to groups within division(s) 32,42"
2745,Rheumatology,3201,Cardiovascular medicine and haematology,False,0.071,"constrained to groups within division(s) 32,42"
2745,Rheumatology,3213,Paediatrics,False,0.071,"constrained to groups within division(s) 32,42"
2745,Rheumatology,4207,Sports science and exercise,False,0.071,"constrained to groups within division(s) 32,42"
2745,Rheumatology,3203,Dentistry,False,0.059,"constrained to groups within division(s) 32,42"
2745,Rheumatology,3207,Medical microbiology,False,0.054,"constrained to groups within division(s) 32,42"
2745,Rheumatology,3215,Reproductive medicine,False,0.053,"constrained to groups within division(s) 32,42"
2745,Rheumatology,4208,"Traditional, complementary and integrative medicine",False,0.053,"constrained to groups within division(s) 32,42"
2745,Rheumatology,3209,Neurosciences,False,0.051,"constrained to groups within division(s) 32,42"
2745,Rheumatology,3204,Immunology,False,0.043,"constrained to groups within division(s) 32,42"
2745,Rheumatology,3211,Oncology and carcinogenesis,False,0.043,"constrained to groups within division(s) 32,42"
2745,Rheumatology,4205,Nursing,False,0.04,"constrained to groups within division(s) 32,42"
2745,Rheumatology,4204,Midwifery,False,0.038,"constrained to groups within division(s) 32,42"
2745,Rheumatology,4206,Public health,False,0.036,"constrained to groups within division(s) 32,42"
2745,Rheumatology,3210,Nutrition and dietetics,False,0.032,"constrained to groups within division(s) 32,42"
2745,Rheumatology,3208,Medical physiology,False,0.029,"constrained to groups within division(s) 32,42"
2745,Rheumatology,4202,Epidemiology,False,0.028,"constrained to groups within division(s) 32,42"
2745,Rheumatology,3214,Pharmacology and pharmaceutical sciences,False,0.026,"constrained to groups within division(s) 32,42"
2745,Rheumatology,4203,Health services and systems,False,0.025,"constrained to groups within division(s) 32,42"
2745,Rheumatology,3205,Medical biochemistry and metabolomics,False,0.019,"constrained to groups within division(s) 32,42"
2745,Rheumatology,3212,Ophthalmology and optometry,False,0.0,"constrained to groups within division(s) 32,42"
2745,Rheumatology,3299,Other biomedical and clinical sciences,False,0.0,"constrained to groups within division(s) 32,42"
2746,Surgery,3201,Cardiovascular medicine and haematology,True,0.214,"constrained to groups within division(s) 32,42"
2746,Surgery,4208,"Traditional, complementary and integrative medicine",False,0.211,"constrained to groups within division(s) 32,42"
2746,Surgery,3202,Clinical sciences,False,0.202,"constrained to groups within division(s) 32,42"
2746,Surgery,3206,Medical biotechnology,False,0.171,"constrained to groups within division(s) 32,42"
2746,Surgery,3207,Medical microbiology,False,0.162,"constrained to groups within division(s) 32,42"
2746,Surgery,3203,Dentistry,False,0.157,"constrained to groups within division(s) 32,42"
2746,Surgery,4201,Allied health and rehabilitation science,False,0.152,"constrained to groups within division(s) 32,42"
2746,Surgery,4299,Other health sciences,False,0.15,"constrained to groups within division(s) 32,42"
2746,Surgery,4206,Public health,False,0.143,"constrained to groups within division(s) 32,42"
2746,Surgery,3211,Oncology and carcinogenesis,False,0.128,"constrained to groups within division(s) 32,42"
2746,Surgery,3208,Medical physiology,False,0.118,"constrained to groups within division(s) 32,42"
2746,Surgery,3204,Immunology,False,0.109,"constrained to groups within division(s) 32,42"
2746,Surgery,3214,Pharmacology and pharmaceutical sciences,False,0.105,"constrained to groups within division(s) 32,42"
2746,Surgery,3209,Neurosciences,False,0.103,"constrained to groups within division(s) 32,42"
2746,Surgery,3205,Medical biochemistry and metabolomics,False,0.094,"constrained to groups within division(s) 32,42"
2746,Surgery,3212,Ophthalmology and optometry,False,0.083,"constrained to groups within division(s) 32,42"
2746,Surgery,4202,Epidemiology,False,0.083,"constrained to groups within division(s) 32,42"
2746,Surgery,4205,Nursing,False,0.08,"constrained to groups within division(s) 32,42"
2746,Surgery,4204,Midwifery,False,0.077,"constrained to groups within division(s) 32,42"
2746,Surgery,3299,Other biomedical and clinical sciences,False,0.075,"constrained to groups within division(s) 32,42"
2746,Surgery,3213,Paediatrics,False,0.071,"constrained to groups within division(s) 32,42"
2746,Surgery,4207,Sports science and exercise,False,0.071,"constrained to groups within division(s) 32,42"
2746,Surgery,3215,Reproductive medicine,False,0.053,"constrained to groups within division(s) 32,42"
2746,Surgery,4203,Health services and systems,False,0.051,"constrained to groups within division(s) 32,42"
2746,Surgery,3210,Nutrition and dietetics,False,0.032,"constrained to groups within division(s) 32,42"
2747,Transplantation,3202,Clinical sciences,True,0.133,"constrained to groups within division(s) 32,42"
2747,Transplantation,3204,Immunology,False,0.067,"constrained to groups within division(s) 32,42"
2747,Transplantation,3205,Medical biochemistry and metabolomics,False,0.067,"constrained to groups within division(s) 32,42"
2747,Transplantation,4208,"Traditional, complementary and integrative medicine",False,0.067,"constrained to groups within division(s) 32,42"
2747,Transplantation,3201,Cardiovascular medicine and haematology,False,0.0,"constrained to groups within division(s) 32,42"
2747,Transplantation,3203,Dentistry,False,0.0,"constrained to groups within division(s) 32,42"
2747,Transplantation,3206,Medical biotechnology,False,0.0,"constrained to groups within division(s) 32,42"
2747,Transplantation,3207,Medical microbiology,False,0.0,"constrained to groups within division(s) 32,42"
2747,Transplantation,3208,Medical physiology,False,0.0,"constrained to groups within division(s) 32,42"
2747,Transplantation,3209,Neurosciences,False,0.0,"constrained to groups within division(s) 32,42"
2747,Transplantation,3210,Nutrition and dietetics,False,0.0,"constrained to groups within division(s) 32,42"
2747,Transplantation,3211,Oncology and carcinogenesis,False,0.0,"constrained to groups within division(s) 32,42"
2747,Transplantation,3212,Ophthalmology and optometry,False,0.0,"constrained to groups within division(s) 32,42"
2747,Transplantation,3213,Paediatrics,False,0.0,"constrained to groups within division(s) 32,42"
2747,Transplantation,3214,Pharmacology and pharmaceutical sciences,False,0.0,"constrained to groups within division(s) 32,42"
2747,Transplantation,3215,Reproductive medicine,False,0.0,"constrained to groups within division(s) 32,42"
2747,Transplantation,3299,Other biomedical and clinical sciences,False,0.0,"constrained to groups within division(s) 32,42"
2747,Transplantation,4201,Allied health and rehabilitation science,False,0.0,"constrained to groups within division(s) 32,42"
2747,Transplantation,4202,Epidemiology,False,0.0,"constrained to groups within division(s) 32,42"
2747,Transplantation,4203,Health services and systems,False,0.0,"constrained to groups within division(s) 32,42"
2747,Transplantation,4204,Midwifery,False,0.0,"constrained to groups within division(s) 32,42"
2747,Transplantation,4205,Nursing,False,0.0,"constrained to groups within division(s) 32,42"
2747,Transplantation,4206,Public health,False,0.0,"constrained to groups within division(s) 32,42"
2747,Transplantation,4207,Sports science and exercise,False,0.0,"constrained to groups within division(s) 32,42"
2747,Transplantation,4299,Other health sciences,False,0.0,"constrained to groups within division(s) 32,42"
2748,Urology,3202,Clinical sciences,True,0.067,"constrained to groups within division(s) 32,42"
2748,Urology,3203,Dentistry,False,0.067,"constrained to groups within division(s) 32,42"
2748,Urology,4208,"Traditional, complementary and integrative medicine",False,0.053,"constrained to groups within division(s) 32,42"
2748,Urology,3206,Medical biotechnology,False,0.033,"constrained to groups within division(s) 32,42"
2748,Urology,4201,Allied health and rehabilitation science,False,0.033,"constrained to groups within division(s) 32,42"
2748,Urology,3201,Cardiovascular medicine and haematology,False,0.0,"constrained to groups within division(s) 32,42"
2748,Urology,3204,Immunology,False,0.0,"constrained to groups within division(s) 32,42"
2748,Urology,3205,Medical biochemistry and metabolomics,False,0.0,"constrained to groups within division(s) 32,42"
2748,Urology,3207,Medical microbiology,False,0.0,"constrained to groups within division(s) 32,42"
2748,Urology,3208,Medical physiology,False,0.0,"constrained to groups within division(s) 32,42"
2748,Urology,3209,Neurosciences,False,0.0,"constrained to groups within division(s) 32,42"
2748,Urology,3210,Nutrition and dietetics,False,0.0,"constrained to groups within division(s) 32,42"
2748,Urology,3211,Oncology and carcinogenesis,False,0.0,"constrained to groups within division(s) 32,42"
2748,Urology,3212,Ophthalmology and optometry,False,0.0,"constrained to groups within division(s) 32,42"
2748,Urology,3213,Paediatrics,False,0.0,"constrained to groups within division(s) 32,42"
2748,Urology,3214,Pharmacology and pharmaceutical sciences,False,0.0,"constrained to groups within division(s) 32,42"
2748,Urology,3215,Reproductive medicine,False,0.0,"constrained to groups within division(s) 32,42"
2748,Urology,3299,Other biomedical and clinical sciences,False,0.0,"constrained to groups within division(s) 32,42"
2748,Urology,4202,Epidemiology,False,0.0,"constrained to groups within division(s) 32,42"
2748,Urology,4203,Health services and systems,False,0.0,"constrained to groups within division(s) 32,42"
2748,Urology,4204,Midwifery,False,0.0,"constrained to groups within division(s) 32,42"
2748,Urology,4205,Nursing,False,0.0,"constrained to groups within division(s) 32,42"
2748,Urology,4206,Public health,False,0.0,"constrained to groups within division(s) 32,42"
2748,Urology,4207,Sports science and exercise,False,0.0,"constrained to groups within division(s) 32,42"
2748,Urology,4299,Other health sciences,False,0.0,"constrained to groups within division(s) 32,42"
2802,Behavioral Neuroscience,3209,Neurosciences,True,0.444,constrained to groups within division(s) 32
2802,Behavioral Neuroscience,3201,Cardiovascular medicine and haematology,False,0.0,constrained to groups within division(s) 32
2802,Behavioral Neuroscience,3202,Clinical sciences,False,0.0,constrained to groups within division(s) 32
2802,Behavioral Neuroscience,3203,Dentistry,False,0.0,constrained to groups within division(s) 32
2802,Behavioral Neuroscience,3204,Immunology,False,0.0,constrained to groups within division(s) 32
2802,Behavioral Neuroscience,3205,Medical biochemistry and metabolomics,False,0.0,constrained to groups within division(s) 32
2802,Behavioral Neuroscience,3206,Medical biotechnology,False,0.0,constrained to groups within division(s) 32
2802,Behavioral Neuroscience,3207,Medical microbiology,False,0.0,constrained to groups within division(s) 32
2802,Behavioral Neuroscience,3208,Medical physiology,False,0.0,constrained to groups within division(s) 32
2802,Behavioral Neuroscience,3210,Nutrition and dietetics,False,0.0,constrained to groups within division(s) 32
2802,Behavioral Neuroscience,3211,Oncology and carcinogenesis,False,0.0,constrained to groups within division(s) 32
2802,Behavioral Neuroscience,3212,Ophthalmology and optometry,False,0.0,constrained to groups within division(s) 32
2802,Behavioral Neuroscience,3213,Paediatrics,False,0.0,constrained to groups within division(s) 32
2802,Behavioral Neuroscience,3214,Pharmacology and pharmaceutical sciences,False,0.0,constrained to groups within division(s) 32
2802,Behavioral Neuroscience,3215,Reproductive medicine,False,0.0,constrained to groups within division(s) 32
2802,Behavioral Neuroscience,3299,Other biomedical and clinical sciences,False,0.0,constrained to groups within division(s) 32
2803,Biological Psychiatry,5202,Biological psychology,True,1.0,constrained to groups within division(s) 32
2803,Biological Psychiatry,3202,Clinical sciences,False,0.111,constrained to groups within division(s) 32
2803,Biological Psychiatry,3203,Dentistry,False,0.111,constrained to groups within division(s) 32
2803,Biological Psychiatry,3211,Oncology and carcinogenesis,False,0.111,constrained to groups within division(s) 32
2803,Biological Psychiatry,3201,Cardiovascular medicine and haematology,False,0.0,constrained to groups within division(s) 32
2803,Biological Psychiatry,3204,Immunology,False,0.0,constrained to groups within division(s) 32
2803,Biological Psychiatry,3205,Medical biochemistry and metabolomics,False,0.0,constrained to groups within division(s) 32
2803,Biological Psychiatry,3206,Medical biotechnology,False,0.0,constrained to groups within division(s) 32
2803,Biological Psychiatry,3207,Medical microbiology,False,0.0,constrained to groups within division(s) 32
2803,Biological Psychiatry,3208,Medical physiology,False,0.0,constrained to groups within division(s) 32
2803,Biological Psychiatry,3209,Neurosciences,False,0.0,constrained to groups within division(s) 32
2803,Biological Psychiatry,3210,Nutrition and dietetics,False,0.0,constrained to groups within division(s) 32
2803,Biological Psychiatry,3212,Ophthalmology and optometry,False,0.0,constrained to groups within division(s) 32
2803,Biological Psychiatry,3213,Paediatrics,False,0.0,constrained to groups within division(s) 32
2803,Biological Psychiatry,3214,Pharmacology and pharmaceutical sciences,False,0.0,constrained to groups within division(s) 32
2803,Biological Psychiatry,3215,Reproductive medicine,False,0.0,constrained to groups within division(s) 32
2803,Biological Psychiatry,3299,Other biomedical and clinical sciences,False,0.0,constrained to groups within division(s) 32
2804,Cellular and Molecular Neuroscience,3209,Neurosciences,True,0.328,constrained to groups within division(s) 32
2804,Cellular and Molecular Neuroscience,3206,Medical biotechnology,False,0.098,constrained to groups within division(s) 32
2804,Cellular and Molecular Neuroscience,3201,Cardiovascular medicine and haematology,False,0.071,constrained to groups within division(s) 32
2804,Cellular and Molecular Neuroscience,3204,Immunology,False,0.065,constrained to groups within division(s) 32
2804,Cellular and Molecular Neuroscience,3211,Oncology and carcinogenesis,False,0.043,constrained to groups within division(s) 32
2804,Cellular and Molecular Neuroscience,3202,Clinical sciences,False,0.039,constrained to groups within division(s) 32
2804,Cellular and Molecular Neuroscience,3208,Medical physiology,False,0.029,constrained to groups within division(s) 32
2804,Cellular and Molecular Neuroscience,3207,Medical microbiology,False,0.027,constrained to groups within division(s) 32
2804,Cellular and Molecular Neuroscience,3205,Medical biochemistry and metabolomics,False,0.019,constrained to groups within division(s) 32
2804,Cellular and Molecular Neuroscience,3203,Dentistry,False,0.0,constrained to groups within division(s) 32
2804,Cellular and Molecular Neuroscience,3210,Nutrition and dietetics,False,0.0,constrained to groups within division(s) 32
2804,Cellular and Molecular Neuroscience,3212,Ophthalmology and optometry,False,0.0,constrained to groups within division(s) 32
2804,Cellular and Molecular Neuroscience,3213,Paediatrics,False,0.0,constrained to groups within division(s) 32
2804,Cellular and Molecular Neuroscience,3214,Pharmacology and pharmaceutical sciences,False,0.0,constrained to groups within division(s) 32
2804,Cellular and Molecular Neuroscience,3215,Reproductive medicine,False,0.0,constrained to groups within division(s) 32
2804,Cellular and Molecular Neuroscience,3299,Other biomedical and clinical sciences,False,0.0,constrained to groups within division(s) 32
2805,Cognitive Neuroscience,3209,Neurosciences,True,0.462,constrained to groups within division(s) 32
2805,Cognitive Neuroscience,3208,Medical physiology,False,0.118,constrained to groups within division(s) 32
2805,Cognitive Neuroscience,3299,Other biomedical and clinical sciences,False,0.075,constrained to groups within division(s) 32
2805,Cognitive Neuroscience,3201,Cardiovascular medicine and haematology,False,0.071,constrained to groups within division(s) 32
2805,Cognitive Neuroscience,3205,Medical biochemistry and metabolomics,False,0.057,constrained to groups within division(s) 32
2805,Cognitive Neuroscience,3207,Medical microbiology,False,0.054,constrained to groups within division(s) 32
2805,Cognitive Neuroscience,3215,Reproductive medicine,False,0.053,constrained to groups within division(s) 32
2805,Cognitive Neuroscience,3202,Clinical sciences,False,0.046,constrained to groups within division(s) 32
2805,Cognitive Neuroscience,3204,Immunology,False,0.043,constrained to groups within division(s) 32
2805,Cognitive Neuroscience,3214,Pharmacology and pharmaceutical sciences,False,0.026,constrained to groups within division(s) 32
2805,Cognitive Neuroscience,3206,Medical biotechnology,False,0.024,constrained to groups within division(s) 32
2805,Cognitive Neuroscience,3203,Dentistry,False,0.02,constrained to groups within division(s) 32
2805,Cognitive Neuroscience,3210,Nutrition and dietetics,False,0.0,constrained to groups within division(s) 32
2805,Cognitive Neuroscience,3211,Oncology and carcinogenesis,False,0.0,constrained to groups within division(s) 32
2805,Cognitive Neuroscience,3212,Ophthalmology and optometry,False,0.0,constrained to groups within division(s) 32
2805,Cognitive Neuroscience,3213,Paediatrics,False,0.0,constrained to groups within division(s) 32
2806,Developmental Neuroscience,3209,Neurosciences,True,0.458,constrained to groups within division(s) 32
2806,Developmental Neuroscience,3215,Reproductive medicine,False,0.062,constrained to groups within division(s) 32
2806,Developmental Neuroscience,3201,Cardiovascular medicine and haematology,False,0.0,constrained to groups within division(s) 32
2806,Developmental Neuroscience,3202,Clinical sciences,False,0.0,constrained to groups within division(s) 32
2806,Developmental Neuroscience,3203,Dentistry,False,0.0,constrained to groups within division(s) 32
2806,Developmental Neuroscience,3204,Immunology,False,0.0,constrained to groups within division(s) 32
2806,Developmental Neuroscience,3205,Medical biochemistry and metabolomics,False,0.0,constrained to groups within division(s) 32
2806,Developmental Neuroscience,3206,Medical biotechnology,False,0.0,constrained to groups within division(s) 32
2806,Developmental Neuroscience,3207,Medical microbiology,False,0.0,constrained to groups within division(s) 32
2806,Developmental Neuroscience,3208,Medical physiology,False,0.0,constrained to groups within division(s) 32
2806,Developmental Neuroscience,3210,Nutrition and dietetics,False,0.0,constrained to groups within division(s) 32
2806,Developmental Neuroscience,3211,Oncology and carcinogenesis,False,0.0,constrained to groups within division(s) 32
2806,Developmental Neuroscience,3212,Ophthalmology and optometry,False,0.0,constrained to groups within division(s) 32
2806,Developmental Neuroscience,3213,Paediatrics,False,0.0,constrained to groups within division(s) 32
2806,Developmental Neuroscience,3214,Pharmacology and pharmaceutical sciences,False,0.0,constrained to groups within division(s) 32
2806,Developmental Neuroscience,3299,Other biomedical and clinical sciences,False,0.0,constrained to groups within division(s) 32
2807,Endocrine and Autonomic Systems,3209,Neurosciences,True,0.13,constrained to groups within division(s) 32
2807,Endocrine and Autonomic Systems,3201,Cardiovascular medicine and haematology,False,0.071,constrained to groups within division(s) 32
2807,Endocrine and Autonomic Systems,3202,Clinical sciences,False,0.043,constrained to groups within division(s) 32
2807,Endocrine and Autonomic Systems,3204,Immunology,False,0.043,constrained to groups within division(s) 32
2807,Endocrine and Autonomic Systems,3208,Medical physiology,False,0.043,constrained to groups within division(s) 32
2807,Endocrine and Autonomic Systems,3203,Dentistry,False,0.0,constrained to groups within division(s) 32
2807,Endocrine and Autonomic Systems,3205,Medical biochemistry and metabolomics,False,0.0,constrained to groups within division(s) 32
2807,Endocrine and Autonomic Systems,3206,Medical biotechnology,False,0.0,constrained to groups within division(s) 32
2807,Endocrine and Autonomic Systems,3207,Medical microbiology,False,0.0,constrained to groups within division(s) 32
2807,Endocrine and Autonomic Systems,3210,Nutrition and dietetics,False,0.0,constrained to groups within division(s) 32
2807,Endocrine and Autonomic Systems,3211,Oncology and carcinogenesis,False,0.0,constrained to groups within division(s) 32
2807,Endocrine and Autonomic Systems,3212,Ophthalmology and optometry,False,0.0,constrained to groups within division(s) 32
2807,Endocrine and Autonomic Systems,3213,Paediatrics,False,0.0,constrained to groups within division(s) 32
2807,Endocrine and Autonomic Systems,3214,Pharmacology and pharmaceutical sciences,False,0.0,constrained to groups within division(s) 32
2807,Endocrine and Autonomic Systems,3215,Reproductive medicine,False,0.0,constrained to groups within division(s) 32
2807,Endocrine and Autonomic Systems,3299,Other biomedical and clinical sciences,False,0.0,constrained to groups within division(s) 32
2808,Neurology,3209,Neurosciences,True,1.0,constrained to groups within division(s) 32
2808,Neurology,3201,Cardiovascular medicine and haematology,False,0.071,constrained to groups within division(s) 32
2808,Neurology,3202,Clinical sciences,False,0.038,constrained to groups within division(s) 32
2808,Neurology,3208,Medical physiology,False,0.029,constrained to groups within division(s) 32
2808,Neurology,3207,Medical microbiology,False,0.027,constrained to groups within division(s) 32
2808,Neurology,3204,Immunology,False,0.022,constrained to groups within division(s) 32
2808,Neurology,3205,Medical biochemistry and metabolomics,False,0.019,constrained to groups within division(s) 32
2808,Neurology,3203,Dentistry,False,0.0,constrained to groups within division(s) 32
2808,Neurology,3206,Medical biotechnology,False,0.0,constrained to groups within division(s) 32
2808,Neurology,3210,Nutrition and dietetics,False,0.0,constrained to groups within division(s) 32
2808,Neurology,3211,Oncology and carcinogenesis,False,0.0,constrained to groups within division(s) 32
2808,Neurology,3212,Ophthalmology and optometry,False,0.0,constrained to groups within division(s) 32
2808,Neurology,3213,Paediatrics,False,0.0,constrained to groups within division(s) 32
2808,Neurology,3214,Pharmacology and pharmaceutical sciences,False,0.0,constrained to groups within division(s) 32
2808,Neurology,3215,Reproductive medicine,False,0.0,constrained to groups within division(s) 32
2808,Neurology,3299,Other biomedical and clinical sciences,False,0.0,constrained to groups within division(s) 32
2809,Sensory Systems,3209,Neurosciences,True,0.136,constrained to groups within division(s) 32
2809,Sensory Systems,3204,Immunology,False,0.091,constrained to groups within division(s) 32
2809,Sensory Systems,3208,Medical physiology,False,0.091,constrained to groups within division(s) 32
2809,Sensory Systems,3202,Clinical sciences,False,0.045,constrained to groups within division(s) 32
2809,Sensory Systems,3211,Oncology and carcinogenesis,False,0.045,constrained to groups within division(s) 32
2809,Sensory Systems,3201,Cardiovascular medicine and haematology,False,0.0,constrained to groups within division(s) 32
2809,Sensory Systems,3203,Dentistry,False,0.0,constrained to groups within division(s) 32
2809,Sensory Systems,3205,Medical biochemistry and metabolomics,False,0.0,constrained to groups within division(s) 32
2809,Sensory Systems,3206,Medical biotechnology,False,0.0,constrained to groups within division(s) 32
2809,Sensory Systems,3207,Medical microbiology,False,0.0,constrained to groups within division(s) 32
2809,Sensory Systems,3210,Nutrition and dietetics,False,0.0,constrained to groups within division(s) 32
2809,Sensory Systems,3212,Ophthalmology and optometry,False,0.0,constrained to groups within division(s) 32
2809,Sensory Systems,3213,Paediatrics,False,0.0,constrained to groups within division(s) 32
2809,Sensory Systems,3214,Pharmacology and pharmaceutical sciences,False,0.0,constrained to groups within division(s) 32
2809,Sensory Systems,3215,Reproductive medicine,False,0.0,constrained to groups within division(s) 32
2809,Sensory Systems,3299,Other biomedical and clinical sciences,False,0.0,constrained to groups within division(s) 32
2910,"Issues, ethics and legal aspects",4203,Health services and systems,True,0.05,constrained to groups within division(s) 42
2910,"Issues, ethics and legal aspects",4204,Midwifery,False,0.05,constrained to groups within division(s) 42
2910,"Issues, ethics and legal aspects",4205,Nursing,False,0.05,constrained to groups within division(s) 42
2910,"Issues, ethics and legal aspects",4201,Allied health and rehabilitation science,False,0.0,constrained to groups within division(s) 42
2910,"Issues, ethics and legal aspects",4202,Epidemiology,False,0.0,constrained to groups within division(s) 42
2910,"Issues, ethics and legal aspects",4206,Public health,False,0.0,constrained to groups within division(s) 42
2910,"Issues, ethics and legal aspects",4207,Sports science and exercise,False,0.0,constrained to groups within division(s) 42
2910,"Issues, ethics and legal aspects",4208,"Traditional, complementary and integrative medicine",False,0.0,constrained to groups within division(s) 42
2910,"Issues, ethics and legal aspects",4299,Other health sciences,False,0.0,constrained to groups within division(s) 42
2911,Leadership and Management,4203,Health services and systems,True,0.273,constrained to groups within division(s) 42
2911,Leadership and Management,4205,Nursing,False,0.182,constrained to groups within division(s) 42
2911,Leadership and Management,4299,Other health sciences,False,0.15,constrained to groups within division(s) 42
2911,Leadership and Management,4201,Allied health and rehabilitation science,False,0.091,constrained to groups within division(s) 42
2911,Leadership and Management,4204,Midwifery,False,0.091,constrained to groups within division(s) 42
2911,Leadership and Management,4206,Public health,False,0.091,constrained to groups within division(s) 42
2911,Leadership and Management,4202,Epidemiology,False,0.0,constrained to groups within division(s) 42
2911,Leadership and Management,4207,Sports science and exercise,False,0.0,constrained to groups within division(s) 42
2911,Leadership and Management,4208,"Traditional, complementary and integrative medicine",False,0.0,constrained to groups within division(s) 42
2916,Nutrition and Dietetics,3210,Nutrition and dietetics,True,1.0,constrained to groups within division(s) 42
2916,Nutrition and Dietetics,4299,Other health sciences,False,0.15,constrained to groups within division(s) 42
2916,Nutrition and Dietetics,4204,Midwifery,False,0.115,constrained to groups within division(s) 42
2916,Nutrition and Dietetics,4202,Epidemiology,False,0.083,constrained to groups within division(s) 42
2916,Nutrition and Dietetics,4206,Public health,False,0.071,constrained to groups within division(s) 42
2916,Nutrition and Dietetics,4205,Nursing,False,0.04,constrained to groups within division(s) 42
2916,Nutrition and Dietetics,4201,Allied health and rehabilitation science,False,0.03,constrained to groups within division(s) 42
2916,Nutrition and Dietetics,4203,Health services and systems,False,0.025,constrained to groups within division(s) 42
2916,Nutrition and Dietetics,4207,Sports science and exercise,False,0.0,constrained to groups within division(s) 42
2916,Nutrition and Dietetics,4208,"Traditional, complementary and integrative medicine",False,0.0,constrained to groups within division(s) 42
2922,Research and Theory,4203,Health services and systems,True,0.111,constrained to groups within division(s) 42
2922,Research and Theory,4205,Nursing,False,0.111,constrained to groups within division(s) 42
2922,Research and Theory,4201,Allied health and rehabilitation science,False,0.0,constrained to groups within division(s) 42
2922,Research and Theory,4202,Epidemiology,False,0.0,constrained to groups within division(s) 42
2922,Research and Theory,4204,Midwifery,False,0.0,constrained to groups within division(s) 42
2922,Research and Theory,4206,Public health,False,0.0,constrained to groups within division(s) 42
2922,Research and Theory,4207,Sports science and exercise,False,0.0,constrained to groups within division(s) 42
2922,Research and Theory,4208,"Traditional, complementary and integrative medicine",False,0.0,constrained to groups within division(s) 42
2922,Research and Theory,4299,Other health sciences,False,0.0,constrained to groups within division(s) 42
3002,Drug Discovery,3203,Dentistry,True,0.111,constrained to groups within division(s) 32
3002,Drug Discovery,3206,Medical biotechnology,False,0.111,constrained to groups within division(s) 32
3002,Drug Discovery,3214,Pharmacology and pharmaceutical sciences,False,0.111,constrained to groups within division(s) 32
3002,Drug Discovery,3201,Cardiovascular medicine and haematology,False,0.0,constrained to groups within division(s) 32
3002,Drug Discovery,3202,Clinical sciences,False,0.0,constrained to groups within division(s) 32
3002,Drug Discovery,3204,Immunology,False,0.0,constrained to groups within division(s) 32
3002,Drug Discovery,3205,Medical biochemistry and metabolomics,False,0.0,constrained to groups within division(s) 32
3002,Drug Discovery,3207,Medical microbiology,False,0.0,constrained to groups within division(s) 32
3002,Drug Discovery,3208,Medical physiology,False,0.0,constrained to groups within division(s) 32
3002,Drug Discovery,3209,Neurosciences,False,0.0,constrained to groups within division(s) 32
3002,Drug Discovery,3210,Nutrition and dietetics,False,0.0,constrained to groups within division(s) 32
3002,Drug Discovery,3211,Oncology and carcinogenesis,False,0.0,constrained to groups within division(s) 32
3002,Drug Discovery,3212,Ophthalmology and optometry,False,0.0,constrained to groups within division(s) 32
3002,Drug Discovery,3213,Paediatrics,False,0.0,constrained to groups within division(s) 32
3002,Drug Discovery,3215,Reproductive medicine,False,0.0,constrained to groups within division(s) 32
3002,Drug Discovery,3299,Other biomedical and clinical sciences,False,0.0,constrained to groups within division(s) 32
3003,Pharmaceutical Science,3214,Pharmacology and pharmaceutical sciences,True,0.571,constrained to groups within division(s) 32
3003,Pharmaceutical Science,3204,Immunology,False,0.107,constrained to groups within division(s) 32
3003,Pharmaceutical Science,3202,Clinical sciences,False,0.071,constrained to groups within division(s) 32
3003,Pharmaceutical Science,3205,Medical biochemistry and metabolomics,False,0.071,constrained to groups within division(s) 32
3003,Pharmaceutical Science,3208,Medical physiology,False,0.071,constrained to groups within division(s) 32
3003,Pharmaceutical Science,3209,Neurosciences,False,0.071,constrained to groups within division(s) 32
3003,Pharmaceutical Science,3203,Dentistry,False,0.036,constrained to groups within division(s) 32
3003,Pharmaceutical Science,3201,Cardiovascular medicine and haematology,False,0.0,constrained to groups within division(s) 32
3003,Pharmaceutical Science,3206,Medical biotechnology,False,0.0,constrained to groups within division(s) 32
3003,Pharmaceutical Science,3207,Medical microbiology,False,0.0,constrained to groups within division(s) 32
3003,Pharmaceutical Science,3210,Nutrition and dietetics,False,0.0,constrained to groups within division(s) 32
3003,Pharmaceutical Science,3211,Oncology and carcinogenesis,False,0.0,constrained to groups within division(s) 32
3003,Pharmaceutical Science,3212,Ophthalmology and optometry,False,0.0,constrained to groups within division(s) 32
3003,Pharmaceutical Science,3213,Paediatrics,False,0.0,constrained to groups within division(s) 32
3003,Pharmaceutical Science,3215,Reproductive medicine,False,0.0,constrained to groups within division(s) 32
3003,Pharmaceutical Science,3299,Other biomedical and clinical sciences,False,0.0,constrained to groups within division(s) 32
3004,Pharmacology,3214,Pharmacology and pharmaceutical sciences,True,0.605,constrained to groups within division(s) 32
3004,Pharmacology,3205,Medical biochemistry and metabolomics,False,0.094,constrained to groups within division(s) 32
3004,Pharmacology,3208,Medical physiology,False,0.088,constrained to groups within division(s) 32
3004,Pharmacology,3206,Medical biotechnology,False,0.073,constrained to groups within division(s) 32
3004,Pharmacology,3201,Cardiovascular medicine and haematology,False,0.071,constrained to groups within division(s) 32
3004,Pharmacology,3213,Paediatrics,False,0.071,constrained to groups within division(s) 32
3004,Pharmacology,3203,Dentistry,False,0.059,constrained to groups within division(s) 32
3004,Pharmacology,3207,Medical microbiology,False,0.054,constrained to groups within division(s) 32
3004,Pharmacology,3215,Reproductive medicine,False,0.053,constrained to groups within division(s) 32
3004,Pharmacology,3202,Clinical sciences,False,0.052,constrained to groups within division(s) 32
3004,Pharmacology,3210,Nutrition and dietetics,False,0.032,constrained to groups within division(s) 32
3004,Pharmacology,3204,Immunology,False,0.022,constrained to groups within division(s) 32
3004,Pharmacology,3211,Oncology and carcinogenesis,False,0.021,constrained to groups within division(s) 32
3004,Pharmacology,3209,Neurosciences,False,0.0,constrained to groups within division(s) 32
3004,Pharmacology,3212,Ophthalmology and optometry,False,0.0,constrained to groups within division(s) 32
3004,Pharmacology,3299,Other biomedical and clinical sciences,False,0.0,constrained to groups within division(s) 32
3005,Toxicology,3205,Medical biochemistry and metabolomics,True,0.107,constrained to groups within division(s) 32
3005,Toxicology,3202,Clinical sciences,False,0.071,constrained to groups within division(s) 32
3005,Toxicology,3203,Dentistry,False,0.071,constrained to groups within division(s) 32
3005,Toxicology,3208,Medical physiology,False,0.071,constrained to groups within division(s) 32
3005,Toxicology,3214,Pharmacology and pharmaceutical sciences,False,0.071,constrained to groups within division(s) 32
3005,Toxicology,3204,Immunology,False,0.036,constrained to groups within division(s) 32
3005,Toxicology,3207,Medical microbiology,False,0.036,constrained to groups within division(s) 32
3005,Toxicology,3209,Neurosciences,False,0.036,constrained to groups within division(s) 32
3005,Toxicology,3201,Cardiovascular medicine and haematology,False,0.0,constrained to groups within division(s) 32
3005,Toxicology,3206,Medical biotechnology,False,0.0,constrained to groups within division(s) 32
3005,Toxicology,3210,Nutrition and dietetics,False,0.0,constrained to groups within division(s) 32
3005,Toxicology,3211,Oncology and carcinogenesis,False,0.0,constrained to groups within division(s) 32
3005,Toxicology,3212,Ophthalmology and optometry,False,0.0,constrained to groups within division(s) 32
3005,Toxicology,3213,Paediatrics,False,0.0,constrained to groups within division(s) 32
3005,Toxicology,3215,Reproductive medicine,False,0.0,constrained to groups within division(s) 32
3005,Toxicology,3299,Other biomedical and clinical sciences,False,0.0,constrained to groups within division(s) 32
3102,Acoustics and Ultrasonics,5102,"Atomic, molecular and optical physics",True,0.091,constrained to groups within division(s) 51
3102,Acoustics and Ultrasonics,5103,Classical physics,False,0.091,constrained to groups within division(s) 51
3102,Acoustics and Ultrasonics,5101,Astronomical sciences,False,0.0,constrained to groups within division(s) 51
3102,Acoustics and Ultrasonics,5104,Condensed matter physics,False,0.0,constrained to groups within division(s) 51
3102,Acoustics and Ultrasonics,5105,Medical and biological physics,False,0.0,constrained to groups within division(s) 51
3102,Acoustics and Ultrasonics,5106,Nuclear and plasma physics,False,0.0,constrained to groups within division(s) 51
3102,Acoustics and Ultrasonics,5107,Particle and high energy physics,False,0.0,constrained to groups within division(s) 51
3102,Acoustics and Ultrasonics,5108,Quantum physics,False,0.0,constrained to groups within division(s) 51
3102,Acoustics and Ultrasonics,5109,Space sciences,False,0.0,constrained to groups within division(s) 51
3102,Acoustics and Ultrasonics,5110,Synchrotrons and accelerators,False,0.0,constrained to groups within division(s) 51
3102,Acoustics and Ultrasonics,5199,Other physical sciences,False,0.0,constrained to groups within division(s) 51
3103,Astronomy and Astrophysics,5101,Astronomical sciences,True,0.775,constrained to groups within division(s) 51
3103,Astronomy and Astrophysics,5109,Space sciences,False,0.19,constrained to groups within division(s) 51
3103,Astronomy and Astrophysics,5104,Condensed matter physics,False,0.14,constrained to groups within division(s) 51
3103,Astronomy and Astrophysics,5103,Classical physics,False,0.136,constrained to groups within division(s) 51
3103,Astronomy and Astrophysics,5107,Particle and high energy physics,False,0.136,constrained to groups within division(s) 51
3103,Astronomy and Astrophysics,5106,Nuclear and plasma physics,False,0.125,constrained to groups within division(s) 51
3103,Astronomy and Astrophysics,5110,Synchrotrons and accelerators,False,0.091,constrained to groups within division(s) 51
3103,Astronomy and Astrophysics,5102,"Atomic, molecular and optical physics",False,0.033,constrained to groups within division(s) 51
3103,Astronomy and Astrophysics,5108,Quantum physics,False,0.029,constrained to groups within division(s) 51
3103,Astronomy and Astrophysics,5105,Medical and biological physics,False,0.0,constrained to groups within division(s) 51
3103,Astronomy and Astrophysics,5199,Other physical sciences,False,0.0,constrained to groups within division(s) 51
3104,Condensed Matter Physics,5104,Condensed matter physics,True,1.0,constrained to groups within division(s) 51
3104,Condensed Matter Physics,5105,Medical and biological physics,False,0.236,constrained to groups within division(s) 51
3104,Condensed Matter Physics,5103,Classical physics,False,0.234,constrained to groups within division(s) 51
3104,Condensed Matter Physics,5108,Quantum physics,False,0.202,constrained to groups within division(s) 51
3104,Condensed Matter Physics,5107,Particle and high energy physics,False,0.182,constrained to groups within division(s) 51
3104,Condensed Matter Physics,5106,Nuclear and plasma physics,False,0.174,constrained to groups within division(s) 51
3104,Condensed Matter Physics,5102,"Atomic, molecular and optical physics",False,0.124,constrained to groups within division(s) 51
3104,Condensed Matter Physics,5199,Other physical sciences,False,0.087,constrained to groups within division(s) 51
3104,Condensed Matter Physics,5109,Space sciences,False,0.048,constrained to groups within division(s) 51
3104,Condensed Matter Physics,5101,Astronomical sciences,False,0.02,constrained to groups within division(s) 51
3104,Condensed Matter Physics,5110,Synchrotrons and accelerators,False,0.0,constrained to groups within division(s) 51
3105,Instrumentation,5101,Astronomical sciences,True,0.214,constrained to groups within division(s) 51
3105,Instrumentation,5110,Synchrotrons and accelerators,False,0.182,constrained to groups within division(s) 51
3105,Instrumentation,5108,Quantum physics,False,0.143,constrained to groups within division(s) 51
3105,Instrumentation,5109,Space sciences,False,0.143,constrained to groups within division(s) 51
3105,Instrumentation,5102,"Atomic, molecular and optical physics",False,0.071,constrained to groups within division(s) 51
3105,Instrumentation,5103,Classical physics,False,0.071,constrained to groups within division(s) 51
3105,Instrumentation,5104,Condensed matter physics,False,0.071,constrained to groups within division(s) 51
3105,Instrumentation,5107,Particle and high energy physics,False,0.071,constrained to groups within division(s) 51
3105,Instrumentation,5105,Medical and biological physics,False,0.0,constrained to groups within division(s) 51
3105,Instrumentation,5106,Nuclear and plasma physics,False,0.0,constrained to groups within division(s) 51
3105,Instrumentation,5199,Other physical sciences,False,0.0,constrained to groups within division(s) 51
3106,Nuclear and High Energy Physics,5107,Particle and high energy physics,True,1.0,constrained to groups within division(s) 51
3106,Nuclear and High Energy Physics,5106,Nuclear and plasma physics,False,0.512,constrained to groups within division(s) 51
3106,Nuclear and High Energy Physics,5105,Medical and biological physics,False,0.216,constrained to groups within division(s) 51
3106,Nuclear and High Energy Physics,5102,"Atomic, molecular and optical physics",False,0.21,constrained to groups within division(s) 51
3106,Nuclear and High Energy Physics,5104,Condensed matter physics,False,0.207,constrained to groups within division(s) 51
3106,Nuclear and High Energy Physics,5108,Quantum physics,False,0.17,constrained to groups within division(s) 51
3106,Nuclear and High Energy Physics,5103,Classical physics,False,0.157,constrained to groups within division(s) 51
3106,Nuclear and High Energy Physics,5109,Space sciences,False,0.143,constrained to groups within division(s) 51
3106,Nuclear and High Energy Physics,5101,Astronomical sciences,False,0.118,constrained to groups within division(s) 51
3106,Nuclear and High Energy Physics,5199,Other physical sciences,False,0.07,constrained to groups within division(s) 51
3106,Nuclear and High Energy Physics,5110,Synchrotrons and accelerators,False,0.0,constrained to groups within division(s) 51
3107,"Atomic and Molecular Physics, and Optics",5102,"Atomic, molecular and optical physics",True,1.0,constrained to groups within division(s) 51
3107,"Atomic and Molecular Physics, and Optics",5103,Classical physics,False,0.475,constrained to groups within division(s) 51
3107,"Atomic and Molecular Physics, and Optics",5108,Quantum physics,False,0.376,constrained to groups within division(s) 51
3107,"Atomic and Molecular Physics, and Optics",5104,Condensed matter physics,False,0.347,constrained to groups within division(s) 51
3107,"Atomic and Molecular Physics, and Optics",5106,Nuclear and plasma physics,False,0.278,constrained to groups within division(s) 51
3107,"Atomic and Molecular Physics, and Optics",5105,Medical and biological physics,False,0.216,constrained to groups within division(s) 51
3107,"Atomic and Molecular Physics, and Optics",5107,Particle and high energy physics,False,0.122,constrained to groups within division(s) 51
3107,"Atomic and Molecular Physics, and Optics",5199,Other physical sciences,False,0.097,constrained to groups within division(s) 51
3107,"Atomic and Molecular Physics, and Optics",5110,Synchrotrons and accelerators,False,0.091,constrained to groups within division(s) 51
3107,"Atomic and Molecular Physics, and Optics",5109,Space sciences,False,0.071,constrained to groups within division(s) 51
3107,"Atomic and Molecular Physics, and Optics",5101,Astronomical sciences,False,0.039,constrained to groups within division(s) 51
3108,Radiation,5106,Nuclear and plasma physics,True,0.188,constrained to groups within division(s) 51
3108,Radiation,5105,Medical and biological physics,False,0.125,constrained to groups within division(s) 51
3108,Radiation,5110,Synchrotrons and accelerators,False,0.091,constrained to groups within division(s) 51
3108,Radiation,5104,Condensed matter physics,False,0.079,constrained to groups within division(s) 51
3108,Radiation,5102,"Atomic, molecular and optical physics",False,0.067,constrained to groups within division(s) 51
3108,Radiation,5108,Quantum physics,False,0.059,constrained to groups within division(s) 51
3108,Radiation,5103,Classical physics,False,0.045,constrained to groups within division(s) 51
3108,Radiation,5107,Particle and high energy physics,False,0.045,constrained to groups within division(s) 51
3108,Radiation,5199,Other physical sciences,False,0.027,constrained to groups within division(s) 51
3108,Radiation,5101,Astronomical sciences,False,0.026,constrained to groups within division(s) 51
3108,Radiation,5109,Space sciences,False,0.026,constrained to groups within division(s) 51
3109,Statistical and Nonlinear Physics,5106,Nuclear and plasma physics,True,0.424,constrained to groups within division(s) 51
3109,Statistical and Nonlinear Physics,5103,Classical physics,False,0.37,constrained to groups within division(s) 51
3109,Statistical and Nonlinear Physics,5108,Quantum physics,False,0.261,constrained to groups within division(s) 51
3109,Statistical and Nonlinear Physics,5105,Medical and biological physics,False,0.236,constrained to groups within division(s) 51
3109,Statistical and Nonlinear Physics,5102,"Atomic, molecular and optical physics",False,0.224,constrained to groups within division(s) 51
3109,Statistical and Nonlinear Physics,5104,Condensed matter physics,False,0.204,constrained to groups within division(s) 51
3109,Statistical and Nonlinear Physics,5107,Particle and high energy physics,False,0.182,constrained to groups within division(s) 51
3109,Statistical and Nonlinear Physics,5110,Synchrotrons and accelerators,False,0.182,constrained to groups within division(s) 51
3109,Statistical and Nonlinear Physics,5199,Other physical sciences,False,0.169,constrained to groups within division(s) 51
3109,Statistical and Nonlinear Physics,5101,Astronomical sciences,False,0.078,constrained to groups within division(s) 51
3109,Statistical and Nonlinear Physics,5109,Space sciences,False,0.071,constrained to groups within division(s) 51
3200,General Psychology,5202,Biological psychology,True,0.3,constrained to groups within division(s) 52
3200,General Psychology,5299,Other psychology,False,0.25,constrained to groups within division(s) 52
3200,General Psychology,5201,Applied and developmental psychology,False,0.243,constrained to groups within division(s) 52
3200,General Psychology,5203,Clinical and health psychology,False,0.243,constrained to groups within division(s) 52
3200,General Psychology,5204,Cognitive and computational psychology,False,0.243,constrained to groups within division(s) 52
3200,General Psychology,5205,Social and personality psychology,False,0.243,constrained to groups within division(s) 52
3202,Applied Psychology,5201,Applied and developmental psychology,True,0.567,constrained to groups within division(s) 52
3202,Applied Psychology,5203,Clinical and health psychology,False,0.282,constrained to groups within division(s) 52
3202,Applied Psychology,5299,Other psychology,False,0.25,constrained to groups within division(s) 52
3202,Applied Psychology,5202,Biological psychology,False,0.249,constrained to groups within division(s) 52
3202,Applied Psychology,5204,Cognitive and computational psychology,False,0.207,constrained to groups within division(s) 52
3202,Applied Psychology,5205,Social and personality psychology,False,0.207,constrained to groups within division(s) 52
3203,Clinical Psychology,5203,Clinical and health psychology,True,0.639,constrained to groups within division(s) 52
3203,Clinical Psychology,5201,Applied and developmental psychology,False,0.375,constrained to groups within division(s) 52
3203,Clinical Psychology,5202,Biological psychology,False,0.322,constrained to groups within division(s) 52
3203,Clinical Psychology,5299,Other psychology,False,0.3,constrained to groups within division(s) 52
3203,Clinical Psychology,5204,Cognitive and computational psychology,False,0.268,constrained to groups within division(s) 52
3203,Clinical Psychology,5205,Social and personality psychology,False,0.22,constrained to groups within division(s) 52
3204,Developmental and Educational Psychology,5201,Applied and developmental psychology,True,0.396,constrained to groups within division(s) 52
3204,Developmental and Educational Psychology,5204,Cognitive and computational psychology,False,0.257,constrained to groups within division(s) 52
3204,Developmental and Educational Psychology,5202,Biological psychology,False,0.24,constrained to groups within division(s) 52
3204,Developmental and Educational Psychology,5299,Other psychology,False,0.21,constrained to groups within division(s) 52
3204,Developmental and Educational Psychology,5205,Social and personality psychology,False,0.188,constrained to groups within division(s) 52
3204,Developmental and Educational Psychology,5203,Clinical and health psychology,False,0.167,constrained to groups within division(s) 52
3205,Experimental and Cognitive Psychology,5204,Cognitive and computational psychology,True,0.458,constrained to groups within division(s) 52
3205,Experimental and Cognitive Psychology,5202,Biological psychology,False,0.387,constrained to groups within division(s) 52
3205,Experimental and Cognitive Psychology,5203,Clinical and health psychology,False,0.333,constrained to groups within division(s) 52
3205,Experimental and Cognitive Psychology,5201,Applied and developmental psychology,False,0.221,constrained to groups within division(s) 52
3205,Experimental and Cognitive Psychology,5299,Other psychology,False,0.21,constrained to groups within division(s) 52
3205,Experimental and Cognitive Psychology,5205,Social and personality psychology,False,0.15,constrained to groups within division(s) 52
3206,Neuropsychology and Physiological Psychology,5201,Applied and developmental psychology,True,0.424,constrained to groups within division(s) 52
3206,Neuropsychology and Physiological Psychology,5202,Biological psychology,False,0.393,constrained to groups within division(s) 52
3206,Neuropsychology and Physiological Psychology,5203,Clinical and health psychology,False,0.236,constrained to groups within division(s) 52
3206,Neuropsychology and Physiological Psychology,5299,Other psychology,False,0.21,constrained to groups within division(s) 52
3206,Neuropsychology and Physiological Psychology,5204,Cognitive and computational psychology,False,0.174,constrained to groups within division(s) 52
3206,Neuropsychology and Physiological Psychology,5205,Social and personality psychology,False,0.174,constrained to groups within division(s) 52
3207,Social Psychology,5205,Social and personality psychology,True,0.468,constrained to groups within division(s) 52
3207,Social Psychology,5203,Clinical and health psychology,False,0.393,constrained to groups within division(s) 52
3207,Social Psychology,5202,Biological psychology,False,0.371,constrained to groups within division(s) 52
3207,Social Psychology,5201,Applied and developmental psychology,False,0.338,constrained to groups within division(s) 52
3207,Social Psychology,5204,Cognitive and computational psychology,False,0.31,constrained to groups within division(s) 52
3207,Social Psychology,5299,Other psychology,False,0.25,constrained to groups within division(s) 52
3300,General Social Sciences,3902,"Education policy, sociology and philosophy",True,0.286,"constrained to groups within division(s) 44,39,48,33"
3300,General Social Sciences,4409,Social work,False,0.243,"constrained to groups within division(s) 44,39,48,33"
3300,General Social Sciences,4401,Anthropology,False,0.179,"constrained to groups within division(s) 44,39,48,33"
3300,General Social Sciences,4407,Policy and administration,False,0.173,"constrained to groups within division(s) 44,39,48,33"
3300,General Social Sciences,3999,Other Education,False,0.15,"constrained to groups within division(s) 44,39,48,33"
3300,General Social Sciences,4410,Sociology,False,0.135,"constrained to groups within division(s) 44,39,48,33"
3300,General Social Sciences,4406,Human geography,False,0.109,"constrained to groups within division(s) 44,39,48,33"
3300,General Social Sciences,4403,Demography,False,0.105,"constrained to groups within division(s) 44,39,48,33"
3300,General Social Sciences,4804,Law in context,False,0.1,"constrained to groups within division(s) 44,39,48,33"
3300,General Social Sciences,4404,Development studies,False,0.093,"constrained to groups within division(s) 44,39,48,33"
3300,General Social Sciences,3901,Curriculum and pedagogy,False,0.088,"constrained to groups within division(s) 44,39,48,33"
3300,General Social Sciences,3904,Specialist studies in education,False,0.085,"constrained to groups within division(s) 44,39,48,33"
3300,General Social Sciences,3302,Building,False,0.081,"constrained to groups within division(s) 44,39,48,33"
3300,General Social Sciences,3301,Architecture,False,0.07,"constrained to groups within division(s) 44,39,48,33"
3300,General Social Sciences,4402,Criminology,False,0.07,"constrained to groups within division(s) 44,39,48,33"
3300,General Social Sciences,3903,Education systems,False,0.064,"constrained to groups within division(s) 44,39,48,33"
3300,General Social Sciences,3304,Urban and regional planning,False,0.057,"constrained to groups within division(s) 44,39,48,33"
3300,General Social Sciences,3399,Other built environment and design,False,0.05,"constrained to groups within division(s) 44,39,48,33"
3300,General Social Sciences,3303,Design,False,0.048,"constrained to groups within division(s) 44,39,48,33"
3300,General Social Sciences,4408,Political science,False,0.047,"constrained to groups within division(s) 44,39,48,33"
3300,General Social Sciences,4802,Environmental and resources law,False,0.045,"constrained to groups within division(s) 44,39,48,33"
3300,General Social Sciences,4499,Other human society,False,0.043,"constrained to groups within division(s) 44,39,48,33"
3300,General Social Sciences,4405,Gender studies,False,0.032,"constrained to groups within division(s) 44,39,48,33"
3300,General Social Sciences,4807,Public law,False,0.022,"constrained to groups within division(s) 44,39,48,33"
3300,General Social Sciences,4801,Commercial law,False,0.0,"constrained to groups within division(s) 44,39,48,33"
3300,General Social Sciences,4803,International and comparative law,False,0.0,"constrained to groups within division(s) 44,39,48,33"
3300,General Social Sciences,4805,Legal systems,False,0.0,"constrained to groups within division(s) 44,39,48,33"
3300,General Social Sciences,4806,Private law and civil obligations,False,0.0,"constrained to groups within division(s) 44,39,48,33"
3300,General Social Sciences,4899,Other law and legal studies,False,0.0,"constrained to groups within division(s) 44,39,48,33"
3302,Archeology,3904,Specialist studies in education,True,0.077,"constrained to groups within division(s) 44,39,48,33"
3302,Archeology,4401,Anthropology,False,0.077,"constrained to groups within division(s) 44,39,48,33"
3302,Archeology,4406,Human geography,False,0.077,"constrained to groups within division(s) 44,39,48,33"
3302,Archeology,4410,Sociology,False,0.077,"constrained to groups within division(s) 44,39,48,33"
3302,Archeology,3301,Architecture,False,0.0,"constrained to groups within division(s) 44,39,48,33"
3302,Archeology,3302,Building,False,0.0,"constrained to groups within division(s) 44,39,48,33"
3302,Archeology,3303,Design,False,0.0,"constrained to groups within division(s) 44,39,48,33"
3302,Archeology,3304,Urban and regional planning,False,0.0,"constrained to groups within division(s) 44,39,48,33"
3302,Archeology,3399,Other built environment and design,False,0.0,"constrained to groups within division(s) 44,39,48,33"
3302,Archeology,3901,Curriculum and pedagogy,False,0.0,"constrained to groups within division(s) 44,39,48,33"
3302,Archeology,3902,"Education policy, sociology and philosophy",False,0.0,"constrained to groups within division(s) 44,39,48,33"
3302,Archeology,3903,Education systems,False,0.0,"constrained to groups within division(s) 44,39,48,33"
3302,Archeology,3999,Other Education,False,0.0,"constrained to groups within division(s) 44,39,48,33"
3302,Archeology,4402,Criminology,False,0.0,"constrained to groups within division(s) 44,39,48,33"
3302,Archeology,4403,Demography,False,0.0,"constrained to groups within division(s) 44,39,48,33"
3302,Archeology,4404,Development studies,False,0.0,"constrained to groups within division(s) 44,39,48,33"
3302,Archeology,4405,Gender studies,False,0.0,"constrained to groups within division(s) 44,39,48,33"
3302,Archeology,4407,Policy and administration,False,0.0,"constrained to groups within division(s) 44,39,48,33"
3302,Archeology,4408,Political science,False,0.0,"constrained to groups within division(s) 44,39,48,33"
3302,Archeology,4409,Social work,False,0.0,"constrained to groups within division(s) 44,39,48,33"
3302,Archeology,4499,Other human society,False,0.0,"constrained to groups within division(s) 44,39,48,33"
3302,Archeology,4801,Commercial law,False,0.0,"constrained to groups within division(s) 44,39,48,33"
3302,Archeology,4802,Environmental and resources law,False,0.0,"constrained to groups within division(s) 44,39,48,33"
3302,Archeology,4803,International and comparative law,False,0.0,"constrained to groups within division(s) 44,39,48,33"
3302,Archeology,4804,Law in context,False,0.0,"constrained to groups within division(s) 44,39,48,33"
3302,Archeology,4805,Legal systems,False,0.0,"constrained to groups within division(s) 44,39,48,33"
3302,Archeology,4806,Private law and civil obligations,False,0.0,"constrained to groups within division(s) 44,39,48,33"
3302,Archeology,4807,Public law,False,0.0,"constrained to groups within division(s) 44,39,48,33"
3302,Archeology,4899,Other law and legal studies,False,0.0,"constrained to groups within division(s) 44,39,48,33"
3303,Development,4404,Development studies,True,1.0,"constrained to groups within division(s) 44,39,48,33"
3303,Development,3999,Other Education,False,0.15,"constrained to groups within division(s) 44,39,48,33"
3303,Development,3901,Curriculum and pedagogy,False,0.143,"constrained to groups within division(s) 44,39,48,33"
3303,Development,4804,Law in context,False,0.122,"constrained to groups within division(s) 44,39,48,33"
3303,Development,4407,Policy and administration,False,0.082,"constrained to groups within division(s) 44,39,48,33"
3303,Development,3902,"Education policy, sociology and philosophy",False,0.071,"constrained to groups within division(s) 44,39,48,33"
3303,Development,4401,Anthropology,False,0.071,"constrained to groups within division(s) 44,39,48,33"
3303,Development,3301,Architecture,False,0.07,"constrained to groups within division(s) 44,39,48,33"
3303,Development,4406,Human geography,False,0.065,"constrained to groups within division(s) 44,39,48,33"
3303,Development,3903,Education systems,False,0.064,"constrained to groups within division(s) 44,39,48,33"
3303,Development,3304,Urban and regional planning,False,0.061,"constrained to groups within division(s) 44,39,48,33"
3303,Development,4410,Sociology,False,0.061,"constrained to groups within division(s) 44,39,48,33"
3303,Development,3399,Other built environment and design,False,0.05,"constrained to groups within division(s) 44,39,48,33"
3303,Development,4408,Political science,False,0.047,"constrained to groups within division(s) 44,39,48,33"
3303,Development,4499,Other human society,False,0.043,"constrained to groups within division(s) 44,39,48,33"
3303,Development,3303,Design,False,0.041,"constrained to groups within division(s) 44,39,48,33"
3303,Development,3904,Specialist studies in education,False,0.041,"constrained to groups within division(s) 44,39,48,33"
3303,Development,4803,International and comparative law,False,0.041,"constrained to groups within division(s) 44,39,48,33"
3303,Development,4405,Gender studies,False,0.032,"constrained to groups within division(s) 44,39,48,33"
3303,Development,3302,Building,False,0.027,"constrained to groups within division(s) 44,39,48,33"
3303,Development,4402,Criminology,False,0.02,"constrained to groups within division(s) 44,39,48,33"
3303,Development,4403,Demography,False,0.0,"constrained to groups within division(s) 44,39,48,33"
3303,Development,4409,Social work,False,0.0,"constrained to groups within division(s) 44,39,48,33"
3303,Development,4801,Commercial law,False,0.0,"constrained to groups within division(s) 44,39,48,33"
3303,Development,4802,Environmental and resources law,False,0.0,"constrained to groups within division(s) 44,39,48,33"
3303,Development,4805,Legal systems,False,0.0,"constrained to groups within division(s) 44,39,48,33"
3303,Development,4806,Private law and civil obligations,False,0.0,"constrained to groups within division(s) 44,39,48,33"
3303,Development,4807,Public law,False,0.0,"constrained to groups within division(s) 44,39,48,33"
3303,Development,4899,Other law and legal studies,False,0.0,"constrained to groups within division(s) 44,39,48,33"
3304,Education,3903,Education systems,True,0.908,"constrained to groups within division(s) 44,39,48,33"
3304,Education,3904,Specialist studies in education,False,0.685,"constrained to groups within division(s) 44,39,48,33"
3304,Education,3902,"Education policy, sociology and philosophy",False,0.643,"constrained to groups within division(s) 44,39,48,33"
3304,Education,3901,Curriculum and pedagogy,False,0.308,"constrained to groups within division(s) 44,39,48,33"
3304,Education,3999,Other Education,False,0.3,"constrained to groups within division(s) 44,39,48,33"
3304,Education,4410,Sociology,False,0.284,"constrained to groups within division(s) 44,39,48,33"
3304,Education,4401,Anthropology,False,0.25,"constrained to groups within division(s) 44,39,48,33"
3304,Education,4409,Social work,False,0.217,"constrained to groups within division(s) 44,39,48,33"
3304,Education,4408,Political science,False,0.209,"constrained to groups within division(s) 44,39,48,33"
3304,Education,4804,Law in context,False,0.2,"constrained to groups within division(s) 44,39,48,33"
3304,Education,4407,Policy and administration,False,0.192,"constrained to groups within division(s) 44,39,48,33"
3304,Education,3301,Architecture,False,0.186,"constrained to groups within division(s) 44,39,48,33"
3304,Education,3304,Urban and regional planning,False,0.186,"constrained to groups within division(s) 44,39,48,33"
3304,Education,4404,Development studies,False,0.163,"constrained to groups within division(s) 44,39,48,33"
3304,Education,4406,Human geography,False,0.152,"constrained to groups within division(s) 44,39,48,33"
3304,Education,4402,Criminology,False,0.151,"constrained to groups within division(s) 44,39,48,33"
3304,Education,3303,Design,False,0.145,"constrained to groups within division(s) 44,39,48,33"
3304,Education,3302,Building,False,0.135,"constrained to groups within division(s) 44,39,48,33"
3304,Education,4405,Gender studies,False,0.129,"constrained to groups within division(s) 44,39,48,33"
3304,Education,4805,Legal systems,False,0.098,"constrained to groups within division(s) 44,39,48,33"
3304,Education,4807,Public law,False,0.089,"constrained to groups within division(s) 44,39,48,33"
3304,Education,4403,Demography,False,0.053,"constrained to groups within division(s) 44,39,48,33"
3304,Education,3399,Other built environment and design,False,0.05,"constrained to groups within division(s) 44,39,48,33"
3304,Education,4802,Environmental and resources law,False,0.045,"constrained to groups within division(s) 44,39,48,33"
3304,Education,4499,Other human society,False,0.043,"constrained to groups within division(s) 44,39,48,33"
3304,Education,4803,International and comparative law,False,0.018,"constrained to groups within division(s) 44,39,48,33"
3304,Education,4801,Commercial law,False,0.0,"constrained to groups within division(s) 44,39,48,33"
3304,Education,4806,Private law and civil obligations,False,0.0,"constrained to groups within division(s) 44,39,48,33"
3304,Education,4899,Other law and legal studies,False,0.0,"constrained to groups within division(s) 44,39,48,33"
3305,"Geography, Planning and Development",4406,Human geography,True,0.382,"constrained to groups within division(s) 44,39,48,33"
3305,"Geography, Planning and Development",4404,Development studies,False,0.316,"constrained to groups within division(s) 44,39,48,33"
3305,"Geography, Planning and Development",3902,"Education policy, sociology and philosophy",False,0.214,"constrained to groups within division(s) 44,39,48,33"
3305,"Geography, Planning and Development",3304,Urban and regional planning,False,0.197,"constrained to groups within division(s) 44,39,48,33"
3305,"Geography, Planning and Development",3999,Other Education,False,0.15,"constrained to groups within division(s) 44,39,48,33"
3305,"Geography, Planning and Development",4401,Anthropology,False,0.143,"constrained to groups within division(s) 44,39,48,33"
3305,"Geography, Planning and Development",3901,Curriculum and pedagogy,False,0.129,"constrained to groups within division(s) 44,39,48,33"
3305,"Geography, Planning and Development",4803,International and comparative law,False,0.105,"constrained to groups within division(s) 44,39,48,33"
3305,"Geography, Planning and Development",4407,Policy and administration,False,0.096,"constrained to groups within division(s) 44,39,48,33"
3305,"Geography, Planning and Development",4408,Political science,False,0.093,"constrained to groups within division(s) 44,39,48,33"
3305,"Geography, Planning and Development",4802,Environmental and resources law,False,0.091,"constrained to groups within division(s) 44,39,48,33"
3305,"Geography, Planning and Development",4499,Other human society,False,0.086,"constrained to groups within division(s) 44,39,48,33"
3305,"Geography, Planning and Development",3302,Building,False,0.081,"constrained to groups within division(s) 44,39,48,33"
3305,"Geography, Planning and Development",4410,Sociology,False,0.081,"constrained to groups within division(s) 44,39,48,33"
3305,"Geography, Planning and Development",4804,Law in context,False,0.071,"constrained to groups within division(s) 44,39,48,33"
3305,"Geography, Planning and Development",3903,Education systems,False,0.064,"constrained to groups within division(s) 44,39,48,33"
3305,"Geography, Planning and Development",3399,Other built environment and design,False,0.05,"constrained to groups within division(s) 44,39,48,33"
3305,"Geography, Planning and Development",3301,Architecture,False,0.047,"constrained to groups within division(s) 44,39,48,33"
3305,"Geography, Planning and Development",4807,Public law,False,0.044,"constrained to groups within division(s) 44,39,48,33"
3305,"Geography, Planning and Development",4409,Social work,False,0.043,"constrained to groups within division(s) 44,39,48,33"
3305,"Geography, Planning and Development",3904,Specialist studies in education,False,0.042,"constrained to groups within division(s) 44,39,48,33"
3305,"Geography, Planning and Development",3303,Design,False,0.036,"constrained to groups within division(s) 44,39,48,33"
3305,"Geography, Planning and Development",4402,Criminology,False,0.035,"constrained to groups within division(s) 44,39,48,33"
3305,"Geography, Planning and Development",4405,Gender studies,False,0.032,"constrained to groups within division(s) 44,39,48,33"
3305,"Geography, Planning and Development",4805,Legal systems,False,0.024,"constrained to groups within division(s) 44,39,48,33"
3305,"Geography, Planning and Development",4403,Demography,False,0.0,"constrained to groups within division(s) 44,39,48,33"
3305,"Geography, Planning and Development",4801,Commercial law,False,0.0,"constrained to groups within division(s) 44,39,48,33"
3305,"Geography, Planning and Development",4806,Private law and civil obligations,False,0.0,"constrained to groups within division(s) 44,39,48,33"
3305,"Geography, Planning and Development",4899,Other law and legal studies,False,0.0,"constrained to groups within division(s) 44,39,48,33"
3306,Health,4299,Other health sciences,True,0.3,"constrained to groups within division(s) 44,39,48,33"
3306,Health,3902,"Education policy, sociology and philosophy",False,0.214,"constrained to groups within division(s) 44,39,48,33"
3306,Health,4807,Public law,False,0.156,"constrained to groups within division(s) 44,39,48,33"
3306,Health,3999,Other Education,False,0.15,"constrained to groups within division(s) 44,39,48,33"
3306,Health,4804,Law in context,False,0.114,"constrained to groups within division(s) 44,39,48,33"
3306,Health,4403,Demography,False,0.105,"constrained to groups within division(s) 44,39,48,33"
3306,Health,4407,Policy and administration,False,0.096,"constrained to groups within division(s) 44,39,48,33"
3306,Health,4410,Sociology,False,0.095,"constrained to groups within division(s) 44,39,48,33"
3306,Health,3901,Curriculum and pedagogy,False,0.086,"constrained to groups within division(s) 44,39,48,33"
3306,Health,4499,Other human society,False,0.086,"constrained to groups within division(s) 44,39,48,33"
3306,Health,4803,International and comparative law,False,0.07,"constrained to groups within division(s) 44,39,48,33"
3306,Health,4404,Development studies,False,0.07,"constrained to groups within division(s) 44,39,48,33"
3306,Health,4406,Human geography,False,0.065,"constrained to groups within division(s) 44,39,48,33"
3306,Health,4409,Social work,False,0.043,"constrained to groups within division(s) 44,39,48,33"
3306,Health,4401,Anthropology,False,0.036,"constrained to groups within division(s) 44,39,48,33"
3306,Health,3304,Urban and regional planning,False,0.029,"constrained to groups within division(s) 44,39,48,33"
3306,Health,4402,Criminology,False,0.025,"constrained to groups within division(s) 44,39,48,33"
3306,Health,4805,Legal systems,False,0.024,"constrained to groups within division(s) 44,39,48,33"
3306,Health,4408,Political science,False,0.023,"constrained to groups within division(s) 44,39,48,33"
3306,Health,3903,Education systems,False,0.021,"constrained to groups within division(s) 44,39,48,33"
3306,Health,3904,Specialist studies in education,False,0.014,"constrained to groups within division(s) 44,39,48,33"
3306,Health,3303,Design,False,0.012,"constrained to groups within division(s) 44,39,48,33"
3306,Health,3301,Architecture,False,0.0,"constrained to groups within division(s) 44,39,48,33"
3306,Health,3302,Building,False,0.0,"constrained to groups within division(s) 44,39,48,33"
3306,Health,3399,Other built environment and design,False,0.0,"constrained to groups within division(s) 44,39,48,33"
3306,Health,4405,Gender studies,False,0.0,"constrained to groups within division(s) 44,39,48,33"
3306,Health,4801,Commercial law,False,0.0,"constrained to groups within division(s) 44,39,48,33"
3306,Health,4802,Environmental and resources law,False,0.0,"constrained to groups within division(s) 44,39,48,33"
3306,Health,4806,Private law and civil obligations,False,0.0,"constrained to groups within division(s) 44,39,48,33"
3306,Health,4899,Other law and legal studies,False,0.0,"constrained to groups within division(s) 44,39,48,33"
3307,Human Factors and Ergonomics,3904,Specialist studies in education,True,0.2,"constrained to groups within division(s) 44,39,48,33"
3307,Human Factors and Ergonomics,4406,Human geography,False,0.183,"constrained to groups within division(s) 44,39,48,33"
3307,Human Factors and Ergonomics,3901,Curriculum and pedagogy,False,0.16,"constrained to groups within division(s) 44,39,48,33"
3307,Human Factors and Ergonomics,3999,Other Education,False,0.15,"constrained to groups within division(s) 44,39,48,33"
3307,Human Factors and Ergonomics,3303,Design,False,0.12,"constrained to groups within division(s) 44,39,48,33"
3307,Human Factors and Ergonomics,4499,Other human society,False,0.086,"constrained to groups within division(s) 44,39,48,33"
3307,Human Factors and Ergonomics,4804,Law in context,False,0.08,"constrained to groups within division(s) 44,39,48,33"
3307,Human Factors and Ergonomics,4805,Legal systems,False,0.08,"constrained to groups within division(s) 44,39,48,33"
3307,Human Factors and Ergonomics,4807,Public law,False,0.08,"constrained to groups within division(s) 44,39,48,33"
3307,Human Factors and Ergonomics,3902,"Education policy, sociology and philosophy",False,0.071,"constrained to groups within division(s) 44,39,48,33"
3307,Human Factors and Ergonomics,4409,Social work,False,0.043,"constrained to groups within division(s) 44,39,48,33"
3307,Human Factors and Ergonomics,3301,Architecture,False,0.04,"constrained to groups within division(s) 44,39,48,33"
3307,Human Factors and Ergonomics,3302,Building,False,0.04,"constrained to groups within division(s) 44,39,48,33"
3307,Human Factors and Ergonomics,3304,Urban and regional planning,False,0.04,"constrained to groups within division(s) 44,39,48,33"
3307,Human Factors and Ergonomics,3903,Education systems,False,0.04,"constrained to groups within division(s) 44,39,48,33"
3307,Human Factors and Ergonomics,4402,Criminology,False,0.04,"constrained to groups within division(s) 44,39,48,33"
3307,Human Factors and Ergonomics,4404,Development studies,False,0.04,"constrained to groups within division(s) 44,39,48,33"
3307,Human Factors and Ergonomics,4803,International and comparative law,False,0.04,"constrained to groups within division(s) 44,39,48,33"
3307,Human Factors and Ergonomics,3399,Other built environment and design,False,0.0,"constrained to groups within division(s) 44,39,48,33"
3307,Human Factors and Ergonomics,4401,Anthropology,False,0.0,"constrained to groups within division(s) 44,39,48,33"
3307,Human Factors and Ergonomics,4403,Demography,False,0.0,"constrained to groups within division(s) 44,39,48,33"
3307,Human Factors and Ergonomics,4405,Gender studies,False,0.0,"constrained to groups within division(s) 44,39,48,33"
3307,Human Factors and Ergonomics,4407,Policy and administration,False,0.0,"constrained to groups within division(s) 44,39,48,33"
3307,Human Factors and Ergonomics,4408,Political science,False,0.0,"constrained to groups within division(s) 44,39,48,33"
3307,Human Factors and Ergonomics,4410,Sociology,False,0.0,"constrained to groups within division(s) 44,39,48,33"
3307,Human Factors and Ergonomics,4801,Commercial law,False,0.0,"constrained to groups within division(s) 44,39,48,33"
3307,Human Factors and Ergonomics,4802,Environmental and resources law,False,0.0,"constrained to groups within division(s) 44,39,48,33"
3307,Human Factors and Ergonomics,4806,Private law and civil obligations,False,0.0,"constrained to groups within division(s) 44,39,48,33"
3307,Human Factors and Ergonomics,4899,Other law and legal studies,False,0.0,"constrained to groups within division(s) 44,39,48,33"
3308,Law,4807,Public law,True,0.622,"constrained to groups within division(s) 44,39,48,33"
3308,Law,4804,Law in context,False,0.576,"constrained to groups within division(s) 44,39,48,33"
3308,Law,4802,Environmental and resources law,False,0.473,"constrained to groups within division(s) 44,39,48,33"
3308,Law,4806,Private law and civil obligations,False,0.451,"constrained to groups within division(s) 44,39,48,33"
3308,Law,4803,International and comparative law,False,0.446,"constrained to groups within division(s) 44,39,48,33"
3308,Law,4801,Commercial law,False,0.373,"constrained to groups within division(s) 44,39,48,33"
3308,Law,4899,Other law and legal studies,False,0.3,"constrained to groups within division(s) 44,39,48,33"
3308,Law,4805,Legal systems,False,0.171,"constrained to groups within division(s) 44,39,48,33"
3308,Law,4403,Demography,False,0.158,"constrained to groups within division(s) 44,39,48,33"
3308,Law,3999,Other Education,False,0.15,"constrained to groups within division(s) 44,39,48,33"
3308,Law,3902,"Education policy, sociology and philosophy",False,0.143,"constrained to groups within division(s) 44,39,48,33"
3308,Law,4410,Sociology,False,0.122,"constrained to groups within division(s) 44,39,48,33"
3308,Law,4402,Criminology,False,0.116,"constrained to groups within division(s) 44,39,48,33"
3308,Law,4408,Political science,False,0.116,"constrained to groups within division(s) 44,39,48,33"
3308,Law,4406,Human geography,False,0.109,"constrained to groups within division(s) 44,39,48,33"
3308,Law,3302,Building,False,0.108,"constrained to groups within division(s) 44,39,48,33"
3308,Law,4401,Anthropology,False,0.107,"constrained to groups within division(s) 44,39,48,33"
3308,Law,3904,Specialist studies in education,False,0.099,"constrained to groups within division(s) 44,39,48,33"
3308,Law,4404,Development studies,False,0.093,"constrained to groups within division(s) 44,39,48,33"
3308,Law,4409,Social work,False,0.087,"constrained to groups within division(s) 44,39,48,33"
3308,Law,4499,Other human society,False,0.086,"constrained to groups within division(s) 44,39,48,33"
3308,Law,3901,Curriculum and pedagogy,False,0.077,"constrained to groups within division(s) 44,39,48,33"
3308,Law,3304,Urban and regional planning,False,0.071,"constrained to groups within division(s) 44,39,48,33"
3308,Law,3303,Design,False,0.06,"constrained to groups within division(s) 44,39,48,33"
3308,Law,4407,Policy and administration,False,0.058,"constrained to groups within division(s) 44,39,48,33"
3308,Law,3399,Other built environment and design,False,0.05,"constrained to groups within division(s) 44,39,48,33"
3308,Law,3301,Architecture,False,0.047,"constrained to groups within division(s) 44,39,48,33"
3308,Law,3903,Education systems,False,0.043,"constrained to groups within division(s) 44,39,48,33"
3308,Law,4405,Gender studies,False,0.032,"constrained to groups within division(s) 44,39,48,33"
3309,Library and Information Sciences,4610,Library and information studies,True,1.0,"constrained to groups within division(s) 44,39,48,33"
3309,Library and Information Sciences,3302,Building,False,0.111,"constrained to groups within division(s) 44,39,48,33"
3309,Library and Information Sciences,3304,Urban and regional planning,False,0.111,"constrained to groups within division(s) 44,39,48,33"
3309,Library and Information Sciences,3901,Curriculum and pedagogy,False,0.111,"constrained to groups within division(s) 44,39,48,33"
3309,Library and Information Sciences,3904,Specialist studies in education,False,0.111,"constrained to groups within division(s) 44,39,48,33"
3309,Library and Information Sciences,4402,Criminology,False,0.111,"constrained to groups within division(s) 44,39,48,33"
3309,Library and Information Sciences,4407,Policy and administration,False,0.111,"constrained to groups within division(s) 44,39,48,33"
3309,Library and Information Sciences,4807,Public law,False,0.111,"constrained to groups within division(s) 44,39,48,33"
3309,Library and Information Sciences,3301,Architecture,False,0.0,"constrained to groups within division(s) 44,39,48,33"
3309,Library and Information Sciences,3303,Design,False,0.0,"constrained to groups within division(s) 44,39,48,33"
3309,Library and Information Sciences,3399,Other built environment and design,False,0.0,"constrained to groups within division(s) 44,39,48,33"
3309,Library and Information Sciences,3902,"Education policy, sociology and philosophy",False,0.0,"constrained to groups within division(s) 44,39,48,33"
3309,Library and Information Sciences,3903,Education systems,False,0.0,"constrained to groups within division(s) 44,39,48,33"
3309,Library and Information Sciences,3999,Other Education,False,0.0,"constrained to groups within division(s) 44,39,48,33"
3309,Library and Information Sciences,4401,Anthropology,False,0.0,"constrained to groups within division(s) 44,39,48,33"
3309,Library and Information Sciences,4403,Demography,False,0.0,"constrained to groups within division(s) 44,39,48,33"
3309,Library and Information Sciences,4404,Development studies,False,0.0,"constrained to groups within division(s) 44,39,48,33"
3309,Library and Information Sciences,4405,Gender studies,False,0.0,"constrained to groups within division(s) 44,39,48,33"
3309,Library and Information Sciences,4406,Human geography,False,0.0,"constrained to groups within division(s) 44,39,48,33"
3309,Library and Information Sciences,4408,Political science,False,0.0,"constrained to groups within division(s) 44,39,48,33"
3309,Library and Information Sciences,4409,Social work,False,0.0,"constrained to groups within division(s) 44,39,48,33"
3309,Library and Information Sciences,4410,Sociology,False,0.0,"constrained to groups within division(s) 44,39,48,33"
3309,Library and Information Sciences,4499,Other human society,False,0.0,"constrained to groups within division(s) 44,39,48,33"
3309,Library and Information Sciences,4801,Commercial law,False,0.0,"constrained to groups within division(s) 44,39,48,33"
3309,Library and Information Sciences,4802,Environmental and resources law,False,0.0,"constrained to groups within division(s) 44,39,48,33"
3309,Library and Information Sciences,4803,International and comparative law,False,0.0,"constrained to groups within division(s) 44,39,48,33"
3309,Library and Information Sciences,4804,Law in context,False,0.0,"constrained to groups within division(s) 44,39,48,33"
3309,Library and Information Sciences,4805,Legal systems,False,0.0,"constrained to groups within division(s) 44,39,48,33"
3309,Library and Information Sciences,4806,Private law and civil obligations,False,0.0,"constrained to groups within division(s) 44,39,48,33"
3309,Library and Information Sciences,4899,Other law and legal studies,False,0.0,"constrained to groups within division(s) 44,39,48,33"
3310,Linguistics and Language,3902,"Education policy, sociology and philosophy",True,0.286,"constrained to groups within division(s) 44,39,48,33"
3310,Linguistics and Language,3904,Specialist studies in education,False,0.176,"constrained to groups within division(s) 44,39,48,33"
3310,Linguistics and Language,3999,Other Education,False,0.15,"constrained to groups within division(s) 44,39,48,33"
3310,Linguistics and Language,4410,Sociology,False,0.147,"constrained to groups within division(s) 44,39,48,33"
3310,Linguistics and Language,4401,Anthropology,False,0.071,"constrained to groups within division(s) 44,39,48,33"
3310,Linguistics and Language,3901,Curriculum and pedagogy,False,0.059,"constrained to groups within division(s) 44,39,48,33"
3310,Linguistics and Language,4402,Criminology,False,0.059,"constrained to groups within division(s) 44,39,48,33"
3310,Linguistics and Language,4404,Development studies,False,0.059,"constrained to groups within division(s) 44,39,48,33"
3310,Linguistics and Language,4406,Human geography,False,0.059,"constrained to groups within division(s) 44,39,48,33"
3310,Linguistics and Language,4804,Law in context,False,0.059,"constrained to groups within division(s) 44,39,48,33"
3310,Linguistics and Language,4403,Demography,False,0.053,"constrained to groups within division(s) 44,39,48,33"
3310,Linguistics and Language,4405,Gender studies,False,0.032,"constrained to groups within division(s) 44,39,48,33"
3310,Linguistics and Language,3301,Architecture,False,0.029,"constrained to groups within division(s) 44,39,48,33"
3310,Linguistics and Language,3303,Design,False,0.029,"constrained to groups within division(s) 44,39,48,33"
3310,Linguistics and Language,3304,Urban and regional planning,False,0.029,"constrained to groups within division(s) 44,39,48,33"
3310,Linguistics and Language,3903,Education systems,False,0.029,"constrained to groups within division(s) 44,39,48,33"
3310,Linguistics and Language,4407,Policy and administration,False,0.029,"constrained to groups within division(s) 44,39,48,33"
3310,Linguistics and Language,4408,Political science,False,0.029,"constrained to groups within division(s) 44,39,48,33"
3310,Linguistics and Language,3302,Building,False,0.0,"constrained to groups within division(s) 44,39,48,33"
3310,Linguistics and Language,3399,Other built environment and design,False,0.0,"constrained to groups within division(s) 44,39,48,33"
3310,Linguistics and Language,4409,Social work,False,0.0,"constrained to groups within division(s) 44,39,48,33"
3310,Linguistics and Language,4499,Other human society,False,0.0,"constrained to groups within division(s) 44,39,48,33"
3310,Linguistics and Language,4801,Commercial law,False,0.0,"constrained to groups within division(s) 44,39,48,33"
3310,Linguistics and Language,4802,Environmental and resources law,False,0.0,"constrained to groups within division(s) 44,39,48,33"
3310,Linguistics and Language,4803,International and comparative law,False,0.0,"constrained to groups within division(s) 44,39,48,33"
3310,Linguistics and Language,4805,Legal systems,False,0.0,"constrained to groups within division(s) 44,39,48,33"
3310,Linguistics and Language,4806,Private law and civil obligations,False,0.0,"constrained to groups within division(s) 44,39,48,33"
3310,Linguistics and Language,4807,Public law,False,0.0,"constrained to groups within division(s) 44,39,48,33"
3310,Linguistics and Language,4899,Other law and legal studies,False,0.0,"constrained to groups within division(s) 44,39,48,33"
3311,Safety Research,3999,Other Education,True,0.3,"constrained to groups within division(s) 44,39,48,33"
3311,Safety Research,3902,"Education policy, sociology and philosophy",False,0.214,"constrained to groups within division(s) 44,39,48,33"
3311,Safety Research,4407,Policy and administration,False,0.154,"constrained to groups within division(s) 44,39,48,33"
3311,Safety Research,4404,Development studies,False,0.116,"constrained to groups within division(s) 44,39,48,33"
3311,Safety Research,4807,Public law,False,0.111,"constrained to groups within division(s) 44,39,48,33"
3311,Safety Research,4401,Anthropology,False,0.107,"constrained to groups within division(s) 44,39,48,33"
3311,Safety Research,3903,Education systems,False,0.106,"constrained to groups within division(s) 44,39,48,33"
3311,Safety Research,3901,Curriculum and pedagogy,False,0.099,"constrained to groups within division(s) 44,39,48,33"
3311,Safety Research,4410,Sociology,False,0.095,"constrained to groups within division(s) 44,39,48,33"
3311,Safety Research,4406,Human geography,False,0.087,"constrained to groups within division(s) 44,39,48,33"
3311,Safety Research,4804,Law in context,False,0.086,"constrained to groups within division(s) 44,39,48,33"
3311,Safety Research,3904,Specialist studies in education,False,0.07,"constrained to groups within division(s) 44,39,48,33"
3311,Safety Research,4405,Gender studies,False,0.065,"constrained to groups within division(s) 44,39,48,33"
3311,Safety Research,4403,Demography,False,0.053,"constrained to groups within division(s) 44,39,48,33"
3311,Safety Research,3303,Design,False,0.048,"constrained to groups within division(s) 44,39,48,33"
3311,Safety Research,3301,Architecture,False,0.047,"constrained to groups within division(s) 44,39,48,33"
3311,Safety Research,4402,Criminology,False,0.047,"constrained to groups within division(s) 44,39,48,33"
3311,Safety Research,4802,Environmental and resources law,False,0.045,"constrained to groups within division(s) 44,39,48,33"
3311,Safety Research,4409,Social work,False,0.043,"constrained to groups within division(s) 44,39,48,33"
3311,Safety Research,4499,Other human society,False,0.043,"constrained to groups within division(s) 44,39,48,33"
3311,Safety Research,4803,International and comparative law,False,0.035,"constrained to groups within division(s) 44,39,48,33"
3311,Safety Research,3302,Building,False,0.027,"constrained to groups within division(s) 44,39,48,33"
3311,Safety Research,4805,Legal systems,False,0.024,"constrained to groups within division(s) 44,39,48,33"
3311,Safety Research,4408,Political science,False,0.023,"constrained to groups within division(s) 44,39,48,33"
3311,Safety Research,3304,Urban and regional planning,False,0.014,"constrained to groups within division(s) 44,39,48,33"
3311,Safety Research,3399,Other built environment and design,False,0.0,"constrained to groups within division(s) 44,39,48,33"
3311,Safety Research,4801,Commercial law,False,0.0,"constrained to groups within division(s) 44,39,48,33"
3311,Safety Research,4806,Private law and civil obligations,False,0.0,"constrained to groups within division(s) 44,39,48,33"
3311,Safety Research,4899,Other law and legal studies,False,0.0,"constrained to groups within division(s) 44,39,48,33"
3312,Sociology and Political Science,3902,"Education policy, sociology and philosophy",True,0.754,"constrained to groups within division(s) 44,39,48,33"
3312,Sociology and Political Science,4410,Sociology,False,0.739,"constrained to groups within division(s) 44,39,48,33"
3312,Sociology and Political Science,4408,Political science,False,0.682,"constrained to groups within division(s) 44,39,48,33"
3312,Sociology and Political Science,4404,Development studies,False,0.512,"constrained to groups within division(s) 44,39,48,33"
3312,Sociology and Political Science,4804,Law in context,False,0.4,"constrained to groups within division(s) 44,39,48,33"
3312,Sociology and Political Science,4407,Policy and administration,False,0.365,"constrained to groups within division(s) 44,39,48,33"
3312,Sociology and Political Science,4401,Anthropology,False,0.321,"constrained to groups within division(s) 44,39,48,33"
3312,Sociology and Political Science,4802,Environmental and resources law,False,0.318,"constrained to groups within division(s) 44,39,48,33"
3312,Sociology and Political Science,4807,Public law,False,0.311,"constrained to groups within division(s) 44,39,48,33"
3312,Sociology and Political Science,3901,Curriculum and pedagogy,False,0.297,"constrained to groups within division(s) 44,39,48,33"
3312,Sociology and Political Science,4405,Gender studies,False,0.29,"constrained to groups within division(s) 44,39,48,33"
3312,Sociology and Political Science,4406,Human geography,False,0.283,"constrained to groups within division(s) 44,39,48,33"
3312,Sociology and Political Science,3301,Architecture,False,0.279,"constrained to groups within division(s) 44,39,48,33"
3312,Sociology and Political Science,4803,International and comparative law,False,0.246,"constrained to groups within division(s) 44,39,48,33"
3312,Sociology and Political Science,4402,Criminology,False,0.244,"constrained to groups within division(s) 44,39,48,33"
3312,Sociology and Political Science,3304,Urban and regional planning,False,0.243,"constrained to groups within division(s) 44,39,48,33"
3312,Sociology and Political Science,4805,Legal systems,False,0.22,"constrained to groups within division(s) 44,39,48,33"
3312,Sociology and Political Science,3903,Education systems,False,0.213,"constrained to groups within division(s) 44,39,48,33"
3312,Sociology and Political Science,4409,Social work,False,0.174,"constrained to groups within division(s) 44,39,48,33"
3312,Sociology and Political Science,3904,Specialist studies in education,False,0.169,"constrained to groups within division(s) 44,39,48,33"
3312,Sociology and Political Science,3303,Design,False,0.169,"constrained to groups within division(s) 44,39,48,33"
3312,Sociology and Political Science,4403,Demography,False,0.158,"constrained to groups within division(s) 44,39,48,33"
3312,Sociology and Political Science,4806,Private law and civil obligations,False,0.154,"constrained to groups within division(s) 44,39,48,33"
3312,Sociology and Political Science,3999,Other Education,False,0.15,"constrained to groups within division(s) 44,39,48,33"
3312,Sociology and Political Science,4899,Other law and legal studies,False,0.15,"constrained to groups within division(s) 44,39,48,33"
3312,Sociology and Political Science,3302,Building,False,0.135,"constrained to groups within division(s) 44,39,48,33"
3312,Sociology and Political Science,4499,Other human society,False,0.129,"constrained to groups within division(s) 44,39,48,33"
3312,Sociology and Political Science,4801,Commercial law,False,0.12,"constrained to groups within division(s) 44,39,48,33"
3312,Sociology and Political Science,3399,Other built environment and design,False,0.05,"constrained to groups within division(s) 44,39,48,33"
3313,Transportation,3304,Urban and regional planning,True,0.196,"constrained to groups within division(s) 44,39,48,33"
3313,Transportation,4406,Human geography,False,0.13,"constrained to groups within division(s) 44,39,48,33"
3313,Transportation,4404,Development studies,False,0.093,"constrained to groups within division(s) 44,39,48,33"
3313,Transportation,4802,Environmental and resources law,False,0.091,"constrained to groups within division(s) 44,39,48,33"
3313,Transportation,3302,Building,False,0.081,"constrained to groups within division(s) 44,39,48,33"
3313,Transportation,4407,Policy and administration,False,0.077,"constrained to groups within division(s) 44,39,48,33"
3313,Transportation,4899,Other law and legal studies,False,0.075,"constrained to groups within division(s) 44,39,48,33"
3313,Transportation,4805,Legal systems,False,0.073,"constrained to groups within division(s) 44,39,48,33"
3313,Transportation,3901,Curriculum and pedagogy,False,0.071,"constrained to groups within division(s) 44,39,48,33"
3313,Transportation,3902,"Education policy, sociology and philosophy",False,0.071,"constrained to groups within division(s) 44,39,48,33"
3313,Transportation,4401,Anthropology,False,0.071,"constrained to groups within division(s) 44,39,48,33"
3313,Transportation,3301,Architecture,False,0.07,"constrained to groups within division(s) 44,39,48,33"
3313,Transportation,3303,Design,False,0.054,"constrained to groups within division(s) 44,39,48,33"
3313,Transportation,4410,Sociology,False,0.054,"constrained to groups within division(s) 44,39,48,33"
3313,Transportation,3399,Other built environment and design,False,0.05,"constrained to groups within division(s) 44,39,48,33"
3313,Transportation,4807,Public law,False,0.044,"constrained to groups within division(s) 44,39,48,33"
3313,Transportation,4499,Other human society,False,0.043,"constrained to groups within division(s) 44,39,48,33"
3313,Transportation,3903,Education systems,False,0.043,"constrained to groups within division(s) 44,39,48,33"
3313,Transportation,4801,Commercial law,False,0.04,"constrained to groups within division(s) 44,39,48,33"
3313,Transportation,3904,Specialist studies in education,False,0.036,"constrained to groups within division(s) 44,39,48,33"
3313,Transportation,4402,Criminology,False,0.036,"constrained to groups within division(s) 44,39,48,33"
3313,Transportation,4803,International and comparative law,False,0.036,"constrained to groups within division(s) 44,39,48,33"
3313,Transportation,4804,Law in context,False,0.036,"constrained to groups within division(s) 44,39,48,33"
3313,Transportation,4405,Gender studies,False,0.032,"constrained to groups within division(s) 44,39,48,33"
3313,Transportation,4408,Political science,False,0.023,"constrained to groups within division(s) 44,39,48,33"
3313,Transportation,3999,Other Education,False,0.0,"constrained to groups within division(s) 44,39,48,33"
3313,Transportation,4403,Demography,False,0.0,"constrained to groups within division(s) 44,39,48,33"
3313,Transportation,4409,Social work,False,0.0,"constrained to groups within division(s) 44,39,48,33"
3313,Transportation,4806,Private law and civil obligations,False,0.0,"constrained to groups within division(s) 44,39,48,33"
3314,Anthropology,4401,Anthropology,True,1.0,"constrained to groups within division(s) 44,39,48,33"
3314,Anthropology,4409,Social work,False,0.087,"constrained to groups within division(s) 44,39,48,33"
3314,Anthropology,4899,Other law and legal studies,False,0.075,"constrained to groups within division(s) 44,39,48,33"
3314,Anthropology,3902,"Education policy, sociology and philosophy",False,0.071,"constrained to groups within division(s) 44,39,48,33"
3314,Anthropology,3904,Specialist studies in education,False,0.07,"constrained to groups within division(s) 44,39,48,33"
3314,Anthropology,4404,Development studies,False,0.07,"constrained to groups within division(s) 44,39,48,33"
3314,Anthropology,4406,Human geography,False,0.065,"constrained to groups within division(s) 44,39,48,33"
3314,Anthropology,3303,Design,False,0.06,"constrained to groups within division(s) 44,39,48,33"
3314,Anthropology,4403,Demography,False,0.053,"constrained to groups within division(s) 44,39,48,33"
3314,Anthropology,4803,International and comparative law,False,0.053,"constrained to groups within division(s) 44,39,48,33"
3314,Anthropology,4805,Legal systems,False,0.049,"constrained to groups within division(s) 44,39,48,33"
3314,Anthropology,3301,Architecture,False,0.047,"constrained to groups within division(s) 44,39,48,33"
3314,Anthropology,4408,Political science,False,0.047,"constrained to groups within division(s) 44,39,48,33"
3314,Anthropology,4802,Environmental and resources law,False,0.045,"constrained to groups within division(s) 44,39,48,33"
3314,Anthropology,4807,Public law,False,0.044,"constrained to groups within division(s) 44,39,48,33"
3314,Anthropology,3304,Urban and regional planning,False,0.043,"constrained to groups within division(s) 44,39,48,33"
3314,Anthropology,4410,Sociology,False,0.041,"constrained to groups within division(s) 44,39,48,33"
3314,Anthropology,3901,Curriculum and pedagogy,False,0.033,"constrained to groups within division(s) 44,39,48,33"
3314,Anthropology,3302,Building,False,0.027,"constrained to groups within division(s) 44,39,48,33"
3314,Anthropology,4402,Criminology,False,0.023,"constrained to groups within division(s) 44,39,48,33"
3314,Anthropology,4407,Policy and administration,False,0.019,"constrained to groups within division(s) 44,39,48,33"
3314,Anthropology,4804,Law in context,False,0.014,"constrained to groups within division(s) 44,39,48,33"
3314,Anthropology,3399,Other built environment and design,False,0.0,"constrained to groups within division(s) 44,39,48,33"
3314,Anthropology,3903,Education systems,False,0.0,"constrained to groups within division(s) 44,39,48,33"
3314,Anthropology,3999,Other Education,False,0.0,"constrained to groups within division(s) 44,39,48,33"
3314,Anthropology,4405,Gender studies,False,0.0,"constrained to groups within division(s) 44,39,48,33"
3314,Anthropology,4499,Other human society,False,0.0,"constrained to groups within division(s) 44,39,48,33"
3314,Anthropology,4801,Commercial law,False,0.0,"constrained to groups within division(s) 44,39,48,33"
3314,Anthropology,4806,Private law and civil obligations,False,0.0,"constrained to groups within division(s) 44,39,48,33"
3315,Communication,3999,Other Education,True,0.15,"constrained to groups within division(s) 44,39,48,33"
3315,Communication,4401,Anthropology,False,0.107,"constrained to groups within division(s) 44,39,48,33"
3315,Communication,3901,Curriculum and pedagogy,False,0.097,"constrained to groups within division(s) 44,39,48,33"
3315,Communication,4407,Policy and administration,False,0.096,"constrained to groups within division(s) 44,39,48,33"
3315,Communication,4409,Social work,False,0.087,"constrained to groups within division(s) 44,39,48,33"
3315,Communication,4410,Sociology,False,0.083,"constrained to groups within division(s) 44,39,48,33"
3315,Communication,3902,"Education policy, sociology and philosophy",False,0.071,"constrained to groups within division(s) 44,39,48,33"
3315,Communication,4804,Law in context,False,0.071,"constrained to groups within division(s) 44,39,48,33"
3315,Communication,3904,Specialist studies in education,False,0.07,"constrained to groups within division(s) 44,39,48,33"
3315,Communication,4404,Development studies,False,0.07,"constrained to groups within division(s) 44,39,48,33"
3315,Communication,4408,Political science,False,0.07,"constrained to groups within division(s) 44,39,48,33"
3315,Communication,4406,Human geography,False,0.065,"constrained to groups within division(s) 44,39,48,33"
3315,Communication,4405,Gender studies,False,0.065,"constrained to groups within division(s) 44,39,48,33"
3315,Communication,3903,Education systems,False,0.064,"constrained to groups within division(s) 44,39,48,33"
3315,Communication,3303,Design,False,0.056,"constrained to groups within division(s) 44,39,48,33"
3315,Communication,3301,Architecture,False,0.047,"constrained to groups within division(s) 44,39,48,33"
3315,Communication,4807,Public law,False,0.044,"constrained to groups within division(s) 44,39,48,33"
3315,Communication,3304,Urban and regional planning,False,0.043,"constrained to groups within division(s) 44,39,48,33"
3315,Communication,4803,International and comparative law,False,0.035,"constrained to groups within division(s) 44,39,48,33"
3315,Communication,4402,Criminology,False,0.028,"constrained to groups within division(s) 44,39,48,33"
3315,Communication,3302,Building,False,0.027,"constrained to groups within division(s) 44,39,48,33"
3315,Communication,3399,Other built environment and design,False,0.0,"constrained to groups within division(s) 44,39,48,33"
3315,Communication,4403,Demography,False,0.0,"constrained to groups within division(s) 44,39,48,33"
3315,Communication,4499,Other human society,False,0.0,"constrained to groups within division(s) 44,39,48,33"
3315,Communication,4801,Commercial law,False,0.0,"constrained to groups within division(s) 44,39,48,33"
3315,Communication,4802,Environmental and resources law,False,0.0,"constrained to groups within division(s) 44,39,48,33"
3315,Communication,4805,Legal systems,False,0.0,"constrained to groups within division(s) 44,39,48,33"
3315,Communication,4806,Private law and civil obligations,False,0.0,"constrained to groups within division(s) 44,39,48,33"
3315,Communication,4899,Other law and legal studies,False,0.0,"constrained to groups within division(s) 44,39,48,33"
3316,Cultural Studies,4702,Cultural studies,True,1.0,"constrained to groups within division(s) 44,39,48,33"
3316,Cultural Studies,3902,"Education policy, sociology and philosophy",False,0.357,"constrained to groups within division(s) 44,39,48,33"
3316,Cultural Studies,3999,Other Education,False,0.15,"constrained to groups within division(s) 44,39,48,33"
3316,Cultural Studies,4410,Sociology,False,0.149,"constrained to groups within division(s) 44,39,48,33"
3316,Cultural Studies,3301,Architecture,False,0.14,"constrained to groups within division(s) 44,39,48,33"
3316,Cultural Studies,4404,Development studies,False,0.14,"constrained to groups within division(s) 44,39,48,33"
3316,Cultural Studies,4409,Social work,False,0.13,"constrained to groups within division(s) 44,39,48,33"
3316,Cultural Studies,4804,Law in context,False,0.129,"constrained to groups within division(s) 44,39,48,33"
3316,Cultural Studies,4407,Policy and administration,False,0.115,"constrained to groups within division(s) 44,39,48,33"
3316,Cultural Studies,4406,Human geography,False,0.109,"constrained to groups within division(s) 44,39,48,33"
3316,Cultural Studies,3901,Curriculum and pedagogy,False,0.088,"constrained to groups within division(s) 44,39,48,33"
3316,Cultural Studies,4499,Other human society,False,0.086,"constrained to groups within division(s) 44,39,48,33"
3316,Cultural Studies,3904,Specialist studies in education,False,0.085,"constrained to groups within division(s) 44,39,48,33"
3316,Cultural Studies,3303,Design,False,0.084,"constrained to groups within division(s) 44,39,48,33"
3316,Cultural Studies,4401,Anthropology,False,0.071,"constrained to groups within division(s) 44,39,48,33"
3316,Cultural Studies,4408,Political science,False,0.07,"constrained to groups within division(s) 44,39,48,33"
3316,Cultural Studies,4807,Public law,False,0.067,"constrained to groups within division(s) 44,39,48,33"
3316,Cultural Studies,3304,Urban and regional planning,False,0.057,"constrained to groups within division(s) 44,39,48,33"
3316,Cultural Studies,4403,Demography,False,0.053,"constrained to groups within division(s) 44,39,48,33"
3316,Cultural Studies,4803,International and comparative law,False,0.053,"constrained to groups within division(s) 44,39,48,33"
3316,Cultural Studies,4402,Criminology,False,0.047,"constrained to groups within division(s) 44,39,48,33"
3316,Cultural Studies,3903,Education systems,False,0.043,"constrained to groups within division(s) 44,39,48,33"
3316,Cultural Studies,4405,Gender studies,False,0.032,"constrained to groups within division(s) 44,39,48,33"
3316,Cultural Studies,4805,Legal systems,False,0.024,"constrained to groups within division(s) 44,39,48,33"
3316,Cultural Studies,3302,Building,False,0.0,"constrained to groups within division(s) 44,39,48,33"
3316,Cultural Studies,3399,Other built environment and design,False,0.0,"constrained to groups within division(s) 44,39,48,33"
3316,Cultural Studies,4801,Commercial law,False,0.0,"constrained to groups within division(s) 44,39,48,33"
3316,Cultural Studies,4802,Environmental and resources law,False,0.0,"constrained to groups within division(s) 44,39,48,33"
3316,Cultural Studies,4806,Private law and civil obligations,False,0.0,"constrained to groups within division(s) 44,39,48,33"
3316,Cultural Studies,4899,Other law and legal studies,False,0.0,"constrained to groups within division(s) 44,39,48,33"
3317,Demography,4403,Demography,True,1.0,"constrained to groups within division(s) 44,39,48,33"
3317,Demography,3902,"Education policy, sociology and philosophy",False,0.286,"constrained to groups within division(s) 44,39,48,33"
3317,Demography,4406,Human geography,False,0.217,"constrained to groups within division(s) 44,39,48,33"
3317,Demography,4407,Policy and administration,False,0.173,"constrained to groups within division(s) 44,39,48,33"
3317,Demography,4404,Development studies,False,0.163,"constrained to groups within division(s) 44,39,48,33"
3317,Demography,3999,Other Education,False,0.15,"constrained to groups within division(s) 44,39,48,33"
3317,Demography,3304,Urban and regional planning,False,0.129,"constrained to groups within division(s) 44,39,48,33"
3317,Demography,4410,Sociology,False,0.122,"constrained to groups within division(s) 44,39,48,33"
3317,Demography,3904,Specialist studies in education,False,0.113,"constrained to groups within division(s) 44,39,48,33"
3317,Demography,4401,Anthropology,False,0.107,"constrained to groups within division(s) 44,39,48,33"
3317,Demography,4804,Law in context,False,0.1,"constrained to groups within division(s) 44,39,48,33"
3317,Demography,3901,Curriculum and pedagogy,False,0.099,"constrained to groups within division(s) 44,39,48,33"
3317,Demography,4408,Political science,False,0.093,"constrained to groups within division(s) 44,39,48,33"
3317,Demography,3903,Education systems,False,0.085,"constrained to groups within division(s) 44,39,48,33"
3317,Demography,3301,Architecture,False,0.07,"constrained to groups within division(s) 44,39,48,33"
3317,Demography,4807,Public law,False,0.067,"constrained to groups within division(s) 44,39,48,33"
3317,Demography,4405,Gender studies,False,0.065,"constrained to groups within division(s) 44,39,48,33"
3317,Demography,4402,Criminology,False,0.058,"constrained to groups within division(s) 44,39,48,33"
3317,Demography,3302,Building,False,0.054,"constrained to groups within division(s) 44,39,48,33"
3317,Demography,3399,Other built environment and design,False,0.05,"constrained to groups within division(s) 44,39,48,33"
3317,Demography,4802,Environmental and resources law,False,0.045,"constrained to groups within division(s) 44,39,48,33"
3317,Demography,4409,Social work,False,0.043,"constrained to groups within division(s) 44,39,48,33"
3317,Demography,4499,Other human society,False,0.043,"constrained to groups within division(s) 44,39,48,33"
3317,Demography,4805,Legal systems,False,0.024,"constrained to groups within division(s) 44,39,48,33"
3317,Demography,3303,Design,False,0.024,"constrained to groups within division(s) 44,39,48,33"
3317,Demography,4803,International and comparative law,False,0.018,"constrained to groups within division(s) 44,39,48,33"
3317,Demography,4801,Commercial law,False,0.0,"constrained to groups within division(s) 44,39,48,33"
3317,Demography,4806,Private law and civil obligations,False,0.0,"constrained to groups within division(s) 44,39,48,33"
3317,Demography,4899,Other law and legal studies,False,0.0,"constrained to groups within division(s) 44,39,48,33"
3318,Gender Studies,4405,Gender studies,True,1.0,"constrained to groups within division(s) 44,39,48,33"
3318,Gender Studies,4403,Demography,False,0.211,"constrained to groups within division(s) 44,39,48,33"
3318,Gender Studies,4401,Anthropology,False,0.179,"constrained to groups within division(s) 44,39,48,33"
3318,Gender Studies,4804,Law in context,False,0.171,"constrained to groups within division(s) 44,39,48,33"
3318,Gender Studies,3999,Other Education,False,0.15,"constrained to groups within division(s) 44,39,48,33"
3318,Gender Studies,4801,Commercial law,False,0.12,"constrained to groups within division(s) 44,39,48,33"
3318,Gender Studies,4404,Development studies,False,0.116,"constrained to groups within division(s) 44,39,48,33"
3318,Gender Studies,4410,Sociology,False,0.095,"constrained to groups within division(s) 44,39,48,33"
3318,Gender Studies,4408,Political science,False,0.093,"constrained to groups within division(s) 44,39,48,33"
3318,Gender Studies,3904,Specialist studies in education,False,0.085,"constrained to groups within division(s) 44,39,48,33"
3318,Gender Studies,4407,Policy and administration,False,0.077,"constrained to groups within division(s) 44,39,48,33"
3318,Gender Studies,3902,"Education policy, sociology and philosophy",False,0.071,"constrained to groups within division(s) 44,39,48,33"
3318,Gender Studies,4402,Criminology,False,0.07,"constrained to groups within division(s) 44,39,48,33"
3318,Gender Studies,4807,Public law,False,0.067,"constrained to groups within division(s) 44,39,48,33"
3318,Gender Studies,3901,Curriculum and pedagogy,False,0.066,"constrained to groups within division(s) 44,39,48,33"
3318,Gender Studies,3301,Architecture,False,0.047,"constrained to groups within division(s) 44,39,48,33"
3318,Gender Studies,4406,Human geography,False,0.043,"constrained to groups within division(s) 44,39,48,33"
3318,Gender Studies,4409,Social work,False,0.043,"constrained to groups within division(s) 44,39,48,33"
3318,Gender Studies,4499,Other human society,False,0.043,"constrained to groups within division(s) 44,39,48,33"
3318,Gender Studies,3903,Education systems,False,0.043,"constrained to groups within division(s) 44,39,48,33"
3318,Gender Studies,3304,Urban and regional planning,False,0.029,"constrained to groups within division(s) 44,39,48,33"
3318,Gender Studies,3302,Building,False,0.027,"constrained to groups within division(s) 44,39,48,33"
3318,Gender Studies,3303,Design,False,0.024,"constrained to groups within division(s) 44,39,48,33"
3318,Gender Studies,4803,International and comparative law,False,0.018,"constrained to groups within division(s) 44,39,48,33"
3318,Gender Studies,3399,Other built environment and design,False,0.0,"constrained to groups within division(s) 44,39,48,33"
3318,Gender Studies,4802,Environmental and resources law,False,0.0,"constrained to groups within division(s) 44,39,48,33"
3318,Gender Studies,4805,Legal systems,False,0.0,"constrained to groups within division(s) 44,39,48,33"
3318,Gender Studies,4806,Private law and civil obligations,False,0.0,"constrained to groups within division(s) 44,39,48,33"
3318,Gender Studies,4899,Other law and legal studies,False,0.0,"constrained to groups within division(s) 44,39,48,33"
3319,Life-span and Life-course Studies,3901,Curriculum and pedagogy,True,0.167,"constrained to groups within division(s) 44,39,48,33"
3319,Life-span and Life-course Studies,4410,Sociology,False,0.167,"constrained to groups within division(s) 44,39,48,33"
3319,Life-span and Life-course Studies,3999,Other Education,False,0.15,"constrained to groups within division(s) 44,39,48,33"
3319,Life-span and Life-course Studies,4804,Law in context,False,0.111,"constrained to groups within division(s) 44,39,48,33"
3319,Life-span and Life-course Studies,3902,"Education policy, sociology and philosophy",False,0.071,"constrained to groups within division(s) 44,39,48,33"
3319,Life-span and Life-course Studies,3303,Design,False,0.056,"constrained to groups within division(s) 44,39,48,33"
3319,Life-span and Life-course Studies,3903,Education systems,False,0.056,"constrained to groups within division(s) 44,39,48,33"
3319,Life-span and Life-course Studies,3904,Specialist studies in education,False,0.056,"constrained to groups within division(s) 44,39,48,33"
3319,Life-span and Life-course Studies,4401,Anthropology,False,0.056,"constrained to groups within division(s) 44,39,48,33"
3319,Life-span and Life-course Studies,4403,Demography,False,0.056,"constrained to groups within division(s) 44,39,48,33"
3319,Life-span and Life-course Studies,3301,Architecture,False,0.0,"constrained to groups within division(s) 44,39,48,33"
3319,Life-span and Life-course Studies,3302,Building,False,0.0,"constrained to groups within division(s) 44,39,48,33"
3319,Life-span and Life-course Studies,3304,Urban and regional planning,False,0.0,"constrained to groups within division(s) 44,39,48,33"
3319,Life-span and Life-course Studies,3399,Other built environment and design,False,0.0,"constrained to groups within division(s) 44,39,48,33"
3319,Life-span and Life-course Studies,4402,Criminology,False,0.0,"constrained to groups within division(s) 44,39,48,33"
3319,Life-span and Life-course Studies,4404,Development studies,False,0.0,"constrained to groups within division(s) 44,39,48,33"
3319,Life-span and Life-course Studies,4405,Gender studies,False,0.0,"constrained to groups within division(s) 44,39,48,33"
3319,Life-span and Life-course Studies,4406,Human geography,False,0.0,"constrained to groups within division(s) 44,39,48,33"
3319,Life-span and Life-course Studies,4407,Policy and administration,False,0.0,"constrained to groups within division(s) 44,39,48,33"
3319,Life-span and Life-course Studies,4408,Political science,False,0.0,"constrained to groups within division(s) 44,39,48,33"
3319,Life-span and Life-course Studies,4409,Social work,False,0.0,"constrained to groups within division(s) 44,39,48,33"
3319,Life-span and Life-course Studies,4499,Other human society,False,0.0,"constrained to groups within division(s) 44,39,48,33"
3319,Life-span and Life-course Studies,4801,Commercial law,False,0.0,"constrained to groups within division(s) 44,39,48,33"
3319,Life-span and Life-course Studies,4802,Environmental and resources law,False,0.0,"constrained to groups within division(s) 44,39,48,33"
3319,Life-span and Life-course Studies,4803,International and comparative law,False,0.0,"constrained to groups within division(s) 44,39,48,33"
3319,Life-span and Life-course Studies,4805,Legal systems,False,0.0,"constrained to groups within division(s) 44,39,48,33"
3319,Life-span and Life-course Studies,4806,Private law and civil obligations,False,0.0,"constrained to groups within division(s) 44,39,48,33"
3319,Life-span and Life-course Studies,4807,Public law,False,0.0,"constrained to groups within division(s) 44,39,48,33"
3319,Life-span and Life-course Studies,4899,Other law and legal studies,False,0.0,"constrained to groups within division(s) 44,39,48,33"
3320,Political Science and International Relations,4408,Political science,True,0.572,"constrained to groups within division(s) 44,39,48,33"
3320,Political Science and International Relations,4803,International and comparative law,False,0.497,"constrained to groups within division(s) 44,39,48,33"
3320,Political Science and International Relations,3902,"Education policy, sociology and philosophy",False,0.429,"constrained to groups within division(s) 44,39,48,33"
3320,Political Science and International Relations,4807,Public law,False,0.356,"constrained to groups within division(s) 44,39,48,33"
3320,Political Science and International Relations,4407,Policy and administration,False,0.346,"constrained to groups within division(s) 44,39,48,33"
3320,Political Science and International Relations,4804,Law in context,False,0.314,"constrained to groups within division(s) 44,39,48,33"
3320,Political Science and International Relations,4404,Development studies,False,0.302,"constrained to groups within division(s) 44,39,48,33"
3320,Political Science and International Relations,3304,Urban and regional planning,False,0.257,"constrained to groups within division(s) 44,39,48,33"
3320,Political Science and International Relations,4405,Gender studies,False,0.226,"constrained to groups within division(s) 44,39,48,33"
3320,Political Science and International Relations,4899,Other law and legal studies,False,0.225,"constrained to groups within division(s) 44,39,48,33"
3320,Political Science and International Relations,4406,Human geography,False,0.217,"constrained to groups within division(s) 44,39,48,33"
3320,Political Science and International Relations,4409,Social work,False,0.217,"constrained to groups within division(s) 44,39,48,33"
3320,Political Science and International Relations,3901,Curriculum and pedagogy,False,0.198,"constrained to groups within division(s) 44,39,48,33"
3320,Political Science and International Relations,3903,Education systems,False,0.191,"constrained to groups within division(s) 44,39,48,33"
3320,Political Science and International Relations,3302,Building,False,0.189,"constrained to groups within division(s) 44,39,48,33"
3320,Political Science and International Relations,4410,Sociology,False,0.189,"constrained to groups within division(s) 44,39,48,33"
3320,Political Science and International Relations,4402,Criminology,False,0.186,"constrained to groups within division(s) 44,39,48,33"
3320,Political Science and International Relations,3904,Specialist studies in education,False,0.183,"constrained to groups within division(s) 44,39,48,33"
3320,Political Science and International Relations,4401,Anthropology,False,0.179,"constrained to groups within division(s) 44,39,48,33"
3320,Political Science and International Relations,4805,Legal systems,False,0.171,"constrained to groups within division(s) 44,39,48,33"
3320,Political Science and International Relations,4403,Demography,False,0.158,"constrained to groups within division(s) 44,39,48,33"
3320,Political Science and International Relations,4806,Private law and civil obligations,False,0.154,"constrained to groups within division(s) 44,39,48,33"
3320,Political Science and International Relations,3999,Other Education,False,0.15,"constrained to groups within division(s) 44,39,48,33"
3320,Political Science and International Relations,4499,Other human society,False,0.129,"constrained to groups within division(s) 44,39,48,33"
3320,Political Science and International Relations,3303,Design,False,0.12,"constrained to groups within division(s) 44,39,48,33"
3320,Political Science and International Relations,4801,Commercial law,False,0.12,"constrained to groups within division(s) 44,39,48,33"
3320,Political Science and International Relations,3301,Architecture,False,0.116,"constrained to groups within division(s) 44,39,48,33"
3320,Political Science and International Relations,4802,Environmental and resources law,False,0.091,"constrained to groups within division(s) 44,39,48,33"
3320,Political Science and International Relations,3399,Other built environment and design,False,0.0,"constrained to groups within division(s) 44,39,48,33"
3321,Public Administration,4407,Policy and administration,True,0.591,"constrained to groups within division(s) 44,39,48,33"
3321,Public Administration,4807,Public law,False,0.33,"constrained to groups within division(s) 44,39,48,33"
3321,Public Administration,4402,Criminology,False,0.217,"constrained to groups within division(s) 44,39,48,33"
3321,Public Administration,4409,Social work,False,0.174,"constrained to groups within division(s) 44,39,48,33"
3321,Public Administration,3999,Other Education,False,0.15,"constrained to groups within division(s) 44,39,48,33"
3321,Public Administration,3902,"Education policy, sociology and philosophy",False,0.143,"constrained to groups within division(s) 44,39,48,33"
3321,Public Administration,3901,Curriculum and pedagogy,False,0.13,"constrained to groups within division(s) 44,39,48,33"
3321,Public Administration,3303,Design,False,0.087,"constrained to groups within division(s) 44,39,48,33"
3321,Public Administration,3904,Specialist studies in education,False,0.087,"constrained to groups within division(s) 44,39,48,33"
3321,Public Administration,4410,Sociology,False,0.087,"constrained to groups within division(s) 44,39,48,33"
3321,Public Administration,4803,International and comparative law,False,0.087,"constrained to groups within division(s) 44,39,48,33"
3321,Public Administration,4804,Law in context,False,0.087,"constrained to groups within division(s) 44,39,48,33"
3321,Public Administration,4403,Demography,False,0.053,"constrained to groups within division(s) 44,39,48,33"
3321,Public Administration,3304,Urban and regional planning,False,0.043,"constrained to groups within division(s) 44,39,48,33"
3321,Public Administration,3903,Education systems,False,0.043,"constrained to groups within division(s) 44,39,48,33"
3321,Public Administration,4401,Anthropology,False,0.043,"constrained to groups within division(s) 44,39,48,33"
3321,Public Administration,4404,Development studies,False,0.043,"constrained to groups within division(s) 44,39,48,33"
3321,Public Administration,4406,Human geography,False,0.043,"constrained to groups within division(s) 44,39,48,33"
3321,Public Administration,4805,Legal systems,False,0.043,"constrained to groups within division(s) 44,39,48,33"
3321,Public Administration,3301,Architecture,False,0.0,"constrained to groups within division(s) 44,39,48,33"
3321,Public Administration,3302,Building,False,0.0,"constrained to groups within division(s) 44,39,48,33"
3321,Public Administration,3399,Other built environment and design,False,0.0,"constrained to groups within division(s) 44,39,48,33"
3321,Public Administration,4405,Gender studies,False,0.0,"constrained to groups within division(s) 44,39,48,33"
3321,Public Administration,4408,Political science,False,0.0,"constrained to groups within division(s) 44,39,48,33"
3321,Public Administration,4499,Other human society,False,0.0,"constrained to groups within division(s) 44,39,48,33"
3321,Public Administration,4801,Commercial law,False,0.0,"constrained to groups within division(s) 44,39,48,33"
3321,Public Administration,4802,Environmental and resources law,False,0.0,"constrained to groups within division(s) 44,39,48,33"
3321,Public Administration,4806,Private law and civil obligations,False,0.0,"constrained to groups within division(s) 44,39,48,33"
3321,Public Administration,4899,Other law and legal studies,False,0.0,"constrained to groups within division(s) 44,39,48,33"
3322,Urban Studies,3304,Urban and regional planning,True,0.343,"constrained to groups within division(s) 44,39,48,33"
3322,Urban Studies,4404,Development studies,False,0.163,"constrained to groups within division(s) 44,39,48,33"
3322,Urban Studies,4406,Human geography,False,0.152,"constrained to groups within division(s) 44,39,48,33"
3322,Urban Studies,4803,International and comparative law,False,0.14,"constrained to groups within division(s) 44,39,48,33"
3322,Urban Studies,4807,Public law,False,0.133,"constrained to groups within division(s) 44,39,48,33"
3322,Urban Studies,3301,Architecture,False,0.116,"constrained to groups within division(s) 44,39,48,33"
3322,Urban Studies,4407,Policy and administration,False,0.115,"constrained to groups within division(s) 44,39,48,33"
3322,Urban Studies,4410,Sociology,False,0.108,"constrained to groups within division(s) 44,39,48,33"
3322,Urban Studies,4401,Anthropology,False,0.107,"constrained to groups within division(s) 44,39,48,33"
3322,Urban Studies,4804,Law in context,False,0.1,"constrained to groups within division(s) 44,39,48,33"
3322,Urban Studies,4408,Political science,False,0.093,"constrained to groups within division(s) 44,39,48,33"
3322,Urban Studies,4499,Other human society,False,0.086,"constrained to groups within division(s) 44,39,48,33"
3322,Urban Studies,3303,Design,False,0.084,"constrained to groups within division(s) 44,39,48,33"
3322,Urban Studies,4899,Other law and legal studies,False,0.075,"constrained to groups within division(s) 44,39,48,33"
3322,Urban Studies,3902,"Education policy, sociology and philosophy",False,0.071,"constrained to groups within division(s) 44,39,48,33"
3322,Urban Studies,4405,Gender studies,False,0.065,"constrained to groups within division(s) 44,39,48,33"
3322,Urban Studies,3901,Curriculum and pedagogy,False,0.055,"constrained to groups within division(s) 44,39,48,33"
3322,Urban Studies,3302,Building,False,0.054,"constrained to groups within division(s) 44,39,48,33"
3322,Urban Studies,3399,Other built environment and design,False,0.05,"constrained to groups within division(s) 44,39,48,33"
3322,Urban Studies,4802,Environmental and resources law,False,0.045,"constrained to groups within division(s) 44,39,48,33"
3322,Urban Studies,4409,Social work,False,0.043,"constrained to groups within division(s) 44,39,48,33"
3322,Urban Studies,4801,Commercial law,False,0.04,"constrained to groups within division(s) 44,39,48,33"
3322,Urban Studies,4806,Private law and civil obligations,False,0.038,"constrained to groups within division(s) 44,39,48,33"
3322,Urban Studies,4402,Criminology,False,0.035,"constrained to groups within division(s) 44,39,48,33"
3322,Urban Studies,3904,Specialist studies in education,False,0.028,"constrained to groups within division(s) 44,39,48,33"
3322,Urban Studies,3903,Education systems,False,0.021,"constrained to groups within division(s) 44,39,48,33"
3322,Urban Studies,3999,Other Education,False,0.0,"constrained to groups within division(s) 44,39,48,33"
3322,Urban Studies,4403,Demography,False,0.0,"constrained to groups within division(s) 44,39,48,33"
3322,Urban Studies,4805,Legal systems,False,0.0,"constrained to groups within division(s) 44,39,48,33"
3402,Equine,3009,Veterinary sciences,True,0.25,constrained to groups within division(s) 30
3402,Equine,3099,"Other agricultural, veterinary and food sciences",False,0.05,constrained to groups within division(s) 30
3402,Equine,3001,Agricultural biotechnology,False,0.0,constrained to groups within division(s) 30
3402,Equine,3002,"Agriculture, land and farm management",False,0.0,constrained to groups within division(s) 30
3402,Equine,3003,Animal production,False,0.0,constrained to groups within division(s) 30
3402,Equine,3004,Crop and pasture production,False,0.0,constrained to groups within division(s) 30
3402,Equine,3005,Fisheries sciences,False,0.0,constrained to groups within division(s) 30
3402,Equine,3006,Food sciences,False,0.0,constrained to groups within division(s) 30
3402,Equine,3007,Forestry sciences,False,0.0,constrained to groups within division(s) 30
3402,Equine,3008,Horticultural production,False,0.0,constrained to groups within division(s) 30
3404,Small Animals,3003,Animal production,True,0.236,constrained to groups within division(s) 30
3404,Small Animals,3009,Veterinary sciences,False,0.2,constrained to groups within division(s) 30
3404,Small Animals,3099,"Other agricultural, veterinary and food sciences",False,0.05,constrained to groups within division(s) 30
3404,Small Animals,3001,Agricultural biotechnology,False,0.036,constrained to groups within division(s) 30
3404,Small Animals,3004,Crop and pasture production,False,0.036,constrained to groups within division(s) 30
3404,Small Animals,3005,Fisheries sciences,False,0.02,constrained to groups within division(s) 30
3404,Small Animals,3008,Horticultural production,False,0.019,constrained to groups within division(s) 30
3404,Small Animals,3007,Forestry sciences,False,0.018,constrained to groups within division(s) 30
3404,Small Animals,3002,"Agriculture, land and farm management",False,0.0,constrained to groups within division(s) 30
3404,Small Animals,3006,Food sciences,False,0.0,constrained to groups within division(s) 30
3500,General Dentistry,4203,Health services and systems,True,0.111,constrained to groups within division(s) 42
3500,General Dentistry,4201,Allied health and rehabilitation science,False,0.0,constrained to groups within division(s) 42
3500,General Dentistry,4202,Epidemiology,False,0.0,constrained to groups within division(s) 42
3500,General Dentistry,4204,Midwifery,False,0.0,constrained to groups within division(s) 42
3500,General Dentistry,4205,Nursing,False,0.0,constrained to groups within division(s) 42
3500,General Dentistry,4206,Public health,False,0.0,constrained to groups within division(s) 42
3500,General Dentistry,4207,Sports science and exercise,False,0.0,constrained to groups within division(s) 42
3500,General Dentistry,4208,"Traditional, complementary and integrative medicine",False,0.0,constrained to groups within division(s) 42
3500,General Dentistry,4299,Other health sciences,False,0.0,constrained to groups within division(s) 42
3504,Oral Surgery,4208,"Traditional, complementary and integrative medicine",True,0.053,constrained to groups within division(s) 42
3504,Oral Surgery,4201,Allied health and rehabilitation science,False,0.03,constrained to groups within division(s) 42
3504,Oral Surgery,4202,Epidemiology,False,0.0,constrained to groups within division(s) 42
3504,Oral Surgery,4203,Health services and systems,False,0.0,constrained to groups within division(s) 42
3504,Oral Surgery,4204,Midwifery,False,0.0,constrained to groups within division(s) 42
3504,Oral Surgery,4205,Nursing,False,0.0,constrained to groups within division(s) 42
3504,Oral Surgery,4206,Public health,False,0.0,constrained to groups within division(s) 42
3504,Oral Surgery,4207,Sports science and exercise,False,0.0,constrained to groups within division(s) 42
3504,Oral Surgery,4299,Other health sciences,False,0.0,constrained to groups within division(s) 42
3505,Orthodontics,4201,Allied health and rehabilitation science,True,0.067,constrained to groups within division(s) 42
3505,Orthodontics,4208,"Traditional, complementary and integrative medicine",False,0.067,constrained to groups within division(s) 42
3505,Orthodontics,4202,Epidemiology,False,0.0,constrained to groups within division(s) 42
3505,Orthodontics,4203,Health services and systems,False,0.0,constrained to groups within division(s) 42
3505,Orthodontics,4204,Midwifery,False,0.0,constrained to groups within division(s) 42
3505,Orthodontics,4205,Nursing,False,0.0,constrained to groups within division(s) 42
3505,Orthodontics,4206,Public health,False,0.0,constrained to groups within division(s) 42
3505,Orthodontics,4207,Sports science and exercise,False,0.0,constrained to groups within division(s) 42
3505,Orthodontics,4299,Other health sciences,False,0.0,constrained to groups within division(s) 42
3506,Periodontics,4299,Other health sciences,True,0.15,constrained to groups within division(s) 42
3506,Periodontics,4206,Public health,False,0.107,constrained to groups within division(s) 42
3506,Periodontics,4203,Health services and systems,False,0.103,constrained to groups within division(s) 42
3506,Periodontics,4205,Nursing,False,0.08,constrained to groups within division(s) 42
3506,Periodontics,4204,Midwifery,False,0.077,constrained to groups within division(s) 42
3506,Periodontics,4201,Allied health and rehabilitation science,False,0.069,constrained to groups within division(s) 42
3506,Periodontics,4208,"Traditional, complementary and integrative medicine",False,0.053,constrained to groups within division(s) 42
3506,Periodontics,4202,Epidemiology,False,0.0,constrained to groups within division(s) 42
3506,Periodontics,4207,Sports science and exercise,False,0.0,constrained to groups within division(s) 42
3600,General Health Professions,4206,Public health,True,0.536,constrained to groups within division(s) 42
3600,General Health Professions,4205,Nursing,False,0.4,constrained to groups within division(s) 42
3600,General Health Professions,4203,Health services and systems,False,0.364,constrained to groups within division(s) 42
3600,General Health Professions,4299,Other health sciences,False,0.3,constrained to groups within division(s) 42
3600,General Health Professions,4204,Midwifery,False,0.231,constrained to groups within division(s) 42
3600,General Health Professions,4201,Allied health and rehabilitation science,False,0.141,constrained to groups within division(s) 42
3600,General Health Professions,4202,Epidemiology,False,0.083,constrained to groups within division(s) 42
3600,General Health Professions,4208,"Traditional, complementary and integrative medicine",False,0.053,constrained to groups within division(s) 42
3600,General Health Professions,4207,Sports science and exercise,False,0.0,constrained to groups within division(s) 42
3603,Complementary and Manual Therapy,4208,"Traditional, complementary and integrative medicine",True,0.202,constrained to groups within division(s) 42
3603,Complementary and Manual Therapy,4201,Allied health and rehabilitation science,False,0.056,constrained to groups within division(s) 42
3603,Complementary and Manual Therapy,4202,Epidemiology,False,0.0,constrained to groups within division(s) 42
3603,Complementary and Manual Therapy,4203,Health services and systems,False,0.0,constrained to groups within division(s) 42
3603,Complementary and Manual Therapy,4204,Midwifery,False,0.0,constrained to groups within division(s) 42
3603,Complementary and Manual Therapy,4205,Nursing,False,0.0,constrained to groups within division(s) 42
3603,Complementary and Manual Therapy,4206,Public health,False,0.0,constrained to groups within division(s) 42
3603,Complementary and Manual Therapy,4207,Sports science and exercise,False,0.0,constrained to groups within division(s) 42
3603,Complementary and Manual Therapy,4299,Other health sciences,False,0.0,constrained to groups within division(s) 42
3604,Emergency Medical Services,4203,Health services and systems,True,0.241,constrained to groups within division(s) 42
3604,Emergency Medical Services,4208,"Traditional, complementary and integrative medicine",False,0.196,constrained to groups within division(s) 42
3604,Emergency Medical Services,4299,Other health sciences,False,0.15,constrained to groups within division(s) 42
3604,Emergency Medical Services,4205,Nursing,False,0.08,constrained to groups within division(s) 42
3604,Emergency Medical Services,4202,Epidemiology,False,0.056,constrained to groups within division(s) 42
3604,Emergency Medical Services,4204,Midwifery,False,0.038,constrained to groups within division(s) 42
3604,Emergency Medical Services,4206,Public health,False,0.036,constrained to groups within division(s) 42
3604,Emergency Medical Services,4201,Allied health and rehabilitation science,False,0.03,constrained to groups within division(s) 42
3604,Emergency Medical Services,4207,Sports science and exercise,False,0.0,constrained to groups within division(s) 42
3605,Health Information Management,4203,Health services and systems,True,0.25,constrained to groups within division(s) 42
3605,Health Information Management,4299,Other health sciences,False,0.21,constrained to groups within division(s) 42
3605,Health Information Management,4206,Public health,False,0.179,constrained to groups within division(s) 42
3605,Health Information Management,4201,Allied health and rehabilitation science,False,0.172,constrained to groups within division(s) 42
3605,Health Information Management,4202,Epidemiology,False,0.139,constrained to groups within division(s) 42
3605,Health Information Management,4208,"Traditional, complementary and integrative medicine",False,0.053,constrained to groups within division(s) 42
3605,Health Information Management,4205,Nursing,False,0.04,constrained to groups within division(s) 42
3605,Health Information Management,4204,Midwifery,False,0.038,constrained to groups within division(s) 42
3605,Health Information Management,4207,Sports science and exercise,False,0.0,constrained to groups within division(s) 42
3607,Medical Laboratory Technology,4208,"Traditional, complementary and integrative medicine",True,0.153,constrained to groups within division(s) 42
3607,Medical Laboratory Technology,4299,Other health sciences,False,0.15,constrained to groups within division(s) 42
3607,Medical Laboratory Technology,4201,Allied health and rehabilitation science,False,0.125,constrained to groups within division(s) 42
3607,Medical Laboratory Technology,4203,Health services and systems,False,0.125,constrained to groups within division(s) 42
3607,Medical Laboratory Technology,4202,Epidemiology,False,0.062,constrained to groups within division(s) 42
3607,Medical Laboratory Technology,4204,Midwifery,False,0.062,constrained to groups within division(s) 42
3607,Medical Laboratory Technology,4205,Nursing,False,0.062,constrained to groups within division(s) 42
3607,Medical Laboratory Technology,4206,Public health,False,0.062,constrained to groups within division(s) 42
3607,Medical Laboratory Technology,4207,Sports science and exercise,False,0.0,constrained to groups within division(s) 42
3608,Medical Terminology,4208,"Traditional, complementary and integrative medicine",True,0.236,constrained to groups within division(s) 42
3608,Medical Terminology,4203,Health services and systems,False,0.125,constrained to groups within division(s) 42
3608,Medical Terminology,4201,Allied health and rehabilitation science,False,0.0,constrained to groups within division(s) 42
3608,Medical Terminology,4202,Epidemiology,False,0.0,constrained to groups within division(s) 42
3608,Medical Terminology,4204,Midwifery,False,0.0,constrained to groups within division(s) 42
3608,Medical Terminology,4205,Nursing,False,0.0,constrained to groups within division(s) 42
3608,Medical Terminology,4206,Public health,False,0.0,constrained to groups within division(s) 42
3608,Medical Terminology,4207,Sports science and exercise,False,0.0,constrained to groups within division(s) 42
3608,Medical Terminology,4299,Other health sciences,False,0.0,constrained to groups within division(s) 42
3609,Occupational Therapy,4299,Other health sciences,True,0.15,constrained to groups within division(s) 42
3609,Occupational Therapy,4201,Allied health and rehabilitation science,False,0.121,constrained to groups within division(s) 42
3609,Occupational Therapy,4206,Public health,False,0.107,constrained to groups within division(s) 42
3609,Occupational Therapy,4203,Health services and systems,False,0.106,constrained to groups within division(s) 42
3609,Occupational Therapy,4205,Nursing,False,0.08,constrained to groups within division(s) 42
3609,Occupational Therapy,4204,Midwifery,False,0.038,constrained to groups within division(s) 42
3609,Occupational Therapy,4202,Epidemiology,False,0.028,constrained to groups within division(s) 42
3609,Occupational Therapy,4207,Sports science and exercise,False,0.0,constrained to groups within division(s) 42
3609,Occupational Therapy,4208,"Traditional, complementary and integrative medicine",False,0.0,constrained to groups within division(s) 42
3611,Pharmacy,3214,Pharmacology and pharmaceutical sciences,True,0.594,constrained to groups within division(s) 42
3611,Pharmacy,4299,Other health sciences,False,0.15,constrained to groups within division(s) 42
3611,Pharmacy,4205,Nursing,False,0.12,constrained to groups within division(s) 42
3611,Pharmacy,4203,Health services and systems,False,0.094,constrained to groups within division(s) 42
3611,Pharmacy,4204,Midwifery,False,0.077,constrained to groups within division(s) 42
3611,Pharmacy,4206,Public health,False,0.071,constrained to groups within division(s) 42
3611,Pharmacy,4208,"Traditional, complementary and integrative medicine",False,0.053,constrained to groups within division(s) 42
3611,Pharmacy,4201,Allied health and rehabilitation science,False,0.031,constrained to groups within division(s) 42
3611,Pharmacy,4202,Epidemiology,False,0.0,constrained to groups within division(s) 42
3611,Pharmacy,4207,Sports science and exercise,False,0.0,constrained to groups within division(s) 42
3612,"Physical Therapy, Sports Therapy and Rehabilitation",4207,Sports science and exercise,True,0.243,constrained to groups within division(s) 42
3612,"Physical Therapy, Sports Therapy and Rehabilitation",4201,Allied health and rehabilitation science,False,0.174,constrained to groups within division(s) 42
3612,"Physical Therapy, Sports Therapy and Rehabilitation",4208,"Traditional, complementary and integrative medicine",False,0.053,constrained to groups within division(s) 42
3612,"Physical Therapy, Sports Therapy and Rehabilitation",4206,Public health,False,0.036,constrained to groups within division(s) 42
3612,"Physical Therapy, Sports Therapy and Rehabilitation",4203,Health services and systems,False,0.023,constrained to groups within division(s) 42
3612,"Physical Therapy, Sports Therapy and Rehabilitation",4202,Epidemiology,False,0.0,constrained to groups within division(s) 42
3612,"Physical Therapy, Sports Therapy and Rehabilitation",4204,Midwifery,False,0.0,constrained to groups within division(s) 42
3612,"Physical Therapy, Sports Therapy and Rehabilitation",4205,Nursing,False,0.0,constrained to groups within division(s) 42
3612,"Physical Therapy, Sports Therapy and Rehabilitation",4299,Other health sciences,False,0.0,constrained to groups within division(s) 42
3614,Radiological and Ultrasound Technology,4203,Health services and systems,True,0.172,constrained to groups within division(s) 42
3614,Radiological and Ultrasound Technology,4299,Other health sciences,False,0.15,constrained to groups within division(s) 42
3614,Radiological and Ultrasound Technology,4205,Nursing,False,0.08,constrained to groups within division(s) 42
3614,Radiological and Ultrasound Technology,4204,Midwifery,False,0.077,constrained to groups within division(s) 42
3614,Radiological and Ultrasound Technology,4206,Public health,False,0.071,constrained to groups within division(s) 42
3614,Radiological and Ultrasound Technology,4201,Allied health and rehabilitation science,False,0.069,constrained to groups within division(s) 42
3614,Radiological and Ultrasound Technology,4202,Epidemiology,False,0.034,constrained to groups within division(s) 42
3614,Radiological and Ultrasound Technology,4207,Sports science and exercise,False,0.0,constrained to groups within division(s) 42
3614,Radiological and Ultrasound Technology,4208,"Traditional, complementary and integrative medicine",False,0.0,constrained to groups within division(s) 42
3616,Speech and Hearing,4205,Nursing,True,0.16,constrained to groups within division(s) 42
3616,Speech and Hearing,4299,Other health sciences,False,0.15,constrained to groups within division(s) 42
3616,Speech and Hearing,4206,Public health,False,0.107,constrained to groups within division(s) 42
3616,Speech and Hearing,4203,Health services and systems,False,0.094,constrained to groups within division(s) 42
3616,Speech and Hearing,4204,Midwifery,False,0.077,constrained to groups within division(s) 42
3616,Speech and Hearing,4201,Allied health and rehabilitation science,False,0.061,constrained to groups within division(s) 42
3616,Speech and Hearing,4202,Epidemiology,False,0.0,constrained to groups within division(s) 42
3616,Speech and Hearing,4207,Sports science and exercise,False,0.0,constrained to groups within division(s) 42
3616,Speech and Hearing,4208,"Traditional, complementary and integrative medicine",False,0.0,constrained to groups within division(s) 42
