code,level,label,parent_code
10001,topic,Geological and Geochemical Analysis,1908
10002,topic,Advanced Chemical Physics Studies,3107
10003,topic,Innovation and Knowledge Management,1408
10004,topic,Soil Carbon and Nitrogen Dynamics,1111
10005,topic,Ecology and Vegetation Dynamics Studies,2309
10006,topic,Job Satisfaction and Organizational Behavior,1407
10007,topic,Monetary Policy and Economic Impact,2000
10008,topic,Teacher Education and Leadership Studies,3304
10009,topic,Dementia and Cognitive Impairment Research,2738
10010,topic,"Obesity, Physical Activity, Diet",2739
10011,topic,"Literature: history, themes, analysis",1208
10012,topic,Genetic diversity and population structure,1311
10013,topic,Asymmetric Synthesis and Catalysis,1605
10014,topic,Plant Stress Responses and Tolerance,1110
10015,topic,Genomics and Phylogenetic Studies,1312
10016,topic,Adsorption and biosorption for pollutant removal,2312
10017,topic,Geology and Paleoclimatology Research,1902
10018,topic,Advancements in Battery Materials,2208
10019,topic,Corporate Finance and Governance,1402
10020,topic,Quantum Information and Cryptography,1702
10021,topic,EFL/ESL Teaching and Learning,1203
10022,topic,Semiconductor Quantum Structures and Devices,3107
10023,topic,Schizophrenia research and treatment,2738
10024,topic,TiO2 Photocatalysis and Solar Cells,2105
10025,topic,Black Holes and Theoretical Physics,3106
10026,topic,"Galaxies: Formation, Evolution, Phenomena",3103
10027,topic,"Diabetes, Cardiovascular Risks, and Lipoproteins",2712
10028,topic,Topic Modeling,1702
10029,topic,Climate variability and models,2306
10030,topic,Electrocatalysts for Energy Conversion,2105
10031,topic,T-cell and B-cell Immunology,2403
10032,topic,Marine and coastal ecosystems,1910
10033,topic,Concrete and Cement Materials Research,2205
10034,topic,"Syntax, Semantics, Linguistic Variation",1203
10035,topic,Phytochemicals and Antioxidant Activities,2704
10036,topic,Advanced Neural Network Applications,1707
10037,topic,Physics of Superconductivity and Magnetism,3104
10038,topic,Tuberculosis Research and Epidemiology,2725
10039,topic,"Stellar, planetary, and galactic studies",3103
10040,topic,Adaptive Control of Nonlinear Systems,2207
10041,topic,COVID-19 Clinical Research Studies,2725
10042,topic,Neural and Behavioral Psychology Studies,2805
10043,topic,Substance Abuse Treatment and Outcomes,2713
10044,topic,Protein Structure and Dynamics,1312
10045,topic,Organic Electronics and Photovoltaics,2208
10046,topic,Stability and Control of Uncertain Systems,2207
10047,topic,Financial Markets and Investment Strategies,2003
10048,topic,Particle physics theoretical and experimental studies,3106
10049,topic,Magnetic properties of thin films,3107
10050,topic,Multi-Criteria Decision Making,1803
10051,topic,Asthma and respiratory diseases,2737
10052,topic,Medical Image Segmentation Techniques,1707
10053,topic,International Relations and Foreign Policy,3320
10054,topic,Parallel Computing and Optimization Techniques,1708
10055,topic,Diverse Aspects of Tourism Research,3312
10056,topic,Neurotransmitter Receptor Influence on Behavior,2804
10057,topic,Face and Expression Recognition,1707
10058,topic,Entrepreneurship Studies and Influences,1405
10059,topic,Bone Tissue Engineering Materials,2204
10060,topic,Smoking Behavior and Cessation,2737
10061,topic,Algebraic Geometry and Number Theory,2608
10062,topic,MicroRNA in disease regulation,1306
10063,topic,Nanoparticle-Based Drug Delivery,2502
10064,topic,Complex Network Analysis Techniques,3109
10065,topic,Atrial Fibrillation Management and Outcomes,2705
10066,topic,Gut microbiota and health,1312
10067,topic,Stochastic processes and financial applications,2003
10068,topic,Technology Adoption and User Behaviour,1802
10069,topic,Antenna Design and Analysis,2202
10070,topic,Political Conflict and Governance,3312
10071,topic,Bone health and osteoporosis research,2732
10072,topic,Science Education and Pedagogy,3304
10073,topic,Hepatocellular Carcinoma Treatment and Prognosis,2721
10074,topic,Carbon Nanotubes in Composites,2505
10075,topic,Atmospheric chemistry and aerosols,1902
10076,topic,Plant-Microbe Interactions and Immunity,1110
10077,topic,Neuroscience and Neuropharmacology Research,2804
10078,topic,Advanced Photocatalysis Techniques,2105
10079,topic,Nanoparticles: synthesis and applications,2505
10080,topic,Energy Efficient Wireless Sensor Networks,1705
10081,topic,"Auditing, Earnings Management, Governance",1402
10082,topic,HIV/AIDS Research and Interventions,2725
10083,topic,Graphene research and applications,2505
10084,topic,Musculoskeletal pain and rehabilitation,2736
10085,topic,Parkinson's Disease Mechanisms and Treatments,2728
10086,topic,Alzheimer's disease research and treatments,2737
10087,topic,Archaeology and ancient environmental studies,1911
10088,topic,Thermochemical Biomass Conversion Processes,2204
10089,topic,Avian ecology and behavior,2303
10090,topic,ZnO doping and properties,2505
10091,topic,Malaria Research and Control,2739
10092,topic,Organometallic Complex Synthesis and Catalysis,1605
10093,topic,Nuclear physics research studies,3106
10094,topic,Epilepsy research and treatment,2738
10095,topic,Cosmology and Gravitation Theories,3103
10096,topic,Metal-Organic Frameworks: Synthesis and Applications,1604
10097,topic,Luminescence Properties of Advanced Materials,2505
10098,topic,Ruminant Nutrition and Digestive Physiology,1102
10099,topic,GaN-based semiconductor devices and materials,3104
10100,topic,Metaheuristic Optimization Algorithms Research,1702
10101,topic,Cloud Computing and Resource Management,1710
10102,topic,scientometrics and bibliometrics research,1804
10103,topic,Reading and Literacy Development,3204
10104,topic,Nanofluid Flow and Heat Transfer,2204
10105,topic,Osteoarthritis Treatment and Mechanisms,2745
10106,topic,Autism Spectrum Disorder Research,2805
10107,topic,Ferroelectric and Piezoelectric Materials,2505
10108,topic,Electoral Systems and Political Participation,3320
10109,topic,Paleontology and Stratigraphy of Fossils,1911
10110,topic,earthquake and tectonic studies,1908
10111,topic,Remote Sensing in Agriculture,2303
10112,topic,HIV Research and Treatment,2406
10113,topic,Dental materials and restorations,3505
10114,topic,"Balance, Gait, and Falls Prevention",3612
10115,topic,Corporate Social Responsibility Reporting,1408
10116,topic,Sperm and Testicular Function,2743
10117,topic,Advanced Combustion Engine Technologies,1507
10118,topic,SARS-CoV-2 and COVID-19 Research,2725
10119,topic,Sustainability and Climate Change Governance,2306
10120,topic,Bacterial Genetics and Biotechnology,1311
10121,topic,Building Energy and Comfort Optimization,2215
10122,topic,Toxic Organic Pollutants Impact,2307
10123,topic,DNA Repair Mechanisms,1312
10124,topic,Prostate Cancer Diagnosis and Treatment,2740
10125,topic,Advanced Wireless Communication Techniques,2208
10126,topic,"Logic, programming, and type systems",1702
10127,topic,"Banking stability, regulation, efficiency",2003
10128,topic,Global trade and economics,2000
10129,topic,Glioma Diagnosis and Treatment,2716
10130,topic,Mathematics Education and Teaching Techniques,3304
10131,topic,Gold and Silver Nanoparticles Synthesis and Applications,2504
10132,topic,Advanced ceramic materials synthesis,2503
10133,topic,Media Studies and Communication,3315
10134,topic,Inflammatory Bowel Disease,1311
10135,topic,Insect-Plant Interactions and Control,1109
10136,topic,Statistical Methods and Inference,2613
10137,topic,Multiple Sclerosis Research Studies,2734
10138,topic,Network Traffic and Congestion Control,1705
10139,topic,Heavy metals in environment,2310
10140,topic,Food composition and properties,2916
10141,topic,Probiotics and Fermented Foods,1106
10142,topic,Formal Methods in Verification,1703
10143,topic,Chronic Obstructive Pulmonary Disease (COPD) Research,2740
10144,topic,Blood Pressure and Hypertension Studies,2705
10145,topic,Consumer Behavior in Brand Consumption and Identification,1406
10146,topic,Cervical Cancer and HPV Research,2713
10147,topic,Antibiotic Resistance in Bacteria,1313
10148,topic,Advanced MIMO Systems Optimization,2208
10149,topic,Anthropological Studies and Insights,3314
10150,topic,Antifungal resistance and susceptibility,2725
10151,topic,Hepatitis C virus research,2721
10152,topic,Animal Nutrition and Physiology,1103
10153,topic,"Education, sociology, and vocational training",3312
10154,topic,Customer Service Quality and Loyalty,1407
10155,topic,Nitric Oxide and Endothelin Effects,2737
10156,topic,"LGBTQ Health, Identity, and Policy",3207
10157,topic,Sports Performance and Training,2732
10158,topic,Cancer Immunotherapy and Biomarkers,2730
10159,topic,Ionosphere and magnetosphere dynamics,3103
10160,topic,Seismic Performance and Analysis,2205
10161,topic,Rock Mechanics and Modeling,2211
10162,topic,Online and Blended Learning,3304
10163,topic,Metal complexes synthesis and properties,2730
10164,topic,Quality and Supply Management,1404
10165,topic,Classical Antiquity Studies,3314
10166,topic,Mosquito-borne diseases and control,2739
10167,topic,Influenza Virus Research Studies,2713
10168,topic,COVID-19 and Mental Health,3203
10169,topic,Protein Kinase Regulation and GTPase Signaling,1312
10170,topic,Retinal Diseases and Treatments,2731
10171,topic,Biofuel production and bioconversion,2204
10172,topic,Cardiac Valve Diseases and Treatments,2705
10173,topic,Computational Fluid Dynamics and Aerodynamics,2206
10174,topic,Animal Behavior and Reproduction,1105
10175,topic,Advanced DC-DC Converters,2208
10176,topic,Mesenchymal stem cell research,2716
10177,topic,Palliative Care and End-of-Life Issues,2739
10178,topic,Cancer survivorship and care,2730
10179,topic,Supercapacitor Materials and Fabrication,2504
10180,topic,Analytical chemistry methods development,1602
10181,topic,Natural Language Processing Techniques,1702
10182,topic,Child and Adolescent Psychosocial and Emotional Development,3203
10183,topic,Breast Cancer Treatment Studies,1306
10184,topic,Plant Molecular Biology Research,1110
10185,topic,Lymphoma Diagnosis and Treatment,2734
10186,topic,Nursing education and management,2922
10187,topic,Radio Frequency Integrated Circuit Design,2208
10188,topic,Advanced machining processes and optimization,2210
10189,topic,Anesthesia and Pain Management,2746
10190,topic,Air Quality and Health Impacts,2307
10191,topic,Robotics and Sensor-Based Localization,2202
10192,topic,Catalytic Processes in Materials Science,2505
10193,topic,Coronary Interventions and Diagnostics,2746
10194,topic,Nonlinear Partial Differential Equations,2604
10195,topic,Antimicrobial Resistance in Staphylococcus,2725
10196,topic,Pain Mechanisms and Treatments,2737
10197,topic,Membrane Separation Technologies,2312
10198,topic,Heart Failure Treatment and Management,2705
10199,topic,Wildlife Ecology and Conservation,2303
10200,topic,Rheumatoid Arthritis Research and Therapies,2745
10201,topic,Speech Recognition and Synthesis,1702
10202,topic,Lung Cancer Diagnosis and Treatment,2740
10203,topic,Recommender Systems and Techniques,1710
10204,topic,Microstructure and mechanical properties,2505
10205,topic,Advanced Fiber Optic Sensors,2208
10206,topic,Meta-analysis and systematic reviews,1804
10207,topic,Advanced biosensing and bioanalysis techniques,1312
10208,topic,Labor market dynamics and wage inequality,2002
10209,topic,Global Maternal and Child Health,2735
10210,topic,Advanced oxidation water treatment,2312
10211,topic,Computational Drug Discovery Methods,1703
10212,topic,Electrochemical sensors and biosensors,2208
10213,topic,Public Policy and Administration Research,3321
10214,topic,Psychotherapy Techniques and Applications,3203
10215,topic,Semantic Web and Ontologies,1702
10216,topic,"Migration, Refugees, and Integration",3312
10217,topic,Cardiac electrophysiology and arrhythmias,2705
10218,topic,Sepsis Diagnosis and Treatment,2713
10219,topic,Mechanical Behavior of Composites,2211
10220,topic,Machine Fault Diagnosis Techniques,2207
10221,topic,Composite Structure Analysis and Optimization,2211
10222,topic,Genomics and Chromatin Dynamics,1312
10223,topic,Microgrid Control and Optimization,2207
10224,topic,Quantum Chromodynamics and Particle Interactions,3106
10225,topic,Essential Oils and Antimicrobial Activity,1106
10226,topic,Land Use and Ecosystem Services,2306
10227,topic,Acute Ischemic Stroke Management,2713
10228,topic,Multilevel Inverters and Converters,2208
10229,topic,Geometric Analysis and Curvature Flows,2604
10230,topic,Marine and fisheries research,2306
10231,topic,Pancreatic and Hepatic Oncology Research,2730
10232,topic,Optical Network Technologies,2208
10233,topic,Geotechnical Engineering and Soil Mechanics,2205
10234,topic,Obstructive Sleep Apnea Research,2737
10235,topic,Health disparities and outcomes,3306
10236,topic,Aquatic Ecosystems and Phytoplankton Dynamics,2304
10237,topic,Cryptography and Data Security,1702
10238,topic,Spine and Intervertebral Disc Pathology,2734
10239,topic,Urban Planning and Governance,3322
10240,topic,Plant tissue culture and regeneration,1312
10241,topic,Functional Brain Connectivity Studies,2805
10242,topic,Posttraumatic Stress Disorder Research,3203
10243,topic,Statistical Methods and Bayesian Inference,2613
10244,topic,Chaos control and synchronization,3109
10245,topic,Metamaterials and Metasurfaces Applications,2504
10246,topic,Mobile Ad Hoc Networks,1705
10247,topic,Perovskite Materials and Applications,2208
10248,topic,Nonlinear Waves and Solitons,3109
10249,topic,Distributed Control Multi-Agent Systems,1705
10250,topic,Glaucoma and retinal disorders,2731
10251,topic,Solar and Space Plasma Dynamics,3103
10252,topic,Microbial Natural Products and Biosynthesis,2736
10253,topic,Sarcoma Diagnosis and Treatment,2740
10254,topic,Innovations in Medical Education,2739
10255,topic,Oceanographic and Atmospheric Processes,1910
10256,topic,Drug Solubulity and Delivery Systems,3003
10257,topic,Oral microbiology and periodontitis research,3506
10258,topic,Philosophy and Theoretical Science,3205
10259,topic,Sociology and Education Studies,3312
10260,topic,Software Engineering Research,1710
10261,topic,Genetic Associations and Epidemiology,1311
10262,topic,Microwave Engineering and Waveguides,2208
10263,topic,Eating Disorders and Behaviors,3203
10264,topic,Asphalt Pavement Performance Evaluation,2205
10265,topic,Multilingual Education and Policy,3310
10266,topic,Plant Water Relations and Carbon Dynamics,2306
10267,topic,Higher Education Research Studies,3304
10268,topic,Developmental Biology and Gene Regulation,1312
10269,topic,Epigenetics and DNA Methylation,1312
10270,topic,Blockchain Technology Applications and Security,1710
10271,topic,Seismic Imaging and Inversion Techniques,1908
10272,topic,Mental Health Treatment and Access,3207
10273,topic,IoT and Edge/Fog Computing,1705
10274,topic,Synthesis and biological activity,1605
10275,topic,2D Materials and Applications,2505
10276,topic,Helicobacter pylori-related gastroenterology studies,2746
10277,topic,Vitamin D Research Studies,2734
10278,topic,Electric Motor Design and Analysis,2208
10279,topic,Urinary Bladder and Prostate Research,2748
10280,topic,Shoulder Injury and Treatment,2746
10281,topic,Advanced Battery Materials and Technologies,2208
10282,topic,Financial Risk and Volatility Modeling,2003
10283,topic,Hearing Loss and Rehabilitation,2805
10284,topic,Anaerobic Digestion and Biogas Production,2215
10285,topic,Venous Thromboembolism Diagnosis and Management,2724
10286,topic,Information Retrieval and Search Behavior,1710
10287,topic,Algebraic structures and combinatorial models,2608
10288,topic,Fractional Differential Equations Solutions,2611
10289,topic,European Union Policy and Governance,3320
10290,topic,Pregnancy and preeclampsia studies,2729
10291,topic,Dialysis and Renal Disease Management,2727
10292,topic,Acute Myocardial Infarction Research,2705
10293,topic,Thyroid Disorders and Treatments,2712
10294,topic,Cell death mechanisms and regulation,1312
10295,topic,Plasmonic and Surface Plasmon Research,2204
10296,topic,Vector-borne infectious diseases,2405
10297,topic,Philosophical Ethics and Theory,1211
10298,topic,Urban Transport and Accessibility,3313
10299,topic,Photonic and Optical Devices,2208
10300,topic,Congenital Heart Disease Studies,2713
10301,topic,Mitochondrial Function and Pathology,1312
10302,topic,Fish Ecology and Management Studies,2309
10303,topic,Photosynthetic Processes and Mechanisms,1312
10304,topic,Geometric and Algebraic Topology,2608
10305,topic,Power System Optimization and Stability,2208
10306,topic,Liquid Crystal Research Advancements,2504
10307,topic,Head and Neck Cancer Studies,2733
10308,topic,Systemic Lupus Erythematosus Research,2745
10309,topic,Acute Myeloid Leukemia Research,2720
10310,topic,Corrosion Behavior and Inhibition,2505
10311,topic,Advancements in Solid Oxide Fuel Cells,2505
10312,topic,"Health, Nursing, Elderly Care",3600
10313,topic,Surface Modification and Superhydrophobicity,2508
10314,topic,Social and Intergroup Psychology,3312
10315,topic,Decision-Making and Behavioral Economics,1800
10316,topic,Sleep and related disorders,3205
10317,topic,Advanced Database Systems and Queries,1705
10318,topic,Criminal Justice and Corrections Analysis,3312
10319,topic,"Conservation, Biodiversity, and Resource Management",2306
10320,topic,Neural Networks and Applications,1702
10321,topic,Quantum Dots Synthesis And Properties,2505
10322,topic,Respiratory Support and Mechanisms,2740
10323,topic,Analog and Mixed-Signal Circuit Design,2204
10324,topic,Microbial bioremediation and biosurfactants,2310
10325,topic,Astro and Planetary Science,3103
10326,topic,Indoor and Outdoor Localization Technologies,2208
10327,topic,Adolescent Sexual and Reproductive Health,3600
10328,topic,Supply Chain and Inventory Management,1404
10329,topic,Thyroid Cancer Diagnosis and Treatment,2712
10330,topic,Hydrology and Watershed Management Studies,2312
10331,topic,Video Surveillance and Tracking Methods,1707
10332,topic,Amphibian and Reptile Biology,2306
10333,topic,Meat and Animal Product Quality,1103
10334,topic,"Hearing, Cochlea, Tinnitus, Genetics",2809
10335,topic,Colorectal Cancer Surgical Treatments,2730
10336,topic,Cancer Cells and Metastasis,2730
10337,topic,Liver Disease and Transplantation,2721
10338,topic,Advanced Sensor and Energy Harvesting Materials,2204
10339,topic,Advanced Numerical Methods in Computational Mathematics,2206
10340,topic,Hepatitis B Virus Studies,2713
10341,topic,Coral and Marine Ecosystems Studies,2303
10342,topic,Circadian rhythm and melatonin,2807
10343,topic,"Hydrogels: synthesis, properties, applications",1313
10344,topic,Management and Organizational Studies,1407
10345,topic,Hematopoietic Stem Cell Transplantation,2720
10346,topic,Magnetic confinement fusion research,3106
10347,topic,Atmospheric aerosols and clouds,2306
10348,topic,"Indigenous Health, Education, and Rights",3306
10349,topic,Migration and Labor Dynamics,3312
10350,topic,Electronic Health Records Systems,3605
10351,topic,Liver Disease Diagnosis and Treatment,2713
10352,topic,Physical Activity and Health,2737
10353,topic,Zeolite Catalysis and Synthesis,1604
10354,topic,Catalytic C–H Functionalization Methods,1605
10355,topic,Impact of Technology on Adolescents,3312
10356,topic,Orthodontics and Dentofacial Orthopedics,3505
10357,topic,Efficiency Analysis Using DEA,1803
10358,topic,Advanced Radiotherapy Techniques,3108
10359,topic,Dental Implant Techniques and Outcomes,3504
10360,topic,Fluid Dynamics and Turbulent Flows,2206
10361,topic,Silicon Carbide Semiconductor Technologies,2208
10362,topic,Biblical Studies and Interpretation,1212
10363,topic,Low-power high-performance VLSI design,2208
10364,topic,Reproductive Biology and Fertility,2739
10365,topic,Gastrointestinal motility and disorders,2715
10366,topic,Discourse Analysis in Language Studies,1208
10367,topic,Agricultural Innovations and Practices,1100
10368,topic,Dental Health and Care Utilization,3506
10369,topic,Advanced MEMS and NEMS Technologies,2208
10370,topic,Traffic and Road Safety,2213
10371,topic,Immune Response and Inflammation,2403
10372,topic,Cardiac Imaging and Diagnostics,2741
10373,topic,Renal Transplantation Outcomes and Treatments,2747
10374,topic,Advanced Graph Theory Research,1703
10375,topic,Pharmacogenetics and Drug Metabolism,3004
10376,topic,Suicide and Self-Harm Studies,3203
10377,topic,Metal and Thin Film Mechanics,2211
10378,topic,Advanced MRI Techniques and Applications,2741
10379,topic,Cellular Mechanics and Interactions,1307
10380,topic,Intimate Partner and Family Violence,3306
10381,topic,Ophthalmology and Visual Impairment Studies,2713
10382,topic,Quantum and electron transport phenomena,3107
10383,topic,"Language, Discourse, Communication Strategies",1203
10384,topic,Laser-Plasma Interactions and Diagnostics,3106
10385,topic,Plant Diversity and Evolution,1105
10386,topic,Microstructure and Mechanical Properties of Steels,2210
10387,topic,Fatty Acid Research and Health,2916
10388,topic,Advanced Steganography and Watermarking Techniques,1707
10389,topic,Polymer crystallization and properties,2507
10390,topic,Ovarian function and disorders,2743
10391,topic,Healthcare Policy and Management,2002
10392,topic,Cutaneous Melanoma Detection and Management,2730
10393,topic,Economic Growth and Productivity,2002
10394,topic,Lipoproteins and Cardiovascular Health,2746
10395,topic,Construction Project Management and Performance,1803
10396,topic,Fatigue and fracture mechanics,2211
10397,topic,Nutrition and Health in Aging,2737
10398,topic,Groundwater and Isotope Geochemistry,1906
10399,topic,Hydrocarbon exploration and reservoir analysis,2211
10400,topic,Network Security and Intrusion Detection,1705
10401,topic,Diabetes Treatment and Management,2712
10402,topic,Phase Equilibria and Thermodynamics,2204
10403,topic,Phonetics and Phonology Research,3205
10404,topic,Enzyme Catalysis and Immobilization,1312
10405,topic,Advanced Polymer Synthesis and Characterization,1605
10406,topic,Planetary Science and Exploration,3103
10407,topic,Lipid Membrane Structure and Behavior,1312
10408,topic,Chronic Kidney Disease and Diabetes,2727
10409,topic,Fuel Cells and Related Materials,2208
10410,topic,COVID-19 epidemiological studies,2611
10411,topic,Proteins in Food Systems,1106
10412,topic,Microfluidic and Capillary Electrophoresis Applications,2204
10413,topic,High-pressure geophysics and materials,1908
10414,topic,Cannabis and Cannabinoid Research,2736
10415,topic,International Business and FDI,1408
10416,topic,Traumatic Brain Injury Research,2713
10417,topic,Lung Cancer Treatments and Mutations,2740
10418,topic,Pelvic floor disorders treatments,2745
10419,topic,Pharmaceutical and Antibiotic Environmental Impacts,2310
10420,topic,Intracranial Aneurysms: Treatment and Complications,2728
10421,topic,Pleistocene-Era Hominins and Archaeology,3314
10422,topic,Angiogenesis and VEGF in Cancer,1312
10423,topic,Neurobiology and Insect Physiology Research,2804
10424,topic,Electric Power System Optimization,2208
10425,topic,Cold Atom Physics and Bose-Einstein Condensates,3107
10426,topic,Child Abuse and Trauma,3203
10427,topic,Visual perception and processing mechanisms,2805
10428,topic,Reproductive tract infections research,2404
10429,topic,EEG and Brain-Computer Interfaces,2805
10430,topic,Software Engineering Techniques and Practices,1710
10431,topic,Ethnobotanical and Medicinal Plants Studies,1110
10432,topic,DNA and Nucleic Acid Chemistry,1312
10433,topic,Carcinogens and Genotoxicity Assessment,1306
10434,topic,Chromosomal and Genetic Variations,1110
10435,topic,Environmental Impact and Sustainability,2305
10436,topic,Anesthesia and Sedative Agents,2703
10437,topic,Educational theories and practices,3304
10438,topic,"Energy, Environment, Economic Growth",2002
10439,topic,Climate change impacts on agriculture,1105
10440,topic,Advanced Thermoelectric Materials and Devices,2505
10441,topic,Muscle Physiology and Disorders,1312
10442,topic,Knee injuries and reconstruction techniques,2746
10443,topic,Social Policy and Reform Studies,3320
10444,topic,Context-Aware Activity Recognition Systems,1707
10445,topic,Antioxidant Activity and Oxidative Stress,2704
10446,topic,"Income, Poverty, and Inequality",3312
10447,topic,Environmental Toxicology and Ecotoxicology,2307
10448,topic,Memory and Neural Mechanisms,2805
10449,topic,Renal cell carcinoma treatment,2740
10450,topic,Aquaculture Nutrition and Growth,1104
10451,topic,Mycorrhizal Fungi and Plant Interactions,1110
10452,topic,Iron Metabolism and Disorders,2720
10453,topic,Maternal and Perinatal Health Interventions,2729
10454,topic,Optimal Power Flow Distribution,2208
10455,topic,Foot and Ankle Surgery,2732
10456,topic,Multi-Agent Systems and Negotiation,1702
10457,topic,Education Pedagogy and Practices,3304
10458,topic,Bladder and Urothelial Cancer Treatments,2746
10459,topic,Sexual function and dysfunction studies,2738
10460,topic,Electronic Packaging and Soldering Technologies,2208
10461,topic,Gas Sensing Nanomaterials and Sensors,2208
10462,topic,Reinforcement Learning in Robotics,1702
10463,topic,Pulsars and Gravitational Waves Research,3103
10464,topic,Crystal structures of chemical compounds,1604
10465,topic,Neurobiology of Language and Bilingualism,2805
10466,topic,Meteorological Phenomena and Simulations,1902
10467,topic,Psychometric Methodologies and Testing,1803
10468,topic,Photovoltaic System Optimization Techniques,2105
10469,topic,Psoriasis: Treatment and Pathogenesis,2403
10470,topic,Usability and User Interface Design,1709
10471,topic,Climate Change Policy and Economics,2002
10472,topic,Semiconductor materials and devices,2208
10473,topic,Postharvest Quality and Shelf Life Management,1110
10474,topic,Material Dynamics and Properties,2505
10475,topic,Psychological Well-being and Life Satisfaction,3207
10476,topic,Algal biology and biofuel production,2105
10477,topic,Astrophysics and Star Formation Studies,3103
10478,topic,Diamond and Carbon-based Materials Research,2505
10479,topic,Structural Behavior of Reinforced Concrete,2215
10480,topic,Ionic liquids properties and applications,1503
10481,topic,Computer Graphics and Visualization Techniques,1704
10482,topic,Mathematical and Theoretical Epidemiology and Ecology Models,2739
10483,topic,Nerve injury and regeneration,2804
10484,topic,Wood Treatment and Properties,2215
10485,topic,"Bullying, Victimization, and Aggression",3207
10486,topic,Salmonella and Campylobacter epidemiology,1106
10487,topic,Plant and animal studies,1105
10488,topic,Nanocomposite Films for Food Packaging,2502
10489,topic,Regulation of Appetite and Obesity,2807
10490,topic,Orbital Angular Momentum in Optics,3107
10491,topic,Enhanced Oil Recovery Techniques,2212
10492,topic,Microtubule and mitosis dynamics,1307
10493,topic,Ion channel regulation and function,1312
10494,topic,Plant Virus Research Studies,1110
10495,topic,Catalysts for Methane Reforming,1503
10496,topic,Pharmaceutical Practices and Patient Outcomes,2717
10497,topic,Fungal and yeast genetics research,1312
10498,topic,Migraine and Headache Studies,2738
10499,topic,Folate and B Vitamins Research,2745
10500,topic,Sparse and Compressive Sensing Techniques,2206
10501,topic,Polymer Nanocomposites and Properties,2507
10502,topic,Advanced Memory and Neural Computing,2208
10503,topic,Global Financial Crisis and Policies,2003
10504,topic,Sensorless Control of Electric Motors,2208
10505,topic,Pluripotent Stem Cells Research,1312
10506,topic,Aquaculture disease management and microbiota,2403
10507,topic,Biodiesel Production and Applications,2204
10508,topic,Patient Safety and Medication Errors,3604
10509,topic,"Religion, Spirituality, and Psychology",3306
10510,topic,Stroke Rehabilitation and Recovery,2742
10511,topic,High voltage insulation and dielectric phenomena,2505
10512,topic,Orthopaedic implants and arthroplasty,2746
10513,topic,Natural Fiber Reinforced Composites,2507
10514,topic,Numerical methods in engineering,2211
10515,topic,Cancer-related molecular mechanisms research,1306
10516,topic,Parathyroid Disorders and Treatments,2727
10517,topic,"Financial Literacy, Pension, Retirement Analysis",1402
10518,topic,Gallbladder and Bile Duct Disorders,2740
10519,topic,Advanced Proteomics Techniques and Applications,1607
10520,topic,Mycotoxins in Agriculture and Food,1110
10521,topic,RNA and protein synthesis mechanisms,1312
10522,topic,Medical Imaging Techniques and Applications,2741
10523,topic,Atomic and Molecular Physics,3107
10524,topic,Traffic control and management,2207
10525,topic,Human-Automation Interaction and Safety,3207
10526,topic,HIV/AIDS drug development and treatment,2725
10527,topic,High-Energy Particle Collisions Research,3106
10528,topic,"Adipokines, Inflammation, and Metabolic Diseases",2713
10529,topic,Stress Responses and Cortisol,2802
10530,topic,Magnesium Alloys: Properties and Applications,2502
10531,topic,Advanced Vision and Imaging,1707
10532,topic,Molecular Sensors and Ion Detection,1607
10533,topic,Teaching and Learning Programming,1706
10534,topic,Structural Health Monitoring Techniques,2205
10535,topic,Landslides and related hazards,2308
10536,topic,Endodontics and Root Canal Treatments,3504
10537,topic,Attention Deficit Hyperactivity Disorder,2738
10538,topic,Data Mining Algorithms and Applications,1710
10539,topic,Sustainable Supply Chain Management,1408
10540,topic,Advanced Fluorescence Microscopy Techniques,1304
10541,topic,Nonlinear Differential Equations Analysis,2604
10542,topic,Vestibular and auditory disorders,2808
10543,topic,Prostate Cancer Treatment and Research,2740
10544,topic,Glass properties and applications,2503
10545,topic,Optimization and Variational Analysis,1703
10546,topic,Higher Education Governance and Development,3320
10547,topic,"Education, Achievement, and Giftedness",3205
10548,topic,Catalytic Cross-Coupling Reactions,1605
10549,topic,Neonatal Respiratory Health Research,2740
10550,topic,Ovarian cancer diagnosis and treatment,2743
10551,topic,Scheduling and Optimization Algorithms,2209
10552,topic,Colorectal Cancer Screening and Detection,2730
10553,topic,Combustion and flame dynamics,2206
10554,topic,Hemoglobinopathies and Related Disorders,2716
10555,topic,Fire effects on ecosystems,2306
10556,topic,Global Cancer Incidence and Screening,2730
10557,topic,Social Media and Politics,3315
10558,topic,Advancements in Semiconductor Devices and Circuit Design,2208
10559,topic,Particle Accelerators and Free-Electron Lasers,2208
10560,topic,Diabetes Management and Research,2712
10561,topic,Educational Research and Methods,3304
10562,topic,Total Knee Arthroplasty Outcomes,2746
10563,topic,Corneal surgery and disorders,2741
10564,topic,Wastewater Treatment and Nitrogen Removal,2310
10565,topic,"Psychopathy, Forensic Psychiatry, Sexual Offending",3203
10566,topic,Laser-Matter Interactions and Applications,3107
10567,topic,Vehicle Routing Optimization Methods,2209
10568,topic,Thermodynamic and Exergetic Analyses of Power and Cooling Systems,2210
10569,topic,Bariatric Surgery and Outcomes,2746
10570,topic,Drug Transport and Resistance Mechanisms,2730
10571,topic,Robotic Mechanisms and Dynamics,2207
10572,topic,Geophysical and Geoelectrical Methods,1908
10573,topic,Power Quality and Harmonics,2208
10574,topic,Crime Patterns and Interventions,3312
10575,topic,Wireless Communication Networks Research,1705
10576,topic,Opioid Use Disorder Treatment,2739
10577,topic,Hydrology and Sediment Transport Processes,2303
10578,topic,Supramolecular Chemistry and Complexes,1605
10579,topic,Cognitive Radio Networks and Spectrum Sensing,1705
10580,topic,Immunotherapy and Immune Responses,2403
10581,topic,Neural dynamics and brain function,2805
10582,topic,Ethics in Clinical Research,2739
10583,topic,Cancer-related Molecular Pathways,2730
10584,topic,Reproductive Physiology in Livestock,1102
10585,topic,Family Dynamics and Relationships,3317
10586,topic,Robotic Path Planning Algorithms,1707
10587,topic,Autophagy in Disease and Therapy,2713
10588,topic,Mathematical Dynamics and Fractals,2610
10589,topic,Early Childhood Education and Development,3304
10590,topic,Chalcogenide Semiconductor Thin Films,2208
10591,topic,Theoretical and Computational Physics,3104
10592,topic,Fusion materials and technologies,2505
10593,topic,Bacterial biofilms and quorum sensing,1312
10594,topic,Genetic and phenotypic traits in livestock,1311
10595,topic,Medieval Literature and History,1205
10596,topic,Child Nutrition and Water Access,2916
10597,topic,Nuclear reactor physics and engineering,2202
10598,topic,Cardiac pacing and defibrillation studies,2705
10599,topic,Reconstructive Surgery and Microvascular Techniques,2746
10600,topic,Reproductive Health and Contraception,2739
10601,topic,Handwritten Text Recognition Techniques,1707
10602,topic,Glycosylation and Glycoproteins Research,1312
10603,topic,Smart Grid Energy Management,2208
10604,topic,RNA Research and Splicing,1312
10605,topic,Historical Economic and Social Studies,2002
10606,topic,Kidney Stones and Urolithiasis Treatments,2740
10607,topic,Magnetic and transport properties of perovskites and related materials,2504
10608,topic,Neurogenesis and neuroplasticity mechanisms,2806
10609,topic,Digital Marketing and Social Media,3312
10610,topic,Advanced Cellulose Research Studies,2502
10611,topic,Organic Light-Emitting Diodes Research,2208
10612,topic,Magnetism in coordination complexes,2504
10613,topic,Virus-based gene therapy research,1311
10614,topic,Transcranial Magnetic Stimulation Studies,2808
10615,topic,Granular flow and fluidized beds,2206
10616,topic,Smart Agriculture and AI,1110
10617,topic,Cellular transport and secretion,1307
10618,topic,Aortic Disease and Treatment Approaches,2740
10619,topic,Esophageal Cancer Research and Treatment,2746
10620,topic,Protease and Inhibitor Mechanisms,1306
10621,topic,Gene Regulatory Network Analysis,1312
10622,topic,Quantum Mechanics and Applications,3107
10623,topic,Thin-Film Transistor Technologies,2208
10624,topic,Silicon and Solar Cell Technologies,2208
10625,topic,Herpesvirus Infections and Treatments,2713
10626,topic,High-Temperature Coating Behaviors,2202
10627,topic,Advanced Image and Video Retrieval Techniques,1707
10628,topic,China's Socioeconomic Reforms and Governance,3320
10629,topic,Health Policy Implementation Science,3600
10630,topic,Orthopedic Surgery and Rehabilitation,2746
10631,topic,"Cancer, Hypoxia, and Metabolism",1306
10632,topic,Housing Market and Economics,2002
10633,topic,Metallic Glasses and Amorphous Alloys,2210
10634,topic,Food Allergy and Anaphylaxis Research,2723
10635,topic,Hydraulic Fracturing and Reservoir Analysis,2210
10636,topic,Innovative Teaching and Learning Methods,3204
10637,topic,Advanced Clustering Algorithms Research,1702
10638,topic,Optical measurement and interference techniques,1707
10639,topic,Advanced Software Engineering Methodologies,1702
10640,topic,Spectroscopy and Chemometric Analyses,1602
10641,topic,Central Venous Catheters and Hemodialysis,3604
10642,topic,Plasma Applications and Diagnostics,2741
10643,topic,Marine and coastal plant biology,1910
10644,topic,Cryospheric studies and observations,1902
10645,topic,Cardiac Arrest and Resuscitation,2711
10646,topic,Experimental Behavioral Economics Studies,3311
10647,topic,Coastal and Marine Dynamics,1904
10648,topic,Virtual Reality Applications and Impacts,1709
10649,topic,Multiple Myeloma Research and Treatments,2720
10650,topic,Food Drying and Modeling,1106
10651,topic,"IPv6, Mobility, Handover, Networks, Security",2208
10652,topic,Racial and Ethnic Identity Research,3312
10653,topic,Robot Manipulation and Learning,2207
10654,topic,Pneumonia and Respiratory Infections,2713
10655,topic,GNSS positioning and interference,2202
10656,topic,Child and Animal Learning Development,3204
10657,topic,Topological Materials and Phenomena,3107
10658,topic,Bone fractures and treatments,2713
10659,topic,Marine animal studies overview,2303
10660,topic,Conducting polymers and applications,2507
10661,topic,biodegradable polymer synthesis and properties,2502
10662,topic,Ultrasonics and Acoustic Wave Propagation,2211
10663,topic,Advanced Battery Technologies Research,2203
10664,topic,Sentiment Analysis and Opinion Mining,1702
10665,topic,Cystic Fibrosis Research Advances,2740
10666,topic,Photonic Crystals and Applications,3107
10667,topic,Emotion and Mood Recognition,3205
10668,topic,Endometrial and Cervical Cancer Treatments,2729
10669,topic,Freshwater macroinvertebrate diversity and ecology,2303
10670,topic,Aluminum Alloy Microstructure Properties,2202
10671,topic,Gastroesophageal reflux and treatments,2715
10672,topic,Design Education and Practice,2210
10673,topic,Gestational Diabetes Research and Management,2729
10674,topic,School Choice and Performance,3304
10675,topic,Mechanical Circulatory Support Devices,2204
10676,topic,"Genetics, Aging, and Longevity in Model Organisms",1302
10677,topic,Attachment and Relationship Dynamics,3207
10678,topic,Inflammatory mediators and NSAID effects,2736
10679,topic,Service-Oriented Architecture and Web Services,1710
10680,topic,Wind Energy Research and Development,2202
10681,topic,Rare-earth and actinide compounds,3104
10682,topic,Quantum Computing Algorithms and Architecture,1702
10683,topic,Mass Spectrometry Techniques and Applications,1607
10684,topic,Acute Kidney Injury Research,2727
10685,topic,Viral-associated cancers and disorders,2730
10686,topic,Effects and risks of endocrine disrupting chemicals,2307
10687,topic,Innovative concrete reinforcement materials,2205
10688,topic,Image and Signal Denoising Methods,1707
10689,topic,Remote-Sensing Image Classification,2214
10690,topic,Vibration Control and Rheological Fluids,2205
10691,topic,Retinal Development and Disorders,1312
10692,topic,Urban Green Space and Health,2307
10693,topic,Blood transfusion and management,2704
10694,topic,Menopause: Health Impacts and Treatments,2712
10695,topic,Parasites and Host Interactions,2405
10696,topic,Gastric Cancer Management and Outcomes,2740
10697,topic,Vasculitis and related conditions,2740
10698,topic,Transportation Planning and Optimization,3313
10699,topic,Primate Behavior and Ecology,3207
10700,topic,Metal Forming Simulation Techniques,2210
10701,topic,Radical Photochemical Reactions,1605
10702,topic,Insect and Arachnid Ecology and Behavior,1311
10703,topic,Business Process Modeling and Analysis,1404
10704,topic,Advancements in Transdermal Drug Delivery,3003
10705,topic,Additive Manufacturing Materials and Processes,2210
10706,topic,Traumatic Brain Injury and Neurovascular Disturbances,2728
10707,topic,Cellular and Composite Structures,2210
10708,topic,Mindfulness and Compassion Interventions,3203
10709,topic,Social Robot Interaction and HRI,3207
10710,topic,Arsenic contamination and mitigation,2304
10711,topic,Target Tracking and Data Fusion in Sensor Networks,1702
10712,topic,Library Science and Information Literacy,3309
10713,topic,Structural Load-Bearing Analysis,2205
10714,topic,Software-Defined Networks and 5G,1705
10715,topic,Distributed and Parallel Computing Systems,1705
10716,topic,Soil and Unsaturated Flow,2205
10717,topic,Aluminum Alloys Composites Properties,2210
10718,topic,Political Philosophy and Ethics,3320
10719,topic,3D Shape Modeling and Analysis,2206
10720,topic,Complexity and Algorithms in Graphs,1703
10721,topic,Surfactants and Colloidal Systems,1605
10722,topic,Work-Family Balance Challenges,3312
10723,topic,Advanced Welding Techniques Analysis,2210
10724,topic,Ion Transport and Channel Regulation,1312
10725,topic,RNA Interference and Gene Delivery,1312
10726,topic,Career Development and Diversity,3311
10727,topic,Ultrasound Imaging and Elastography,2741
10728,topic,Pulmonary Hypertension Research and Treatments,2740
10729,topic,Electrospun Nanofibers in Biomedical Applications,2502
10730,topic,Language Development and Disorders,3204
10731,topic,Educational Games and Gamification,3204
10732,topic,Laser Material Processing Techniques,2206
10733,topic,Wheat and Barley Genetics and Pathology,1110
10734,topic,Information and Cyber Security,1710
10735,topic,Mesoporous Materials and Catalysis,2505
10736,topic,Hydrogen embrittlement and corrosion behaviors in metals,2506
10737,topic,Health Literacy and Information Accessibility,3600
10738,topic,Posthumanist Ethics and Activism,3316
10739,topic,Electromagnetic Scattering and Analysis,3107
10740,topic,Wind Turbine Control Systems,2208
10741,topic,Video Coding and Compression Technologies,1711
10742,topic,Peer-to-Peer Network Technologies,1705
10743,topic,Software Testing and Debugging Techniques,1712
10744,topic,Astrophysical Phenomena and Observations,3103
10745,topic,Heart Rate Variability and Autonomic Control,2705
10746,topic,Platelet Disorders and Treatments,2720
10747,topic,Disaster Management and Resilience,3312
10748,topic,Growth Hormone and Insulin-like Growth Factors,2712
10749,topic,International Law and Human Rights,3320
10750,topic,Fermentation and Sensory Analysis,1106
10751,topic,Forensic and Genetic Research,1311
10752,topic,Terahertz technology and applications,2208
10753,topic,Microplastics and Plastic Pollution,2310
10754,topic,Neuroendocrine Tumor Research Advances,2713
10755,topic,HER2/EGFR in Cancer Research,2730
10756,topic,Estrogen and related hormone effects,1311
10757,topic,Geographic Information Systems Studies,3305
10758,topic,Cinema and Media Studies,2002
10759,topic,Translation Studies and Practices,1203
10760,topic,Pancreatitis Pathology and Treatment,2746
10761,topic,Vehicular Ad Hoc Networks (VANETs),2208
10762,topic,"Migration, Health and Trauma",3203
10763,topic,Digital Transformation in Industry,2209
10764,topic,Privacy-Preserving Technologies in Data,1702
10765,topic,Marine Biology and Ecology Research,1910
10766,topic,Urban Heat Island Mitigation,2305
10767,topic,Advanced Photonic Communication Systems,2208
10768,topic,Electric Vehicles and Infrastructure,2208
10769,topic,BRCA gene mutations in cancer,1311
10770,topic,Soil Geostatistics and Mapping,2305
10771,topic,Wound Healing and Treatments,2742
10772,topic,Distributed systems and fault tolerance,1705
10773,topic,Extracellular vesicles in disease,1312
10774,topic,Weed Control and Herbicide Applications,1110
10775,topic,Generative Adversarial Networks and Image Synthesis,1707
10776,topic,Spinal Fractures and Fixation Techniques,2746
10777,topic,Politics and Society in Latin America,3320
10778,topic,Philosophy and History of Science,1207
10779,topic,Coastal wetland ecosystem dynamics,2303
10780,topic,Reliability and Maintenance Optimization,2213
10781,topic,Plasma Diagnostics and Applications,2208
10782,topic,Nanoplatforms for cancer theranostics,2204
10783,topic,Additive Manufacturing and 3D Printing Technologies,2203
10784,topic,Muscle activation and electromyography studies,2204
10785,topic,Economic Theory and Institutions,2002
10786,topic,Maternal Mental Health During Pregnancy and Postpartum,2739
10787,topic,Lightning and Electromagnetic Phenomena,3103
10788,topic,Neuroscience and Music Perception,2805
10789,topic,Interactive and Immersive Displays,1709
10790,topic,Heavy Metal Exposure and Toxicity,2307
10791,topic,Advanced Control Systems Optimization,2207
10792,topic,Matrix Theory and Algorithms,1703
10793,topic,Diabetes Management and Education,2712
10794,topic,Islamic Studies and History,3320
10795,topic,Healthcare professionals’ stress and burnout,3600
10796,topic,Cooperative Communication and Network Coding,1705
10797,topic,Accounting and Organizational Management,1404
10798,topic,Crystallography and molecular interactions,1606
10799,topic,Data Visualization and Analytics,1707
10800,topic,Forensic Toxicology and Drug Analysis,3005
10801,topic,Synthetic Aperture Radar (SAR) Applications and Techniques,2202
10802,topic,Judicial and Constitutional Studies,3308
10803,topic,Innovative Human-Technology Interaction,1709
10804,topic,"Health Systems, Economic Evaluations, Quality of Life",2002
10805,topic,Vehicle Dynamics and Control Systems,2203
10806,topic,Energetic Materials and Combustion,2211
10807,topic,Synthesis and characterization of novel inorganic/organometallic compounds,1604
10808,topic,Electric and Hybrid Vehicle Technologies,2203
10809,topic,Occupational Health and Safety Research,3614
10810,topic,Polymer composites and self-healing,2507
10811,topic,Hydrogen Storage and Materials,2505
10812,topic,Human Pose and Action Recognition,1707
10813,topic,Sport Psychology and Performance,3204
10814,topic,Neuropeptides and Animal Physiology,2804
10815,topic,Parasite Biology and Host Interactions,2303
10816,topic,Cerebrovascular and Carotid Artery Diseases,2740
10817,topic,Multicomponent Synthesis of Heterocycles,1605
10818,topic,Astrophysics and Cosmic Phenomena,3106
10819,topic,Mercury impact and mitigation studies,2307
10820,topic,Fuzzy Logic and Control Systems,1702
10821,topic,Cardiovascular Function and Risk Factors,2705
10822,topic,Acoustic Wave Phenomena Research,2204
10823,topic,Research on Leishmaniasis Studies,2739
10824,topic,Image Retrieval and Classification Techniques,1707
10825,topic,Plant Pathogens and Fungal Diseases,1307
10826,topic,Behavioral and Psychological Studies,3204
10827,topic,Patient-Provider Communication in Healthcare,3600
10828,topic,Biometric Identification and Security,1711
10829,topic,Interconnection Networks and Systems,1705
10830,topic,Airway Management and Intubation Techniques,2703
10831,topic,Cell Adhesion Molecules Research,2723
10832,topic,Pituitary Gland Disorders and Treatments,2712
10833,topic,Vaccine Coverage and Hesitancy,3306
10834,topic,Welding Techniques and Residual Stresses,2210
10835,topic,Carbohydrate Chemistry and Synthesis,1605
10836,topic,Metabolomics and Mass Spectrometry Studies,1312
10837,topic,Dermatology and Skin Diseases,2708
10838,topic,Animal Behavior and Welfare Studies,3404
10839,topic,Pancreatic function and diabetes,2746
10840,topic,High Temperature Alloys and Creep,2210
10841,topic,Economic and Environmental Valuation,2002
10842,topic,Railway Engineering and Dynamics,2210
10843,topic,Diversity and Career in Medicine,3318
10844,topic,Radiation Dose and Imaging,2741
10845,topic,Advanced Causal Inference Techniques,2613
10846,topic,Photonic Crystal and Fiber Optics,2208
10847,topic,Advanced Optical Network Technologies,2208
10848,topic,Advanced Multi-Objective Optimization Algorithms,1703
10849,topic,Finite Group Theory Research,2607
10850,topic,Heat Transfer and Boiling Studies,2210
10851,topic,Optical Wireless Communication Technologies,2208
10852,topic,Temporomandibular Joint Disorders,3603
10853,topic,"Anxiety, Depression, Psychometrics, Treatment, Cognitive Processes",3205
10854,topic,Bipolar Disorder and Treatment,2738
10855,topic,Amyotrophic Lateral Sclerosis Research,2728
10856,topic,Intellectual Property and Patents,1405
10857,topic,Advanced Electron Microscopy Techniques and Applications,1315
10858,topic,Clinical Nutrition and Gastroenterology,2916
10859,topic,Polymer Surface Interaction Studies,2508
10860,topic,Speech and Audio Processing,1711
10861,topic,Ear Surgery and Otitis Media,2733
10862,topic,AI in cancer detection,1702
10863,topic,Voice and Speech Disorders,2737
10864,topic,Fluid Dynamics and Mixing,2204
10865,topic,Shape Memory Alloy Transformations,2505
10866,topic,Nutritional Studies and Diet,2739
10867,topic,Intensive Care Unit Cognitive Disorders,2706
10868,topic,Soft Robotics and Applications,2204
10869,topic,Polysaccharides and Plant Cell Walls,1110
10870,topic,Interstitial Lung Diseases and Idiopathic Pulmonary Fibrosis,2740
10871,topic,Catalytic Alkyne Reactions,1605
10872,topic,Veterinary Equine Medical Research,3402
10873,topic,Bacterial Infections and Vaccines,2404
10874,topic,Electromagnetic Fields and Biological Effects,1304
10875,topic,Pesticide Exposure and Toxicity,1110
10876,topic,Fault Detection and Control Systems,2207
10877,topic,Allergic Rhinitis and Sensitization,2723
10878,topic,CRISPR and Genetic Engineering,1312
10879,topic,Robotic Locomotion and Control,2204
10880,topic,Environmental Sustainability in Business,1406
10881,topic,Blood Coagulation and Thrombosis Mechanisms,2720
10882,topic,Cardiomyopathy and Myosin Studies,2705
10883,topic,Ethics and Social Impacts of AI,3311
10884,topic,Holomorphic and Operator Theory,2604
10885,topic,Gene expression and cancer classification,1312
10886,topic,Multiferroics and related materials,2504
10887,topic,Bioinformatics and Genomic Networks,1312
10888,topic,Augmented Reality Applications,1707
10889,topic,Soil erosion and sediment transport,1111
10890,topic,Trypanosoma species research and implications,2713
10891,topic,Radar Systems and Signal Processing,2202
10892,topic,Drilling and Well Engineering,2212
10893,topic,Chinese history and philosophy,3312
10894,topic,Groundwater flow and contamination studies,2305
10895,topic,Species Distribution and Climate Change,2302
10896,topic,Homotopy and Cohomology in Algebraic Topology,2610
10897,topic,Antibiotic Use and Resistance,2402
10898,topic,Environmental Education and Sustainability,2308
10899,topic,Advanced Operator Algebra Research,2610
10900,topic,Listeria monocytogenes in Food Safety,1305
10901,topic,Advanced Data Compression Techniques,1707
10902,topic,Complementary and Alternative Medicine Studies,2707
10903,topic,Porphyrin and Phthalocyanine Chemistry,2505
10904,topic,Embedded Systems Design Techniques,1708
10905,topic,Solar Thermal and Photovoltaic Systems,2105
10906,topic,AI-based Problem Solving and Planning,1702
10907,topic,International Student and Expatriate Challenges,3315
10908,topic,Analytical Chemistry and Chromatography,1607
10909,topic,Edible Oils Quality and Analysis,1605
10910,topic,Corporate Governance and Management,1408
10911,topic,Chemical Synthesis and Analysis,1312
10912,topic,Telemedicine and Telehealth Implementation,2739
10913,topic,Molecular Junctions and Nanostructures,2208
10914,topic,Tactile and Sensory Interactions,2805
10915,topic,Trace Elements in Health,2916
10916,topic,Surgical Simulation and Training,2746
10917,topic,Smart Grid Security and Resilience,2207
10918,topic,Memory Processes and Influences,2805
10919,topic,Neurological disorders and treatments,2728
10920,topic,Advanced Drug Delivery Systems,3003
10921,topic,Neutrino Physics Research,3106
10922,topic,Magnetic Properties and Synthesis of Ferrites,2505
10923,topic,Force Microscopy Techniques and Applications,3107
10924,topic,Cardiovascular Health and Disease Prevention,2705
10925,topic,Spinal Cord Injury Research,2734
10926,topic,Peripheral Artery Disease Management,2746
10927,topic,Access Control and Trust,3312
10928,topic,Probabilistic and Robust Engineering Design,1804
10929,topic,Wnt/β-catenin signaling in development and cancer,1312
10930,topic,Flood Risk Assessment and Management,2306
10931,topic,Direction-of-Arrival Estimation Techniques,1711
10932,topic,Microbial Metabolic Engineering and Bioproduction,1312
10933,topic,Real-Time Systems Scheduling,1708
10934,topic,Heat shock proteins research,1312
10935,topic,Endometriosis Research and Treatment,2743
10936,topic,Millimeter-Wave Propagation and Modeling,2208
10937,topic,"Telomeres, Telomerase, and Senescence",2737
10938,topic,Phase Change Materials Research,2210
10939,topic,Crystal Structures and Properties,2504
10940,topic,Navier-Stokes equation solutions,2604
10941,topic,Musicology and Musical Analysis,1210
10942,topic,"Sports, Gender, and Society",3318
10943,topic,Escherichia coli research studies,1310
10944,topic,Turbomachinery Performance and Optimization,2202
10945,topic,Lysosomal Storage Disorders Research,2737
10946,topic,Radioactivity and Radon Measurements,3614
10947,topic,Fluorine in Organic Chemistry,3003
10948,topic,Advanced Combinatorial Mathematics,2607
10949,topic,Genetic Neurodegenerative Diseases,2804
10950,topic,Acute Lymphoblastic Leukemia research,2739
10951,topic,Cryptographic Implementations and Security,1702
10952,topic,PI3K/AKT/mTOR signaling in cancer,1312
10953,topic,E-Government and Public Services,3320
10954,topic,Peripheral Nerve Disorders,2741
10955,topic,Paleontology and Evolutionary Biology,1911
10956,topic,Fullerene Chemistry and Applications,1605
10957,topic,Photodynamic Therapy Research Studies,2740
10958,topic,Ultrasound and Hyperthermia Applications,2204
10959,topic,Student Assessment and Feedback,3304
10960,topic,Hypothalamic control of reproductive hormones,2743
10961,topic,Hernia repair and management,2746
10962,topic,Thermodynamic properties of mixtures,1507
10963,topic,Advanced Optimization Algorithms Research,2612
10964,topic,Wireless Communication Security Techniques,2208
10965,topic,Geological formations and processes,1904
10966,topic,Liver physiology and pathology,2721
10967,topic,Carbon Dioxide Capture Technologies,2210
10968,topic,Statistical Distribution Estimation and Applications,2613
10969,topic,Water resources management and optimization,2212
10970,topic,Team Dynamics and Performance,3207
10971,topic,Olfactory and Sensory Function Studies,2809
10972,topic,Power Systems Fault Detection,2207
10973,topic,Radioactive element chemistry and processing,1604
10974,topic,Advanced Queuing Theory Analysis,1404
10975,topic,Bone Tumor Diagnosis and Treatments,2745
10976,topic,Viral gastroenteritis research and epidemiology,2725
10977,topic,Optical Imaging and Spectroscopy Techniques,2741
10978,topic,Prenatal Screening and Diagnostics,2735
10979,topic,Breastfeeding Practices and Influences,2713
10980,topic,Vascular Malformations and Hemangiomas,2746
10981,topic,Cytomegalovirus and herpesvirus research,2713
10982,topic,Motor Control and Adaptation,2805
10983,topic,Aortic aneurysm repair treatments,2740
10984,topic,Sinusitis and nasal conditions,2733
10985,topic,Sleep and Wakefulness Research,2805
10986,topic,RFID technology advancements,2214
10987,topic,Microfinance and Financial Inclusion,2002
10988,topic,Advanced Fiber Laser Technologies,3107
10989,topic,Uterine Myomas and Treatments,2729
10990,topic,Infection Control and Ventilation,2740
10991,topic,Game Theory and Voting Systems,2002
10992,topic,Forensic Anthropology and Bioarchaeology Studies,1204
10993,topic,Complement system in diseases,2403
10994,topic,"Terrorism, Counterterrorism, and Political Violence",3312
10995,topic,Methane Hydrates and Related Phenomena,2304
10996,topic,Computational Geometry and Mesh Generation,1704
10997,topic,Ocular Surface and Contact Lens,2739
10998,topic,Heat Transfer and Optimization,2210
10999,topic,Organ Transplantation Techniques and Outcomes,2746
11000,topic,Infection Control in Healthcare,2725
11001,topic,Renin-Angiotensin System Studies,2705
11002,topic,Indoor Air Quality and Microbial Exposure,2307
11003,topic,Disability Rights and Representation,3311
11004,topic,Crustacean biology and ecology,2303
11005,topic,Radiation Effects in Electronics,2208
11006,topic,BIM and Construction Integration,2215
11007,topic,Hybrid Renewable Energy Systems,2102
11008,topic,Aerodynamics and Acoustics in Jet Flows,2202
11009,topic,Catalysis for Biomass Conversion,2204
11010,topic,"Logic, Reasoning, and Knowledge",1702
11011,topic,Frailty in Older Adults,2717
11012,topic,Gas Dynamics and Kinetic Theory,2604
11013,topic,Skin Protection and Aging,2708
11014,topic,Regional Economics and Spatial Analysis,2002
11015,topic,Down syndrome and intellectual disability research,2739
11016,topic,Monoclonal and Polyclonal Antibodies Research,2741
11017,topic,Chaos-based Image/Signal Encryption,1707
11018,topic,Lower Extremity Biomechanics and Pathologies,2204
11019,topic,Image Enhancement Techniques,1707
11020,topic,Immune Cell Function and Interaction,2403
11021,topic,ECG Monitoring and Analysis,2705
11022,topic,Spectral Theory in Mathematical Physics,2610
11023,topic,Prosthetics and Rehabilitation Robotics,2204
11024,topic,Information Systems Theories and Implementation,3312
11025,topic,Nonlinear Optical Materials Research,2504
11026,topic,Occupational and environmental lung diseases,2740
11027,topic,Metabolism and Genetic Disorders,1308
11028,topic,Social Work Education and Practice,3321
11029,topic,Renal Diseases and Glomerulopathies,2727
11030,topic,Scoliosis diagnosis and treatment,2746
11031,topic,Game Theory and Applications,1803
11032,topic,VLSI and Analog Circuit Testing,1708
11033,topic,Contact Dermatitis and Allergies,2708
11034,topic,Digital Filter Design and Implementation,1711
11035,topic,Salivary Gland Tumors Diagnosis and Treatment,2746
11036,topic,Antibiotics Pharmacokinetics and Efficacy,2736
11037,topic,Fungal Infections and Studies,2713
11038,topic,Advanced SAR Imaging Techniques,2202
11039,topic,Evaluation of Teaching Practices,3304
11040,topic,Personality Traits and Psychology,3203
11041,topic,Ubiquitin and proteasome pathways,1312
11042,topic,Corruption and Economic Development,3312
11043,topic,Merger and Competition Analysis,2002
11044,topic,Particle Detector Development and Performance,3106
11045,topic,"Privacy, Security, and Data Protection",3312
11046,topic,Geotechnical Engineering and Analysis,2213
11047,topic,Gender Diversity and Inequality,3318
11048,topic,Bacteriophages and microbial interactions,2303
11049,topic,Advanced Harmonic Analysis Research,2604
11050,topic,Photorefractive and Nonlinear Optics,3107
11051,topic,Sirtuins and Resveratrol in Medicine,2717
11052,topic,Energy Load and Power Forecasting,2208
11053,topic,Process Optimization and Integration,2207
11054,topic,Adrenal and Paraganglionic Tumors,2746
11055,topic,Cardiac and Coronary Surgery Techniques,2746
11056,topic,Physiological and biochemical adaptations,2303
11057,topic,Cardiac Ischemia and Reperfusion,2734
11058,topic,Ethics in Business and Education,1802
11059,topic,Market Dynamics and Volatility,2002
11060,topic,Infant Development and Preterm Care,2735
11061,topic,Ocean Waves and Remote Sensing,1910
11062,topic,Gear and Bearing Dynamics Analysis,2210
11063,topic,Rough Sets and Fuzzy Logic,1703
11064,topic,Antiplatelet Therapy and Cardiovascular Diseases,2705
11065,topic,Insect Pest Control Strategies,1110
11066,topic,Organic Food and Agriculture,1110
11067,topic,Colorectal Cancer Treatments and Studies,2730
11068,topic,Tendon Structure and Treatment,2732
11069,topic,Testicular diseases and treatments,2746
11070,topic,Soviet and Russian History,3320
11071,topic,Treatment of Major Depression,2736
11072,topic,Peroxisome Proliferator-Activated Receptors,1312
11073,topic,Metal Extraction and Bioleaching,2204
11074,topic,Helminth infection and control,3404
11075,topic,Insect Resistance and Genetics,1312
11076,topic,Policing Practices and Perceptions,3320
11077,topic,Genetic and Clinical Aspects of Sex Determination and Chromosomal Abnormalities,1311
11078,topic,Inflammasome and immune disorders,1312
11079,topic,Creativity in Education and Neuroscience,3205
11080,topic,Surgical site infection prevention,2746
11081,topic,Advanced Control Systems Design,2207
11082,topic,Spacecraft Dynamics and Control,2202
11083,topic,Cardiac Health and Mental Health,2705
11084,topic,Workplace Health and Well-being,3600
11085,topic,Fungal Biology and Applications,2736
11086,topic,Parasitic Infections and Diagnostics,2405
11087,topic,Solidification and crystal growth phenomena,2505
11088,topic,Marine Bivalve and Aquaculture Studies,2306
11089,topic,Radioactive contamination and transfer,2306
11090,topic,Dark Matter and Cosmic Phenomena,3106
11091,topic,Extraction and Separation Processes,2210
11092,topic,Spondyloarthritis Studies and Treatments,2745
11093,topic,Personality Disorders and Psychopathology,3203
11094,topic,Face Recognition and Perception,2805
11095,topic,Emergency and Acute Care Studies,2711
11096,topic,Aeroelasticity and Vibration Control,2202
11097,topic,Cerebral Palsy and Movement Disorders,2738
11098,topic,Seed Germination and Physiology,1110
11099,topic,Autonomous Vehicle Technology and Safety,2203
11100,topic,Intermetallics and Advanced Alloy Properties,2210
11101,topic,Online Learning Methods and Innovations,3304
11102,topic,HVDC Systems and Fault Protection,2208
11103,topic,Antimicrobial Peptides and Activities,2404
11104,topic,"Memory, Trauma, and Commemoration",3207
11105,topic,Advanced Image Processing Techniques,1707
11106,topic,Data Management and Algorithms,1711
11107,topic,Selenium in Biological Systems,2916
11108,topic,Municipal Solid Waste Management,2311
11109,topic,Thermoregulation and physiological responses,2737
11110,topic,Stability and Controllability of Differential Equations,2207
11111,topic,Spectroscopy and Laser Applications,1607
11112,topic,Viral Infections and Immunology Research,2705
11113,topic,Music History and Culture,1210
11114,topic,Service and Product Innovation,1406
11115,topic,Topology Optimization in Engineering,2205
11116,topic,"Trauma, Hemostasis, Coagulopathy, Resuscitation",2706
11117,topic,Drug-Induced Adverse Reactions,2736
11118,topic,Evolutionary Psychology and Human Behavior,3205
11119,topic,Urban Stormwater Management Solutions,2305
11120,topic,Nonprofit Sector and Volunteering,3312
11121,topic,Public Relations and Crisis Communication,3315
11122,topic,Online Learning and Analytics,1706
11123,topic,Obsessive-Compulsive Spectrum Disorders,3203
11124,topic,Protein purification and stability,1312
11125,topic,Petri Nets in System Modeling,1703
11126,topic,Metallurgical Processes and Thermodynamics,2210
11127,topic,Solid State Laser Technologies,2208
11128,topic,Transition Metal Oxide Nanomaterials,2507
11129,topic,Photochemistry and Electron Transfer Studies,1606
11130,topic,Coding theory and cryptography,1702
11131,topic,Proteoglycans and glycosaminoglycans research,1307
11132,topic,Psychoanalysis and Psychopathology Research,3203
11133,topic,UAV Applications and Optimization,2202
11134,topic,Breast Lesions and Carcinomas,2734
11135,topic,Virology and Viral Diseases,2713
11136,topic,Enzyme-mediated dye degradation,1110
11137,topic,Historical Philosophy and Science,1207
11138,topic,Tribology and Lubrication Engineering,2210
11139,topic,"Gout, Hyperuricemia, Uric Acid",2727
11140,topic,Natural Antidiabetic Agents Studies,2712
11141,topic,Childhood Cancer Survivors' Quality of Life,2735
11142,topic,Advanced Glycation End Products research,1308
11143,topic,High Entropy Alloys Studies,2210
11144,topic,melanin and skin pigmentation,1307
11145,topic,Epoxy Resin Curing Processes,2210
11146,topic,Hormonal and reproductive studies,2712
11147,topic,Misinformation and Its Impacts,3312
11148,topic,"Language, Metaphor, and Cognition",3205
11149,topic,Veterinary Oncology Research,2740
11150,topic,Endoplasmic Reticulum Stress and Disease,1307
11151,topic,Advanced Topology and Set Theory,2608
11152,topic,Stochastic processes and statistical mechanics,2610
11153,topic,Streptococcal Infections and Treatments,2739
11154,topic,Parasitic infections in humans and animals,2734
11155,topic,Toxoplasma gondii Research Studies,2405
11156,topic,Reproductive Health and Technologies,2743
11157,topic,Chronic Lymphocytic Leukemia Research,2716
11158,topic,Wireless Networks and Protocols,1705
11159,topic,Manufacturing Process and Optimization,2209
11160,topic,Acoustic Wave Resonator Technologies,2204
11161,topic,Consumer Market Behavior and Pricing,1406
11162,topic,Enzyme Structure and Function,2505
11163,topic,Organ Donation and Transplantation,2739
11164,topic,Remote Sensing and LiDAR Applications,2305
11165,topic,Image and Video Quality Assessment,1707
11166,topic,Analytic Number Theory Research,2602
11167,topic,Hair Growth and Disorders,2748
11168,topic,International Development and Aid,3303
11169,topic,Silicon Nanostructures and Photoluminescence,2505
11170,topic,Biomimetic flight and propulsion mechanisms,2202
11171,topic,Diabetes and associated disorders,1311
11172,topic,Dermatologic Treatments and Research,2708
11173,topic,Neurofibromatosis and Schwannoma Cases,2728
11174,topic,Pediatric Urology and Nephrology Studies,2735
11175,topic,Gyrotron and Vacuum Electronics Research,3107
11176,topic,Radiation Therapy and Dosimetry,2740
11177,topic,Spectroscopy and Quantum Chemical Studies,3107
11178,topic,Receptor Mechanisms and Signaling,1312
11179,topic,Nematode management and characterization studies,1110
11180,topic,Pesticide and Herbicide Environmental Studies,2310
11181,topic,Advanced Data Storage Technologies,1705
11182,topic,Auction Theory and Applications,1803
11183,topic,Advanced X-ray Imaging Techniques,3108
11184,topic,Neonatal and fetal brain pathology,2735
11185,topic,Integrated Energy Systems Optimization,2208
11186,topic,Hydrology and Drought Analysis,2306
11187,topic,Nonlinear Dynamics and Pattern Formation,1705
11188,topic,Coagulation and Flocculation Studies,2312
11189,topic,Transplantation: Methods and Outcomes,2746
11190,topic,3D Printing in Biomedical Research,2204
11191,topic,Mathematical functions and polynomials,2604
11192,topic,Underwater Vehicles and Communication Systems,2212
11193,topic,Adenosine and Purinergic Signaling,1314
11194,topic,Ocular Diseases and Behçet’s Syndrome,2731
11195,topic,Simulation Techniques and Applications,1803
11196,topic,Non-Invasive Vital Sign Monitoring,2204
11197,topic,Digital Games and Media,3312
11198,topic,Japanese History and Culture,3316
11199,topic,Pain Management and Opioid Use,2703
11200,topic,Electrodeposition and Electroless Coatings,2208
11201,topic,Metallurgy and Material Forming,2211
11202,topic,Cavitation Phenomena in Pumps,2211
11203,topic,Jewish and Middle Eastern Studies,3312
11204,topic,Ion Channels and Receptors,2809
11205,topic,Numerical methods in inverse problems,2610
11206,topic,Model Reduction and Neural Networks,3109
11207,topic,Alcohol Consumption and Health Effects,2734
11208,topic,Lignin and Wood Chemistry,2204
11209,topic,Cardiovascular and exercise physiology,2707
11210,topic,Mathematical Analysis and Transform Methods,2604
11211,topic,3D Surveying and Cultural Heritage,1907
11212,topic,Cultural Heritage Materials Analysis,1204
11213,topic,Genomic variations and chromosomal abnormalities,1311
11214,topic,Human-Animal Interaction Studies,1311
11215,topic,Chronic Myeloid Leukemia Treatments,2720
11216,topic,Radiation Detection and Scintillator Technologies,3108
11217,topic,Cardiac Arrhythmias and Treatments,2705
11218,topic,Hip disorders and treatments,2746
11219,topic,Bone Metabolism and Diseases,1312
11220,topic,Water Systems and Optimization,2205
11221,topic,Bone health and treatments,2730
11222,topic,Magnetic Properties and Applications,2504
11223,topic,Maritime Ports and Logistics,2209
11224,topic,Electromagnetic wave absorption materials,2504
11225,topic,Geothermal Energy Systems and Applications,2105
11226,topic,Milk Quality and Mastitis in Dairy Cows,1102
11227,topic,Diabetic Foot Ulcer Assessment and Management,2712
11228,topic,Bat Biology and Ecology Studies,1105
11229,topic,Genetics and Plant Breeding,1110
11230,topic,Innovative Energy Harvesting Technologies,2210
11231,topic,Microbial Fuel Cells and Bioremediation,2305
11232,topic,Urinary Tract Infections Management,2713
11233,topic,Advanced Adaptive Filtering Techniques,2206
11234,topic,Precipitation Measurement and Analysis,1902
11235,topic,Statistical Methods in Clinical Trials,2613
11236,topic,Control Systems and Identification,2207
11237,topic,Plant Gene Expression Analysis,1312
11238,topic,Simulation-Based Education in Healthcare,2737
11239,topic,Social Capital and Networks,3312
11240,topic,Luminescence and Fluorescent Materials,2505
11241,topic,Advanced Malware Detection Techniques,1711
11242,topic,Nuclear Materials and Properties,2505
11243,topic,Respiratory viral infections research,2713
11244,topic,Climate Change and Health Impacts,2307
11245,topic,Advanced Numerical Analysis Techniques,2206
11246,topic,Sports injuries and prevention,2732
11247,topic,Plant nutrient uptake and metabolism,1110
11248,topic,Advanced Power Amplifier Design,2208
11249,topic,Wireless Power Transfer Systems,2208
11250,topic,Wave and Wind Energy Systems,2212
11251,topic,Meningioma and schwannoma management,2713
11252,topic,Evolutionary Game Theory and Cooperation,3312
11253,topic,Nail Diseases and Treatments,2713
11254,topic,Fluid Dynamics and Vibration Analysis,2206
11255,topic,Microfluidic and Bio-sensing Technologies,2204
11256,topic,Asian Studies and History,3312
11257,topic,Taxation and Compliance Studies,2002
11258,topic,Breast Implant and Reconstruction,2746
11259,topic,Agriculture Sustainability and Environmental Impact,2303
11260,topic,Tracheal and airway disorders,2740
11261,topic,Quantum chaos and dynamical systems,3109
11262,topic,Quantum Mechanics and Non-Hermitian Physics,3107
11263,topic,Electromagnetic Simulation and Numerical Methods,2208
11264,topic,Coffee research and impacts,2736
11265,topic,Aging and Gerontology Research,3206
11266,topic,Neuroinflammation and Neurodegeneration Mechanisms,2808
11267,topic,Abdominal Trauma and Injuries,2746
11268,topic,Light effects on plants,1110
11269,topic,Algorithms and Data Compression,1702
11270,topic,Complex Systems and Time Series Analysis,2002
11271,topic,Myasthenia Gravis and Thymoma,2728
11272,topic,Nanowire Synthesis and Applications,2204
11273,topic,Advanced Graph Neural Networks,1702
11274,topic,Botulinum Toxin and Related Neurological Disorders,2728
11275,topic,Composting and Vermicomposting Techniques,1111
11276,topic,Solar Radiation and Photovoltaics,1702
11277,topic,Thermal properties of materials,2505
11278,topic,Calcium Carbonate Crystallization and Inhibition,2502
11279,topic,Lanthanide and Transition Metal Complexes,2505
11280,topic,Hemophilia Treatment and Research,2720
11281,topic,Asymmetric Hydrogenation and Catalysis,1604
11282,topic,Fibromyalgia and Chronic Fatigue Syndrome Research,2738
11283,topic,Experimental Learning in Engineering,2214
11284,topic,Coal Properties and Utilization,2212
11285,topic,Hearing Impairment and Communication,3204
11286,topic,Polyoxometalates: Synthesis and Applications,2505
11287,topic,Cancer Genomics and Diagnostics,1306
11288,topic,Clostridium difficile and Clostridium perfringens research,2725
11289,topic,Single-cell and spatial transcriptomics,1312
11290,topic,Preterm Birth and Chorioamnionitis,2713
11291,topic,Intraocular Surgery and Lenses,2731
11292,topic,Pediatric Pain Management Techniques,2735
11293,topic,Orthopedic Infections and Treatments,2746
11294,topic,Infant Nutrition and Health,2916
11295,topic,Counseling Practices and Supervision,3207
11296,topic,COVID-19 and healthcare impacts,2730
11297,topic,Ferroptosis and cancer prognosis,2740
11298,topic,Synthesis and Properties of Aromatic Compounds,1605
11299,topic,Problem and Project Based Learning,3304
11300,topic,Global Educational Policies and Reforms,3320
11301,topic,Advanced Surface Polishing Techniques,2204
11302,topic,CO2 Sequestration and Geologic Interactions,2305
11303,topic,Bayesian Modeling and Causal Inference,1702
11304,topic,Advanced Neuroimaging Techniques and Applications,2741
11305,topic,"Amyloidosis: Diagnosis, Treatment, Outcomes",1312
11306,topic,Nonmelanoma Skin Cancer Studies,2713
11307,topic,Domain Adaptation and Few-Shot Learning,1702
11308,topic,Sphingolipid Metabolism and Signaling,1312
11309,topic,Music and Audio Processing,1711
11310,topic,Connective tissue disorders research,1311
11311,topic,Soil and Water Nutrient Dynamics,2304
11312,topic,Soil Moisture and Remote Sensing,2305
11313,topic,Immune cells in cancer,2403
11314,topic,Clinical Laboratory Practices and Quality Control,2737
11315,topic,Phase-change materials and chalcogenides,2505
11316,topic,Mycobacterium research and diagnosis,2713
11317,topic,Fire dynamics and safety research,2213
11318,topic,Phytoestrogen effects and research,2734
11319,topic,Curcumin's Biomedical Applications,1313
11320,topic,Atmospheric Ozone and Climate,1902
11321,topic,Error Correcting Code Techniques,1705
11322,topic,Facial Rejuvenation and Surgery Techniques,2708
11323,topic,Gamma-ray bursts and supernovae,3103
11324,topic,Spectroscopy Techniques in Biomedical and Chemical Research,1304
11325,topic,Inertial Sensor and Navigation,2202
11326,topic,Stock Market Forecasting Methods,1803
11327,topic,Acupuncture Treatment Research Studies,2707
11328,topic,Ocular Oncology and Treatments,2731
11329,topic,Limits and Structures in Graph Theory,2607
11330,topic,Systemic Sclerosis and Related Diseases,2734
11331,topic,Fecal contamination and water quality,2312
11332,topic,"Genomics, phytochemicals, and oxidative stress",1312
11333,topic,Climate change and permafrost,1902
11334,topic,Psychosomatic Disorders and Their Treatments,2738
11335,topic,Prion Diseases and Protein Misfolding,1312
11336,topic,Energy and Environment Impacts,2310
11337,topic,Tryptophan and brain disorders,2803
11338,topic,Advancements in Photolithography Techniques,2208
11339,topic,"Metabolism, Diabetes, and Cancer",1312
11340,topic,Marine Sponges and Natural Products,1305
11341,topic,Boron and Carbon Nanomaterials Research,2505
11342,topic,Carbon and Quantum Dots Applications,2505
11343,topic,Power Transformer Diagnostics and Insulation,2208
11344,topic,Traffic Prediction and Management Techniques,2215
11345,topic,Cognitive and developmental aspects of mathematical skills,2613
11346,topic,Mast cells and histamine,2403
11347,topic,Neural Networks Stability and Synchronization,1705
11348,topic,Celiac Disease Research and Management,2715
11349,topic,Music Technology and Sound Studies,1707
11350,topic,Sex work and related issues,3312
11351,topic,Catalysis and Hydrodesulfurization Studies,2210
11352,topic,Masonry and Concrete Structural Analysis,2205
11353,topic,Venomous Animal Envenomation and Studies,1311
11354,topic,Evolution and Paleontology Studies,1911
11355,topic,Inflammatory Biomarkers in Disease Prognosis,2730
11356,topic,Pleural and Pulmonary Diseases,2740
11357,topic,Risk and Safety Analysis,1804
11358,topic,Dysphagia Assessment and Management,3616
11359,topic,Effects of Radiation Exposure,2741
11360,topic,Flame retardant materials and properties,2507
11361,topic,Digital Radiography and Breast Imaging,2740
11362,topic,Membrane Separation and Gas Transport,2210
11363,topic,Dental Radiography and Imaging,3504
11364,topic,Cholangiocarcinoma and Gallbladder Cancer Studies,2746
11365,topic,Islamic Finance and Banking Studies,1402
11366,topic,Elasticity and Material Modeling,2204
11367,topic,Particle accelerators and beam dynamics,2202
11368,topic,Long-Term Effects of COVID-19,2728
11369,topic,Genetic factors in colorectal cancer,2734
11370,topic,Mobile Learning in Education,1710
11371,topic,Wind and Air Flow Studies,2305
11372,topic,Hydraulic and Pneumatic Systems,2210
11373,topic,Sleep and Work-Related Fatigue,3205
11374,topic,Cleft Lip and Palate Research,1311
11375,topic,Geotechnical Engineering and Soil Stabilization,2205
11376,topic,Geriatric Care and Nursing Homes,3600
11377,topic,Retinal and Macular Surgery,2741
11378,topic,Gastrointestinal Bleeding Diagnosis and Treatment,2715
11379,topic,Rheology and Fluid Dynamics Studies,1507
11380,topic,Child Welfare and Adoption,3311
11381,topic,Infectious Diseases and Tuberculosis,2746
11382,topic,Fluid Dynamics and Heat Transfer,2206
11383,topic,Advanced Antenna and Metasurface Technologies,2202
11384,topic,Critical Race Theory in Education,3312
11385,topic,Natural product bioactivities and synthesis,1312
11386,topic,Bee Products Chemical Analysis,1109
11387,topic,Ichthyology and Marine Biology,2309
11388,topic,"Grief, Bereavement, and Mental Health",3203
11389,topic,Maternal and fetal healthcare,2735
11390,topic,Seaweed-derived Bioactive Compounds,1104
11391,topic,Theatre and Performance Studies,1213
11392,topic,Energy Harvesting in Wireless Networks,2208
11393,topic,Biosensors and Analytical Detection,2204
11394,topic,Dynamics and Control of Mechanical Systems,2207
11395,topic,Radiopharmaceutical Chemistry and Applications,2741
11396,topic,Artificial Intelligence in Healthcare,3605
11397,topic,"Populism, Right-Wing Movements",3320
11398,topic,Hand Gesture Recognition Systems,1709
11399,topic,Muscle metabolism and nutrition,1307
11400,topic,Motivation and Self-Concept in Sports,3207
11401,topic,Minerals Flotation and Separation Techniques,2312
11402,topic,Vascular Malformations Diagnosis and Treatment,2728
11403,topic,Invertebrate Immune Response Mechanisms,2403
11404,topic,Irrigation Practices and Water Management,1111
11405,topic,Geophysics and Gravity Measurements,1910
11406,topic,Cerebrospinal fluid and hydrocephalus,2804
11407,topic,Innovative Microfluidic and Catalytic Techniques Innovation,2204
11408,topic,Advanced Optical Imaging Technologies,2214
11409,topic,Advanced Wireless Network Optimization,2208
11410,topic,Cultural Industries and Urban Development,3322
11411,topic,Tea Polyphenols and Effects,2734
11412,topic,Genetic and Kidney Cyst Diseases,1311
11413,topic,Risk and Portfolio Optimization,1803
11414,topic,Quantum optics and atomic interactions,3107
11415,topic,Noncommutative and Quantum Gravity Theories,3109
11416,topic,Numerical methods for differential equations,2612
11417,topic,Advancements in PLL and VCO Technologies,2208
11418,topic,Plant Micronutrient Interactions and Effects,1110
11419,topic,Supramolecular Self-Assembly in Materials,2502
11420,topic,Geographies of human-animal interactions,3305
11421,topic,Labor Movements and Unions,3321
11422,topic,Burn Injury Management and Outcomes,2713
11423,topic,Pesticide Residue Analysis and Safety,1106
11424,topic,Security and Verification in Computing,1702
11425,topic,Diverse Music Education Insights,1210
11426,topic,Genetically Modified Organisms Research,1110
11427,topic,Elbow and Forearm Trauma Treatment,2742
11428,topic,Advanced Mathematical Identities,2602
11429,topic,Semiconductor Lasers and Optical Devices,2208
11430,topic,Disaster Response and Management,3604
11431,topic,Action Observation and Synchronization,3207
11432,topic,Gender Politics and Representation,3318
11433,topic,Emotional Intelligence and Performance,3207
11434,topic,Electrochemical Analysis and Applications,1603
11435,topic,Polynomial and algebraic computation,1703
11436,topic,Entomopathogenic Microorganisms in Pest Control,1109
11437,topic,Digital Platforms and Economics,1408
11438,topic,Retinal Imaging and Analysis,2741
11439,topic,Video Analysis and Summarization,1707
11440,topic,Click Chemistry and Applications,1605
11441,topic,Organoboron and organosilicon chemistry,1605
11442,topic,Titanium Alloys Microstructure and Properties,2505
11443,topic,Advanced Statistical Process Monitoring,1804
11444,topic,Electromagnetic Compatibility and Noise Suppression,2208
11445,topic,Origins and Evolution of Life,3103
11446,topic,Mobile Health and mHealth Applications,3600
11447,topic,Blind Source Separation Techniques,1711
11448,topic,Face recognition and analysis,1707
11449,topic,Mechanical and Optical Resonators,3107
11450,topic,Model-Driven Software Engineering Techniques,1712
11451,topic,Advanced Machining and Optimization Techniques,2208
11452,topic,Oral Health Pathology and Treatment,3506
11453,topic,Diagnosis and Treatment of Venous Diseases,2746
11454,topic,Cultural Differences and Values,3207
11455,topic,Microbial Inactivation Methods,1305
11456,topic,Neuroscience of respiration and sleep,2807
11457,topic,Adipose Tissue and Metabolism,2737
11458,topic,Advanced Wireless Communication Technologies,2208
11459,topic,Arctic and Antarctic ice dynamics,1902
11460,topic,Analytical Methods in Pharmaceuticals,1602
11461,topic,Local Government Finance and Decentralization,3320
11462,topic,Museums and Cultural Heritage,1209
11463,topic,Classical Philosophy and Thought,1211
11464,topic,Homelessness and Social Issues,3600
11465,topic,Drug-Induced Hepatotoxicity and Protection,3004
11466,topic,Innovative Education and Learning Practices,3307
11467,topic,Trauma and Emergency Care Studies,2711
11468,topic,Genetic Mapping and Diversity in Plants and Animals,1311
11469,topic,Lymphatic System and Diseases,2730
11470,topic,Legume Nitrogen Fixing Symbiosis,1110
11471,topic,Block Copolymer Self-Assembly,2505
11472,topic,Analytical Chemistry and Sensors,1502
11473,topic,Appendicitis Diagnosis and Management,2711
11474,topic,Sport and Mega-Event Impacts,3312
11475,topic,French Urban and Social Studies,3312
11476,topic,Graph theory and applications,2608
11477,topic,"Epistemology, Ethics, and Metaphysics",1211
11478,topic,Caching and Content Delivery,1705
11479,topic,Smart Cities and Technologies,2214
11480,topic,Connexins and lens biology,1312
11481,topic,Sulfur Compounds in Biology,1303
11482,topic,RNA modifications and cancer,1312
11483,topic,Tropical and Extratropical Cyclones Research,1902
11484,topic,Adaptive optics and wavefront sensing,3107
11485,topic,Gastrointestinal Tumor Research and Treatment,2715
11486,topic,Micro and Nano Robotics,3104
11487,topic,Automotive and Human Injury Biomechanics,2740
11488,topic,Climate Change Communication and Perception,3312
11489,topic,Air Traffic Management and Optimization,2202
11490,topic,Hydrological Forecasting Using AI,2305
11491,topic,CAR-T cell therapy research,2730
11492,topic,Academic integrity and plagiarism,3311
11493,topic,Water Treatment and Disinfection,2307
11494,topic,Coleoptera Taxonomy and Distribution,1105
11495,topic,Animal Virus Infections Studies,1103
11496,topic,Credit Risk and Financial Regulations,2003
11497,topic,Interprofessional Education and Collaboration,3600
11498,topic,Security in Wireless Sensor Networks,1705
11499,topic,ICT Impact and Policies,2214
11500,topic,Evacuation and Crowd Dynamics,2212
11501,topic,TGF-β signaling in diseases,1312
11502,topic,Facility Location and Emergency Management,1407
11503,topic,Cytokine Signaling Pathways and Interactions,2730
11504,topic,Advanced Authentication Protocols Security,1705
11505,topic,Reproductive biology and impacts on aquatic species,1314
11506,topic,Children's Rights and Participation,3312
11507,topic,Religion and Society Interactions,3312
11508,topic,Corporate Taxation and Avoidance,1402
11509,topic,Hip and Femur Fractures,2746
11510,topic,Reproductive System and Pregnancy,2403
11511,topic,Dyeing and Modifying Textile Fibers,2215
11512,topic,Anomaly Detection Techniques and Applications,1702
11513,topic,stochastic dynamics and bifurcation,3109
11514,topic,Disability Education and Employment,3311
11515,topic,Bacillus and Francisella bacterial research,1312
11516,topic,Visual and Cognitive Learning Processes,3205
11517,topic,Advanced optical system design,2204
11518,topic,Cervical and Thoracic Myelopathy,2746
11519,topic,Digital Mental Health Interventions,3202
11520,topic,Advanced Thermodynamics and Statistical Mechanics,3109
11521,topic,Salivary Gland Disorders and Functions,2737
11522,topic,VLSI and FPGA Design Techniques,2208
11523,topic,Nanomaterials and Printing Technologies,2208
11524,topic,Advanced Aircraft Design and Technologies,2306
11525,topic,Piezoelectric Actuators and Control,2207
11526,topic,Innovative Teaching Methods,3304
11527,topic,3D IC and TSV technologies,2208
11528,topic,Lichen and fungal ecology,1105
11529,topic,Refrigeration and Air Conditioning Technologies,2210
11530,topic,Business and Management Studies,1802
11531,topic,Healthcare Systems and Reforms,2003
11532,topic,Chemokine receptors and signaling,2730
11533,topic,Melanoma and MAPK Pathways,1312
11534,topic,Erythropoietin and Anemia Treatment,2720
11535,topic,Chemotherapy-induced cardiotoxicity and mitigation,2705
11536,topic,Consumer Retail Behavior Studies,1406
11537,topic,Ethics in medical practice,3600
11538,topic,Ophthalmology and Eye Disorders,2734
11539,topic,Survey Methodology and Nonresponse,3312
11540,topic,"Gender, Feminism, and Media",3318
11541,topic,Neuroendocrine regulation and behavior,3207
11542,topic,Behavioral Health and Interventions,3202
11543,topic,Employee Performance and Motivation,1407
11544,topic,"Gender, Labor, and Family Dynamics",3318
11545,topic,Advanced Banach Space Theory,2610
11546,topic,Plant Physiology and Cultivation Studies,1110
11547,topic,Sesquiterpenes and Asteraceae Studies,1306
11548,topic,Sexual Assault and Victimization Studies,3318
11549,topic,Synthetic Organic Chemistry Methods,1605
11550,topic,Text and Document Classification Technologies,1702
11551,topic,Infective Endocarditis Diagnosis and Management,2713
11552,topic,"Global trade, sustainability, and social impact",1408
11553,topic,Acne and Rosacea Treatments and Effects,2708
11554,topic,Vascular Procedures and Complications,2740
11555,topic,Methodologies in Health Research and Practice,3605
11556,topic,"Poverty, Education, and Child Welfare",3311
11557,topic,Lubricants and Their Additives,2210
11558,topic,Composite Material Mechanics,2211
11559,topic,Retinoids in leukemia and cellular processes,1312
11560,topic,Animal Disease Management and Epidemiology,1102
11561,topic,Protein Hydrolysis and Bioactive Peptides,1312
11562,topic,Facial Trauma and Fracture Management,2746
11563,topic,Indian and Buddhist Studies,1212
11564,topic,Mathematical Inequalities and Applications,2604
11565,topic,Thermoelastic and Magnetoelastic Phenomena,2211
11566,topic,Laser Applications in Dentistry and Medicine,2741
11567,topic,semigroups and automata theory,1703
11568,topic,Railway Systems and Energy Efficiency,2209
11569,topic,Optical Coherence Tomography Applications,2204
11570,topic,Periodontal Regeneration and Treatments,2748
11571,topic,Sarcoidosis and Beryllium Toxicity Research,2737
11572,topic,Information Technology Governance and Strategy,1404
11573,topic,Risk Perception and Management,3312
11574,topic,Artificial Intelligence in Games,1702
11575,topic,Nonlinear Photonic Systems,3109
11576,topic,IgG4-Related and Inflammatory Diseases,2745
11577,topic,Cognitive Abilities and Testing,3205
11578,topic,Plant Pathogenic Bacteria Studies,1110
11579,topic,Cardiovascular and Diving-Related Complications,2740
11580,topic,Veterinary Medicine and Surgery,3404
11581,topic,Viral Infections and Outbreaks Research,2725
11582,topic,Nanopore and Nanochannel Transport Studies,2204
11583,topic,Advanced Measurement and Metrology Techniques,2210
11584,topic,Biochemical Analysis and Sensing Techniques,2916
11585,topic,Exercise and Physiological Responses,2742
11586,topic,Congenital Diaphragmatic Hernia Studies,2746
11587,topic,Second Language Acquisition and Learning,3204
11588,topic,Atmospheric and Environmental Gas Dynamics,2306
11589,topic,Gynecological conditions and treatments,2729
11590,topic,Primary Care and Health Outcomes,3600
11591,topic,NF-κB Signaling Pathways,1306
11592,topic,Phenomenology and Existential Philosophy,3205
11593,topic,Carbon dioxide utilization in catalysis,1508
11594,topic,Tree-ring climate responses,1902
11595,topic,Textile materials and evaluations,2507
11596,topic,Constraint Satisfaction and Optimization,1705
11597,topic,"Neutrophil, Myeloperoxidase and Oxidative Mechanisms",2403
11598,topic,Internet Traffic Analysis and Secure E-voting,1702
11599,topic,Aviation Industry Analysis and Trends,2000
11600,topic,Brain Metastases and Treatment,2740
11601,topic,Neuroscience and Neural Engineering,2804
11602,topic,Magnetic Bearings and Levitation Dynamics,2207
11603,topic,Dust and Plasma Wave Phenomena,3107
11604,topic,Ship Hydrodynamics and Maneuverability,2212
11605,topic,Visual Attention and Saliency Detection,1707
11606,topic,Infrastructure Maintenance and Monitoring,2205
11607,topic,Microwave and Dielectric Measurement Techniques,2208
11608,topic,Dielectric materials and actuators,2204
11609,topic,Geophysical Methods and Applications,2212
11610,topic,Food Security and Health in Diverse Populations,3600
11611,topic,Cyclopropane Reaction Mechanisms,1605
11612,topic,Stochastic Gradient Optimization Techniques,1702
11613,topic,Phytochemistry and Biological Activities,1110
11614,topic,Cloud Data Security Solutions,1710
11615,topic,Control and Dynamics of Mobile Robots,2207
11616,topic,Autoimmune and Inflammatory Disorders Research,2720
11617,topic,Enzyme Production and Characterization,1305
11618,topic,Cholesterol and Lipid Metabolism,2746
11619,topic,Combustion and Detonation Processes,2202
11620,topic,Medication Adherence and Compliance,2714
11621,topic,Fiscal Policies and Political Economy,2002
11622,topic,Maritime Navigation and Safety,2212
11623,topic,Hyperglycemia and glycemic control in critically ill and hospitalized patients,2712
11624,topic,Constructed Wetlands for Wastewater Treatment,2311
11625,topic,Abdominal vascular conditions and treatments,2746
11626,topic,Metalloenzymes and iron-sulfur proteins,2105
11627,topic,Autoimmune Neurological Disorders and Treatments,2728
11628,topic,Myeloproliferative Neoplasms: Diagnosis and Treatment,2716
11629,topic,"Birth, Development, and Health",2735
11630,topic,Petroleum Processing and Analysis,1602
11631,topic,"Retirement, Disability, and Employment",3317
11632,topic,Family and Disability Support Research,3203
11633,topic,Prenatal Substance Exposure Effects,2735
11634,topic,Water Quality and Pollution Assessment,2312
11635,topic,Poisoning and overdose treatments,2711
11636,topic,Artificial Intelligence in Healthcare and Education,2718
11637,topic,Advanced Semiconductor Detectors and Materials,2208
11638,topic,Cardiac tumors and thrombi,2705
11639,topic,Mental Health and Patient Involvement,3600
11640,topic,Linguistic Variation and Morphology,3310
11641,topic,Insect and Pesticide Research,1109
11642,topic,Genomics and Rare Diseases,1311
11643,topic,Building materials and conservation,1904
11644,topic,Spam and Phishing Detection,1710
11645,topic,"Urban, Neighborhood, and Segregation Studies",3312
11646,topic,Nonlocal and gradient elasticity in micro/nano structures,2505
11647,topic,Workplace Violence and Bullying,3312
11648,topic,"Diaspora, migration, transnational identity",3317
11649,topic,Pharmaceutical industry and healthcare,3004
11650,topic,Skin and Cellular Biology Research,1307
11651,topic,Inhalation and Respiratory Drug Delivery,2740
11652,topic,Imbalanced Data Classification Techniques,1702
11653,topic,Financial Distress and Bankruptcy Prediction,1402
11654,topic,Advanced Mathematical Physics Problems,2610
11655,topic,HIV-related health complications and treatments,2711
11656,topic,Turtle Biology and Conservation,2309
11657,topic,Digital and Traditional Archives Management,1206
11658,topic,Esophageal and GI Pathology,2746
11659,topic,Advanced Image Fusion Techniques,2214
11660,topic,Blood groups and transfusion,2720
11661,topic,Copper Interconnects and Reliability,2504
11662,topic,Legal Cases and Commentary,2743
11663,topic,Viral Infectious Diseases and Gene Expression in Insects,1312
11664,topic,Fiber-reinforced polymer composites,2210
11665,topic,Animal Vocal Communication and Behavior,1309
11666,topic,Color Science and Applications,3107
11667,topic,Advanced Chemical Sensor Technologies,2204
11668,topic,interferon and immune responses,2403
11669,topic,Head and Neck Surgical Oncology,2746
11670,topic,Pressure Ulcer Prevention and Management,3609
11671,topic,Fuzzy and Soft Set Theory,1803
11672,topic,Recycling and utilization of industrial and municipal waste in materials production,2215
11673,topic,Advanced Topics in Algebra,2602
11674,topic,Sports Analytics and Performance,2002
11675,topic,Open Source Software Innovations,1706
11676,topic,Parental Involvement in Education,3304
11677,topic,Congenital heart defects research,1312
11678,topic,Healthcare Decision-Making and Restraints,3203
11679,topic,Craniofacial Disorders and Treatments,1311
11680,topic,Advanced Algebra and Geometry,2610
11681,topic,Nosocomial Infections in ICU,2706
11682,topic,Advanced Condensed Matter Physics,3104
11683,topic,Quantum and Classical Electrodynamics,3107
11684,topic,Vibrio bacteria research studies,1310
11685,topic,Zebrafish Biomedical Research Applications,1307
11686,topic,Dendrimers and Hyperbranched Polymers,2507
11687,topic,Teleoperation and Haptic Systems,2210
11688,topic,Microbial infections and disease research,2404
11689,topic,Adversarial Robustness in Machine Learning,1702
11690,topic,Advanced battery technologies research,2208
11691,topic,Forest Insect Ecology and Management,2303
11692,topic,Noise Effects and Management,3616
11693,topic,Cryptography and Residue Arithmetic,1710
11694,topic,Fluid Dynamics Simulations and Interactions,2206
11695,topic,South African History and Culture,3312
11696,topic,Conflict Management and Negotiation,3312
11697,topic,Numerical Methods and Algorithms,1703
11698,topic,Underwater Acoustics Research,1910
11699,topic,High-Velocity Impact and Material Behavior,2505
11700,topic,Hemodynamic Monitoring and Therapy,2746
11701,topic,Space Satellite Systems and Control,2202
11702,topic,Parasitic Diseases Research and Treatment,2725
11703,topic,"Rings, Modules, and Algebras",2602
11704,topic,Mobile Crowdsensing and Crowdsourcing,1706
11705,topic,Gambling Behavior and Treatments,3203
11706,topic,Forensic Entomology and Diptera Studies,1109
11707,topic,Gaze Tracking and Assistive Technology,1709
11708,topic,Photochromic and Fluorescence Chemistry,2505
11709,topic,Traditional Chinese Medicine Analysis,2707
11710,topic,Biomedical Text Mining and Ontologies,1312
11711,topic,COVID-19 Pandemic Impacts,2002
11712,topic,Intergenerational Family Dynamics and Caregiving,3312
11713,topic,Genital Health and Disease,2746
11714,topic,Multimodal Machine Learning Applications,1707
11715,topic,Education and Critical Thinking Development,3304
11716,topic,Random Matrices and Applications,2613
11717,topic,Postcolonial and Cultural Literary Studies,1208
11718,topic,Physical Education and Pedagogy,3612
11719,topic,Data Quality and Management,1803
11720,topic,Probability and Risk Models,1803
11721,topic,Blood properties and coagulation,2740
11722,topic,Patient Satisfaction in Healthcare,3600
11723,topic,Optical Coatings and Gratings,2508
11724,topic,Inflammatory Myopathies and Dermatomyositis,2713
11725,topic,Immunodeficiency and Autoimmune Disorders,2403
11726,topic,Organizational Management and Innovation,1407
11727,topic,Advanced Algebra and Logic,1703
11728,topic,Thyroid and Parathyroid Surgery,2746
11729,topic,Product Development and Customization,1405
11730,topic,Autoimmune Bullous Skin Diseases,2734
11731,topic,Global Health and Surgery,2739
11732,topic,Assisted Reproductive Technology and Twin Pregnancy,2735
11733,topic,X-ray Spectroscopy and Fluorescence Analysis,3108
11734,topic,Decision Support System Applications,1404
11735,topic,Peripheral Neuropathies and Disorders,2728
11736,topic,Histone Deacetylase Inhibitors Research,1312
11737,topic,Advanced Materials and Mechanics,2210
11738,topic,Ultrasound in Clinical Applications,2706
11739,topic,Microwave Imaging and Scattering Analysis,2204
11740,topic,Geochemistry and Elemental Analysis,1906
11741,topic,Flexible and Reconfigurable Manufacturing Systems,2209
11742,topic,Economic Theory and Policy,2000
11743,topic,Political Economy and Marxism,3312
11744,topic,Health Sciences Research and Education,3600
11745,topic,Potato Plant Research,1106
11746,topic,Inorganic and Organometallic Chemistry,1605
11747,topic,Metal-Catalyzed Oxygenation Mechanisms,1604
11748,topic,Organophosphorus compounds synthesis,1605
11749,topic,Iterative Learning Control Systems,2207
11750,topic,Phytoplasmas and Hemiptera pathogens,1110
11751,topic,Lattice Boltzmann Simulation Studies,2206
11752,topic,Cancer Treatment and Pharmacology,2730
11753,topic,Forest Management and Policy,2306
11754,topic,SARS-CoV-2 detection and testing,2725
11755,topic,Transboundary Water Resource Management,3312
11756,topic,Mentoring and Academic Development,3207
11757,topic,Seismic Waves and Analysis,1908
11758,topic,Organic and Molecular Conductors Research,2504
11759,topic,Occupational Therapy Practice and Research,3609
11760,topic,Plant responses to elevated CO2,1110
11761,topic,Resilience and Mental Health,3203
11762,topic,"Law, Economics, and Judicial Systems",2002
11763,topic,Intracerebral and Subarachnoid Hemorrhage Research,2728
11764,topic,Evolution and Genetic Dynamics,1311
11765,topic,Circular RNAs in diseases,1312
11766,topic,Iron-based superconductors research,2504
11767,topic,Poxvirus research and outbreaks,2406
11768,topic,Music Therapy and Health,3207
11769,topic,Copyright and Intellectual Property,1406
11770,topic,Fiscal Policy and Economic Growth,2002
11771,topic,Plant Pathogens and Resistance,1110
11772,topic,Genetics and Neurodevelopmental Disorders,1311
11773,topic,Healthcare Operations and Scheduling Optimization,3604
11774,topic,Adsorption and Cooling Systems,2210
11775,topic,COVID-19 diagnosis using AI,2741
11776,topic,Irish and British Studies,3312
11777,topic,Fixed Point Theorems Analysis,2608
11778,topic,Electrical and Bioimpedance Tomography,2208
11779,topic,Higher Education and Employability,3304
11780,topic,Rabies epidemiology and control,2406
11781,topic,Wastewater Treatment and Reuse,2311
11782,topic,Magnetic Properties of Alloys,2504
11783,topic,Turkey's Politics and Society,3320
11784,topic,CO2 Reduction Techniques and Catalysts,2105
11785,topic,Nausea and vomiting management,2746
11786,topic,Geomagnetism and Paleomagnetism Studies,1312
11787,topic,Oral and Maxillofacial Pathology,3504
11788,topic,Nonlinear Optical Materials Studies,2204
11789,topic,Land Rights and Reforms,1111
11790,topic,N-Heterocyclic Carbenes in Organic and Inorganic Chemistry,1605
11791,topic,Microbial Community Ecology and Physiology,2303
11792,topic,Pharmaceutical Economics and Policy,2002
11793,topic,"Recreation, Leisure, Wilderness Management",3207
11794,topic,Early Modern Spanish Literature,1208
11795,topic,Humor Studies and Applications,3207
11796,topic,Horticultural and Viticultural Research,1110
11797,topic,graph theory and CDMA systems,2208
11798,topic,Optimal Experimental Design Methods,1803
11799,topic,"Adhesion, Friction, and Surface Interactions",2211
11800,topic,User Authentication and Security Systems,1710
11801,topic,Reservoir Engineering and Simulation Methods,2212
11802,topic,Chemical Looping and Thermochemical Processes,2204
11803,topic,Superconducting and THz Device Technology,3103
11804,topic,Quantum many-body systems,3107
11805,topic,Agricultural economics and policies,3311
11806,topic,Service-Learning and Community Engagement,3304
11807,topic,Infrastructure Resilience and Vulnerability Analysis,2205
11808,topic,Superconducting Materials and Applications,2204
11809,topic,Advanced NMR Techniques and Applications,1607
11810,topic,Complex Systems and Decision Making,1803
11811,topic,Cutaneous lymphoproliferative disorders research,2708
11812,topic,Nasal Surgery and Airway Studies,2746
11813,topic,Library Collection Development and Digital Resources,1710
11814,topic,Advanced Manufacturing and Logistics Optimization,2209
11815,topic,Urological Disorders and Treatments,2748
11816,topic,Nursing Roles and Practices,3600
11817,topic,"Housing, Finance, and Neoliberalism",2003
11818,topic,Nicotinic Acetylcholine Receptors Study,1312
11819,topic,Data-Driven Disease Surveillance,2713
11820,topic,Learning Styles and Cognitive Differences,3204
11821,topic,Odor and Emission Control Technologies,1508
11822,topic,Analytic and geometric function theory,2608
11823,topic,Natural Resources and Economic Development,2000
11824,topic,Injury Epidemiology and Prevention,2739
11825,topic,Catalysis and Oxidation Reactions,1503
11826,topic,Ocular Infections and Treatments,2731
11827,topic,Polyomavirus and related diseases,2730
11828,topic,Corneal Surgery and Treatments,2741
11829,topic,Mathematical Biology Tumor Growth,2611
11830,topic,Point processes and geometric inequalities,2604
11831,topic,Chemical Synthesis and Reactions,1605
11832,topic,Doctoral Education Challenges and Solutions,3600
11833,topic,Spinal Dysraphism and Malformations,2739
11834,topic,Liver Diseases and Immunity,2721
11835,topic,Sustainability in Higher Education,3304
11836,topic,Bryophyte Studies and Records,1105
11837,topic,Iron and Steelmaking Processes,2210
11838,topic,"Crime, Illicit Activities, and Governance",3312
11839,topic,Hormonal Regulation and Hypertension,2712
11840,topic,Pain Management and Treatment,2703
11841,topic,Nuclear Structure and Function,1312
11842,topic,Ultrasound and Cavitation Phenomena,2505
11843,topic,Family Business Performance and Succession,1407
11844,topic,Lipid metabolism and biosynthesis,1303
11845,topic,Cancer therapeutics and mechanisms,1312
11846,topic,Cultural Heritage Management and Preservation,1204
11847,topic,Recycled Aggregate Concrete Performance,2215
11848,topic,Heme Oxygenase-1 and Carbon Monoxide,1312
11849,topic,Intellectual Capital and Performance Analysis,1408
11850,topic,Concrete Corrosion and Durability,2205
11851,topic,Electromagnetic Compatibility and Measurements,2208
11852,topic,Clay minerals and soil interactions,2502
11853,topic,Semiconductor materials and interfaces,3107
11854,topic,Laser-induced spectroscopy and plasma,2211
11855,topic,Gastrointestinal disorders and treatments,2746
11856,topic,Thermography and Photoacoustic Techniques,2211
11857,topic,Archaeological and Historical Studies,1204
11858,topic,Urban Development and Societal Issues,3322
11859,topic,Educator Training and Historical Pedagogy,3312
11860,topic,"HIV, Drug Use, Sexual Risk",2713
11861,topic,Thermal Regulation in Medicine,2706
11862,topic,"Agriculture, Land Use, Rural Development",1100
11863,topic,"Gender, Security, and Conflict",3318
11864,topic,Supply Chain Resilience and Risk Management,1408
11865,topic,Anorectal Disease Treatments and Outcomes,2746
11866,topic,Reconstructive Facial Surgery Techniques,2746
11867,topic,Traumatic Ocular and Foreign Body Injuries,2731
11868,topic,Cancer and Skin Lesions,2708
11869,topic,Per- and polyfluoroalkyl substances research,2304
11870,topic,Structural Analysis and Optimization,2205
11871,topic,Advanced Statistical Methods and Models,2613
11872,topic,Barrier Structure and Function Studies,2808
11873,topic,PAPR reduction in OFDM,2208
11874,topic,Structural Response to Dynamic Loads,2205
11875,topic,Statistics Education and Methodologies,2613
11876,topic,Legal Studies and Policies,3308
11877,topic,Iron oxide chemistry and applications,2105
11878,topic,Solid-state spectroscopy and crystallography,2505
11879,topic,Protist diversity and phylogeny,1312
11880,topic,Forest ecology and management,2309
11881,topic,Crystallization and Solubility Studies,2505
11882,topic,Plant biochemistry and biosynthesis,1312
11883,topic,Embodied and Extended Cognition,2805
11884,topic,Redox biology and oxidative stress,1312
11885,topic,MRI in cancer diagnosis,2741
11886,topic,Agricultural risk and resilience,1111
11887,topic,Quasicrystal Structures and Properties,2505
11888,topic,Gender Roles and Identity Studies,3318
11889,topic,Ginseng Biological Effects and Applications,1312
11890,topic,Scientific Measurement and Uncertainty Evaluation,1804
11891,topic,Big Data and Business Intelligence,1404
11892,topic,Kawasaki Disease and Coronary Complications,2746
11893,topic,German Literature and Culture Studies,1208
11894,topic,Radiology practices and education,2741
11895,topic,Social and Cultural Dynamics,3312
11896,topic,Opportunistic and Delay-Tolerant Networks,1705
11897,topic,Digital Holography and Microscopy,3107
11898,topic,Economics of Agriculture and Food Markets,2002
11899,topic,"Brucella: diagnosis, epidemiology, treatment",3404
11900,topic,Fungal Plant Pathogen Control,1105
11901,topic,Bayesian Methods and Mixture Models,1702
11902,topic,Intelligent Tutoring Systems and Adaptive Learning,1702
11903,topic,Private Equity and Venture Capital,1402
11904,topic,Spatial Cognition and Navigation,2203
11905,topic,Veterinary Pharmacology and Anesthesia,3404
11906,topic,"Gender, Sexuality, and Education",3318
11907,topic,Copper-based nanomaterials and applications,2505
11908,topic,Protein Interaction Studies and Fluorescence Analysis,1312
11909,topic,Histiocytic Disorders and Treatments,2737
11910,topic,Foreign Body Medical Cases,2741
11911,topic,Spatial and Panel Data Analysis,2002
11912,topic,Outsourcing and Supply Chain Management,1404
11913,topic,Animal Ecology and Behavior Studies,2303
11914,topic,PARP inhibition in cancer therapy,2730
11915,topic,Pickering emulsions and particle stabilization,2505
11916,topic,Legionella and Acanthamoeba research,1310
11917,topic,"Coagulation, Bradykinin, Polyphosphates, and Angioedema",2716
11918,topic,Forecasting Techniques and Applications,1803
11919,topic,dental development and anomalies,1312
11920,topic,Pulsed Power Technology Applications,2207
11921,topic,Electroconvulsive Therapy Studies,2738
11922,topic,Cardiovascular Effects of Exercise,2705
11923,topic,Mine drainage and remediation techniques,2304
11924,topic,Polyamine Metabolism and Applications,1312
11925,topic,Culinary Culture and Tourism,1106
11926,topic,Subterranean biodiversity and taxonomy,1911
11927,topic,Plant Reproductive Biology,1312
11928,topic,Genetic Syndromes and Imprinting,1311
11929,topic,Cerebral Venous Sinus Thrombosis,2728
11930,topic,"Cardiac, Anesthesia and Surgical Outcomes",2705
11931,topic,Organoselenium and organotellurium chemistry,3005
11932,topic,Wireless Body Area Networks,2204
11933,topic,Mining and Resource Management,2215
11934,topic,Syphilis Diagnosis and Treatment,2737
11935,topic,"Literacy, Media, and Education",1208
11936,topic,Chemical and Physical Properties in Aqueous Solutions,1506
11937,topic,Research Data Management Practices,1710
11938,topic,ERP Systems Implementation and Impact,1404
11939,topic,Public-Private Partnership Projects,1408
11940,topic,Layered Double Hydroxides Synthesis and Applications,2505
11941,topic,Power System Reliability and Maintenance,2213
11942,topic,Transportation and Mobility Innovations,2203
11943,topic,Pharmacovigilance and Adverse Drug Reactions,3005
11944,topic,Participatory Visual Research Methods,3312
11945,topic,Heat Transfer Mechanisms,2210
11946,topic,Antenna Design and Optimization,2202
11947,topic,Molten salt chemistry and electrochemical processes,1507
11948,topic,Machine Learning in Materials Science,2505
11949,topic,Nuclear Physics and Applications,3108
11950,topic,Cardiovascular Syncope and Autonomic Disorders,2746
11951,topic,Trauma Management and Diagnosis,2746
11952,topic,Landfill Environmental Impact Studies,2311
11953,topic,"Neuroethics, Human Enhancement, Biomedical Innovations",2805
11954,topic,Energy Efficiency and Management,2105
11955,topic,Urban and spatial planning,2309
11956,topic,Sexual Differentiation and Disorders,1312
11957,topic,Food Safety and Hygiene,1106
11958,topic,Dental Erosion and Treatment,3505
11959,topic,Employment and Welfare Studies,3600
11960,topic,Relativity and Gravitational Theory,3103
11961,topic,Neonatal and Maternal Infections,2739
11962,topic,Cardiac Fibrosis and Remodeling,2705
11963,topic,Impact of Light on Environment and Health,2306
11964,topic,Pregnancy and Medication Impact,2739
11965,topic,"Quantum, superfluid, helium dynamics",3107
11966,topic,Silk-based biomaterials and applications,2502
11967,topic,Electrolyte and hormonal disorders,2740
11968,topic,High Altitude and Hypoxia,1311
11969,topic,Fluoride Effects and Removal,2312
11970,topic,Molecular Biology Techniques and Applications,1312
11971,topic,"World Wars: History, Literature, and Impact",3320
11972,topic,Chromium effects and bioremediation,2307
11973,topic,Plant chemical constituents analysis,1110
11974,topic,Lepidoptera: Biology and Taxonomy,1311
11975,topic,Evolutionary Algorithms and Applications,1702
11976,topic,Capital Investment and Risk Analysis,2003
11977,topic,Technology Use by Older Adults,3317
11978,topic,Soil Mechanics and Vehicle Dynamics,2205
11979,topic,Garlic and Onion Studies,1110
11980,topic,Human Mobility and Location-Based Analysis,3313
11981,topic,Qualitative Research Methods and Ethics,3312
11982,topic,Rhetoric and Communication Studies,1211
11983,topic,"Identity, Memory, and Therapy",3204
11984,topic,Anatomy and Medical Technology,2204
11985,topic,Marine Toxins and Detection Methods,2304
11986,topic,Scientific Computing and Data Management,1802
11987,topic,COVID-19 Impact on Reproduction,2729
11988,topic,Sustainable Building Design and Assessment,2215
11989,topic,Oxidative Organic Chemistry Reactions,1605
11990,topic,Global Health Workforce Issues,3604
11991,topic,Soft tissue tumor case studies,2745
11992,topic,CCD and CMOS Imaging Sensors,2208
11993,topic,Atomic and Subatomic Physics Research,3107
11994,topic,Human Resource Development and Performance Evaluation,3202
11995,topic,"FinTech, Crowdfunding, Digital Finance",1404
11996,topic,Random lasers and scattering media,3102
11997,topic,Free Will and Agency,2805
11998,topic,Youth Development and Social Support,3311
11999,topic,Empathy and Medical Education,2738
12000,topic,Systems Engineering Methodologies and Applications,2207
12001,topic,Fossil Insects in Amber,1105
12002,topic,"Computability, Logic, AI Algorithms",1703
12003,topic,Bioenergy crop production and management,1102
12004,topic,Advanced Frequency and Time Standards,3107
12005,topic,Spaceflight effects on biology,2737
12006,topic,Ergonomics and Musculoskeletal Disorders,3207
12007,topic,Plasma and Flow Control in Aerodynamics,2202
12008,topic,Solar-Powered Water Purification Methods,2105
12009,topic,Hedgehog Signaling Pathway Studies,1312
12010,topic,Evaluation and Performance Assessment,1803
12011,topic,"Insurance, Mortality, Demography, Risk Management",3317
12012,topic,Diatoms and Algae Research,2502
12013,topic,Sustainable Development and Environmental Policy,2308
12014,topic,"Fish biology, ecology, and behavior",2309
12015,topic,Photoacoustic and Ultrasonic Imaging,2204
12016,topic,Web Data Mining and Analysis,1710
12017,topic,Recycling and Waste Management Techniques,2311
12018,topic,Coronary Artery Anomalies,2740
12019,topic,Calibration and Measurement Techniques,2202
12020,topic,Enhanced Recovery After Surgery,2746
12021,topic,Social and Educational Sciences,3304
12022,topic,Hydraulic flow and structures,2205
12023,topic,Cholinesterase and Neurodegenerative Diseases,2736
12024,topic,Ultra-Wideband Communications Technology,2208
12025,topic,Hepatitis Viruses Studies and Epidemiology,2721
12026,topic,Explainable Artificial Intelligence (XAI),1702
12027,topic,Social Media in Health Education,3306
12028,topic,Knowledge Management and Sharing,3315
12029,topic,DNA and Biological Computing,1312
12030,topic,S100 Proteins and Annexins,1312
12031,topic,Speech and dialogue systems,1702
12032,topic,Multisensory perception and integration,3205
12033,topic,Agricultural Economics and Policy,1100
12034,topic,Digital and Cyber Forensics,1710
12035,topic,Pain Management and Placebo Effect,2805
12036,topic,Argentine historical studies,3316
12037,topic,Algebraic and Geometric Analysis,2604
12038,topic,Covalent Organic Framework Applications,2505
12039,topic,Electron and X-Ray Spectroscopy Techniques,2508
12040,topic,International Arbitration and Investment Law,1408
12041,topic,Public Health Policies and Education,3600
12042,topic,Satellite Communication Systems,2202
12043,topic,Insect behavior and control techniques,1109
12044,topic,Advanced Physical and Chemical Molecular Interactions,1606
12045,topic,Rice Cultivation and Yield Improvement,1110
12046,topic,MXene and MAX Phase Materials,2505
12047,topic,Viral Infections and Vectors,2725
12048,topic,Microencapsulation and Drying Processes,1106
12049,topic,Tuberous Sclerosis Complex Research,2737
12050,topic,Optical Polarization and Ellipsometry,2204
12051,topic,Diversity and Impact of Dance,3205
12052,topic,Polish socio-economic development,2002
12053,topic,Minimally Invasive Surgical Techniques,2746
12054,topic,Menstrual Health and Disorders,2739
12055,topic,Boron Compounds in Chemistry,2741
12056,topic,Markov Chains and Monte Carlo Methods,2613
12057,topic,Consumer Attitudes and Food Labeling,2739
12058,topic,Allelopathy and phytotoxic interactions,1110
12059,topic,Berberine and alkaloids research,2736
12060,topic,Child Development and Digital Technology,3304
12061,topic,Axon Guidance and Neuronal Signaling,2804
12062,topic,Approximation Theory and Sequence Spaces,2613
12063,topic,Heat and Mass Transfer in Porous Media,2206
12064,topic,Intraperitoneal and Appendiceal Malignancies,2746
12065,topic,Hippo pathway signaling and YAP/TAZ,1307
12066,topic,Obesity and Health Practices,3611
12067,topic,Renal and Vascular Pathologies,2740
12068,topic,Neonatal Health and Biochemistry,2735
12069,topic,Commutative Algebra and Its Applications,2602
12070,topic,Writing and Handwriting Education,3304
12071,topic,Marine Biology and Environmental Chemistry,2212
12072,topic,Machine Learning and Algorithms,1702
12073,topic,Isotope Analysis in Ecology,2303
12074,topic,Membrane-based Ion Separation Techniques,2204
12075,topic,Sodium Intake and Health,2916
12076,topic,Renaissance and Early Modern Studies,1202
12077,topic,Vacuum and Plasma Arcs,3107
12078,topic,Environmental remediation with nanomaterials,2204
12079,topic,IoT Networks and Protocols,2208
12080,topic,Injection Molding Process and Properties,2210
12081,topic,Aerodynamics and Fluid Dynamics Research,2202
12082,topic,Takotsubo Cardiomyopathy and Associated Phenomena,2705
12083,topic,Karst Systems and Hydrogeology,1904
12084,topic,Synthesis and properties of polymers,2507
12085,topic,Collagen: Extraction and Characterization,2502
12086,topic,Structural Integrity and Reliability Analysis,2210
12087,topic,Natural Compound Pharmacology Studies,1110
12088,topic,Intergenerational and Educational Inequality Studies,3312
12089,topic,Intestinal and Peritoneal Adhesions,2746
12090,topic,Language and cultural evolution,3316
12091,topic,Peatlands and Wetlands Ecology,2303
12092,topic,Erosion and Abrasive Machining,2302
12093,topic,Greenhouse Technology and Climate Control,1110
12094,topic,Hemoglobin structure and function,1307
12095,topic,Vehicle emissions and performance,2203
12096,topic,Ectopic Pregnancy Diagnosis and Management,2739
12097,topic,Aquatic Invertebrate Ecology and Behavior,2303
12098,topic,Rural development and sustainability,1100
12099,topic,Advanced materials and composites,2210
12100,topic,Advanced Mathematical Modeling in Engineering,1703
12101,topic,Advanced Bandit Algorithms Research,1803
12102,topic,Fire effects on concrete materials,2205
12103,topic,Cancer Risks and Factors,2730
12104,topic,Protein Tyrosine Phosphatases,1312
12105,topic,Hygrothermal properties of building materials,2215
12106,topic,Surface Treatment and Residual Stress,2210
12107,topic,Leprosy Research and Treatment,2725
12108,topic,Management of metastatic bone disease,2746
12109,topic,"Race, Identity, and Education in Brazil",3312
12110,topic,Bone and Dental Protein Studies,2745
12111,topic,Industrial Vision Systems and Defect Detection,2209
12112,topic,Ammonia Synthesis and Nitrogen Reduction,1503
12113,topic,Growth and nutrition in plants,1110
12114,topic,Sensory Analysis and Statistical Methods,1106
12115,topic,Genetic and Environmental Crop Studies,1110
12116,topic,Dermatological diseases and infestations,2725
12117,topic,Muscle and Compartmental Disorders,2746
12118,topic,Forest Biomass Utilization and Management,2211
12119,topic,Linguistics and Discourse Analysis,1211
12120,topic,Air Quality Monitoring and Forecasting,2305
12121,topic,Cooperative Studies and Economics,1408
12122,topic,Physical Unclonable Functions (PUFs) and Hardware Security,1708
12123,topic,Financial Analysis and Corporate Governance,1402
12124,topic,Engineering Education and Curriculum Development,2214
12125,topic,Aerospace and Aviation Technology,2202
12126,topic,Maritime Transport Emissions and Efficiency,2305
12127,topic,Software System Performance and Reliability,1705
12128,topic,AI in Service Interactions,1702
12129,topic,Global Energy Security and Policy,2100
12130,topic,Contemporary Literature and Criticism,1208
12131,topic,Wireless Signal Modulation Classification,1702
12132,topic,Hymenoptera taxonomy and phylogeny,1105
12133,topic,Pragmatism in Philosophy and Education,1211
12134,topic,Insect symbiosis and bacterial influences,1109
12135,topic,Fuzzy Systems and Optimization,2613
12136,topic,Vanadium and Halogenation Chemistry,1604
12137,topic,Economic theories and models,2002
12138,topic,Occupational Health and Performance,3609
12139,topic,Advanced Thermodynamic Systems and Engines,2210
12140,topic,Renal and related cancers,1312
12141,topic,Fluid Dynamics and Thin Films,2206
12142,topic,Marine Invertebrate Physiology and Ecology,1911
12143,topic,Place Attachment and Urban Studies,3312
12144,topic,"Colonialism, slavery, and trade",3314
12145,topic,Dental Anxiety and Anesthesia Techniques,3504
12146,topic,Power Line Communications and Noise,2208
12147,topic,Urban and Rural Development Challenges,3322
12148,topic,Brazilian Legal Issues,3308
12149,topic,Nanocluster Synthesis and Applications,2505
12150,topic,Intestinal Malrotation and Obstruction Disorders,2746
12151,topic,Interpreting and Communication in Healthcare,3600
12152,topic,Concrete Properties and Behavior,2205
12153,topic,Advanced Optical Sensing Technologies,3105
12154,topic,Pelvic and Acetabular Injuries,2746
12155,topic,Microwave Dielectric Ceramics Synthesis,2208
12156,topic,World Trade Organization Law,3320
12157,topic,Geochemistry and Geologic Mapping,1702
12158,topic,Guidance and Control Systems,2202
12159,topic,T-cell and Retrovirus Studies,2403
12160,topic,African cultural and philosophical studies,3304
12161,topic,Plant Surface Properties and Treatments,1110
12162,topic,Cellular Automata and Applications,1703
12163,topic,Aerosol Filtration and Electrostatic Precipitation,2208
12164,topic,Education Practices and Challenges,1211
12165,topic,Environmental Sustainability and Education,2308
12166,topic,Ion-surface interactions and analysis,2206
12167,topic,Bacterial Identification and Susceptibility Testing,1308
12168,topic,Health and Medical Research Impacts,2739
12169,topic,Non-Destructive Testing Techniques,2210
12170,topic,History and Theory of Mathematics,2614
12171,topic,Open Education and E-Learning,1706
12172,topic,Neutropenia and Cancer Infections,2730
12173,topic,Body Contouring and Surgery,2746
12174,topic,Hospital Admissions and Outcomes,2711
12175,topic,Social Representations and Identity,3207
12176,topic,Optimization and Packing Problems,2209
12177,topic,Resource-Constrained Project Scheduling,1803
12178,topic,Bird parasitology and diseases,2405
12179,topic,Art Education and Development,1213
12180,topic,Polar Research and Ecology,2303
12181,topic,Agricultural and Biological Research,1106
12182,topic,Evolution and Science Education,1207
12183,topic,Teratomas and Epidermoid Cysts,2746
12184,topic,Linguistics and Education Research,1208
12185,topic,Regulation and Compliance Studies,1408
12186,topic,Phosphorus and nutrient management,2311
12187,topic,Glutathione Transferases and Polymorphisms,1312
12188,topic,"Architecture, Modernity, and Design",2216
12189,topic,Sulfur-Based Synthesis Techniques,1605
12190,topic,Innovations in Concrete and Construction Materials,2215
12191,topic,Chemical Reaction Mechanisms,1605
12192,topic,Polysaccharides Composition and Applications,1106
12193,topic,Trigeminal Neuralgia and Treatments,2734
12194,topic,Cultural Competency in Health Care,3312
12195,topic,Aerogels and thermal insulation,1607
12196,topic,Community Health and Development,3600
12197,topic,Brake Systems and Friction Analysis,2203
12198,topic,Oral health in cancer treatment,2740
12199,topic,Vascular Anomalies and Treatments,2716
12200,topic,Heusler alloys: electronic and magnetic properties,2504
12201,topic,Agricultural Engineering and Mechanization,2210
12202,topic,nanoparticles nucleation surface interactions,1902
12203,topic,Mobile Agent-Based Network Management,1705
12204,topic,African Education and Politics,3304
12205,topic,Time Series Analysis and Forecasting,1711
12206,topic,Vibration and Dynamic Analysis,2207
12207,topic,Assistive Technology in Communication and Mobility,3609
12208,topic,Occupational exposure and asthma,2739
12209,topic,Bone and Joint Diseases,2732
12210,topic,Policy Transfer and Learning,3320
12211,topic,Aluminum toxicity and tolerance in plants and animals,1110
12212,topic,CNS Lymphoma Diagnosis and Treatment,2728
12213,topic,Marine Ecology and Invasive Species,2306
12214,topic,Media Influence and Health,1208
12215,topic,Phytochemical Studies and Bioactivities,1312
12216,topic,Network Time Synchronization Technologies,1705
12217,topic,Higher Education Teaching and Evaluation,3304
12218,topic,Coal and Its By-products,1906
12219,topic,Canadian Identity and History,3312
12220,topic,Quantum Electrodynamics and Casimir Effect,3107
12221,topic,Cybersecurity and Cyber Warfare Studies,3320
12222,topic,IoT-based Smart Home Systems,2208
12223,topic,Leptospirosis research and findings,2405
12224,topic,Nanofabrication and Lithography Techniques,2204
12225,topic,Political Influence and Corporate Strategies,1408
12226,topic,Neuroblastoma Research and Treatments,2728
12227,topic,Environmental and Social Impact Assessments,2308
12228,topic,Coordination Chemistry and Organometallics,1605
12229,topic,Pharmacological Effects and Toxicity Studies,2735
12230,topic,Cardiovascular Issues in Pregnancy,2705
12231,topic,Contemporary Sociological Theory and Practice,3312
12232,topic,"Yersinia bacterium, plague, ectoparasites research",1311
12233,topic,Geotechnical Engineering and Underground Structures,2205
12234,topic,Mollusks and Parasites Studies,1109
12235,topic,Child Abuse and Related Trauma,2735
12236,topic,Photoreceptor and optogenetics research,2804
12237,topic,Congenital gastrointestinal and neural anomalies,2746
12238,topic,Green IT and Sustainability,2208
12239,topic,Construction Management and Sustainability,2215
12240,topic,Nanomaterials for catalytic reactions,1605
12241,topic,Children's Physical and Motor Development,3204
12242,topic,Latin American and Latino Studies,3316
12243,topic,Research in Cotton Cultivation,1110
12244,topic,Healthcare Education and Workforce Issues,2911
12245,topic,"Counseling, Therapy, and Family Dynamics",3203
12246,topic,Chronic Disease Management Strategies,2713
12247,topic,Microbial Applications in Construction Materials,2305
12248,topic,Water Governance and Infrastructure,3320
12249,topic,Veterinary Orthopedics and Neurology,3404
12250,topic,Experimental and Theoretical Physics Studies,3109
12251,topic,Synthesis and Catalytic Reactions,1605
12252,topic,Mechanical stress and fatigue analysis,2211
12253,topic,Urban Agriculture and Sustainability,1110
12254,topic,Machine Learning in Bioinformatics,1312
12255,topic,Biosimilars and Bioanalytical Methods,2403
12256,topic,Facilities and Workplace Management,3207
12257,topic,Bioactive natural compounds,1312
12258,topic,"Perfectionism, Procrastination, Anxiety Studies",3203
12259,topic,Environmental Justice and Health Disparities,3312
12260,topic,Educational Technology and Pedagogy,1702
12261,topic,Statistical Mechanics and Entropy,3109
12262,topic,Hate Speech and Cyberbullying Detection,1702
12263,topic,Peacebuilding and International Security,3312
12264,topic,Tissue Engineering and Regenerative Medicine,2746
12265,topic,Gun Ownership and Violence Research,3306
12266,topic,Byzantine Studies and History,1205
12267,topic,Diet and metabolism studies,2737
12268,topic,Deception detection and forensic psychology,3207
12269,topic,Effects of Vibration on Health,2732
12270,topic,Microwave-Assisted Synthesis and Applications,1605
12271,topic,Renewable energy and sustainable power systems,2105
12272,topic,Cardiovascular Conditions and Treatments,2741
12273,topic,Latin American Urban Studies,3322
12274,topic,Electrostatics and Colloid Interactions,1606
12275,topic,Gender and Feminist Studies,3318
12276,topic,Risk Management in Financial Firms,1402
12277,topic,Frequency Control in Power Systems,2208
12278,topic,Vascular Tumors and Angiosarcomas,2730
12279,topic,Body Composition Measurement Techniques,2737
12280,topic,Magnesium in Health and Disease,2916
12281,topic,Animal testing and alternatives,3404
12282,topic,Mineral Processing and Grinding,2210
12283,topic,Latin American history and culture,1213
12284,topic,Emotional Labor in Professions,3312
12285,topic,Surface Chemistry and Catalysis,2204
12286,topic,Erythrocyte Function and Pathophysiology,2737
12287,topic,Fibroblast Growth Factor Research,1312
12288,topic,Optimization and Search Problems,1705
12289,topic,Library Science and Administration,3309
12290,topic,Human Motion and Animation,2207
12291,topic,Pericarditis and Cardiac Tamponade,2705
12292,topic,Graph Theory and Algorithms,1707
12293,topic,Dam Engineering and Safety,2205
12294,topic,Agricultural Science and Fertilization,1111
12295,topic,"Foucault, Power, and Ethics",3312
12296,topic,Autopsy Techniques and Outcomes,2741
12297,topic,Otolaryngology and Infectious Diseases,2725
12298,topic,Phytochemicals and Medicinal Plants,2707
12299,topic,Radiation Shielding Materials Analysis,2505
12300,topic,Advanced Electrical Measurement Techniques,2208
12301,topic,Facial Nerve Paralysis Treatment and Research,2728
12302,topic,Advanced Nanomaterials in Catalysis,2505
12303,topic,Tensor decomposition and applications,2605
12304,topic,Radiative Heat Transfer Studies,2206
12305,topic,Cassava research and cyanide,1110
12306,topic,Urban and Freight Transport Logistics,2215
12307,topic,Ancient Near East History,1204
12308,topic,Mental Health and Psychiatry,1211
12309,topic,solar cell performance optimization,2208
12310,topic,Crop Yield and Soil Fertility,1102
12311,topic,Political Theology and Sovereignty,3312
12312,topic,"Culture, Economy, and Development Studies",3317
12313,topic,Emotions and Moral Behavior,3207
12314,topic,Nuts composition and effects,2916
12315,topic,Older Adults Driving Studies,3612
12316,topic,Oil Spill Detection and Mitigation,2310
12317,topic,Actinomycetales infections and treatment,2726
12318,topic,Quinazolinone synthesis and applications,1605
12319,topic,Fish Biology and Ecology Studies,1104
12320,topic,Feminist Epistemology and Gender Studies,3312
12321,topic,Insect Pheromone Research and Control,1109
12322,topic,Animal health and immunology,3404
12323,topic,Asian American and Pacific Histories,3316
12324,topic,History of Medicine Studies,1202
12325,topic,Urban Design and Spatial Analysis,2215
12326,topic,Network Packet Processing and Optimization,1708
12327,topic,Various Chemistry Research Topics,1606
12328,topic,Autoimmune and Inflammatory Disorders,2713
12329,topic,Hemiptera Insect Studies,1105
12330,topic,Botanical Research and Applications,1106
12331,topic,Hereditary Neurological Disorders,2804
12332,topic,Comparative constitutional jurisprudence studies,3320
12333,topic,Abdominal Surgery and Complications,2740
12334,topic,Lung Cancer Research Studies,2730
12335,topic,"Sexuality, Behavior, and Technology",3203
12336,topic,Insect Utilization and Effects,1109
12337,topic,Italian Fascism and Post-war Society,3312
12338,topic,Digital literacy in education,1710
12339,topic,Medical Malpractice and Liability Issues,3611
12340,topic,Anodic Oxide Films and Nanostructures,2505
12341,topic,Spanish Linguistics and Language Studies,1203
12342,topic,Vascular anomalies and interventions,2746
12343,topic,Geography Education and Pedagogy,3305
12344,topic,Silicon Effects in Agriculture,1110
12345,topic,Adult and Continuing Education Topics,3304
12346,topic,Phytochemistry and biological activity of medicinal plants,1110
12347,topic,Ginger and Zingiberaceae research,3004
12348,topic,Rural Development and Agriculture,2308
12349,topic,Food Chemistry and Fat Analysis,1106
12350,topic,Particle Dynamics in Fluid Flows,2212
12351,topic,Geometry and complex manifolds,2608
12352,topic,Heparin-Induced Thrombocytopenia and Thrombosis,2746
12353,topic,Lexicography and Language Studies,1203
12354,topic,Innovations in Educational Methods,3304
12355,topic,Genetic and rare skin diseases.,1311
12356,topic,Bioactive Compounds and Antitumor Agents,3005
12357,topic,Digital Media Forensic Detection,1707
12358,topic,Thermal and Kinetic Analysis,2505
12359,topic,Fern and Epiphyte Biology,1105
12360,topic,Plant-derived Lignans Synthesis and Bioactivity,1312
12361,topic,Study of Mite Species,1105
12362,topic,Tribology and Wear Analysis,2211
12363,topic,Academic Research in Diverse Fields,3304
12364,topic,Archaeological Research and Protection,1912
12365,topic,Effects of Environmental Stressors on Livestock,1103
12366,topic,"Philosophy, Ethics, and Existentialism",1211
12367,topic,Dental Trauma and Treatments,3604
12368,topic,Grey System Theory Applications,1803
12369,topic,Pneumocystis jirovecii pneumonia detection and treatment,2713
12370,topic,Advances in Cucurbitaceae Research,1311
12371,topic,Electrical Contact Performance and Analysis,2210
12372,topic,Art Therapy and Mental Health,1206
12373,topic,Linguistic research and analysis,1203
12374,topic,European and International Contract Law,3308
12375,topic,Cuban History and Society,3312
12376,topic,Corporate Management and Leadership,1407
12377,topic,Digital Humanities and Scholarship,1208
12378,topic,Accounting Education and Careers,1402
12379,topic,Cancer Diagnosis and Treatment,2730
12380,topic,Authorship Attribution and Profiling,1702
12381,topic,Electron Spin Resonance Studies,1304
12382,topic,History of Education Research in Brazil,1202
12383,topic,Aeolian processes and effects,1904
12384,topic,Customer churn and segmentation,1406
12385,topic,Food Quality and Safety Studies,1106
12386,topic,Advanced X-ray and CT Imaging,2204
12387,topic,Galectins and Cancer Biology,2403
12388,topic,Identification and Quantification in Food,1312
12389,topic,Infrared Target Detection Methodologies,2202
12390,topic,Comics and Graphic Narratives,1213
12391,topic,Artificial Immune Systems Applications,2204
12392,topic,Sharing Economy and Platforms,1406
12393,topic,Workplace Spirituality and Leadership,3317
12394,topic,Insurance and Financial Risk Management,2002
12395,topic,Educational Innovations and Technology,1710
12396,topic,Advanced Differential Equations and Dynamical Systems,2608
12397,topic,Critical Theory and Philosophy,3312
12398,topic,Poetry Analysis and Criticism,1208
12399,topic,Wine Industry and Tourism,1409
12400,topic,Neurogenetic and Muscular Disorders Research,2716
12401,topic,Scheduling and Timetabling Solutions,1803
12402,topic,Travel-related health issues,2739
12403,topic,Seed and Plant Biochemistry,1106
12404,topic,Mathematical Approximation and Integration,2612
12405,topic,Characterization and Applications of Magnetic Nanoparticles,2204
12406,topic,IoT and GPS-based Vehicle Safety Systems,2210
12407,topic,Plant Growth Enhancement Techniques,1110
12408,topic,Educational Innovations and Challenges,1710
12409,topic,Reformation and Early Modern Christianity,1202
12410,topic,Structural and Chemical Analysis of Organic and Inorganic Compounds,1605
12411,topic,Shoulder and Clavicle Injuries,2713
12412,topic,Enzyme function and inhibition,1312
12413,topic,Health and Medical Education,3600
12414,topic,Coastal and Marine Management,2308
12415,topic,Employer Branding and e-HRM,1407
12416,topic,Polymer Nanocomposite Synthesis and Irradiation,2507
12417,topic,Morphological variations and asymmetry,2608
12418,topic,Respiratory and Cough-Related Research,2740
12419,topic,Phonocardiography and Auscultation Techniques,2740
12420,topic,Silicone and Siloxane Chemistry,2505
12421,topic,Adrenal Hormones and Disorders,2712
12422,topic,Radiomics and Machine Learning in Medical Imaging,2741
12423,topic,Software Reliability and Analysis Research,1712
12424,topic,Earthquake Detection and Analysis,1908
12425,topic,Industrial Gas Emission Control,2210
12426,topic,Lymphatic Disorders and Treatments,2746
12427,topic,Metal Alloys Wear and Properties,2505
12428,topic,Global Trade and Competitiveness,1408
12429,topic,Chemotherapy-induced organ toxicity mitigation,2734
12430,topic,Academic and Historical Perspectives in Psychology,3200
12431,topic,Sugarcane Cultivation and Processing,1110
12432,topic,Arctic and Russian Policy Studies,3312
12433,topic,Skin Diseases and Diabetes,2708
12434,topic,Phosphodiesterase function and regulation,1312
12435,topic,Bladed Disk Vibration Dynamics,2205
12436,topic,Agronomic Practices and Intercropping Systems,1102
12437,topic,"Balkans: History, Politics, Society",3316
12438,topic,Urticaria and Related Conditions,2745
12439,topic,Dental Research and COVID-19,3500
12440,topic,Karl Barth and Christian Theology,1211
12441,topic,Porphyrin Metabolism and Disorders,1312
12442,topic,Thermal Radiation and Cooling Technologies,2205
12443,topic,Delphi Technique in Research,3312
12444,topic,"Art, Politics, and Modernism",1213
12445,topic,Twentieth Century Scientific Developments,1207
12446,topic,Economic Growth and Fiscal Policies,2002
12447,topic,Spider Taxonomy and Behavior Studies,1311
12448,topic,Paranormal Experiences and Beliefs,3207
12449,topic,Spacecraft Design and Technology,2202
12450,topic,Radio Astronomy Observations and Technology,3103
12451,topic,Smart Grid and Power Systems,2208
12452,topic,Electrowetting and Microfluidic Technologies,2208
12453,topic,Infectious Aortic and Vascular Conditions,2746
12454,topic,European Political History Analysis,1202
12455,topic,Mediterranean and Iberian flora and fauna,1110
12456,topic,Geotourism and Geoheritage Conservation,1907
12457,topic,Ecocriticism and Environmental Literature,1208
12458,topic,Organometallic Compounds Synthesis and Characterization,1605
12459,topic,Nerve Injury and Rehabilitation,2746
12460,topic,Pediatric Hepatobiliary Diseases and Treatments,2746
12461,topic,Narrative Theory and Analysis,1208
12462,topic,Elder Abuse and Neglect,3317
12463,topic,Amoebic Infections and Treatments,2725
12464,topic,Neurological Complications and Syndromes,2738
12465,topic,"Cancer, Lipids, and Metabolism",1306
12466,topic,Near-Field Optical Microscopy,2204
12467,topic,Rangeland Management and Livestock Ecology,2308
12468,topic,Radiation Effects and Dosimetry,1106
12469,topic,"Chaos, Complexity, and Education",1703
12470,topic,Caribbean and African Literature and Culture,1212
12471,topic,History of Science and Natural History,1207
12472,topic,Plant responses to water stress,1110
12473,topic,Pacific and Southeast Asian Studies,3305
12474,topic,Education Discipline and Inequality,3304
12475,topic,Plant Parasitism and Resistance,1110
12476,topic,Intraoperative Neuromonitoring and Anesthetic Effects,2746
12477,topic,Toxin Mechanisms and Immunotoxins,2403
12478,topic,Wikis in Education and Collaboration,3315
12479,topic,Web Application Security Vulnerabilities,1710
12480,topic,Health and Wellbeing Research,3600
12481,topic,Digital Accessibility for Disabilities,3307
12482,topic,Tunneling and Rock Mechanics,2205
12483,topic,Global Urban Networks and Dynamics,3322
12484,topic,Retinopathy of Prematurity Studies,2741
12485,topic,"Optimism, Hope, and Well-being",3202
12486,topic,Food Supply Chain Traceability,1106
12487,topic,Structural Engineering and Vibration Analysis,2205
12488,topic,Mental Health via Writing,3207
12489,topic,Microbial Metabolites in Food Biotechnology,2916
12490,topic,Software Engineering and Design Patterns,3303
12491,topic,Superconductivity in MgB2 and Alloys,3104
12492,topic,Zoonotic diseases and public health,2739
12493,topic,"Memory, violence, and history",3207
12494,topic,Alcoholism and Thiamine Deficiency,2728
12495,topic,Electrostatic Discharge in Electronics,2208
12496,topic,Color perception and design,3207
12497,topic,Traditional and Medicinal Uses of Annonaceae,1303
12498,topic,Latin American Cultural Politics,3314
12499,topic,"Diphtheria, Corynebacterium, and Tetanus",1310
12500,topic,Reflective Practices in Education,3304
12501,topic,Digital Economy and Work Transformation,3312
12502,topic,Urbanization and City Planning,3322
12503,topic,Social Acceptance of Renewable Energy,3312
12504,topic,Mathematics and Applications,2608
12505,topic,Peptidase Inhibition and Analysis,2730
12506,topic,Nuclear materials and radiation effects,2505
12507,topic,"Utopian, Dystopian, and Speculative Fiction",1211
12508,topic,Functional Equations Stability Results,2604
12509,topic,Corporate Insolvency and Governance,1402
12510,topic,Magneto-Optical Properties and Applications,2208
12511,topic,Medieval and Classical Philosophy,1211
12512,topic,History of Colonial Brazil,3314
12513,topic,Rocket and propulsion systems research,2202
12514,topic,Fashion and Cultural Textiles,1209
12515,topic,Gender and Technology in Education,3318
12516,topic,Advanced Mathematical Theories and Applications,3109
12517,topic,Seventeenth-Century Political and Philosophical Thought,1211
12518,topic,Diverticular Disease and Complications,2746
12519,topic,Cybercrime and Law Enforcement Studies,1710
12520,topic,Psychology of Moral and Emotional Judgment,2805
12521,topic,Death Anxiety and Social Exclusion,3207
12522,topic,Mathematics Education and Pedagogy,2604
12523,topic,Nasolacrimal Duct Obstruction Treatments,2731
12524,topic,Chemical Synthesis and Characterization,2311
12525,topic,Australian History and Society,3312
12526,topic,Antimicrobial agents and applications,1605
12527,topic,Chemistry and Stereochemistry Studies,1605
12528,topic,"IL-33, ST2, and ILC Pathways",2403
12529,topic,Ga2O3 and related materials,2504
12530,topic,Bioactive Natural Diterpenoids Research,1312
12531,topic,Values and Moral Education,3304
12532,topic,Historical and Cultural Archaeology Studies,3314
12533,topic,Aldose Reductase and Taurine,1307
12534,topic,Protein Degradation and Inhibitors,1312
12535,topic,Machine Learning and Data Classification,1702
12536,topic,Topological and Geometric Data Analysis,1703
12537,topic,Flow Measurement and Analysis,2211
12538,topic,Eosinophilic Esophagitis,2746
12539,topic,Pharmacology and Obesity Treatment,2736
12540,topic,Cyclone Separators and Fluid Dynamics,2206
12541,topic,Graph Labeling and Dimension Problems,1703
12542,topic,Second Language Learning and Teaching,1208
12543,topic,Groundwater and Watershed Analysis,2305
12544,topic,Working Capital and Financial Performance,1402
12545,topic,Global Education and Multiculturalism,3304
12546,topic,Smart Parking Systems Research,2215
12547,topic,Pharmaceutical studies and practices,2735
12548,topic,Hemostasis and retained surgical items,2720
12549,topic,Image and Object Detection Techniques,1707
12550,topic,"Politics and Conflicts in Afghanistan, Pakistan, and Middle East",3320
12551,topic,Forgiveness and Related Behaviors,3207
12552,topic,Fetal and Pediatric Neurological Disorders,2735
12553,topic,Psychedelics and Drug Studies,3203
12554,topic,Vitamin C and Antioxidants Research,2916
12555,topic,Ancient Egypt and Archaeology,1204
12556,topic,Educational Methods and Analysis,3304
12557,topic,Inorganic Chemistry and Materials,1604
12558,topic,Wittgensteinian philosophy and applications,1211
12559,topic,French Literature and Critical Theory,1208
12560,topic,Nuclear Engineering Thermal-Hydraulics,2202
12561,topic,bioluminescence and chemiluminescence research,1312
12562,topic,Synthesis and Characterization of Pyrroles,1605
12563,topic,History and Politics in Latin America,3317
12564,topic,Sensor Technology and Measurement Systems,1705
12565,topic,Physics and Engineering Research Articles,2206
12566,topic,Nitrogen and Sulfur Effects on Brassica,1312
12567,topic,Heat transfer and supercritical fluids,2206
12568,topic,Plant Taxonomy and Phylogenetics,1105
12569,topic,Restless Legs Syndrome Research,2713
12570,topic,Photopolymerization techniques and applications,1605
12571,topic,Soybean genetics and cultivation,1110
12572,topic,"Intelligence, Security, War Strategy",3320
12573,topic,Education and Digital Technologies,3312
12574,topic,Clinical Reasoning and Diagnostic Skills,2714
12575,topic,Medical History and Research,1202
12576,topic,vaccines and immunoinformatics approaches,1312
12577,topic,Geography and Environmental Studies,2312
12578,topic,Diagnosis and treatment of tuberculosis,2746
12579,topic,Muon and positron interactions and applications,2211
12580,topic,Vagus Nerve Stimulation Research,2808
12581,topic,Engineering Structural Analysis Methods,2210
12582,topic,Flavonoids in Medical Research,2736
12583,topic,Food Waste Reduction and Sustainability,1106
12584,topic,Hospitality and Tourism Education,1409
12585,topic,North African History and Literature,1202
12586,topic,"Folklore, Mythology, and Literature Studies",1208
12587,topic,Gestational Trophoblastic Disease Studies,2739
12588,topic,Electronic and Structural Properties of Oxides,2505
12589,topic,Differential Equations and Boundary Problems,2604
12590,topic,STEM Education,3304
12591,topic,Inclusive Education and Diversity,3304
12592,topic,Opinion Dynamics and Social Influence,3109
12593,topic,Communication in Education and Healthcare,3207
12594,topic,Collaboration in agile enterprises,1405
12595,topic,Romani and Gypsy Studies,3600
12596,topic,Cephalopods and Marine Biology,1105
12597,topic,Fire Detection and Safety Systems,2213
12598,topic,Cardiac Structural Anomalies and Repair,2746
12599,topic,Retinal and Optic Conditions,2731
12600,topic,Eosinophilic Disorders and Syndromes,2745
12601,topic,Web Applications and Data Management,1710
12602,topic,Medical Education and Admissions,2739
12603,topic,NMR spectroscopy and applications,3106
12604,topic,Glycogen Storage Diseases and Myoclonus,2745
12605,topic,Berry genetics and cultivation research,1110
12606,topic,Diptera species taxonomy and behavior,1105
12607,topic,Personal Information Management and User Behavior,1802
12608,topic,Spatial Neglect and Hemispheric Dysfunction,2805
12609,topic,Latin American socio-political dynamics,3312
12610,topic,RNA regulation and disease,1312
12611,topic,Neural Networks and Reservoir Computing,1702
12612,topic,Strong Light-Matter Interactions,3107
12613,topic,X-ray Diffraction in Crystallography,2505
12614,topic,Indigenous Studies and Ecology,3600
12615,topic,Climate Change and Geoengineering,2306
12616,topic,Religious Education and Schools,3304
12617,topic,"Energy, Environment, and Transportation Policies",2105
12618,topic,Botany and Plant Ecology Studies,1110
12619,topic,Political Systems and Governance,3320
12620,topic,Signaling Pathways in Disease,1312
12621,topic,Hemispheric Asymmetry in Neuroscience,2805
12622,topic,Neurosurgical Procedures and Complications,2728
12623,topic,"Cultural, Media, and Literary Studies",1211
12624,topic,Maritime and Coastal Archaeology,1204
12625,topic,Sympathectomy and Hyperhidrosis Treatments,2737
12626,topic,"Cancer, Stress, Anesthesia, and Immune Response",2738
12627,topic,Graphene and Nanomaterials Applications,2204
12628,topic,Polymer Foaming and Composites,2507
12629,topic,Island Studies and Pacific Affairs,3317
12630,topic,African Botany and Ecology Studies,1107
12631,topic,Head and Neck Anomalies,2746
12632,topic,Visual Culture and Art Theory,1213
12633,topic,Legal case studies and regulations,3320
12634,topic,Ureteral procedures and complications,2729
12635,topic,African studies and sociopolitical issues,3312
12636,topic,Regional Development and Innovation,3303
12637,topic,Scarabaeidae Beetle Taxonomy and Biogeography,1911
12638,topic,Pomegranate: compositions and health benefits,2916
12639,topic,Global Energy and Sustainability Research,2105
12640,topic,Environmental DNA in Biodiversity Studies,2303
12641,topic,Historical and socio-economic studies of Spain and related regions,2002
12642,topic,Polymer-Based Agricultural Enhancements,2204
12643,topic,Sustainability and Ecological Systems Analysis,2305
12644,topic,Wildlife-Road Interactions and Conservation,2303
12645,topic,European history and politics,3320
12646,topic,Inorganic Fluorides and Related Compounds,1604
12647,topic,Traditional Chinese Medicine Studies,2707
12648,topic,Academic Writing and Publishing,1207
12649,topic,Alkaloids: synthesis and pharmacology,3004
12650,topic,Aesthetic Perception and Analysis,2805
12651,topic,Halal products and consumer behavior,3312
12652,topic,International Maritime Law Issues,2308
12653,topic,Cyclization and Aryne Chemistry,1605
12654,topic,Xenotransplantation and immune response,2746
12655,topic,Female Genital Mutilation/Cutting Issues,2739
12656,topic,"Climate Change, Adaptation, Migration",3312
12657,topic,Phytochemistry Medicinal Plant Applications,1110
12658,topic,Language and Culture,3310
12659,topic,Innovation Diffusion and Forecasting,1803
12660,topic,Plant Disease Management Techniques,1110
12661,topic,Iterative Methods for Nonlinear Equations,2612
12662,topic,Digitalization and Economic Development in Agriculture,1408
12663,topic,Body Image and Dysmorphia Studies,3203
12664,topic,Clinical practice guidelines implementation,2739
12665,topic,Bamboo properties and applications,1110
12666,topic,Historical Psychiatry and Medical Practices,3203
12667,topic,Economic and Technological Developments in Russia,3303
12668,topic,Yeasts and Rust Fungi Studies,1312
12669,topic,Comparative International Legal Studies,3320
12670,topic,"Urbanism, Landscape, and Tourism Studies",3316
12671,topic,Management and Marketing Education,1405
12672,topic,Phagocytosis and Immune Regulation,2403
12673,topic,Microbial Metabolism and Applications,1305
12674,topic,"Rabbits: Nutrition, Reproduction, Health",1103
12675,topic,Financial Reporting and Valuation Research,1408
12676,topic,Machine Learning and ELM,1702
12677,topic,Sports Dynamics and Biomechanics,2204
12678,topic,Themes in Literature Analysis,1208
12679,topic,Focus Groups and Qualitative Methods,3312
12680,topic,Cultural and Mythological Studies,1200
12681,topic,Global Healthcare and Medical Tourism,3600
12682,topic,Smart Materials for Construction,2310
12683,topic,Studies on Chitinases and Chitosanases,1312
12684,topic,Stuttering Research and Treatment,3203
12685,topic,Phytochemical compounds biological activities,1312
12686,topic,Central European national history,3312
12687,topic,Public Administration in Developing Nations,3320
12688,topic,Microbial metabolism and enzyme function,1312
12689,topic,Silymarin and Mushroom Poisoning,2740
12690,topic,Cross-Border Cooperation and Integration,3320
12691,topic,Coccidia and coccidiosis research,1103
12692,topic,Magnetic Field Sensors Techniques,2208
12693,topic,"Migration, Ethnicity, and Economy",3312
12694,topic,"Categorization, perception, and language",3205
12695,topic,Urinary and Genital Oncology Studies,2746
12696,topic,Icing and De-icing Technologies,2202
12697,topic,Water Quality Monitoring Technologies,2312
12698,topic,3D Modeling in Geospatial Applications,2215
12699,topic,Electromagnetic Launch and Propulsion Technology,2202
12700,topic,Doping in Sports,3312
12701,topic,Biological Control of Invasive Species,1109
12702,topic,Brain Tumor Detection and Classification,2808
12703,topic,Oil Palm Production and Sustainability,2303
12704,topic,Stress and Burnout Research,3207
12705,topic,Educational Reforms and Innovations,2307
12706,topic,Subcritical and Supercritical Water Processes,2204
12707,topic,Vehicle License Plate Recognition,2214
12708,topic,Economic and Financial Impacts of Cancer,2002
12709,topic,Optimization and Mathematical Programming,2207
12710,topic,Engineering and Agricultural Innovations,1104
12711,topic,Immigration and Intercultural Education,3316
12712,topic,Myofascial pain diagnosis and treatment,1307
12713,topic,Forest Ecology and Biodiversity Studies,1109
12714,topic,Youth Education and Societal Dynamics,3312
12715,topic,Pregnancy-related medical research,2739
12716,topic,Congenital Anomalies and Fetal Surgery,2746
12717,topic,Space exploration and regulation,3103
12719,topic,Aerospace Engineering and Energy Systems,2202
12720,topic,Multimedia Communication and Technology,3312
12721,topic,Moringa oleifera research and applications,1110
12722,topic,Innovation Policy and R&D,2002
12723,topic,Hannah Arendt's Political Philosophy,3320
12724,topic,Water-Energy-Food Nexus Studies,2312
12725,topic,transportation and logistics systems,3313
12726,topic,Philosophical and Cultural Analysis,1211
12727,topic,Differential Equations and Numerical Methods,2612
12728,topic,Demographic Trends and Gender Preferences,3318
12729,topic,Tree Root and Stability Studies,2210
12730,topic,"Weber, Simmel, Sociological Theory",3312
12731,topic,Hidradenitis Suppurativa and Treatments,2708
12732,topic,Agriculture and Farm Safety,1110
12733,topic,Vector-Borne Animal Diseases,1105
12734,topic,Information Systems and Technology Applications,1404
12735,topic,Blood donation and transfusion practices,1405
12736,topic,Criminal Justice and Penology,3308
12737,topic,Electrical Fault Detection and Protection,2208
12738,topic,Corporate Identity and Reputation,1408
12739,topic,Historical Studies on Spain,1202
12740,topic,Gait Recognition and Analysis,2204
12741,topic,Maternal and Neonatal Healthcare,3600
12742,topic,Sunflower and Safflower Cultivation,1110
12743,topic,Spanish Culture and Identity,1211
12744,topic,Medical Device Sterilization and Disinfection,2404
12745,topic,Dietary Effects on Health,2737
12746,topic,Sustainable Industrial Ecology,2209
12747,topic,Moyamoya disease diagnosis and treatment,2745
12748,topic,Molecular spectroscopy and chirality,1607
12749,topic,"Race, Genetics, and Society",1311
12750,topic,Nigella sativa pharmacological applications,2707
12751,topic,Leadership and Management in Organizations,1408
12752,topic,Global Peace and Security Dynamics,3320
12753,topic,"Psychology, Coaching, and Therapy",3207
12754,topic,Plant Growth and Agriculture Techniques,1111
12755,topic,Legal Education and Practice Innovations,3308
12756,topic,Plant Toxicity and Pharmacological Properties,1312
12757,topic,Diverse Academia and Research Topics,3205
12758,topic,Saffron Plant Research Studies,2730
12759,topic,Vehicle Noise and Vibration Control,2203
12760,topic,Laser Design and Applications,2208
12761,topic,Data Stream Mining Techniques,1702
12762,topic,Crystallography and Radiation Phenomena,3104
12763,topic,ATP Synthase and ATPases Research,1312
12764,topic,Polish Historical and Cultural Studies,3320
12765,topic,"Race, History, and American Society",3312
12766,topic,Interdisciplinary Research and Collaboration,1802
12767,topic,Conflict of Laws and Jurisdiction,3320
12768,topic,Linguistics and language evolution,1203
12769,topic,Stoma care and complications,2746
12770,topic,Amino Acid Enzymes and Metabolism,1303
12771,topic,Plant pathogens and resistance mechanisms,1110
12772,topic,Control and Stability of Dynamical Systems,2207
12773,topic,Water Quality and Resources Studies,2312
12774,topic,Bauxite Residue and Utilization,2210
12775,topic,Legal Issues in South Africa,3308
12776,topic,Electrohydrodynamics and Fluid Dynamics,2208
12777,topic,"Philosophy, History, and Historiography",1202
12778,topic,History of Medicine and Tropical Health,1202
12779,topic,Public Procurement and Policy,1408
12780,topic,Heavy Metal Pollution Remediation,2312
12781,topic,Global Health Care Issues,3600
12782,topic,Assembly Line Balancing Optimization,2209
12783,topic,"Migration, Aging, and Tourism Studies",3317
12784,topic,Modular Robots and Swarm Intelligence,2210
12785,topic,Hong Kong and Taiwan Politics,3312
12786,topic,Innovation and Socioeconomic Development,1403
12787,topic,Human Behavior and Motivation,3202
12788,topic,Space Science and Extraterrestrial Life,3103
12789,topic,Planarian Biology and Electrostimulation,1312
12790,topic,Nursing Diagnosis and Documentation,2910
12791,topic,Full-Duplex Wireless Communications,2208
12792,topic,Soil Management and Crop Yield,1111
12793,topic,Caveolin-1 and cellular processes,1307
12794,topic,Adaptive Dynamic Programming Control,1703
12795,topic,Banana Cultivation and Research,1110
12796,topic,Dermatological and COVID-19 studies,2708
12797,topic,History of Computing Technologies,1706
12798,topic,Religious Tourism and Spaces,3305
12799,topic,Mobile and Web Applications,1710
12800,topic,Musculoskeletal synovial abnormalities and treatments,2745
12801,topic,Bluetooth and Wireless Communication Technologies,1705
12802,topic,Competency Development and Evaluation,3207
12803,topic,Cinema History and Criticism,1213
12804,topic,Thermal Analysis in Power Transmission,2207
12805,topic,Cognitive Science and Mapping,1702
12806,topic,Ocean Acidification Effects and Responses,1910
12807,topic,Consumer Behavior and Market Dynamics,3312
12808,topic,Ferroelectric and Negative Capacitance Devices,2208
12809,topic,Contact Mechanics and Variational Inequalities,1703
12810,topic,Real-time simulation and control systems,2207
12811,topic,"Aging, Health, and Disability",2739
12812,topic,Meromorphic and Entire Functions,2604
12813,topic,Plant and Biological Electrophysiology Studies,1110
12814,topic,Gaussian Processes and Bayesian Inference,1702
12815,topic,Management and Organizational Practices,1408
12816,topic,Global Public Health Policies and Epidemiology,1407
12817,topic,Pharmacological Effects of Natural Compounds,3004
12818,topic,"Pneumothorax, Barotrauma, Emphysema",2740
12819,topic,Environmental Philosophy and Ethics,2309
12820,topic,Chromatin Remodeling and Cancer,1312
12821,topic,Geological Formations and Processes Exploration,1908
12822,topic,Turfgrass Adaptation and Management,2304
12823,topic,Adolescent and Pediatric Healthcare,3616
12824,topic,Infections and bacterial resistance,1310
12825,topic,"Defense, Military, and Policy Studies",2002
12826,topic,Education Methods and Technologies,3304
12827,topic,Biochemical and Molecular Research,1312
12828,topic,Plant Genetic and Mutation Studies,1110
12829,topic,Advanced Breast Cancer Therapies,2740
12830,topic,Pectus Deformity Diagnosis and Treatment,2746
12831,topic,School Health and Nursing Education,3616
12832,topic,Biocrusts and Microbial Ecology,1105
12833,topic,Bartonella species infections research,2405
12834,topic,Flowering Plant Growth and Cultivation,1110
12835,topic,FOXO transcription factor regulation,1312
12836,topic,History and Developments in Astronomy,3103
12837,topic,American Environmental and Regional History,2308
12838,topic,Photovoltaic Systems and Sustainability,2305
12839,topic,Emile Durkheim and Sociology,3312
12840,topic,Renal function and acid-base balance,2727
12841,topic,Echinoderm biology and ecology,1104
12842,topic,"Youth, Drugs, and Violence",3317
12843,topic,Human Resource and Talent Management,1407
12844,topic,Psychology and Mental Health,3203
12845,topic,Methemoglobinemia and Tumor Lysis Syndrome,2740
12846,topic,Ginkgo biloba and Cashew Applications,2707
12847,topic,Healthcare Systems and Challenges,3600
12848,topic,Psychological Testing and Assessment,3202
12849,topic,Parvovirus B19 Infection Studies,2725
12850,topic,Field-Flow Fractionation Techniques,2206
12851,topic,Firm Innovation and Growth,2002
12852,topic,Chemical Thermodynamics and Molecular Structure,1605
12853,topic,Historical Geography and Geographical Thought,3305
12854,topic,Neurology and Historical Studies,2808
12855,topic,Peanut Plant Research Studies,1110
12856,topic,Transgenic Plants and Applications,1305
12857,topic,Medieval Philosophy and Theology,1211
12858,topic,Plant Disease Resistance and Genetics,1110
12859,topic,Cell Image Analysis Techniques,1304
12860,topic,Family and Patient Care in Intensive Care Units,3614
12861,topic,"Migration, Education, Indigenous Social Dynamics",3316
12862,topic,Catholicism and Religious Studies,1202
12863,topic,Web and Library Services,1710
12864,topic,Psychoanalysis and Social Critique,3316
12865,topic,Tailings Management and Properties,2205
12866,topic,Urologic and reproductive health conditions,2745
12867,topic,Advanced Biosensing Techniques and Applications,1312
12868,topic,Photography and Visual Culture,1202
12869,topic,Occupational Health and Burnout,3609
12870,topic,Seedling growth and survival studies,2309
12871,topic,Healthcare Quality and Management,3605
12872,topic,Philippine History and Culture,3314
12873,topic,"Nutrition, Health and Food Behavior",2916
12874,topic,Digital Imaging for Blood Diseases,1707
12875,topic,Thermal Expansion and Ionic Conductivity,2505
12876,topic,Potassium and Related Disorders,2740
12877,topic,Social Issues in Poland,3300
12878,topic,Pharmaceutical Quality and Counterfeiting,2739
12879,topic,Distributed Sensor Networks and Detection Algorithms,1705
12880,topic,Qualitative Research Methods and Applications,3304
12881,topic,linguistics and terminology studies,1203
12882,topic,Jungian Analytical Psychology,3207
12883,topic,Sustainable Development and Environmental Management,2308
12884,topic,Educational Assessment and Pedagogy,3304
12885,topic,Digital Innovation in Industries,1405
12886,topic,Historical and Cultural Studies of Poland,1202
12887,topic,Educational Strategies and Epistemologies,3204
12888,topic,Military Strategy and Technology,2207
12889,topic,"Psychoanalysis, Philosophy, and Politics",3203
12890,topic,Eurasian Exchange Networks,3314
12891,topic,Medicinal Plants and Neuroprotection,2707
12892,topic,Social Power and Status Dynamics,3312
12893,topic,Organic Chemistry Cycloaddition Reactions,1605
12894,topic,Date Palm Research Studies,1110
12895,topic,Environmental law and policy,3308
12896,topic,Sustainable Agricultural Systems Analysis,2304
12897,topic,Structural Analysis of Composite Materials,2210
12898,topic,Induction Heating and Inverter Technology,2210
12899,topic,Engineering and Technology Innovations,2208
12900,topic,Organ and Tissue Transplantation Research,2747
12901,topic,Tattoo and Body Piercing Complications,3316
12902,topic,Public Policy and Governance,3320
12903,topic,Globalization and Cultural Identity,3312
12904,topic,Diverse Educational Innovations Studies,1100
12905,topic,Management Systems and Quality Improvement,1408
12906,topic,Surgical Sutures and Adhesives,2746
12907,topic,Mechanical Engineering and Vibrations Research,2210
12908,topic,"Media, Gender, and Advertising",3318
12909,topic,French Historical and Cultural Studies,1202
12910,topic,Eicosanoids and Hypertension Pharmacology,1303
12911,topic,Water Resources and Sustainability,2312
12912,topic,"Shakespeare, Adaptation, and Literary Criticism",1208
12913,topic,Multidisciplinary Research Papers Compilation,3300
12914,topic,Infectious Disease Case Reports and Treatments,2725
12915,topic,Biochemical Acid Research Studies,1303
12916,topic,COVID-19 impact on air quality,2306
12917,topic,Astronomy and Astrophysical Research,3105
12918,topic,Healthcare Systems and Technology,1407
12919,topic,Blood disorders and treatments,1311
12920,topic,Healthcare and Environmental Waste Management,2739
12921,topic,European Criminal Justice and Data Protection,3320
12922,topic,Business and Economic Development,2308
12923,topic,Digital Image Processing Techniques,1707
12924,topic,Dermatological and Skeletal Disorders,1311
12925,topic,Educational and Social Studies,3304
12926,topic,Business Strategies and Management Research,1803
12927,topic,"Memory, History, Trauma, Identity",1211
12928,topic,Education and Cultural Studies,3304
12929,topic,Animal Genetics and Reproduction,1311
12930,topic,Biomedical and Chemical Research,2746
12931,topic,Educational Methods and Outcomes,3304
12932,topic,Powder Metallurgy Techniques and Materials,2210
12933,topic,Franchising Strategies and Performance,1408
12934,topic,Plant and fungal interactions,1105
12935,topic,Healthcare Systems and Public Health,2713
12936,topic,"Conflict, Peace, and Violence in Colombia",3312
12937,topic,Chemotherapy-related skin toxicity,2708
12938,topic,Material Selection and Properties,2505
12939,topic,Polish Law and Legal System,3320
12940,topic,Structural Engineering and Materials Analysis,2205
12941,topic,Embedded Systems and FPGA Design,2207
12942,topic,Cultural Studies and Postmodernism,3315
12943,topic,COVID-19 Digital Contact Tracing,1710
12944,topic,Animal Nutrition and Health,1110
12945,topic,Quality Function Deployment in Product Design,1405
12946,topic,Fractal and DNA sequence analysis,1312
12947,topic,"Health, psychology, and well-being",3600
12948,topic,Inclusion and Disability in Education and Sport,3312
12949,topic,South Asian Studies and Diaspora,1211
12950,topic,Educational Environments and Student Outcomes,3304
12951,topic,Burkholderia infections and melioidosis,2713
12952,topic,School Leadership and Teacher Performance,3304
12953,topic,Critical Realism in Sociology,3312
12954,topic,Law and Political Science,3308
12955,topic,Atherosclerosis and Cardiovascular Diseases,2403
12956,topic,Asian Geopolitics and Ethnography,3320
12957,topic,"War, Ethics, and Justification",1211
12958,topic,Digital Economy and Transformation,1408
12959,topic,Engineering and Materials Science Studies,2210
12960,topic,Heterotopic Ossification and Related Conditions,2745
12961,topic,Regional Development and Policy,3320
12962,topic,Nephrotoxicity and Medicinal Plants,2741
12963,topic,Anesthesia and Neurotoxicity Research,2806
12964,topic,"Diet, Metabolism, and Disease",2712
12965,topic,Wildlife Conservation and Criminology Analyses,2309
12966,topic,Russian Literature and Bakhtin Studies,3304
12967,topic,Molecular Spectroscopy and Structure,1607
12968,topic,Research on scale insects,1109
12969,topic,Economic and Social Development,3312
12970,topic,"Names, Identity, and Discrimination Research",3312
12971,topic,Material Properties and Processing,2211
12972,topic,German Colonialism and Identity Studies,1208
12973,topic,Synthesis of Indole Derivatives,1605
12974,topic,Modernist Literature and Criticism,1208
12975,topic,Paraoxonase enzyme and polymorphisms,1308
12976,topic,Magnetic and Electromagnetic Effects,1314
12977,topic,Spanish Literature and Culture Studies,1208
12978,topic,Innovative Teaching Methodologies in Social Sciences,3304
12979,topic,Cardiovascular Disease and Adiposity,2705
12980,topic,Family Caregiving in Mental Illness,3203
12981,topic,Conservation Techniques and Studies,1206
12982,topic,Legal principles and applications,3308
12983,topic,Satellite Image Processing and Photogrammetry,2212
12984,topic,Transport and Logistics Innovations,2209
12985,topic,Maritime Security and History,3313
12986,topic,Administrative Law and Governance,3320
12987,topic,Religion and Society in Latin America,3312
12988,topic,Sociology and Education in Brazil,3312
12989,topic,Ocular Disorders and Treatments,1311
12990,topic,Medical History and Innovations,1202
12991,topic,Phytase and its Applications,1110
12992,topic,Metastasis and carcinoma case studies,2740
12993,topic,Psychology of Development and Education,3204
12994,topic,Infrared Thermography in Medicine,2741
12995,topic,Urban Development and Cultural Heritage,3322
12996,topic,Cancer Research and Treatments,1305
12997,topic,Outdoor and Experiential Education,3207
12998,topic,Education and Islamic Studies,3304
12999,topic,Medieval History and Crusades,1202
13000,topic,World Systems and Global Transformations,3320
13001,topic,Restraint-Related Deaths,2711
13002,topic,Southeast Asian Sociopolitical Studies,3320
13003,topic,Regional Development and Environment,3312
13004,topic,Vitamin K Research Studies,2916
13005,topic,Religious Studies and Spiritual Practices,1211
13006,topic,Spanish History and Politics,1202
13007,topic,Economic Sanctions and International Relations,2002
13008,topic,Agricultural Practices and Plant Genetics,1110
13009,topic,Agroforestry and silvopastoral systems,1107
13010,topic,Agriculture and Agroindustry Studies,1100
13011,topic,Latin American rural development,1100
13012,topic,Coenzyme Q10 studies and effects,1312
13013,topic,Free Radicals and Antioxidants,1605
13014,topic,Peace and Human Rights Education,3312
13015,topic,"Botany, Ecology, and Taxonomy Studies",1110
13016,topic,Innovative Educational Technologies,1710
13017,topic,Zygmunt Bauman's Sociology,3312
13018,topic,Seismology and Earthquake Studies,1702
13019,topic,African Studies and Geopolitics,3314
13020,topic,Heat Transfer and Mathematical Modeling,2210
13021,topic,Geology and Environmental Impact Studies,3308
13022,topic,Health and Medical Studies,3600
13023,topic,Synthesis of Organic Compounds,2736
13024,topic,Literary Theory and Cultural Hermeneutics,1208
13025,topic,American History and Culture,1406
13026,topic,Natural Compounds in Disease Treatment,2707
13027,topic,Applied Advanced Technologies,2209
13028,topic,Literature and Culture Studies,1208
13029,topic,South Asian Studies and Conflicts,3320
13030,topic,Survey Sampling and Estimation Techniques,2613
13031,topic,Civil and Structural Engineering Research,2205
13032,topic,COVID-19 Prevention and Impact,3312
13033,topic,Social Sciences and Governance,3322
13034,topic,Information Systems Education and Curriculum Development,1710
13035,topic,Human Rights and Development,3312
13036,topic,Veterinary Practice and Education Studies,3616
13037,topic,Piperaceae Chemical and Biological Studies,3004
13038,topic,Internet of Things and AI,1710
13039,topic,Magnesium Oxide Properties and Applications,2505
13040,topic,"Gender, Education, and Development Issues",3304
13041,topic,Contemporary Social and Economic Issues,3300
13042,topic,Economic and Fiscal Studies,2002
13043,topic,Youth Culture and Social Dynamics,3312
13044,topic,Biofield Effects and Biophysics,2737
13045,topic,Industrial Engineering and Technologies,2210
13046,topic,Electrokinetic Soil Remediation Techniques,2208
13047,topic,Pharmacological Receptor Mechanisms and Effects,1312
13048,topic,Patient Dignity and Privacy,2739
13049,topic,Surface Roughness and Optical Measurements,2206
13050,topic,Oil and Gas Production Techniques,2212
13051,topic,Qualitative Comparative Analysis Research,3312
13052,topic,Molecular Communication and Nanonetworks,2204
13053,topic,SMEs Development and Digital Marketing,3317
13054,topic,Agricultural and Financial Auditing,1100
13055,topic,Global Security and Public Health,3312
13056,topic,Various Academic Research Studies,3304
13057,topic,Asian Industrial and Economic Development,3320
13058,topic,Soil and Land Suitability Analysis,2308
13059,topic,"Religion, Ecology, and Ethics",3312
13060,topic,Adventure Sports and Sensation Seeking,3207
13061,topic,Literacy and Educational Practices,3304
13062,topic,Cognitive Computing and Networks,1702
13063,topic,Education and experiences of immigrants and refugees,3304
13064,topic,Dutch Social and Cultural Studies,3304
13065,topic,Mining Techniques and Economics,2207
13066,topic,Information Society and Technology Trends,3300
13067,topic,Geological Modeling and Analysis,1906
13068,topic,Ancient Mediterranean Archaeology and History,1204
13069,topic,Cocoa and Sweet Potato Agronomy,1108
13070,topic,Cultural Identity and Heritage,1204
13071,topic,Digital Storytelling and Education,3616
13072,topic,Contemporary Christian Leadership and Education,1212
13073,topic,China's Ethnic Minorities and Relations,3312
13074,topic,Global Financial Regulation and Crises,2003
13075,topic,Legal Systems and Judicial Processes,3320
13076,topic,"Torture, Ethics, and Law",3312
13077,topic,Cancer-related cognitive impairment studies,2740
13078,topic,Political and Social Dynamics in Chile and Latin America,3312
13079,topic,Heavy Metals in Plants,1602
13080,topic,Advanced Differential Geometry Research,3103
13081,topic,Digital Education and Society,1710
13082,topic,Water and Land Management,2308
13083,topic,Advanced Text Analysis Techniques,1702
13084,topic,Education during COVID-19 pandemic,3304
13085,topic,"Education, Psychology, and Social Research",3304
13086,topic,Post-Soviet Geopolitical Dynamics,3320
13087,topic,Simone de Beauvoir and Sartre,1211
13088,topic,Legal and Labor Studies,1410
13089,topic,Medieval and Early Modern Iberia,1202
13090,topic,Medicinal Plant Extracts Effects,2707
13091,topic,Human Health and Disease,2735
13092,topic,Environmental Chemistry and Analysis,2304
13093,topic,Electric Power Systems and Control,2208
13094,topic,Mining and Gasification Technologies,2210
13095,topic,Plant-based Medicinal Research,3004
13096,topic,Family and Matrimonial Law,3308
13097,topic,Male Breast Health Studies,2739
13098,topic,Conferences and Exhibitions Management,3312
13099,topic,"Health, Medicine and Society",3600
13100,topic,Comparative Animal Anatomy Studies,2748
13101,topic,Legal and Social Justice Studies,3308
13102,topic,Soil and Environmental Studies,1111
13103,topic,Middle East Politics and Society,3312
13104,topic,Chemical and Physical Properties of Materials,2505
13105,topic,Synthesis and pharmacology of benzodiazepine derivatives,1605
13106,topic,"Neuroscience, Education and Cognitive Function",2805
13107,topic,Congenital limb and hand anomalies,1309
13108,topic,Therapeutic Uses of Natural Elements,3603
13109,topic,Theological Perspectives and Practices,3312
13110,topic,Colorectal and Anal Carcinomas,2746
13111,topic,Nursing care and research,3611
13112,topic,Nutrition and Health Studies,2739
13113,topic,Engineering Technology and Methodologies,2209
13114,topic,Image Processing Techniques and Applications,2214
13115,topic,Axial and Atropisomeric Chirality Synthesis,1605
13116,topic,Heat Transfer and Numerical Methods,2206
13117,topic,Health Education and Validation,3304
13118,topic,Psychological Treatments and Disorders,3203
13119,topic,Philosophy and Social Theory,3312
13120,topic,Nuclear Issues and Defense,3320
13121,topic,Radio Wave Propagation Studies,2202
13122,topic,Linguistics and Cultural Studies,1203
13123,topic,Advances in Oncology and Radiotherapy,2741
13124,topic,Chemical synthesis and alkaloids,1605
13125,topic,Agricultural pest management studies,1110
13126,topic,Scientific Research and Discoveries,3109
13127,topic,Biotin and Related Studies,1307
13128,topic,Chromatography in Natural Products,1602
13129,topic,Material Properties and Applications,2500
13130,topic,Biological and pharmacological studies of plants,2736
13131,topic,Collaborative Teaching and Inclusion,3304
13132,topic,"Hydropower, Displacement, Environmental Impact",3312
13133,topic,Architecture and Art History Studies,1213
13134,topic,Latin American Literature Studies,3316
13135,topic,"Communism, Protests, Social Movements",3312
13136,topic,Community-based Tourism Development and Sustainability,3312
13137,topic,Strategic Planning and Analysis,1408
13138,topic,Legal and Constitutional Studies,2002
13139,topic,Polish Legal and Social Issues,3308
13140,topic,Materials Engineering and Processing,2210
13141,topic,Statistical Methods and Applications,2613
13142,topic,GABA and Rice Research,1110
13143,topic,Child Therapy and Development,3203
13144,topic,Theology and Philosophy of Evil,1211
13145,topic,Crime and Detective Fiction Studies,1208
13146,topic,Sustainable Finance and Green Bonds,2003
13147,topic,Ethics and bioethics in healthcare,2739
13148,topic,Environmental and Air Quality Management,2305
13149,topic,Organizational Change and Leadership,1407
13150,topic,Study and Philosophy of Religion,1211
13151,topic,Business Strategies and Innovation,1408
13152,topic,French Language Learning Methods,3310
13153,topic,Rousseau and Enlightenment Thought,1211
13154,topic,Legal and Regulatory Analysis,3313
13155,topic,Digital Communication and Language,1709
13156,topic,Historical Linguistics and Language Studies,1203
13157,topic,Cancer-related gene regulation,1312
13158,topic,Political and Economic history of UK and US,3320
13159,topic,Structural mechanics and materials,2505
13160,topic,Synthesis and Biological Evaluation,1605
13161,topic,Ideological and Political Education,3304
13162,topic,African Studies and Ethnography,3312
13163,topic,Organizational Learning and Leadership,1407
13164,topic,Quality and Management Systems,1408
13165,topic,Agricultural safety and regulations,1106
13166,topic,Information Science and Libraries,1710
13167,topic,"Historical, Literary, and Cultural Studies",1205
13168,topic,Plant Ecology and Taxonomy Studies,1105
13169,topic,Consumer Perception and Purchasing Behavior,1406
13170,topic,Discrimination and Equality Law,3308
13171,topic,Polymer Science and PVC,2507
13172,topic,Economic Issues in Ukraine,2000
13173,topic,Gender Studies in Language,3318
13174,topic,American and British Literature Analysis,1208
13175,topic,Historical Astronomy and Related Studies,3103
13176,topic,Winter Sports Injuries and Performance,2740
13177,topic,Geological and Geophysical Studies,1907
13178,topic,Theology and Canon Law Studies,1212
13179,topic,"Literature, Culture, and Criticism",1208
13180,topic,Chemistry and Chemical Engineering,2304
13181,topic,Economic and Technological Systems Analysis,1405
13182,topic,Quantum-Dot Cellular Automata,1703
13183,topic,Islanding Detection in Power Systems,2208
13184,topic,Research in Social Sciences,3304
13185,topic,Phytochemistry and Bioactive Compounds,2502
13186,topic,Russia and Soviet political economy,3320
13187,topic,Diffusion and Search Dynamics,1312
13188,topic,Synthesis and bioactivity of alkaloids,1312
13189,topic,Physical Education and Training Studies,3612
13190,topic,Engineering and Environmental Studies,2212
13191,topic,Dispute Resolution and Class Actions,1408
13192,topic,Forensic Fingerprint Detection Methods,3311
13193,topic,Geological Studies and Exploration,1907
13194,topic,ICT in Developing Communities,1710
13195,topic,Medieval Iberian Studies,1205
13196,topic,Political Theory and Influence,3320
13197,topic,Spreadsheets and End-User Computing,1712
13198,topic,"Historical, Religious, and Philosophical Studies",1204
13199,topic,Digestive system and related health,1311
13200,topic,Spacecraft and Cryogenic Technologies,2202
13201,topic,Infectious Encephalopathies and Encephalitis,2725
13202,topic,Pharmacology and Nanomedicine Research,3002
13203,topic,Environmental Changes in China,2306
13204,topic,Competitive and Knowledge Intelligence,1408
13205,topic,Geological and Geophysical Studies Worldwide,1908
13206,topic,Neonatal skin health care,3616
13207,topic,Youth Substance Use and School Attendance,3304
13208,topic,Synthesis of heterocyclic compounds,1605
13209,topic,Cold Fusion and Nuclear Reactions,1906
13210,topic,Historical Turkish Studies,3320
13211,topic,"Memory, Trauma, and Testimony",3205
13212,topic,German Social Sciences and History,3312
13213,topic,Mechanical Failure Analysis and Simulation,2210
13214,topic,Powdery Mildew Fungal Diseases,1110
13215,topic,Global Maritime and Colonial Histories,3314
13216,topic,Artistic and Creative Research,1213
13217,topic,Pigment Synthesis and Properties,1604
13218,topic,Sesame and Sesamin Research,1110
13219,topic,Mind wandering and attention,2805
13220,topic,Plant and Fungal Interactions Research,1310
13221,topic,Biological Activity of Diterpenoids and Biflavonoids,1312
13222,topic,"Caribbean history, culture, and politics",3316
13223,topic,Connective Tissue Growth Factor Research,1312
13224,topic,Sports and Physical Education Research,3612
13225,topic,Polish-Jewish Holocaust Memory Studies,1211
13226,topic,Appreciative Inquiry and Organizational Change,1407
13227,topic,Diverse Global Economic and Educational Challenges,2002
13228,topic,Socioeconomic Development in Asia,3312
13229,topic,Gothic Literature and Media Analysis,3316
13230,topic,Synthesis and Reactivity of Heterocycles,1605
13231,topic,"History, Culture, and Diplomacy",1202
13232,topic,Laser-Ablation Synthesis of Nanoparticles,2204
13233,topic,Occupational Health and Safety Management,3609
13234,topic,advanced mathematical theories,2610
13235,topic,Management Theory and Practice,1407
13236,topic,Geotechnical and construction materials studies,2205
13237,topic,Socio-economic Development and Sustainability,2002
13238,topic,Botanical Studies and Applications,1110
13239,topic,Phosphorus compounds and reactions,1605
13240,topic,Bioeconomy and Sustainability Development,1100
13242,topic,Male Reproductive Health Studies,3600
13243,topic,Innovation in Digital Healthcare Systems,3605
13244,topic,Analysis of environmental and stochastic processes,2308
13245,topic,Samuel Beckett and Modernism,1208
13246,topic,"Agriculture, Plant Science, Crop Management",1110
13247,topic,Local Governance and Planning,3305
13248,topic,Healthcare Technology and Patient Monitoring,2746
13249,topic,Dielectric properties of ceramics,2505
13250,topic,Semiotics and Representation Studies,1208
13251,topic,Electrical and Thermal Properties of Materials,2208
13252,topic,Sex and Gender in Healthcare,2739
13253,topic,Chemical Reactions and Mechanisms,1606
13254,topic,Macrophage Migration Inhibitory Factor,2403
13255,topic,"Business, Innovation, and Economy",2002
13256,topic,Archaeology and Rock Art Studies,3302
13257,topic,Advanced Control and Stabilization in Aerospace Systems,2202
13258,topic,Williams Syndrome Research,2806
13259,topic,American Jewish Fiction Analysis,1208
13260,topic,Linguistics and Language Studies,1203
13261,topic,Elasticity and Wave Propagation,2211
13262,topic,Semiotics and Cultural Interpretation,3203
13263,topic,Building energy efficiency and sustainability,2215
13264,topic,Walter Benjamin Studies Compilation,1211
13265,topic,Synthesis of Tetrazole Derivatives,1605
13266,topic,Indigenous Studies in Latin America,3316
13267,topic,Advanced Theoretical and Applied Studies in Material Sciences and Geometry,2204
13268,topic,Photographic and Visual Arts,1209
13269,topic,Orthoptera Research and Taxonomy,1105
13270,topic,QR Code Applications and Technologies,1710
13271,topic,Ukrainian Legal and Forensic Studies,3320
13272,topic,Psychological Treatments and Assessments,3203
13273,topic,Knowledge Management in Higher Education,3304
13274,topic,Expert finding and Q&A systems,1710
13275,topic,Medical and Health Sciences Research,2739
13276,topic,University-Industry-Government Innovation Models,1405
13277,topic,"Media, Religion, Digital Communication",1211
13278,topic,Economic and Business Development Strategies,2002
13279,topic,Safe Handling of Antineoplastic Drugs,3609
13280,topic,Biomedical and Engineering Education,2204
13281,topic,Andrographolide Research and Applications,2707
13282,topic,Automated Road and Building Extraction,2212
13283,topic,Mental Health Research Topics,3205
13284,topic,Psychology Research and Bibliometrics,3205
13285,topic,Local Governance and Development,3305
13286,topic,Modeling and Simulation Systems,1703
13287,topic,Robotic Process Automation Applications,2209
13288,topic,"Banking, Crisis Management, COVID-19 Impact",1100
13289,topic,Infant Health and Development,3611
13290,topic,Diverse Industrial Engineering Technologies,2209
13291,topic,Political Theory and Democracy,3320
13292,topic,Embedded Systems and FPGA Applications,2208
13293,topic,Engineering and Test Systems,2207
13294,topic,Livestock and Poultry Management,1103
13295,topic,Safety Systems Engineering in Autonomy,2213
13296,topic,Physical Education and Sports Studies,3312
13297,topic,History and advancements in chemistry,1606
13298,topic,Solar Energy Systems and Technologies,2210
13299,topic,Educational Leadership and Administration,3304
13300,topic,Contemporary Social and Educational Issues,3312
13301,topic,Cultural Studies and Interdisciplinary Research,1211
13302,topic,Amazonian Archaeology and Ethnohistory,1202
13303,topic,Asian Culture and Media Studies,3316
13304,topic,Synthesis and Reactivity of Sulfur-Containing Compounds,1605
13305,topic,Teacher Professional Development and Motivation,3304
13306,topic,Geography and Education Methods,3312
13307,topic,Diverse Scientific and Engineering Research,2206
13308,topic,Cybernetics and Technology in Society,1207
13309,topic,Reliability and Agreement in Measurement,1804
13310,topic,Subtitles and Audiovisual Media,1203
13311,topic,Sociology and Cultural Identity Studies,3312
13312,topic,Mechanical and Thermal Properties Analysis,2210
13313,topic,Dupuytren's Contracture and Treatments,2745
13314,topic,Lymphadenopathy Diagnosis and Analysis,2746
13315,topic,Occupational Health and Safety in Workplaces,3609
13316,topic,"Crafts, Textile, and Design",1209
13317,topic,"Media, Communication, and Education",3315
13318,topic,Diverse Scientific Research in Ukraine,2306
13319,topic,Film in Education and Therapy,3605
13320,topic,Ukrainian Cultural and Linguistic Studies,3312
13321,topic,"Radio, Podcasts, and Digital Media",3315
13322,topic,Hibiscus Plant Research Studies,3004
13323,topic,Spinal Hematomas and Complications,2746
13324,topic,Scientific and Engineering Research Topics,3506
13325,topic,Dye analysis and toxicity,1602
13326,topic,Biochemical and Structural Characterization,1312
13327,topic,"Arts, Culture, and Music Studies",3316
13328,topic,Osteomyelitis and Bone Disorders Research,2745
13329,topic,Joseph Conrad and Literature,1208
13330,topic,"Theater, Performance, and Music History",1210
13331,topic,Energy and Environmental Sustainability,2105
13332,topic,"Historical Studies on Reproduction, Gender, Health, and Societal Changes",1202
13333,topic,American Political and Social Dynamics,1202
13334,topic,South Asian Cinema and Culture,1213
13335,topic,Pharmacological Effects of Medicinal Plants,2736
13336,topic,Religious Freedom and Discrimination,3308
13337,topic,Korean Peninsula Historical and Political Studies,3312
13338,topic,Pharmacological Effects and Assays,1103
13339,topic,Landscape and Cultural Studies,1204
13340,topic,Palliative and Oncologic Care,2739
13341,topic,Belt Conveyor Systems Engineering,2210
13342,topic,Art History and Market Analysis,1213
13343,topic,Turkish Urban and Social Issues,3322
13344,topic,Industrial Automation and Control Systems,2207
13345,topic,Advanced Technologies and Applied Computing,1705
13346,topic,Digital Transformation in Financial Services,2000
13347,topic,Christian Theology and Mission,1212
13348,topic,Pancasila Values in Education,3304
13349,topic,Educational Research and Analysis,3304
13350,topic,Myxozoan Parasites in Aquatic Species,1306
13351,topic,Critical Theory and Political Philosophy,3304
13352,topic,International Relations in Latin America,3320
13353,topic,Flow Experience in Various Fields,3204
13354,topic,Genetics and Physical Performance,1311
13355,topic,Marketing and Advertising Strategies,1406
13356,topic,Early Modern Women Writers,1212
13357,topic,Property Rights and Legal Doctrine,3308
13358,topic,Livestock Management and Performance Improvement,1102
13359,topic,Sports Science and Education,1207
13360,topic,Economic and Social Issues,3312
13361,topic,Coconut Research and Applications,1604
13362,topic,Slime Mold and Myxomycetes Research,2204
13363,topic,Soft tissue tumors and treatment,2734
13364,topic,"Digitalization, Law, and Regulation",3308
13365,topic,Medical and Biological Ozone Research,2736
13366,topic,Accounting Theory and Financial Reporting,1402
13367,topic,Cultural and Sociopolitical Studies,1209
13368,topic,University Challenges and Reforms,3304
13369,topic,European and Russian Geopolitical Military Strategies,3320
13370,topic,Diverse Scientific and Economic Studies,2002
13371,topic,Military Defense Systems Analysis,2202
13372,topic,Archaeology and Historical Studies,1204
13373,topic,Data Mining and Machine Learning Applications,1710
13374,topic,Hematological disorders and diagnostics,2711
13375,topic,Integrated Water Resources Management,2312
13376,topic,Criminal Law and Policy,3312
13377,topic,Ecosystem dynamics and resilience,2306
13378,topic,Agricultural Development and Policies,1102
13379,topic,"Multiculturalism, Politics, Migration, Gender",3320
13380,topic,Sound Studies and Aurality,3205
13381,topic,Heart rate and cardiovascular health,2705
13382,topic,Robotics and Automated Systems,2207
13383,topic,Tumors and Oncological Cases,2734
13384,topic,Regional Economic Development and Innovation,1408
13385,topic,Infectious Diseases and Mycology,3404
13386,topic,Educational Methods and Teacher Development,1710
13387,topic,"Politics, Economics, and Education Policy",2002
13388,topic,Rangeland and Wildlife Management,2303
13389,topic,German Economic Analysis & Policies,2002
13390,topic,Cultural and Social Dynamics,1110
13391,topic,Innovations in Aquaponics and Hydroponics Systems,1104
13392,topic,History of Education in Spain,1202
13393,topic,Child Nutrition and Feeding Issues,2738
13394,topic,"Ecology, Conservation, and Geographical Studies",2309
13395,topic,"Education, Leadership, and Health Research",3304
13396,topic,Agriculture and Rural Development Research,1105
13397,topic,Hallucinations in medical conditions,2805
13398,topic,Data Analysis with R,1702
13399,topic,Unemployment and Economic Growth,2002
13400,topic,Mathematical and Theoretical Analysis,2610
13401,topic,Social and Cultural Studies,3312
13402,topic,Business Strategy and Innovation,1408
13403,topic,Higher Education in Latin America,3304
13404,topic,Geological and Tectonic Studies in Latin America,1908
13405,topic,Educational Assessment and Improvement,1802
13406,topic,Human Resources and Workforce,3311
13407,topic,Regional Development and Management Studies,2002
13408,topic,Corporate Law and Human Rights,1407
13409,topic,Paleopathology and ancient diseases,1204
13410,topic,Immune responses and vaccinations,2403
13411,topic,Labor Market and Education,2002
13412,topic,Education and Technology Integration,3304
13413,topic,Cultural and Historical Studies,1213
13414,topic,Radioactive Decay and Measurement Techniques,3108
13415,topic,Calcium signaling and nucleotide metabolism,1314
13416,topic,Educational Theory and Curriculum Studies,3312
13417,topic,Biomedical Ethics and Regulation,2737
13418,topic,Photocathodes and Microchannel Plates,2204
13419,topic,Ego Development and Educational Practices,3203
13420,topic,Arduino and IoT Applications,2208
13421,topic,"Contemporary art, education, critique",3316
13422,topic,Phytochemistry and biological activities of Ficus species,1110
13423,topic,Social Policies and Healthcare Reform,3600
13424,topic,"Ukraine: War, Education, Health",2306
13425,topic,Rural and Ethnic Education,3304
13426,topic,Kruppel-like factors research,1312
13427,topic,Latin American Literature Analysis,1208
13428,topic,Anarchism and Radical Politics,3312
13429,topic,Electricity Theft Detection Techniques,2208
13430,topic,Lipid metabolism and disorders,2705
13431,topic,Education Methods and Integration,1407
13432,topic,Environmental Sustainability and Technology,2308
13433,topic,Short Stories in Global Literature,1208
13434,topic,Cancer Research and Treatment,2730
13435,topic,Animal and Plant Science Education,3207
13436,topic,Space Technology and Applications,2208
13437,topic,Mechanisms of cancer metastasis,1312
13438,topic,Environmental Conservation and Management,2308
13439,topic,Transport and Economic Policies,1408
13440,topic,Electromagnetic Effects on Materials,2208
13441,topic,Ottoman Empire History and Society,3312
13442,topic,Geochemistry and Geochronology of Asian Mineral Deposits,2002
13443,topic,Mineralogy and Gemology Studies,1906
13444,topic,Medical Research and Treatments,2707
13445,topic,American Constitutional Law and Politics,3320
13446,topic,"Antioxidants, Aging, Portulaca oleracea",2804
13447,topic,Educational and Psychological Assessments,3204
13448,topic,Indigenous Cultures and Socio-Education,3316
13449,topic,Organizational Management and Change,1407
13450,topic,Turkish Literature and Culture,1208
13451,topic,Mechanical Engineering Research and Applications,2210
13452,topic,GDF15 and Related Biomarkers,2745
13453,topic,Alkaline Phosphatase Research Studies,2712
13454,topic,Phenothiazines and Benzothiazines Synthesis and Activities,1312
13455,topic,"Decadence, Literature, and Society",3312
13456,topic,"Religion, Society, and Development",3312
13457,topic,"Dental Education, Practice, Research",3600
13458,topic,Astronomical and nuclear sciences,3106
13459,topic,Public Administration and Political Analysis,3320
13460,topic,Historical Studies in Latin America,3317
13461,topic,Vladimir Nabokov Literary Studies,3316
13462,topic,Spanish Philosophy and Literature,1211
13463,topic,Nanoporous metals and alloys,2505
13464,topic,Higher Education and Sustainability,3304
13465,topic,"Graphite, nuclear technology, radiation studies",2505
13466,topic,Comparative Literary Analysis and Criticism,1208
13467,topic,Drug-Induced Ocular Toxicity,2731
13468,topic,Educational Research and Science Teaching,1100
13469,topic,"Environmental, Ecological, and Cultural Studies",3312
13470,topic,Surface Treatment and Coatings,2210
13471,topic,Cognitive Functions and Memory,3205
13472,topic,Brazilian History and Foreign Policy,2002
13473,topic,Economic Zones and Regional Development,2000
13474,topic,Autobiographical and Biographical Writing,1208
13475,topic,Digital Transformation in Law,2000
13476,topic,Indonesian Election Politics and Participation,3320
13477,topic,Sustainable Design and Development,2215
13478,topic,Agricultural Development and Management,1100
13479,topic,Food Science and Nutritional Studies,2916
13480,topic,Innovations and Analysis in Business and Education,1803
13481,topic,Neurological diseases and metabolism,2808
13482,topic,Engineering Education and Technology,1710
13483,topic,Herbal Medicine Research Studies,2707
13484,topic,German History and Society,1202
13485,topic,Marine and Coastal Ecosystems,2303
13486,topic,"Literature, Magical Realism, García Márquez",1208
13487,topic,Statistical and numerical algorithms,2604
13488,topic,Sports and Physical Education Studies,3319
13489,topic,Synthesis of β-Lactam Compounds,1605
13490,topic,Aquatic Ecosystems and Biodiversity,2303
13491,topic,Social and Political Issues,3312
13492,topic,"Science, Technology, and Education in Latin America",3317
13493,topic,Optical and Acousto-Optic Technologies,3107
13494,topic,Military History and Strategy,3320
13495,topic,Biographical and Historical Analysis,1202
13496,topic,Advertising and Communication Studies,3315
13497,topic,Hermeneutics and Narrative Identity,1211
13498,topic,Economic Development and Digital Transformation,2000
13499,topic,Economic Systems and Logistics Management,2000
13500,topic,Probability and Statistical Research,2613
13501,topic,Legal Issues in Turkey,3320
13502,topic,Community and Sustainable Development,3304
13503,topic,"Gender, Health, and Social Inequality",3312
13504,topic,African history and culture analysis,3320
13505,topic,Apelin-related biomedical research,2736
13506,topic,Botanical Research and Chemistry,1105
13507,topic,"Literature, Politics, and Exile Studies",2306
13508,topic,Agricultural Economics and Practices,1100
13509,topic,Accounting and Financial Management,1402
13510,topic,Nostalgia and Consumer Behavior,3207
13511,topic,Geodetic Measurements and Engineering Structures,2205
13512,topic,Spatial and Cultural Studies,3305
13513,topic,Urban and sociocultural dynamics,3322
13514,topic,Experience-Based Knowledge Management,1702
13515,topic,Cultural and Communication Design Research,1209
13516,topic,Publishing and Scholarly Communication,1207
13517,topic,Environmental and Industrial Safety,2305
13518,topic,Architecture and Computational Design,2216
13519,topic,Historical Architecture and Urbanism,1202
13520,topic,Architectural and Urban Studies,1206
13521,topic,Psychosocial Factors Impacting Youth,3312
13522,topic,Cardiovascular Health and Risk Factors,2705
13523,topic,"Mathematics, Computing, and Information Processing",1703
13524,topic,Venezuelan Migration and Society,3306
13525,topic,Cambodian History and Society,3312
13526,topic,14-3-3 protein interactions,1312
13527,topic,Transportation Systems and Logistics,2205
13528,topic,Water Resources and Governance,3308
13529,topic,Education Systems and Policies,1405
13530,topic,Climate Change and Environmental Impact,2306
13531,topic,Surface and Thin Film Phenomena,3107
13532,topic,Education Systems and Policy,3304
13533,topic,Medical Case Reports and Studies,2746
13534,topic,"Migration, Identity, and Health",3312
13535,topic,Wireless Sensor Networks and IoT,2207
13536,topic,Psychological and Temporal Perspectives Research,3205
13537,topic,"German legal, social, and political studies",3312
13538,topic,Linguistics and Language Analysis,1203
13539,topic,thermodynamics and calorimetric analyses,1606
13540,topic,Animal Diversity and Health Studies,1106
13541,topic,IoT-based Control Systems,1706
13542,topic,"Grit, Self-Efficacy, and Motivation",3207
13543,topic,Oropharyngeal Anatomy and Pathologies,2745
13544,topic,Women's cancer prevention and management,2739
13545,topic,Philosophical and Theoretical Analysis,1211
13546,topic,Census and Population Estimation,2613
13547,topic,Economic and Industrial Development,2002
13548,topic,Environmental and biological studies,2303
13549,topic,Minority Rights and Languages,3320
13550,topic,Diverse Applied Research Studies,3312
13551,topic,Biochemical effects in animals,2737
13552,topic,Advanced Materials Characterization Techniques,2204
13553,topic,Age of Information Optimization,1705
13554,topic,Brazilian cultural history and politics,3312
13555,topic,"Healthcare cost, quality, practices",3600
13556,topic,Historical Influence and Diplomacy,3320
13557,topic,Environmental and sustainability education,2308
13558,topic,"Philosophy, Science, and History",1207
13559,topic,Edcuational Technology Systems,1702
13560,topic,Socioeconomic Development in MENA,3312
13561,topic,Chemical Reactions and Isotopes,3003
13562,topic,Cruise Tourism Development and Management,3313
13563,topic,Chemical Analysis and Environmental Impact,2307
13564,topic,Education and Public Policy,3320
13565,topic,Education and Learning Interventions,1710
13566,topic,Global Educational Reforms and Inequalities,3317
13567,topic,AI and Multimedia in Education,1702
13568,topic,Wood and Agarwood Research,1605
13569,topic,Microscopic Colitis,2713
13570,topic,Historical Education Studies Worldwide,3304
13571,topic,"Corporeality, Perception, and Education",1200
13572,topic,German Security and Defense Policies,3320
13573,topic,"Government, Law, and Information Management",3308
13574,topic,Family Support in Illness,3312
13575,topic,Travel Writing and Literature,1202
13576,topic,"Cyprus History, Politics, Society",3312
13577,topic,Sephardic Jews and Inquisition Studies,1202
13578,topic,Stonefly species taxonomy and ecology,2212
13579,topic,Image and Video Stabilization,1707
13580,topic,Management and Performance Evaluation,1407
13581,topic,New Caledonia Indigenous Studies,3312
13582,topic,"Stalking, Cyberstalking, and Harassment",3312
13583,topic,Jury Decision Making Processes,3308
13584,topic,Coal Combustion and Slurry Processing,2210
13585,topic,Technostress in Professional Settings,3207
13586,topic,"HIV, TB, and STIs Epidemiology",3300
13587,topic,Q Methodology Applications,1803
13588,topic,Regional resilience and development,2002
13589,topic,Literary and Cultural Studies,3312
13590,topic,"Oral History, Memory, Narrative Analysis",1202
13591,topic,Pasture and Agricultural Systems,1107
13592,topic,Advanced Scientific Techniques and Applications,2308
13593,topic,Historical and Archaeological Studies,1202
13594,topic,Healthcare innovation and challenges,3304
13595,topic,Archaeology and Cultural Heritage,3316
13596,topic,"Grouting, Rheology, and Soil Mechanics",2205
13597,topic,Medicine and Dermatology Studies History,2708
13598,topic,Political Developments and Conflicts,3320
13599,topic,Architecture and Cultural Influences,1204
13600,topic,Science Education and Perceptions,3204
13601,topic,Urban Transport Systems Analysis,2205
13602,topic,Educational Methods and Media Use,1710
13603,topic,Corporate Social Responsibility and Sustainability,1407
13604,topic,"Adsorption, diffusion, and thermodynamic properties of materials",1607
13605,topic,"Homicide, Infanticide, and Child Abuse",3312
13606,topic,Umberto Eco and Semiotics,1203
13607,topic,Academic Publishing and Open Access,1802
13608,topic,Advanced Computational Techniques in Science and Engineering,1710
13609,topic,"Economic, Social, and Public Health Issues in Russia and Globally",1803
13610,topic,"Society, Economy, and Ethics Research",3312
13611,topic,"Education, Management, Technology, Human Resources",1802
13612,topic,Advanced Scientific and Engineering Studies,1803
13613,topic,"Health, Education, and Cultural Studies",3312
13614,topic,Social and Economic Solidarity,3312
13615,topic,Transportation Systems and Safety,1704
13616,topic,"Governance, Compliance, and Sustainability",1408
13617,topic,"Gender, Violence, Rights in Latin America",3312
13618,topic,Regional Socio-Economic Development Trends,3317
13619,topic,Geotechnical and Geomechanical Engineering,2211
13620,topic,Education for Peace and Conflict Resolution,3312
13621,topic,Ancient and Medieval Archaeology Studies,1204
13622,topic,Historical and Environmental Studies,3312
13623,topic,Linguistic Studies and Language Acquisition,1702
13624,topic,Social Sciences and Policies,3300
13625,topic,Journalism and Media Studies,3315
13626,topic,Educational and Organizational Development,1407
13627,topic,Cultural and Educational Studies,3304
13628,topic,Agricultural Productivity and Crop Improvement,1102
13629,topic,Text Readability and Simplification,1702
13630,topic,Agriculture Market Analysis Ukraine,1100
13631,topic,"Global History, Politics, and Ideology",3312
13632,topic,Marriage and Sexual Relationships,3312
13633,topic,Public Health and Social Inequalities,3306
13634,topic,Middle East and Rwanda Conflicts,3312
13635,topic,Philosophy and Education Pedagogy,3306
13636,topic,Pentecostalism and Christianity Studies,1212
13637,topic,Calpain Protease Function and Regulation,1307
13638,topic,Human auditory perception and evaluation,2202
13639,topic,Paraquat toxicity studies and treatments,2746
13640,topic,Ranque-Hilsch vortex tube,2210
13641,topic,Historical Studies and Socio-cultural Analysis,1207
13642,topic,Organizational Downsizing and Restructuring,1407
13643,topic,Artificial Intelligence in Law,3320
13644,topic,Control Systems in Engineering,2210
13645,topic,Thermodynamic and Structural Properties of Metals and Alloys,2210
13646,topic,Qur’anic Interpretation Studies,3304
13647,topic,AI and Big Data Applications,1710
13648,topic,Cerebrovascular and genetic disorders,2728
13649,topic,Advanced Synthetic Organic Chemistry,1605
13650,topic,Computational Physics and Python Applications,1702
13651,topic,Medicinal Plants and Bioactive Compounds,1312
13652,topic,Education and Social Development in Ukraine,3304
13653,topic,"Commonwealth, Australian Politics and Federalism",3320
13654,topic,Urban Planning and Landscape Design,2308
13655,topic,Canadian Policy and Governance,3320
13656,topic,"Science, Research, and Medicine",2743
13657,topic,Aortic Thrombus and Embolism,2740
13658,topic,Education and Professional Development,3304
13659,topic,Ombudsman and Human Rights,3312
13660,topic,Philosophical and Historical Studies,3312
13661,topic,Reformed Theology and Governance,1211
13662,topic,Qualitative research in health,3304
13663,topic,"Sustainability, Environment, and Optimization Algorithms",2312
13664,topic,Genome Rearrangement Algorithms,1311
13665,topic,Legal and cultural studies analysis,3314
13666,topic,Postmodernism in Literature and Education,1208
13667,topic,French Literature and Criticism,1208
13668,topic,Agricultural and Rural Development Research,1107
13669,topic,China's Global Influence and Migration,3314
13670,topic,Ziziphus Jujuba Studies and Applications,1106
13671,topic,Philosophy and Phenomenology Studies,3300
13672,topic,Thomas Hardy Literature Studies,1208
13673,topic,Library Science and Information,1710
13674,topic,Computer Science and Engineering,1702
13675,topic,Diffusion Coefficients in Liquids,1607
13676,topic,Educational and Technological Research,1710
13677,topic,Magnolia and Illicium research,2742
13678,topic,Agricultural Research and Practices,1100
13679,topic,Tardigrade Biology and Ecology,1105
13680,topic,"Education, Psychology, and Complexity Research",2613
13681,topic,Engineering and Information Technology,1712
13682,topic,Engineering Education and Pedagogy,2216
13683,topic,"Architecture, Art, Education",1213
13684,topic,Political Dynamics in Latin America,3320
13685,topic,Material Science and Thermodynamics,2210
13687,topic,Extractivism and Socioeconomic Issues,3312
13688,topic,Shallot Cultivation and Analysis,1110
13689,topic,Underground infrastructure and sustainability,2215
13690,topic,Quality and Safety in Healthcare,3607
13691,topic,"Energy, Environment, Agriculture Analysis",2105
13692,topic,Italian Social Issues and Migration,3312
13693,topic,Smart Systems and Machine Learning,1705
13694,topic,Immigration Law and Human Rights,3322
13695,topic,"Aging, Elder Care, and Social Issues",3600
13696,topic,Technology's Impact on Media,1802
13697,topic,Biliary and Gastrointestinal Fistulas,2740
13698,topic,"Education, Politics, and Culture Studies",3312
13699,topic,Public Spaces through Art,3322
13700,topic,Gender Studies and Social Issues,3318
13701,topic,Psycholinguistics and Behavioral Studies,3304
13702,topic,Machine Learning in Healthcare,1702
13703,topic,Attention Economy in Education and Business,1408
13704,topic,French Literature and Poetry,1208
13705,topic,Australian Indigenous Culture and History,3314
13706,topic,Management and Optimization Techniques,1408
13707,topic,"Literature, Language, and Rhetoric Studies",3312
13708,topic,History of Emotions Research,1202
13709,topic,Education in Diverse Contexts,3304
13710,topic,European and International Law Studies,3320
13711,topic,Environmental Science and Technology,1303
13712,topic,Kantian Philosophy and Modern Interpretations,1211
13713,topic,Diverse Perspectives in Modern Studies,2002
13714,topic,Medieval Architecture and Archaeology,1204
13715,topic,Power Line Inspection Robots,2210
13716,topic,Communication Studies and Media,3315
13717,topic,Advanced Algorithms and Applications,2207
13718,topic,Media Influence and Politics,3312
13719,topic,Phytochemistry and Bioactivity Studies,3004
13720,topic,Benford’s Law and Fraud Detection,2613
13721,topic,Political Science Research and Education,3320
13722,topic,Ergonomics and Human Factors,2204
13724,topic,Humanities and Social Sciences,3312
13725,topic,Pineapple and bromelain studies,1312
13726,topic,International Science and Diplomacy,3320
13727,topic,Linguistic and Sociocultural Studies,3310
13728,topic,"Crime, Deviance, and Social Control",3312
13729,topic,Korean Urban and Social Studies,2308
13730,topic,"Martial Arts: Techniques, Psychology, and Education",3311
13731,topic,Advanced Computing and Algorithms,3322
13732,topic,"Aerospace, Electronics, Mathematical Modeling",2309
13733,topic,Moravian Church and William Blake,1208
13734,topic,Advanced Computational Techniques and Applications,1702
13735,topic,History of Medical Practice,2728
13736,topic,Steroid Chemistry and Biochemistry,1312
13737,topic,Critical and Liberation Pedagogy,3304
13738,topic,Congenital Ear and Nasal Anomalies,2716
13739,topic,Medieval and Early Modern Justice,3320
13740,topic,Soil Science and Environmental Management,1111
13741,topic,Cross-Cultural and Social Analysis,3314
13742,topic,Metallurgy and Cultural Artifacts,3302
13743,topic,Italian Literature and Culture,1200
13744,topic,Financial Literacy and Behavior,1402
13745,topic,Media and Digital Communication,1705
13746,topic,Mechanical Systems and Engineering,2105
13747,topic,Sociopolitical Dynamics in Russia,3312
13748,topic,Advanced Statistical Modeling Techniques,1705
13749,topic,"Hungarian Social, Economic and Educational Studies",3305
13750,topic,"Mormonism, Religion, and History",1202
13751,topic,Diverse Approaches in Healthcare and Education Studies,2739
13752,topic,Mechanics and Biomechanics Studies,2204
13753,topic,Diverse multidisciplinary academic research,3316
13754,topic,Central European and Russian historical studies,3320
13755,topic,Global socioeconomic and cultural dynamics,3305
13756,topic,International Environmental Law and Policies,2308
13757,topic,Graphic Design and Typography,1207
13758,topic,Energy Law and Policy,1802
13759,topic,Medical Imaging and Pathology Studies,2740
13760,topic,"Finance, Taxation, and Governance",2308
13761,topic,HIV/AIDS oral health manifestations,2739
13762,topic,Education and Labor Relations,3320
13763,topic,Historical Legal Studies and Society,3320
13764,topic,Political theory and Gramsci,3312
13765,topic,Social Science and Policy Research,3300
13766,topic,"Media, Journalism, and Communication History",1202
13767,topic,Leech Biology and Applications,2736
13768,topic,Oral and gingival health research,3611
13769,topic,Fusion and Plasma Physics Studies,3109
13770,topic,Pediatric health and respiratory diseases,3604
13771,topic,Advanced Research in Science and Engineering,2611
13772,topic,Geomechanics and Mining Engineering,2211
13773,topic,International Labor and Employment Law,3320
13774,topic,Citizenship Education and Democracy,3304
13775,topic,Hydrogen's biological and therapeutic effects,2746
13776,topic,Phytochemical and Pharmacological Studies,2707
13777,topic,Cognitive and psychological constructs research,3207
13778,topic,Comparative and World Literature,1208
13779,topic,Cancer Mechanisms and Therapy,2734
13780,topic,Diverse Education Studies and Reforms,3304
13781,topic,Coleoptera: Cerambycidae studies,1105
13782,topic,Transactional Analysis in Psychotherapy,3203
13783,topic,"Feminism, Gender, and Intersectionality",3312
13784,topic,Jewish Identity and Society,3317
13785,topic,Aquatic and Environmental Studies,1904
13786,topic,Diverse Academic Research Studies,3316
13787,topic,"Globalization, Historical Perspectives, and International Relations",3312
13788,topic,Cultural Identity and Representation,1211
13789,topic,Global Education Systems and Policies,3304
13790,topic,Waste Management and Environmental Impact,2210
13791,topic,Veterinary medicine and infectious diseases,3404
13792,topic,Morinda citrifolia extract uses,2707
13793,topic,Environmental and Analytical Chemistry Studies,2312
13794,topic,Financial Reporting and XBRL,1404
13795,topic,"Language, Communication, and Linguistic Studies",3315
13796,topic,Neurological Disorders and Treatments,2808
13797,topic,Probabilistic Statistics in Medicine,2613
13798,topic,Hops Chemistry and Applications,3004
13799,topic,Media and Communication Studies,3315
13800,topic,Earthquake and Disaster Impact Studies,3313
13801,topic,Urban Arborization and Environmental Studies,2308
13802,topic,Vietnamese History and Culture Studies,3312
13803,topic,Organizational Strategy and Culture,1407
13804,topic,Physical Activity and Education Research,2312
13805,topic,Adolescent Health and Behaviors,3600
13806,topic,Mathematical and Computational Methods,2611
13807,topic,Cultural Insights and Digital Impacts,1705
13808,topic,Construction Engineering and Safety,2205
13809,topic,"Philosophy, Health, and Society",2736
13810,topic,Legal Systems and Institutions,1408
13811,topic,Earth Systems and Cosmic Evolution,1902
13812,topic,AI and HR Technologies,1407
13813,topic,Oral and Craniofacial Lesions,3616
13814,topic,Cultural and political discourse analysis,3310
13815,topic,Islamic Thought and Society Studies,1212
13816,topic,Advanced Signal Processing Techniques,2208
13817,topic,"Tannin, Tannase and Anticancer Activities",2402
13818,topic,Cultural Studies and Colonialism,1212
13819,topic,Collaborative and Sustainable Housing Initiatives,3322
13820,topic,SAS software applications and methods,2204
13821,topic,Coaching Methods and Impact,3202
13822,topic,Indigenous Health and Education,3600
13823,topic,Religious and Theological Studies,3312
13824,topic,National Identity and Symbolism,3312
13825,topic,Economic Policies and Impacts,2002
13826,topic,"Bangladesh Politics, Society, and Development",3320
13827,topic,Mechatronics Education and Applications,2210
13828,topic,Natural Products and Biological Research,2746
13829,topic,"Health, Work, and Social Studies in Poland",3207
13830,topic,Educational Curriculum and Learning Methods,3304
13831,topic,Archaeological and Geological Studies,1204
13832,topic,Advanced Decision-Making Techniques,1710
13833,topic,Ferrocene Chemistry and Applications,1605
13834,topic,Whipple's Disease and Interleukins,2734
13835,topic,"Educational, Social, and Political Issues",3312
13836,topic,Educational Research and Pedagogy,1705
13837,topic,Diverse Cultural and Social Studies,1208
13838,topic,Plant and soil sciences,1100
13839,topic,"Tourism, Volunteerism, and Development",3317
13840,topic,Chemical Safety and Risk Management,1504
13841,topic,Psychology of Social Influence,3312
13842,topic,Intellectual Property Law,3308
13843,topic,African Sexualities and LGBTQ+ Issues,3312
13844,topic,Higher Education Learning Practices,3304
13845,topic,Classical Studies and Legal History,1202
13846,topic,Mangiferin and Mango Extracts,2707
13847,topic,Literature Analysis and Criticism,2735
13848,topic,Ottoman and Turkish Studies,1202
13849,topic,Enterobacteriaceae and Cronobacter Research,1310
13850,topic,Night-time city culture,3322
13851,topic,"Law, AI, and Intellectual Property",1702
13852,topic,Seismic and Structural Analysis of Tall Buildings,2205
13853,topic,Teacher Education and Assessments,3304
13854,topic,Historical Geography and Cartography,3305
13855,topic,Aerospace Engineering and Control Systems,2202
13856,topic,Advanced Power Generation Technologies,2208
13857,topic,Mining and Industrial Processes,1106
13858,topic,Technical Engine Diagnostics and Monitoring,2203
13859,topic,Organic Chemistry Synthesis Methods,1605
13860,topic,Arts and Performance Studies,1213
13861,topic,Health and Lifestyle Studies,3600
13862,topic,"Soil, Finite Element Methods",2211
13863,topic,Cultural History and Identity Formation,1202
13864,topic,Indigenous Cultures and History,3314
13865,topic,Nationalism and Cultural Identity,3305
13866,topic,Occupational health in dentistry,3607
13867,topic,Economic Growth and Development,1710
13868,topic,Afro-Latin American Studies,3316
13869,topic,Ocular and Laser Science Research,2731
13870,topic,Environmental and Ecological Studies,2105
13871,topic,Melamine detection and toxicity,1106
13872,topic,Vocational and Entrepreneurial Education,3304
13873,topic,Educational Methods and Technology,1710
13874,topic,Information Architecture and Usability,1710
13875,topic,Legal Studies and Reforms,3320
13876,topic,Chemical synthesis and pharmacological studies,1605
13877,topic,Law in Society and Culture,3308
13878,topic,Case Reports on Hematomas,2746
13879,topic,Indigenous Peoples' Rights and Law,3308
13880,topic,Innovative Education Methods and Tools,1804
13881,topic,Sociology and Norbert Elias,3312
13882,topic,Research studies in Vietnam,2303
13883,topic,Child and Adolescent Health,3600
13884,topic,Educational Leadership and Practices,3304
13885,topic,Geophysics and Sensor Technology,2212
13886,topic,Operations Management Techniques,1803
13887,topic,Augustinian Studies and Theology,1211
13888,topic,Social Policies and Family,3312
13889,topic,Advanced Materials and Semiconductor Technologies,2505
13890,topic,Remote Sensing and Land Use,1902
13891,topic,Engineering Diagnostics and Reliability,2211
13892,topic,Aquatic life and conservation,1104
13893,topic,Sustainable Development and Policies,2308
13894,topic,Indian Economic and Social Development,2002
13895,topic,Educational Leadership and Innovation,3304
13896,topic,Health Services Management and Policy,3600
13897,topic,Historical Economic and Legal Thought,3320
13898,topic,Diverse Interdisciplinary Research Studies,1702
13899,topic,Agricultural Systems and Practices,1105
13900,topic,Contemporary and Historical Greek Studies,3312
13901,topic,State Capitalism and Financial Governance,1408
13902,topic,Indian History and Philosophy,1211
13903,topic,Innovative Educational Techniques,3304
13904,topic,Artificial Intelligence Applications,1702
13905,topic,Telecommunications and Broadcasting Technologies,2214
13906,topic,Social Issues and Policies,3311
13907,topic,Social Issues and Sustainability,3316
13908,topic,Scientific and Historical Analyses,1211
13909,topic,Environmental Quality and Pollution,2303
13910,topic,Computational and Text Analysis Methods,3300
13911,topic,"Employment, Labor, and Gender Studies",3311
13912,topic,"Language, Linguistics, Cultural Analysis",1203
13913,topic,Blockchain Technology in Education and Learning,1710
13914,topic,European Cultural and National Identity,3312
13915,topic,Public Health in Brazil,3312
13916,topic,Environmental Policies and Emissions,2310
13917,topic,Engineering and Material Science Research,2500
13918,topic,Advanced Data and IoT Technologies,2208
13919,topic,Medicinal plant effects and applications,2707
13920,topic,Urban Planning and Valuation,2308
13921,topic,Biological Stains and Phytochemicals,2736
13922,topic,Historical Art and Culture Studies,1209
13923,topic,Nuclear and radioactivity studies,2213
13924,topic,Internet of Things and Social Network Interactions,1705
13925,topic,Offshore Engineering and Technologies,2212
13926,topic,"Feminism, Gender, and Sexuality Studies",3318
13927,topic,Cyberloafing and Workplace Behavior,3317
13928,topic,Advanced Sensor Technologies Research,2204
13929,topic,Educational Outcomes and Influences,3304
13930,topic,Diverse Education and Engineering Focus,3304
13931,topic,Philosophy and Historical Thought,1211
13932,topic,"Education, Technology, and Economics",1710
13933,topic,Whitehead's Philosophy and Applications,2308
13934,topic,Indigenous Knowledge Systems and Agriculture,1110
13935,topic,Mathematical Control Systems and Analysis,1702
13936,topic,Physical Education and Gymnastics,3304
13937,topic,"Genetics, Bioinformatics, and Biomedical Research",1312
13938,topic,Historical and Contemporary Political Dynamics,1202
13939,topic,Archaeology and Natural History,3314
13940,topic,Philosophy and Literary Analysis,1211
13941,topic,Geotechnical and Mining Engineering,2205
13942,topic,International Human Rights and Reproductive Law,3320
13943,topic,Beetle Biology and Toxicology Studies,1306
13944,topic,Psychiatric care and mental health services,3203
13945,topic,"Legal, Health, Environmental and COVID-19 Challenges",2739
13946,topic,Musculoskeletal Disorders and Rehabilitation,2742
13947,topic,Media Discourse and Social Analysis,3312
13948,topic,Gender and Women's Rights,3320
13949,topic,Belt and Road Initiative,2002
13950,topic,Collembola Taxonomy and Ecology Studies,1105
13951,topic,Fluid dynamics and aerodynamics studies,2206
13952,topic,Information Technology and Learning,3304
13953,topic,Digital Imaging in Medicine,2739
13954,topic,Aerospace Engineering and Applications,2207
13955,topic,Evaluation Methods in Various Fields,2302
13956,topic,Sociopolitical Dynamics in Nepal,3317
13957,topic,Corporate Governance and Financial Management,1408
13958,topic,"Education, Innovation and Language Studies",3304
13959,topic,"Swearing, Euphemism, Multilingualism",3315
13960,topic,"Dietetics, Nutrition, and Education",3605
13961,topic,Socioeconomics of Resources and Conservation,2002
13962,topic,Omental and Epiploic Conditions,2745
13963,topic,Organizational Management and Leadership,1405
13964,topic,Educational Technology and Optimization,1710
13965,topic,Laser and Thermal Forming Techniques,2206
13966,topic,Neurological and metabolic disorders,2712
13967,topic,"Conservation, Ecology, Wildlife Education",2308
13968,topic,Contemporary Cultural and Social Studies,3207
13969,topic,Flooding and Environmental Impact,3312
13970,topic,Pharmacy and Medical Practices,3004
13971,topic,Synthesis and Biological Activity,1306
13972,topic,Business Law and Ethics,1402
13973,topic,"Catholicism, Bioethics, Media, Education",3311
13974,topic,"Health, Education, and Aging",3306
13975,topic,"Energy, Economy, and Technology Trends",2105
13976,topic,Web visibility and informetrics,1710
13977,topic,Geography and Environmental Studies in Latin America,3305
13978,topic,Foreign Language Teaching Methods,3304
13979,topic,Communication and COVID-19 Impact,3315
13980,topic,Alexander von Humboldt Studies,2404
13981,topic,"Violence, Education, and Gender Studies",3304
13982,topic,Social Movements and Cultural Identity,3312
13983,topic,Cybersecurity and Information Systems,1705
13984,topic,"Nutrition, Genetics, and Disease",1311
13985,topic,Enterprise Management and Information Systems,1405
13986,topic,Medical Practices and Rehabilitation,3612
13987,topic,Child Development and Education,3304
13988,topic,Public Administration and Governance,3320
13989,topic,Labour Market and Migration,3318
13990,topic,Engine and Fuel Emissions,2203
13991,topic,Nuclear Receptors and Signaling,2804
13992,topic,Cynara cardunculus studies,1110
13993,topic,Historical Geopolitical and Social Dynamics,3320
13994,topic,The Impact of Diversity and Innovation on Society,3312
13995,topic,Globalization and political ideologies,3320
13996,topic,Diverse Musicological Studies,1210
13997,topic,Scientific Research and Studies,2306
13998,topic,"History, Medicine, and Leadership",3320
13999,topic,Digital Rights Management and Security,1710
14000,topic,"Cultural, Social, and Media Studies",3312
14001,topic,Evelyn Waugh and Hans Urs von Balthasar Studies,1208
14002,topic,"Art, Technology, and Culture",1213
14003,topic,Labor Law and Work Dynamics,3320
14004,topic,History and Cultural Heritage,3316
14005,topic,Eastern European Communism and Reforms,3312
14006,topic,"Linguistics, Language Diversity, and Identity",1203
14007,topic,Indigenous and Place-Based Education,3304
14008,topic,Balkan and Eastern European Studies,2002
14009,topic,Ecology and Conservation Studies,1110
14010,topic,Food Industry and Aquatic Biology,1106
14011,topic,Elevator Systems and Control,2207
14012,topic,Comparative and International Law Studies,3308
14013,topic,Legal Language and Interpretation,3308
14014,topic,Transportation Systems and Infrastructure,1405
14015,topic,Otitis Media and Relapsing Polychondritis,2745
14016,topic,International Relations and Autism,3322
14017,topic,Legal Issues in Education,3308
14018,topic,Agriculture and Biological Studies,1100
14019,topic,Socioeconomic and Demographic Analysis,2308
14020,topic,Medical research and treatments,2746
14021,topic,Medieval European Literature and History,1203
14022,topic,Cultural and Religious Practices in Indonesia,3316
14023,topic,Interdisciplinary Studies and Sociocultural Dynamics,3312
14024,topic,"Education, Philosophy, and Society",1211
14025,topic,Educational Technology and Assessment,1710
14026,topic,Flannery O'Connor and Thomas Merton,1407
14027,topic,21st Century Education and Governance,3303
14028,topic,Healthcare and Venom Research,2736
14029,topic,Thoreau and American Literature,1710
14030,topic,Taxation and Legal Issues,1402
14031,topic,Global and Cross-Cultural Management,3314
14032,topic,History and International Relations,3320
14033,topic,Education in Rural Contexts,3304
14034,topic,Musicians’ Health and Performance,2742
14035,topic,"Literature, Culture, and Aesthetics",1209
14036,topic,Literary and Philosophical Studies,3320
14037,topic,Arabic Language Education Studies,3304
14038,topic,"Youth, Politics, and Society",3312
14039,topic,Ecology and biodiversity studies,2303
14040,topic,Problem Solving Skills Development,3616
14041,topic,Central European Literary Studies,3314
14042,topic,Technology and Security Systems,1710
14043,topic,Historical and modern epidemiology studies,3312
14044,topic,Medical and Agricultural Research Studies,3303
14045,topic,"Health, Education, and Physical Culture",3207
14046,topic,Bach Studies and Logistics Development,1208
14047,topic,Marine and environmental studies,1910
14048,topic,Silkworms and Sericulture Research,1109
14049,topic,Plant and Fungal Species Descriptions,1312
14050,topic,Forest Ecology and Conservation,1107
14051,topic,Regional Economic and Spatial Analysis,2002
14052,topic,Galician and Iberian cultural studies,3305
14053,topic,Dengue and Mosquito Control Research,3312
14054,topic,Humic Substances and Bio-Organic Studies,1111
14055,topic,Consumer Packaging Perceptions and Trends,1406
14056,topic,Safety Warnings and Signage,3207
14057,topic,Hypertrophic osteoarthropathy and related conditions,2745
14058,topic,Value Engineering and Management,1408
14059,topic,"Nietzsche, Schopenhauer, and Hegel",1211
14060,topic,Education and Communication Studies,3304
14061,topic,Educational Practices and Policies,3304
14062,topic,Migration and Exile Studies,3312
14063,topic,Diverse Philosophical and Cultural Studies,1212
14064,topic,Organizational and Employee Performance,1702
14065,topic,Biological Research and Disease Studies,1312
14066,topic,Economic Development and Regional Competitiveness,2002
14067,topic,Cloud Computing and Remote Desktop Technologies,1708
14068,topic,Organic and Inorganic Chemical Reactions,1607
14069,topic,Scientific Research Methodologies and Applications,2312
14070,topic,Knowledge Societies in the 21st Century,3317
14071,topic,Healthcare during COVID-19 Pandemic,1710
14072,topic,Immunotoxicology and immune responses,2403
14073,topic,Diverse Global Research Studies,3312
14074,topic,Persona Design and Applications,1709
14075,topic,Psychodrama and Leishmaniasis Studies,3304
14076,topic,Material Properties and Failure Mechanisms,2505
14077,topic,Socio-political and Technological Issues,3312
14078,topic,Multiple and Secondary Primary Cancers,2713
14079,topic,Mathematics Education and Programs,2611
14080,topic,"Philosophy, Sociology, Political Theory",3312
14081,topic,Linguistic Education and Pedagogy,1203
14082,topic,"Modeling, Simulation, and Optimization",2607
14083,topic,Extremum Seeking Control Systems,2207
14084,topic,Methodology and Impact of Social Science Research,3312
14085,topic,Student Stress and Coping,3204
14086,topic,Military and Defense Studies,3320
14087,topic,"Economic, Educational, Environmental and Organizational Development",3300
14088,topic,Generational Differences and Trends,3319
14089,topic,Nanotechnology research and applications,2204
14090,topic,Health and Conflict Studies,3600
14091,topic,Industrial and Mining Safety,2213
14092,topic,"Ethics, Aesthetics, and Art",1211
14093,topic,Global Health and Epidemiology,3605
14094,topic,Italy: Economic History and Contemporary Issues,2002
14095,topic,"Literature, Musicology, and Cultural Analysis",3304
14096,topic,Advancements in Materials Engineering,2210
14097,topic,Chemistry Education and Research,3304
14098,topic,Energy Efficiency in Computing,1708
14099,topic,Synthesis and Characterization of Heterocyclic Compounds,1605
14100,topic,Scientific Research and Technology,1706
14101,topic,Financial Crisis of the 21st Century,2003
14102,topic,Corporate Governance and Law,1408
14103,topic,Educational Management and Quality,1710
14104,topic,Developmental and Educational Neuropsychology,3206
14105,topic,Cultural and Artistic Studies,3316
14106,topic,Environmental and Sediment Control,2308
14107,topic,Appalachian Studies and Mathematics,3300
14108,topic,Medical and Pharmaceutic Studies,3004
14109,topic,Scottish History and National Identity,1202
14110,topic,Islamic Studies and Radicalism,3312
14111,topic,Diverse Research Studies Overview,3312
14112,topic,"Economic, financial, and policy analysis",2000
14113,topic,Global Socioeconomic and Political Dynamics,2002
14114,topic,Digital Media and Philosophy,1706
14115,topic,Legal processes and jurisprudence,3308
14116,topic,Aviation History and Innovations,1207
14117,topic,Integrated Circuits and Semiconductor Failure Analysis,2208
14118,topic,Social and Demographic Issues in Germany,3600
14119,topic,Agricultural and Environmental Management,3317
14120,topic,Thallium and Germanium Studies,2310
14121,topic,Logistics and Transportation Systems,1404
14122,topic,Impact of Education Environments,3304
14123,topic,Decolonial Thought and Epistemologies,3314
14124,topic,"Food, Nutrition, and Cultural Practices",1106
14125,topic,"Education, Sociology, Communication Studies",3316
14126,topic,Intramuscular injections and effects,2711
14127,topic,Food and Agricultural Sciences,1106
14128,topic,Metallurgical and Alloy Processes,2500
14129,topic,Economic and Business Studies,2002
14130,topic,"Healthcare, Law, Governance, and Management Studies",3600
14131,topic,Giambattista Vico and Joyce,1207
14132,topic,Medical Research and Islamic Perspectives,1212
14133,topic,Border Security and International Relations,3320
14134,topic,Medical and Biological Sciences,2702
14135,topic,Cancer and biochemical research,1312
14136,topic,Education and Military Integration,3304
14137,topic,"Agriculture, Soil, Plant Science",1105
14138,topic,Life Cycle Costing Analysis,1402
14139,topic,E-commerce and Technology Innovations,1403
14140,topic,Elite Sociology and Global Capitalism,3312
14141,topic,Colonial History and Postcolonial Studies,3312
14142,topic,Multicultural Socio-Legal Studies,3312
14143,topic,Economic and Technological Innovation,2002
14144,topic,Neurological Disease Mechanisms and Treatments,2808
14145,topic,Diverse Cultural Media Analysis,2214
14146,topic,Earthquake and Tsunami Effects,2205
14147,topic,Innovative Approaches in Technology and Social Development,1405
14148,topic,Kierkegaardian Philosophy and Influence,1211
14149,topic,Historical and Literary Analyses,1208
14150,topic,Biochemical and biochemical processes,1305
14151,topic,Literary Analysis and Cultural Studies,1207
14152,topic,Healthcare Facilities Design and Sustainability,3322
14153,topic,Social Development and Education Research,3304
14154,topic,"finance, banking, and market dynamics",2003
14155,topic,Advanced Technology in Applications,1710
14156,topic,Engineering Applied Research,2205
14157,topic,Environmental and Agricultural Sciences,2312
14158,topic,Optical Systems and Laser Technology,2208
14159,topic,Discourse Analysis and Cultural Communication,3316
14160,topic,Water management and technologies,1105
14161,topic,Health and Education Studies,3304
14162,topic,Historical and Literary Studies,3314
14163,topic,Astronomical Observations and Instrumentation,2206
14164,topic,Marine and Offshore Engineering Studies,2212
14165,topic,Inflammation biomarkers and pathways,2403
14166,topic,European Monetary and Fiscal Policies,2003
14167,topic,Consumer behavior in food and health,3312
14168,topic,Occupational Health and Global Justice,3306
14169,topic,Public Health and Environmental Issues,2307
14170,topic,Classical Studies and Philology,1203
14171,topic,"Education, Law, and Society",3320
14172,topic,Cultural and Social Studies in Latin America,1208
14173,topic,"Education, Healthcare and Sociology Research",3207
14174,topic,Artificial Intelligence and Decision Support Systems,1710
14175,topic,Intuitionistic Fuzzy Systems Applications,1702
14176,topic,Interdisciplinary Cultural and Social Studies,3312
14177,topic,Water Resources and Management,2303
14178,topic,Environmental Science and Water Management,2312
14179,topic,Waste Management and Recycling,2311
14180,topic,"Law, logistics, and international trade",1402
14181,topic,Academic Freedom and Politics,3320
14182,topic,Technology-Enhanced Education Studies,3304
14183,topic,Banking Sector Performance and Management,1402
14184,topic,Metallurgy and Material Science,2505
14185,topic,"Research, Science, and Academia",1802
14186,topic,Healthcare Systems and Practices,3600
14187,topic,Varied Academic Research Topics,1404
14188,topic,Latin American Legal and Economic Studies,3320
14189,topic,Intravenous Infusion Technology and Safety,2204
14190,topic,Military history and social perspectives,3316
14191,topic,Historical Art and Architecture Studies,1206
14192,topic,"Literature, Film, and Journalism Analysis",1208
14193,topic,Literature and Cultural Memory,1208
14194,topic,Bioactive Compounds in Plants,1110
14195,topic,Linguistic and Cultural Studies,1110
14196,topic,Multidisciplinary Warburg-centric Studies,3308
14197,topic,Historical Studies of Medieval Iberia,1204
14198,topic,Philosophical Thought and Analysis,3300
14199,topic,Historical and Scientific Studies,2734
14200,topic,"Medical, Sociocultural, and Biopolitical Studies",3320
14201,topic,Data Analysis and Archiving,3312
14202,topic,"Sustainability, Governance, and Employment Studies",3312
14203,topic,"Education, Safety, and Science Studies",3311
14204,topic,Railway Systems and Materials Science,2211
14205,topic,Education and Art Integration,3304
14206,topic,Animal Law and Welfare,3308
14207,topic,Higher Education Practises and Engagement,3304
14208,topic,"Death, Funerary Practices, and Mourning",3314
14209,topic,Public health and occupational medicine,3320
14210,topic,Historical and Linguistic Studies,3312
14211,topic,Diverse academic research themes,1802
14212,topic,Health Promotion and Cardiovascular Prevention,2739
14213,topic,Global Politics and Economy,2002
14214,topic,Space Exploration and Technology,2202
14215,topic,Chemical and Environmental Engineering Research,1710
14216,topic,Multimedia Learning Systems,1710
14217,topic,American Literature and Humor Studies,1208
14218,topic,Engineering Education and Global Impact,3303
14219,topic,Local Economic Development and Planning,3320
14220,topic,"Workaholism, burnout, and well-being",3207
14221,topic,activated carbon and charcoal,1803
14222,topic,Knowledge Management and Technology,1803
14223,topic,Ayn Rand and Brontë studies,2002
14224,topic,"Oil, Gas, and Environmental Issues",2105
14225,topic,Advanced Sensor and Control Systems,2207
14226,topic,"Migration, Racism, and Human Rights",3306
14227,topic,Educational Practices and Challenges,3304
14228,topic,Religion and Sociopolitical Dynamics in Nigeria,3300
14229,topic,Physical education and sports games research,3207
14230,topic,Occupational and Professional Licensing Regulation,2002
14231,topic,New Zealand Economic and Social Studies,2002
14232,topic,Water Resource Management and Quality,2312
14233,topic,Diverse Topics in Contemporary Research,3316
14234,topic,Data Privacy and Cybersecurity,3308
14235,topic,"Linguistic, Cultural, and Literary Studies",3312
14236,topic,Educational Tools and Methods,3311
14237,topic,Historical and Political Studies,3320
14238,topic,Historical Gender and Feminism Studies,3312
14239,topic,"Business, Education, Mathematics Research",1402
14240,topic,E-Learning and COVID-19,3304
14241,topic,Evasion and Academic Success Factors,3317
14242,topic,"Nutrition, Health, and Society Studies",1106
14243,topic,Creative Drama in Education,1213
14244,topic,Consumer Behavior and Marketing Influence,1406
14245,topic,Biomarkers in Disease Mechanisms,2403
14246,topic,E-Learning and Knowledge Management,1706
14247,topic,"Borges, Kipling, and Jewish Identity",1208
14248,topic,Social impacts of COVID-19,3311
14249,topic,Water Quality Monitoring and Analysis,2311
14250,topic,Energy and Environmental Systems,3313
14251,topic,Multicultural Education and Local Wisdom,3316
14252,topic,Water and Wastewater Treatment,2206
14253,topic,Latin American social science,3312
14254,topic,Digital Media and Visual Art,1704
14255,topic,European Law and Migration,3308
14256,topic,Agricultural and Food Sciences,1107
14257,topic,Advanced Measurement and Detection Methods,2208
14258,topic,Legal and Policy Issues,3308
14259,topic,Legal Rights and Human Rights,3308
14260,topic,Impact of AI and Big Data on Business and Society,1803
14261,topic,Herbal Medicine and Trade Cooperation,2002
14262,topic,Extenics and Innovation Methods,2206
14263,topic,Professional Masters Programs Analysis,1802
14264,topic,"Law, Ethics, and AI Impact",1407
14265,topic,Social and Behavioral Studies,3306
14266,topic,"Interdisciplinary Studies: Technology, Society, and Humanities",1207
14267,topic,Technology in Education and Healthcare,3304
14268,topic,Evolving Legal Systems and Governance,3308
14269,topic,Food Security and Socioeconomic Dynamics,1100
14270,topic,Simulation and Modeling Applications,2207
14271,topic,Educational Methods and Psychological Studies,3304
14272,topic,Agricultural and Food Production Studies,1106
14273,topic,"Cultural, Psychoanalytic, and Sociopolitical Reflections",3316
14274,topic,Education and Vocational Training,3304
14275,topic,Historical Medical Research and Treatments,2741
14276,topic,Power Systems and Technologies,2208
14277,topic,Social Skills and Education,3304
14278,topic,Marxism and Critical Theory,1211
14279,topic,Academic Research and Education Studies,2306
14280,topic,Big Data Technologies and Applications,1802
14281,topic,Islamic Finance and Communication,3312
14282,topic,"Security, Politics, and Digital Transformation",3320
14283,topic,Diverse Academic Research Areas,3304
14284,topic,Social Sciences and Humanities,3320
14285,topic,Biopolymer Synthesis and Applications,1312
14286,topic,Parkinson's Disease and Spinal Disorders,2728
14287,topic,Music Education and Analysis,3304
14288,topic,"Law, Rights, and Freedoms",3312
14289,topic,"Anthropology: Ethics, History, Culture",3314
14290,topic,Education Methods and Practices,3304
14291,topic,Indonesian Legal and Regulatory Studies,3320
14292,topic,"Migration, Policy, and Dickens Studies",3317
14293,topic,Biotechnology and Related Fields,2739
14294,topic,Impulse Buying and Technology Impacts,2002
14295,topic,Families in Therapy and Culture,3207
14296,topic,Climate Change and Sustainable Development,2306
14297,topic,Plant-Derived Bioactive Compounds,1605
14298,topic,Cultural and Social Studies,3316
14299,topic,Complex Systems and Dynamics,3109
14300,topic,Legal and Social Philosophy,3312
14301,topic,Educational methodologies and cognitive development,3204
14302,topic,European Politics and Security,3320
14303,topic,Polymer Synthesis and Characterization,2507
14304,topic,Transport Systems and Technology,2210
14305,topic,Modern American Literature Studies,1208
14306,topic,Technology Assessment and Management,2213
14307,topic,Bioethics and Human Rights Issues,1710
14308,topic,Psychological and Educational Research Studies,3205
14309,topic,Employee Performance and Management,3307
14310,topic,Botany and Geology in Latin America and Caribbean,1105
14311,topic,Electrical and Electromagnetic Research,3107
14312,topic,Historical Studies in Central America,1202
14313,topic,Health and Well-being Studies,3203
14314,topic,"Violence, Religion, and Philosophy",1211
14315,topic,Feminist Theory and Gender Studies,3318
14316,topic,"Nursing Education, Practice, and Leadership",2910
14317,topic,"Finance, Markets, and Regulation",2003
14318,topic,Polydiacetylene-based materials and applications,1605
14319,topic,Currency Recognition and Detection,1707
14320,topic,Optics and Image Analysis,1404
14321,topic,"Religion, Theology, and Education",1212
14322,topic,"Art, Aesthetics, and Perception",1213
14323,topic,"Agriculture, Water, and Health",2312
14324,topic,Insects and Parasite Interactions,2307
14325,topic,Diverse Specialized Academic Research,2002
14326,topic,Ear and Head Tumors,2730
14327,topic,Advanced Energy Technologies and Civil Engineering Innovations,2104
14328,topic,Diverse scientific research topics,1803
14329,topic,Science and Climate Studies,2306
14330,topic,Library Science and Information Systems,1710
14331,topic,Medicinal Plant Pharmacodynamics Research,3004
14332,topic,European Linguistics and Anthropology,3314
14333,topic,Dermatoglyphics and Human Traits,1311
14334,topic,HIV/AIDS Impact and Responses,2002
14335,topic,Educational Robotics and Engineering,1702
14336,topic,Land Use and Management,3320
14337,topic,"Religious, Philosophical, and Educational Studies",3312
14338,topic,"Leadership, Human Resources, Global Affairs",3320
14339,topic,Image Processing and 3D Reconstruction,1707
14340,topic,Islamic Social Reporting,3300
14341,topic,"Education, Technology, and Ethics",2308
14342,topic,"Military, Security, and Education Studies",3312
14343,topic,Hispanic-African Historical Relations,1212
14344,topic,Pathogenesis and Treatment of Hiccups,2737
14345,topic,Scientific Research and Philosophical Inquiry,1710
14346,topic,Scientific Innovation and Industrial Efficiency,1800
14347,topic,Big Data and Digital Economy,1710
14348,topic,Marriage and Family Dynamics,3312
14349,topic,Global Political and Economic Relations,3320
14350,topic,"Innovation, Sustainability, Human-Machine Systems",3312
14351,topic,Statistical and Computational Modeling,1702
14352,topic,Globalization and Economic Impact,3312
14353,topic,Wireless Sensor Networks for Data Analysis,1705
14354,topic,Emergency Medicine Education and Research,2711
14355,topic,Historical Studies of British Isles,1202
14356,topic,Organizational Leadership and Management Strategies,1408
14357,topic,"Architecture, Design, and Social History",1206
14358,topic,Healthcare Quality and Satisfaction,3600
14359,topic,Wetland Management and Conservation,2212
14360,topic,Psidium guajava Extracts and Applications,3004
14361,topic,Corporate Social Responsibility Disclosure,3318
14362,topic,Diverse Legal and Medical Studies,1408
14363,topic,Optical properties and cooling technologies in crystalline materials,3107
14364,topic,Clusterin in disease pathology,2730
14365,topic,Leaf Properties and Growth Measurement,1110
14366,topic,Schopenhauer and Stefan Zweig,1200
14367,topic,Logistics and Infrastructure Analysis,1107
14368,topic,Evaluation and Optimization Models,2213
14369,topic,Diverse Interdisciplinary Research Innovations,1803
14370,topic,"Economic, Social, and Health Studies",2002
14371,topic,Hume's philosophy and hair distribution,3300
14372,topic,Environmental and Biological Research in Conflict Zones,2308
14373,topic,Securities Regulation and Market Practices,1406
14374,topic,Statistical Methods in Epidemiology,2613
14375,topic,"Cultural, Linguistic, Economic Studies",3300
14376,topic,Science and Education Research,3304
14378,topic,Entomological Studies and Ecology,1105
14379,topic,Diverse Cultural and Historical Studies,3316
14380,topic,Libraries and Information Services,1209
14381,topic,"Psychiatry, Mental Health, Neuroscience",1702
14382,topic,Electrophoretic Deposition in Materials Science,2208
14383,topic,Global Development and Urbanization,3312
14384,topic,Ophthalmology and Visual Health Research,2731
14385,topic,Franz Kafka Literary Studies,1208
14386,topic,"Libraries, Manuscripts, and Books",1202
14387,topic,Environmental Engineering and Cultural Studies,1710
14388,topic,Medieval European History and Architecture,1204
14389,topic,"Innovation, Technology, and Society",3312
14390,topic,Real estate and construction management,2216
14391,topic,"Forest, Soil, and Plant Ecology in China",3304
14392,topic,Geoscience and Mining Technology,2213
14393,topic,"Health, Environment, Cognitive Aging",2307
14394,topic,Cognitive Science and Education Research,2805
14395,topic,African history and culture studies,3314
14396,topic,Healthcare Regulation,3605
14397,topic,Legal and Policy Analysis in Indonesia,3308
14398,topic,Agriculture and Social Issues,1110
14399,topic,Invertebrate Taxonomy and Ecology,1105
14400,topic,Medical Coding and Health Information,3605
14401,topic,"Technology, Environment, Urban Planning",1211
14402,topic,Political and Social Issues,3320
14403,topic,Educational Challenges and Innovations,1710
14404,topic,European Socioeconomic and Political Studies,2002
14405,topic,Fisheries and Aquaculture Studies,1100
14406,topic,Multidisciplinary Science and Engineering Research,1804
14407,topic,Athletic Training and Education,3612
14408,topic,Coastal Management and Development,2308
14409,topic,Educational Systems and Policies,1710
14410,topic,Safety and Risk Management,1407
14411,topic,Undergraduate Neuroscience Education and Research,2805
14412,topic,Marine and Coastal Research,2212
14413,topic,Advanced Technologies in Various Fields,1702
14414,topic,Artificial Intelligence in Education,1710
14415,topic,Biomedical Research and Pathophysiology,2734
14416,topic,"Health, Technology, Consumer Behavior",3605
14417,topic,Central Asia Education and Culture,3320
14418,topic,"Development, Ethics, and Society",3303
14419,topic,Banking Systems and Strategies,1402
14420,topic,Advanced Research in Systems and Signal Processing,2207
14421,topic,Educational Philosophies and Pedagogies,3304
14422,topic,"Sociology, Governance, and Technology",3312
14423,topic,Military Technology and Strategies,2202
14424,topic,Economic Analysis and Policy,2002
14425,topic,Educational Practices and Sociocultural Research,3304
14426,topic,"Religion, Gender, and Enlightenment",1212
14427,topic,Environmental Monitoring and Data Management,1907
14428,topic,Coal and Coke Industries Research,2103
14429,topic,Global Political and Social Dynamics,3320
14430,topic,Higher Education and Teaching Methods,1710
14431,topic,Diverse Research and Applications,1710
14432,topic,Freedom of Expression and Defamation,3308
14433,topic,Post-Communist Economic and Political Transition,3320
14434,topic,Historical and Modern Theater Studies,3203
14435,topic,Information Retrieval and Data Mining,1710
14436,topic,Employee Performance and Leadership,1407
14437,topic,Ethics and Legal Issues in Pediatric Healthcare,2735
14438,topic,Advanced Scientific Research Methods,1106
14439,topic,"Feminism, Gender, and Social Issues",3318
14440,topic,Quality of Life Measurement,3312
14441,topic,"Religion, Theology, History, Judaism, Christianity",3320
14442,topic,Historical Studies in Science,1207
14443,topic,"COVID-19, Geopolitics, Technology, Migration",3320
14444,topic,Power Systems and Renewable Energy,2102
14445,topic,Transportation Safety and Impact Analysis,2205
14446,topic,Civil and Geotechnical Engineering Research,2200
14447,topic,Trade Secret Protection Methods,3605
14448,topic,EU Law and Policy Analysis,3308
14449,topic,Education and Character Development,3304
14450,topic,Employee Welfare and Language Studies,1407
14451,topic,Historical and Religious Studies of Rome,1202
14452,topic,Mexican Socioeconomic and Environmental Dynamics,2308
14453,topic,Sustainability and Innovation in Business,1405
14454,topic,Polymer Science and Applications,2210
14455,topic,Technology and Education Systems,1705
14456,topic,Blasting Impact and Analysis,2215
14457,topic,Intellectual Property Rights and Media,3320
14458,topic,Education and Work Dynamics,3317
14459,topic,Synthesis and Reactions of Organic Compounds,1605
14460,topic,"Literary, Cultural, Historical Analysis",1211
14461,topic,Medicinal Plant Studies,2707
14462,topic,Educational Methods and Impacts,3304
14463,topic,Diverse Scientific Research Studies,3600
14464,topic,Community Development and Social Impact,2003
14465,topic,"Leadership, Behavior, and Decision-Making Studies",1803
14466,topic,"Migration, Health, Geopolitics, Historical Geography",3317
14467,topic,"Public Administration, ICT, and Policy Development",2002
14468,topic,Plant Ecology and Soil Science,2303
14469,topic,Renaissance Literature and Culture,1205
14470,topic,Advanced Data Processing Techniques,2207
14471,topic,"Education, Literature, Philosophy Research",3304
14472,topic,Environmental and Cultural Studies in Latin America and Beyond,2303
14473,topic,Social and Economic Development in India,3312
14474,topic,Industrial Technology and Control Systems,2207
14475,topic,History of Science and Medicine,1207
14476,topic,Mental Health and Well-being,3312
14477,topic,"Management, Economics, and Public Policy",1406
14478,topic,Papaya Research and Applications,2707
14479,topic,Freezing and Crystallization Processes,2211
14480,topic,Historical Education and Society,3304
14481,topic,Renewable Energy and Sustainability,2105
14482,topic,Education Practices and Evaluation,3304
14483,topic,Education and Teacher Training,3304
14484,topic,Technology and Data Analysis,1710
14485,topic,Language Acquisition and Education,3204
14486,topic,"Cardiovascular, Neuropeptides, and Oxidative Stress Research",2746
14487,topic,Science and Science Education,3320
14488,topic,Chemical and Physical Studies,1304
14489,topic,Basque language and culture studies,3316
14490,topic,Human Rights and Immigration,3312
14491,topic,Diverse academic and cultural studies,2002
14492,topic,"War, Law, and Justice",3320
14493,topic,Criminal Law and Evidence,3308
14494,topic,American Literature and Culture,1202
14495,topic,Public Health and Nutrition,2735
14496,topic,Educational Technology and E-Learning,1710
14497,topic,Social Issues and Policies in Latin America,3308
14498,topic,Educational Technology in Learning,1710
14499,topic,Livestock Farming and Management,1102
14500,topic,Advanced Mathematical Theories,2610
14501,topic,Global Economic and Social Development,2002
14502,topic,High-Voltage Power Transmission Systems,2208
14503,topic,"Globalization, Economics, and Policies",2002
14504,topic,Diverse Academic Research Analysis,3312
14505,topic,Natural Products and Applications,1100
14506,topic,Historical and Architectural Studies,1204
14507,topic,"History, Culture, and Society",3616
14508,topic,Vocational Education and Training,3304
14509,topic,demographic modeling and climate adaptation,1803
14510,topic,Medical Imaging and Analysis,2204
14511,topic,"Medicine, History, and Philosophy",2738
14512,topic,Technology and Human Factors in Education and Health,2739
14513,topic,"Leadership, Courage, and Heroism Studies",3207
14514,topic,Medical Research and Practices,3608
14515,topic,International Law and Aviation,3320
14516,topic,English Language Learning and Teaching,1710
14517,topic,Diverse Historical and Scientific Studies,1207
14518,topic,American Sports and Literature,1202
14519,topic,Innovations in Education and Learning Technologies,1710
14520,topic,Sustainable Urban and Rural Development,3322
14521,topic,Medicinal Plant Research,1110
